"DATE/TIME","MS","EVENT","TEMPERATURE","EXT.TEMPERATURE","ORIENTATION","PIM","PIMn","TAT","TATn","ZCM","ZCMn","LIGHT","AMB.LIGHT","RED.LIGHT","GREEN.LIGHT","BLUE.LIGHT","IR.LIGHT","UVA.LIGHT","UVB.LIGHT","STATE","CAP_SENS_1","CAP_SENS_2","F1","F2","F3","F4","F5","F6","F7","F8","MELANOPIC.EDI","CLEAR","SLEEP_STATE"
2025-12-24 00:00:06,0,0,29.38,0,16,36,0.6,0,0,3,0.05,1.29,0,0,0,0,0,0,0,0,159,116,0,1e-04,0,2e-04,2e-04,1e-04,5e-04,1e-04,0.55,0,0
2025-12-24 00:01:06,0,0,29.5,0,16,20,0.333333,0,0,0,0,1.2,0,0,0,0,0,0,0,0,157,111,0,1e-04,0,2e-04,2e-04,1e-04,5e-04,0,0.65,0,0
2025-12-24 00:02:06,0,0,29.69,0,16,37,0.616667,0,0,1,0.0166667,1.35,0,0,0,0,0,0,0,0,158,111,0,0,0,2e-04,2e-04,1e-04,5e-04,1e-04,0.51,0,0
2025-12-24 00:03:06,0,0,29.88,0,16,20,0.333333,0,0,0,0,1.56,0,0,0,0,0,0,0,0,159,112,0,1e-04,0,2e-04,3e-04,2e-04,6e-04,0,0.83,0,0
2025-12-24 00:04:06,0,0,30.06,0,16,60,1,0,0,6,0.1,1.34,0,0,0,0,0,0,0,0,158,110,0,1e-04,0,2e-04,2e-04,2e-04,6e-04,0,0.43,0,0
2025-12-24 00:05:06,0,0,30.19,0,16,20,0.333333,0,0,0,0,1.51,0,0,0,0,0,0,0,0,159,111,0,0,0,2e-04,3e-04,1e-04,6e-04,1e-04,0.67,0,0
2025-12-24 00:06:06,0,0,30.38,0,16,13,0.216667,0,0,0,0,1.01,0,0,0,0,0,0,0,0,161,112,0,0,0,1e-04,2e-04,1e-04,5e-04,0,0.36,0,0
2025-12-24 00:07:06,0,0,30.5,0,16,49,0.816667,0,0,4,0.0666667,0.94,0,0,0,0,0,0,0,0,159,111,0,0,0,1e-04,2e-04,1e-04,4e-04,0,0.38,0,0
2025-12-24 00:08:06,0,0,30.56,0,16,8,0.133333,0,0,0,0,1.31,0,0,0,0,0,0,0,0,160,112,0,0,0,2e-04,2e-04,1e-04,5e-04,0,0.51,0,0
2025-12-24 00:09:06,0,0,30.75,0,16,57,0.95,0,0,6,0.1,1.36,0,0,0,0,0,0,0,0,157,108,0,0,0,2e-04,2e-04,1e-04,5e-04,1e-04,0.51,0,0
2025-12-24 00:10:06,0,0,30.81,0,16,224,3.73333,1,0.0166667,17,0.283333,1.3,0,0,0,0,0,0,0,0,161,110,0,0,0,2e-04,2e-04,1e-04,5e-04,0,0.48,0,0
2025-12-24 00:11:06,0,0,30.88,0,16,48,0.8,0,0,6,0.1,1.46,0,0,0,0,0,0,0,0,160,109,0,1e-04,0,2e-04,3e-04,2e-04,5e-04,1e-04,0.6,0,0
2025-12-24 00:12:06,0,0,31,0,16,0,0,0,0,0,0,1.62,0,0,0,0,0,0,0,0,158,107,0,1e-04,0,2e-04,3e-04,2e-04,6e-04,0,0.63,0,0
2025-12-24 00:13:06,0,0,31.12,0,16,107,1.78333,0,0,4,0.0666667,1.21,0,0,0,0,0,0,0,0,160,108,0,0,0,1e-04,2e-04,1e-04,5e-04,1e-04,0.34,0,0
2025-12-24 00:14:06,0,0,31.19,0,16,58,0.966667,0,0,7,0.116667,1.27,0,0,0,0,0,0,0,0,157,105,0,1e-04,0,2e-04,2e-04,1e-04,5e-04,0,0.53,0,0
2025-12-24 00:15:06,0,0,31.31,0,16,13,0.216667,0,0,1,0.0166667,1.03,0,0,0,0,0,0,0,0,157,104,0,0,0,1e-04,2e-04,1e-04,4e-04,0,0.27,0,0
2025-12-24 00:16:06,0,0,31.25,0,16,21,0.35,0,0,2,0.0333333,1.36,0,0,0,0,0,0,0,0,158,105,0,0,0,2e-04,2e-04,1e-04,6e-04,0,0.53,0,0
2025-12-24 00:17:06,0,0,31.31,0,16,312,5.2,1,0.0166667,29,0.483333,1.15,0,0,0,0,0,0,0,0,158,112,0,0,0,1e-04,2e-04,1e-04,5e-04,0,0.25,0,0
2025-12-24 00:18:06,0,0,31.19,0,16,629,10.4833,0,0,69,1.15,1.07,0,0,0,0,0,0,0,0,156,111,0,0,0,1e-04,2e-04,1e-04,5e-04,0,0.23,0,0
2025-12-24 00:19:06,0,0,31,0,16,569,9.48333,1,0.0166667,34,0.566667,4.4,0,0,0,0,0,0,0,0,162,111,0,3e-04,2e-04,6e-04,7e-04,5e-04,0.0014,1e-04,3.28,0,0
2025-12-24 00:20:06,0,0,30.81,0,1,914,15.2333,13,0.216667,53,0.883333,0.45,0,0,0,0,0,0,0,0,176,100,0,0,0,0,1e-04,0,2e-04,0,0.05,0,0
2025-12-24 00:21:06,0,0,30.81,0,1,7239,120.65,198,3.3,451,7.51667,1.25,0,0,0,0,0,0,0,0,172,120,0,0,0,1e-04,2e-04,3e-04,3e-04,2e-04,0.3,0,0
2025-12-24 00:22:06,0,0,30.5,0,16,5617,93.6167,125,2.08333,313,5.21667,0.14,0,0,0,0,0,0,0,0,192,149,0,0,0,0,0,1e-04,1e-04,0,0,0,0
2025-12-24 00:23:06,0,0,30.44,0,8,9570,159.5,287,4.78333,451,7.51667,2.41,0,0,0,0,0,0,0,0,180,124,0,1e-04,1e-04,2e-04,4e-04,5e-04,7e-04,3e-04,0.92,0,0
2025-12-24 00:24:06,0,0,30.19,0,8,8030,133.833,230,3.83333,408,6.8,1.14,0,0,0,0,0,0,0,0,216,128,0,0,0,1e-04,2e-04,3e-04,4e-04,2e-04,0.11,0,0
2025-12-24 00:25:06,0,0,29.31,0,2,738,12.3,9,0.15,38,0.633333,0.55,0,0,0,0,0,0,0,0,222,137,0,0,0,0,1e-04,2e-04,2e-04,1e-04,0,0,0
2025-12-24 00:26:06,0,0,28.88,0,2,293,4.88333,2,0.0333333,20,0.333333,0.52,0,0,0,0,0,0,0,0,219,131,0,0,0,0,1e-04,2e-04,2e-04,1e-04,0.03,0,0
2025-12-24 00:27:06,0,0,28.56,0,2,583,9.71667,13,0.216667,35,0.583333,0.49,0,0,0,0,0,0,0,0,180,119,0,0,0,0,1e-04,2e-04,2e-04,1e-04,0,0,0
2025-12-24 00:28:06,0,0,29.25,0,16,775,12.9167,13,0.216667,49,0.816667,0.91,0,0,0,0,0,0,0,0,200,146,0,0,0,0,2e-04,3e-04,3e-04,2e-04,0,0,0
2025-12-24 00:29:06,0,0,29.25,0,2,0,0,0,0,0,0,0.44,0,0,0,0,0,0,0,0,199,146,0,0,0,0,1e-04,2e-04,2e-04,1e-04,0,0,0
2025-12-24 00:30:06,0,0,29.38,0,2,244,4.06667,1,0.0166667,20,0.333333,0.42,0,0,0,0,0,0,0,0,234,164,0,0,0,0,1e-04,1e-04,2e-04,1e-04,0,0,0
2025-12-24 00:31:06,0,0,28.88,0,2,167,2.78333,0,0,10,0.166667,0.48,0,0,0,0,0,0,0,0,234,167,0,0,0,0,1e-04,2e-04,2e-04,1e-04,0,0,0
2025-12-24 00:32:06,0,0,28.81,0,2,599,9.98333,10,0.166667,36,0.6,0.39,0,0,0,0,0,0,0,0,212,150,0,0,0,0,1e-04,1e-04,1e-04,1e-04,0,0,0
2025-12-24 00:33:06,0,0,29.44,0,16,4308,71.8,120,2,223,3.71667,0,0,0,0,0,0,0,0,0,224,163,0,0,0,0,0,0,0,0,0,0,0
2025-12-24 00:34:06,0,0,29.5,0,16,37,0.616667,0,0,0,0,0,0,0,0,0,0,0,0,0,214,157,0,0,0,0,0,0,0,0,0,0,0
2025-12-24 00:35:06,0,0,29.56,0,16,4176,69.6,123,2.05,215,3.58333,0,0,0,0,0,0,0,0,0,207,156,0,0,0,0,0,0,0,0,0,0,0
2025-12-24 00:36:06,0,0,29.56,0,16,3357,55.95,77,1.28333,203,3.38333,0,0,0,0,0,0,0,0,0,184,130,0,0,0,0,0,0,0,0,0,0,0
2025-12-24 00:37:06,0,1,29.69,0,16,4902,81.7,134,2.23333,294,4.9,0,0,0,0,0,0,0,0,0,227,158,0,0,0,0,0,0,0,0,0,0,0
2025-12-24 00:38:06,0,0,29.56,0,16,13,0.216667,0,0,1,0.0166667,0,0,0,0,0,0,0,0,0,225,158,0,0,0,0,0,0,0,0,0,0,0
2025-12-24 00:39:06,0,0,29.62,0,16,0,0,0,0,0,0,0,0,0,0,0,0,0,0,11,224,157,0,0,0,0,0,0,0,0,0,0,0
2025-12-24 00:40:06,0,0,29.75,0,16,814,13.5667,20,0.333333,59,0.983333,0,0,0,0,0,0,0,0,11,228,162,0,0,0,0,0,0,0,0,0,0,0
2025-12-24 00:41:06,0,0,29.81,0,16,2453,40.8833,75,1.25,158,2.63333,0,0,0,0,0,0,0,0,11,211,151,0,0,0,0,0,0,0,0,0,0,0
2025-12-24 00:42:06,0,0,30.06,0,16,2455,40.9167,60,1,164,2.73333,0,0,0,0,0,0,0,0,11,228,156,0,0,0,0,0,0,0,0,0,0,0
2025-12-24 00:43:06,0,0,29.81,0,32,1306,21.7667,48,0.8,57,0.95,0,0,0,0,0,0,0,0,11,212,158,0,0,0,0,0,0,0,0,0,0,0
2025-12-24 00:44:06,0,0,29.94,0,32,0,0,0,0,0,0,0,0,0,0,0,0,0,0,11,210,156,0,0,0,0,0,0,0,0,0,0,0
2025-12-24 00:45:06,0,0,30.12,0,16,421,7.01667,14,0.233333,27,0.45,0,0,0,0,0,0,0,0,11,225,164,0,0,0,0,0,0,0,0,0,0,0
2025-12-24 00:46:06,0,0,30.12,0,16,1574,26.2333,41,0.683333,73,1.21667,0,0,0,0,0,0,0,0,11,219,172,0,0,0,0,0,0,0,0,0,0,0
2025-12-24 00:47:06,0,0,30.69,0,16,4,0.0666667,0,0,0,0,0,0,0,0,0,0,0,0,11,200,161,0,0,0,0,0,0,0,0,0,0,0
2025-12-24 00:48:06,0,0,31.31,0,16,2343,39.05,80,1.33333,117,1.95,0,0,0,0,0,0,0,0,11,192,126,0,0,0,0,0,0,0,0,0,0,0
2025-12-24 00:49:06,0,0,31.31,0,16,4,0.0666667,0,0,0,0,0,0,0,0,0,0,0,0,11,168,109,0,0,0,0,0,0,0,0,0,0,0
2025-12-24 00:50:06,0,0,31.25,0,16,1622,27.0333,57,0.95,90,1.5,0,0,0,0,0,0,0,0,11,185,115,0,0,0,0,0,0,0,0,0,0,0
2025-12-24 00:51:06,0,0,31.06,0,16,0,0,0,0,0,0,0,0,0,0,0,0,0,0,11,182,113,0,0,0,0,0,0,0,0,0,0,0
2025-12-24 00:52:06,0,0,30.94,0,16,0,0,0,0,0,0,0,0,0,0,0,0,0,0,11,180,112,0,0,0,0,0,0,0,0,0,0,0
2025-12-24 00:53:06,0,0,30.81,0,16,3,0.05,0,0,0,0,0,0,0,0,0,0,0,0,1,178,111,0,0,0,0,0,0,0,0,0,0,1
2025-12-24 00:54:06,0,0,30.75,0,16,0,0,0,0,0,0,0,0,0,0,0,0,0,0,1,180,110,0,0,0,0,0,0,0,0,0,0,1
2025-12-24 00:55:06,0,0,30.69,0,16,0,0,0,0,0,0,0,0,0,0,0,0,0,0,1,179,110,0,0,0,0,0,0,0,0,0,0,1
2025-12-24 00:56:06,0,0,30.62,0,16,6,0.1,0,0,0,0,0,0,0,0,0,0,0,0,1,180,109,0,0,0,0,0,0,0,0,0,0,1
2025-12-24 00:57:06,0,0,30.5,0,16,0,0,0,0,0,0,0,0,0,0,0,0,0,0,1,178,109,0,0,0,0,0,0,0,0,0,0,1
2025-12-24 00:58:06,0,0,30.5,0,16,0,0,0,0,0,0,0,0,0,0,0,0,0,0,1,179,108,0,0,0,0,0,0,0,0,0,0,1
2025-12-24 00:59:06,0,0,30.44,0,16,0,0,0,0,0,0,0,0,0,0,0,0,0,0,1,178,108,0,0,0,0,0,0,0,0,0,0,1
2025-12-24 01:00:06,0,0,30.38,0,16,10,0.166667,0,0,2,0.0333333,0,0,0,0,0,0,0,0,1,178,108,0,0,0,0,0,0,0,0,0,0,1
2025-12-24 01:01:06,0,0,30.38,0,16,4,0.0666667,0,0,0,0,0,0,0,0,0,0,0,0,1,180,108,0,0,0,0,0,0,0,0,0,0,1
2025-12-24 01:02:06,0,0,30.31,0,16,0,0,0,0,0,0,0,0,0,0,0,0,0,0,1,177,108,0,0,0,0,0,0,0,0,0,0,1
2025-12-24 01:03:06,0,0,30.31,0,1,1651,27.5167,61,1.01667,97,1.61667,0,0,0,0,0,0,0,0,2,195,128,0,0,0,0,0,0,0,0,0,0,1
2025-12-24 01:04:06,0,0,30.56,0,16,442,7.36667,8,0.133333,39,0.65,0,0,0,0,0,0,0,0,1,214,158,0,0,0,0,0,0,0,0,0,0,1
2025-12-24 01:05:06,0,0,30.69,0,16,0,0,0,0,0,0,0,0,0,0,0,0,0,0,1,211,156,0,0,0,0,0,0,0,0,0,0,1
2025-12-24 01:06:06,0,0,31,0,16,0,0,0,0,0,0,0,0,0,0,0,0,0,0,1,213,157,0,0,0,0,0,0,0,0,0,0,1
2025-12-24 01:07:06,0,0,31.25,0,16,0,0,0,0,0,0,0,0,0,0,0,0,0,0,1,211,155,0,0,0,0,0,0,0,0,0,0,1
2025-12-24 01:08:06,0,0,31.5,0,16,0,0,0,0,0,0,0,0,0,0,0,0,0,0,1,212,156,0,0,0,0,0,0,0,0,0,0,1
2025-12-24 01:09:06,0,0,31.81,0,16,0,0,0,0,0,0,0,0,0,0,0,0,0,0,1,213,156,0,0,0,0,0,0,0,0,0,0,1
2025-12-24 01:10:06,0,0,32,0,16,0,0,0,0,0,0,0,0,0,0,0,0,0,0,1,215,157,0,0,0,0,0,0,0,0,0,0,1
2025-12-24 01:11:06,0,0,32.25,0,16,4,0.0666667,0,0,0,0,0,0,0,0,0,0,0,0,1,217,158,0,0,0,0,0,0,0,0,0,0,1
2025-12-24 01:12:06,0,0,32.44,0,16,9,0.15,0,0,0,0,0,0,0,0,0,0,0,0,1,215,156,0,0,0,0,0,0,0,0,0,0,1
2025-12-24 01:13:06,0,0,32.56,0,16,0,0,0,0,0,0,0,0,0,0,0,0,0,0,1,212,156,0,0,0,0,0,0,0,0,0,0,1
2025-12-24 01:14:06,0,0,32.75,0,16,0,0,0,0,0,0,0,0,0,0,0,0,0,0,1,215,157,0,0,0,0,0,0,0,0,0,0,1
2025-12-24 01:15:06,0,0,32.88,0,16,0,0,0,0,0,0,0,0,0,0,0,0,0,0,1,212,155,0,0,0,0,0,0,0,0,0,0,1
2025-12-24 01:16:06,0,0,33,0,16,543,9.05,18,0.3,45,0.75,0,0,0,0,0,0,0,0,1,215,155,0,0,0,0,0,0,0,0,0,0,1
2025-12-24 01:17:06,0,0,33.25,0,16,263,4.38333,7,0.116667,19,0.316667,0,0,0,0,0,0,0,0,1,157,107,0,0,0,0,0,0,0,0,0,0,1
2025-12-24 01:18:06,0,0,33.31,0,16,0,0,0,0,0,0,0,0,0,0,0,0,0,0,1,155,105,0,0,0,0,0,0,0,0,0,0,1
2025-12-24 01:19:06,0,0,33.31,0,16,0,0,0,0,0,0,0,0,0,0,0,0,0,0,1,154,105,0,0,0,0,0,0,0,0,0,0,1
2025-12-24 01:20:06,0,0,33.38,0,16,0,0,0,0,0,0,0,0,0,0,0,0,0,0,1,154,105,0,0,0,0,0,0,0,0,0,0,1
2025-12-24 01:21:06,0,0,33.38,0,16,0,0,0,0,0,0,0,0,0,0,0,0,0,0,1,153,105,0,0,0,0,0,0,0,0,0,0,1
2025-12-24 01:22:06,0,0,33.38,0,16,0,0,0,0,0,0,0,0,0,0,0,0,0,0,1,152,105,0,0,0,0,0,0,0,0,0,0,1
2025-12-24 01:23:06,0,0,33.44,0,16,0,0,0,0,0,0,0,0,0,0,0,0,0,0,1,153,104,0,0,0,0,0,0,0,0,0,0,1
2025-12-24 01:24:06,0,0,33.44,0,16,0,0,0,0,0,0,0,0,0,0,0,0,0,0,1,152,105,0,0,0,0,0,0,0,0,0,0,1
2025-12-24 01:25:06,0,0,33.5,0,16,0,0,0,0,0,0,0,0,0,0,0,0,0,0,1,152,104,0,0,0,0,0,0,0,0,0,0,1
2025-12-24 01:26:06,0,0,33.5,0,16,0,0,0,0,0,0,0,0,0,0,0,0,0,0,1,152,104,0,0,0,0,0,0,0,0,0,0,1
2025-12-24 01:27:06,0,0,33.56,0,16,0,0,0,0,0,0,0,0,0,0,0,0,0,0,1,152,104,0,0,0,0,0,0,0,0,0,0,1
2025-12-24 01:28:06,0,0,33.56,0,16,0,0,0,0,0,0,0,0,0,0,0,0,0,0,1,152,104,0,0,0,0,0,0,0,0,0,0,1
2025-12-24 01:29:06,0,0,33.62,0,16,0,0,0,0,0,0,0,0,0,0,0,0,0,0,1,152,104,0,0,0,0,0,0,0,0,0,0,1
2025-12-24 01:30:06,0,0,33.62,0,16,0,0,0,0,0,0,0,0,0,0,0,0,0,0,1,152,104,0,0,0,0,0,0,0,0,0,0,1
2025-12-24 01:31:06,0,0,33.62,0,16,1399,23.3167,55,0.916667,77,1.28333,0,0,0,0,0,0,0,0,2,150,104,0,0,0,0,0,0,0,0,0,0,1
2025-12-24 01:32:06,0,0,33.69,0,1,1309,21.8167,27,0.45,85,1.41667,0,0,0,0,0,0,0,0,2,164,105,0,0,0,0,0,0,0,0,0,0,1
2025-12-24 01:33:06,0,0,33.69,0,1,0,0,0,0,0,0,0,0,0,0,0,0,0,0,2,161,104,0,0,0,0,0,0,0,0,0,0,1
2025-12-24 01:34:06,0,0,33.69,0,1,0,0,0,0,0,0,0,0,0,0,0,0,0,0,2,160,104,0,0,0,0,0,0,0,0,0,0,1
2025-12-24 01:35:06,0,0,33.69,0,1,2013,33.55,58,0.966667,133,2.21667,0,0,0,0,0,0,0,0,2,147,103,0,0,0,0,0,0,0,0,0,0,1
2025-12-24 01:36:06,0,0,33.75,0,1,0,0,0,0,0,0,0,0,0,0,0,0,0,0,1,144,101,0,0,0,0,0,0,0,0,0,0,1
2025-12-24 01:37:06,0,0,33.75,0,1,0,0,0,0,0,0,0,0,0,0,0,0,0,0,1,143,101,0,0,0,0,0,0,0,0,0,0,1
2025-12-24 01:38:06,0,0,33.75,0,1,0,0,0,0,0,0,0,0,0,0,0,0,0,0,1,143,101,0,0,0,0,0,0,0,0,0,0,1
2025-12-24 01:39:06,0,0,33.81,0,1,0,0,0,0,0,0,0,0,0,0,0,0,0,0,1,142,101,0,0,0,0,0,0,0,0,0,0,1
2025-12-24 01:40:06,0,0,33.81,0,1,0,0,0,0,0,0,0,0,0,0,0,0,0,0,1,142,101,0,0,0,0,0,0,0,0,0,0,1
2025-12-24 01:41:06,0,0,33.81,0,1,0,0,0,0,0,0,0,0,0,0,0,0,0,0,1,142,101,0,0,0,0,0,0,0,0,0,0,1
2025-12-24 01:42:06,0,0,33.81,0,16,7,0.116667,0,0,0,0,0,0,0,0,0,0,0,0,1,142,101,0,0,0,0,0,0,0,0,0,0,1
2025-12-24 01:43:06,0,0,33.81,0,16,3,0.05,0,0,0,0,0,0,0,0,0,0,0,0,1,142,101,0,0,0,0,0,0,0,0,0,0,1
2025-12-24 01:44:06,0,0,33.75,0,16,0,0,0,0,0,0,0,0,0,0,0,0,0,0,1,142,101,0,0,0,0,0,0,0,0,0,0,1
2025-12-24 01:45:06,0,0,33.75,0,16,0,0,0,0,0,0,0,0,0,0,0,0,0,0,2,142,101,0,0,0,0,0,0,0,0,0,0,1
2025-12-24 01:46:06,0,0,33.75,0,16,1938,32.3,69,1.15,108,1.8,0,0,0,0,0,0,0,0,2,161,103,0,0,0,0,0,0,0,0,0,0,1
2025-12-24 01:47:06,0,0,33.44,0,8,3715,61.9167,108,1.8,186,3.1,0,0,0,0,0,0,0,0,2,230,166,0,0,0,0,0,0,0,0,0,0,1
2025-12-24 01:48:06,0,0,33.25,0,16,46,0.766667,0,0,4,0.0666667,0,0,0,0,0,0,0,0,2,156,102,0,0,0,0,0,0,0,0,0,0,1
2025-12-24 01:49:06,0,0,32.88,0,16,0,0,0,0,0,0,0,0,0,0,0,0,0,0,2,155,102,0,0,0,0,0,0,0,0,0,0,1
2025-12-24 01:50:06,0,0,32.56,0,16,0,0,0,0,0,0,0,0,0,0,0,0,0,0,2,156,102,0,0,0,0,0,0,0,0,0,0,1
2025-12-24 01:51:06,0,0,32.31,0,16,0,0,0,0,0,0,0,0,0,0,0,0,0,0,2,155,102,0,0,0,0,0,0,0,0,0,0,1
2025-12-24 01:52:06,0,0,32.06,0,16,0,0,0,0,0,0,0,0,0,0,0,0,0,0,1,156,101,0,0,0,0,0,0,0,0,0,0,1
2025-12-24 01:53:06,0,0,31.81,0,16,0,0,0,0,0,0,0,0,0,0,0,0,0,0,1,156,102,0,0,0,0,0,0,0,0,0,0,1
2025-12-24 01:54:06,0,0,31.69,0,16,0,0,0,0,0,0,0,0,0,0,0,0,0,0,1,156,102,0,0,0,0,0,0,0,0,0,0,1
2025-12-24 01:55:06,0,0,31.5,0,16,0,0,0,0,0,0,0,0,0,0,0,0,0,0,1,158,101,0,0,0,0,0,0,0,0,0,0,1
2025-12-24 01:56:06,0,0,31.31,0,16,0,0,0,0,0,0,0,0,0,0,0,0,0,0,1,156,102,0,0,0,0,0,0,0,0,0,0,1
2025-12-24 01:57:06,0,0,31.19,0,16,9,0.15,0,0,1,0.0166667,0,0,0,0,0,0,0,0,1,159,101,0,0,0,0,0,0,0,0,0,0,1
2025-12-24 01:58:06,0,0,31.06,0,16,0,0,0,0,0,0,0,0,0,0,0,0,0,0,1,159,102,0,0,0,0,0,0,0,0,0,0,1
2025-12-24 01:59:06,0,0,30.94,0,16,9,0.15,0,0,0,0,0,0,0,0,0,0,0,0,1,157,101,0,0,0,0,0,0,0,0,0,0,1
2025-12-24 02:00:06,0,0,30.81,0,16,0,0,0,0,0,0,0,0,0,0,0,0,0,0,2,159,101,0,0,0,0,0,0,0,0,0,0,1
2025-12-24 02:01:06,0,0,30.69,0,16,134,2.23333,0,0,10,0.166667,0,0,0,0,0,0,0,0,2,166,101,0,0,0,0,0,0,0,0,0,0,1
2025-12-24 02:02:06,0,0,30.31,0,1,4639,77.3167,164,2.73333,210,3.5,0,0,0,0,0,0,0,0,2,140,117,0,0,0,0,0,0,0,0,0,0,1
2025-12-24 02:03:06,0,0,30.75,0,16,1204,20.0667,36,0.6,96,1.6,0,0,0,0,0,0,0,0,2,141,101,0,0,0,0,0,0,0,0,0,0,1
2025-12-24 02:04:06,0,0,30.94,0,16,0,0,0,0,0,0,0,0,0,0,0,0,0,0,2,140,101,0,0,0,0,0,0,0,0,0,0,1
2025-12-24 02:05:06,0,0,31.19,0,16,0,0,0,0,0,0,0,0,0,0,0,0,0,0,2,140,101,0,0,0,0,0,0,0,0,0,0,1
2025-12-24 02:06:06,0,0,31.44,0,16,0,0,0,0,0,0,0,0,0,0,0,0,0,0,2,139,101,0,0,0,0,0,0,0,0,0,0,1
2025-12-24 02:07:06,0,0,31.69,0,16,0,0,0,0,0,0,0,0,0,0,0,0,0,0,1,139,100,0,0,0,0,0,0,0,0,0,0,1
2025-12-24 02:08:06,0,0,31.94,0,16,0,0,0,0,0,0,0,0,0,0,0,0,0,0,1,139,100,0,0,0,0,0,0,0,0,0,0,1
2025-12-24 02:09:06,0,0,32.19,0,16,0,0,0,0,0,0,0,0,0,0,0,0,0,0,1,139,101,0,0,0,0,0,0,0,0,0,0,1
2025-12-24 02:10:06,0,0,32.38,0,16,0,0,0,0,0,0,0,0,0,0,0,0,0,0,1,139,100,0,0,0,0,0,0,0,0,0,0,1
2025-12-24 02:11:06,0,0,32.62,0,16,0,0,0,0,0,0,0,0,0,0,0,0,0,0,1,139,101,0,0,0,0,0,0,0,0,0,0,1
2025-12-24 02:12:06,0,0,32.75,0,16,0,0,0,0,0,0,0,0,0,0,0,0,0,0,1,139,101,0,0,0,0,0,0,0,0,0,0,1
2025-12-24 02:13:06,0,0,32.94,0,16,0,0,0,0,0,0,0,0,0,0,0,0,0,0,1,139,101,0,0,0,0,0,0,0,0,0,0,1
2025-12-24 02:14:06,0,0,33.12,0,16,0,0,0,0,0,0,0,0,0,0,0,0,0,0,1,139,100,0,0,0,0,0,0,0,0,0,0,1
2025-12-24 02:15:06,0,0,33.25,0,16,0,0,0,0,0,0,0,0,0,0,0,0,0,0,1,139,101,0,0,0,0,0,0,0,0,0,0,1
2025-12-24 02:16:06,0,0,33.38,0,16,0,0,0,0,0,0,0,0,0,0,0,0,0,0,1,139,101,0,0,0,0,0,0,0,0,0,0,1
2025-12-24 02:17:06,0,0,33.5,0,16,0,0,0,0,0,0,0,0,0,0,0,0,0,0,1,139,101,0,0,0,0,0,0,0,0,0,0,1
2025-12-24 02:18:06,0,0,33.56,0,16,0,0,0,0,0,0,0,0,0,0,0,0,0,0,1,139,101,0,0,0,0,0,0,0,0,0,0,1
2025-12-24 02:19:06,0,0,33.69,0,16,0,0,0,0,0,0,0,0,0,0,0,0,0,0,1,138,100,0,0,0,0,0,0,0,0,0,0,1
2025-12-24 02:20:06,0,0,33.75,0,16,152,2.53333,5,0.0833333,11,0.183333,0,0,0,0,0,0,0,0,1,138,101,0,0,0,0,0,0,0,0,0,0,1
2025-12-24 02:21:06,0,0,33.81,0,1,565,9.41667,15,0.25,50,0.833333,0,0,0,0,0,0,0,0,1,137,99,0,0,0,0,0,0,0,0,0,0,1
2025-12-24 02:22:06,0,0,33.88,0,1,0,0,0,0,0,0,0,0,0,0,0,0,0,0,1,137,100,0,0,0,0,0,0,0,0,0,0,1
2025-12-24 02:23:06,0,0,33.94,0,1,0,0,0,0,0,0,0,0,0,0,0,0,0,0,1,137,100,0,0,0,0,0,0,0,0,0,0,1
2025-12-24 02:24:06,0,0,33.94,0,1,0,0,0,0,0,0,0,0,0,0,0,0,0,0,1,136,99,0,0,0,0,0,0,0,0,0,0,1
2025-12-24 02:25:06,0,0,34,0,1,0,0,0,0,0,0,0,0,0,0,0,0,0,0,1,136,99,0,0,0,0,0,0,0,0,0,0,1
2025-12-24 02:26:06,0,0,34.06,0,1,0,0,0,0,0,0,0,0,0,0,0,0,0,0,1,136,100,0,0,0,0,0,0,0,0,0,0,1
2025-12-24 02:27:06,0,0,34.06,0,1,0,0,0,0,0,0,0,0,0,0,0,0,0,0,1,136,100,0,0,0,0,0,0,0,0,0,0,1
2025-12-24 02:28:06,0,0,34.06,0,1,0,0,0,0,0,0,0,0,0,0,0,0,0,0,1,136,100,0,0,0,0,0,0,0,0,0,0,1
2025-12-24 02:29:06,0,0,34.12,0,1,0,0,0,0,0,0,0,0,0,0,0,0,0,0,1,136,99,0,0,0,0,0,0,0,0,0,0,1
2025-12-24 02:30:06,0,0,34.12,0,1,0,0,0,0,0,0,0,0,0,0,0,0,0,0,1,136,99,0,0,0,0,0,0,0,0,0,0,1
2025-12-24 02:31:06,0,0,34.19,0,1,0,0,0,0,0,0,0,0,0,0,0,0,0,0,1,136,99,0,0,0,0,0,0,0,0,0,0,1
2025-12-24 02:32:06,0,0,34.19,0,1,0,0,0,0,0,0,0,0,0,0,0,0,0,0,1,136,100,0,0,0,0,0,0,0,0,0,0,1
2025-12-24 02:33:06,0,0,34.19,0,1,0,0,0,0,0,0,0,0,0,0,0,0,0,0,1,136,99,0,0,0,0,0,0,0,0,0,0,1
2025-12-24 02:34:06,0,0,34.25,0,1,0,0,0,0,0,0,0,0,0,0,0,0,0,0,1,136,100,0,0,0,0,0,0,0,0,0,0,1
2025-12-24 02:35:06,0,0,34.25,0,1,0,0,0,0,0,0,0,0,0,0,0,0,0,0,1,136,99,0,0,0,0,0,0,0,0,0,0,1
2025-12-24 02:36:06,0,0,34.31,0,1,0,0,0,0,0,0,0,0,0,0,0,0,0,0,1,136,99,0,0,0,0,0,0,0,0,0,0,1
2025-12-24 02:37:06,0,0,34.31,0,1,0,0,0,0,0,0,0,0,0,0,0,0,0,0,1,135,99,0,0,0,0,0,0,0,0,0,0,1
2025-12-24 02:38:06,0,0,34.31,0,1,0,0,0,0,0,0,0,0,0,0,0,0,0,0,1,136,99,0,0,0,0,0,0,0,0,0,0,1
2025-12-24 02:39:06,0,0,34.38,0,1,0,0,0,0,0,0,0,0,0,0,0,0,0,0,1,136,100,0,0,0,0,0,0,0,0,0,0,1
2025-12-24 02:40:06,0,0,34.44,0,1,0,0,0,0,0,0,0,0,0,0,0,0,0,0,1,136,100,0,0,0,0,0,0,0,0,0,0,1
2025-12-24 02:41:06,0,0,34.44,0,16,788,13.1333,19,0.316667,63,1.05,0,0,0,0,0,0,0,0,1,136,100,0,0,0,0,0,0,0,0,0,0,1
2025-12-24 02:42:06,0,0,34.44,0,16,0,0,0,0,0,0,0,0,0,0,0,0,0,0,1,135,99,0,0,0,0,0,0,0,0,0,0,1
2025-12-24 02:43:06,0,0,34.44,0,16,0,0,0,0,0,0,0,0,0,0,0,0,0,0,1,135,100,0,0,0,0,0,0,0,0,0,0,1
2025-12-24 02:44:06,0,0,34.5,0,16,0,0,0,0,0,0,0,0,0,0,0,0,0,0,1,135,99,0,0,0,0,0,0,0,0,0,0,1
2025-12-24 02:45:06,0,0,34.5,0,16,0,0,0,0,0,0,0,0,0,0,0,0,0,0,1,136,99,0,0,0,0,0,0,0,0,0,0,1
2025-12-24 02:46:06,0,0,34.5,0,16,0,0,0,0,0,0,0,0,0,0,0,0,0,0,1,135,99,0,0,0,0,0,0,0,0,0,0,1
2025-12-24 02:47:06,0,0,34.5,0,16,0,0,0,0,0,0,0,0,0,0,0,0,0,0,1,136,100,0,0,0,0,0,0,0,0,0,0,1
2025-12-24 02:48:06,0,0,34.56,0,16,0,0,0,0,0,0,0,0,0,0,0,0,0,0,1,136,99,0,0,0,0,0,0,0,0,0,0,1
2025-12-24 02:49:06,0,0,34.56,0,16,0,0,0,0,0,0,0,0,0,0,0,0,0,0,1,135,100,0,0,0,0,0,0,0,0,0,0,1
2025-12-24 02:50:06,0,0,34.56,0,16,0,0,0,0,0,0,0,0,0,0,0,0,0,0,1,136,100,0,0,0,0,0,0,0,0,0,0,1
2025-12-24 02:51:06,0,0,34.56,0,16,0,0,0,0,0,0,0,0,0,0,0,0,0,0,1,136,100,0,0,0,0,0,0,0,0,0,0,1
2025-12-24 02:52:06,0,0,34.62,0,16,0,0,0,0,0,0,0,0,0,0,0,0,0,0,1,136,100,0,0,0,0,0,0,0,0,0,0,1
2025-12-24 02:53:06,0,0,34.62,0,16,0,0,0,0,0,0,0,0,0,0,0,0,0,0,1,136,100,0,0,0,0,0,0,0,0,0,0,1
2025-12-24 02:54:06,0,0,34.56,0,16,1210,20.1667,45,0.75,74,1.23333,0,0,0,0,0,0,0,0,2,137,100,0,0,0,0,0,0,0,0,0,0,1
2025-12-24 02:55:06,0,0,34.44,0,1,0,0,0,0,0,0,0,0,0,0,0,0,0,0,1,136,99,0,0,0,0,0,0,0,0,0,0,1
2025-12-24 02:56:06,0,0,34.12,0,1,0,0,0,0,0,0,0,0,0,0,0,0,0,0,1,136,99,0,0,0,0,0,0,0,0,0,0,1
2025-12-24 02:57:06,0,0,33.75,0,16,202,3.36667,4,0.0666667,12,0.2,0,0,0,0,0,0,0,0,1,137,99,0,0,0,0,0,0,0,0,0,0,1
2025-12-24 02:58:06,0,0,33.44,0,16,0,0,0,0,0,0,0,0,0,0,0,0,0,0,1,136,99,0,0,0,0,0,0,0,0,0,0,1
2025-12-24 02:59:06,0,0,33.12,0,16,0,0,0,0,0,0,0,0,0,0,0,0,0,0,1,136,99,0,0,0,0,0,0,0,0,0,0,1
2025-12-24 03:00:06,0,0,32.88,0,16,0,0,0,0,0,0,0,0,0,0,0,0,0,0,1,136,99,0,0,0,0,0,0,0,0,0,0,1
2025-12-24 03:01:06,0,0,32.62,0,16,0,0,0,0,0,0,0,0,0,0,0,0,0,0,1,136,99,0,0,0,0,0,0,0,0,0,0,1
2025-12-24 03:02:06,0,0,32.38,0,16,0,0,0,0,0,0,0,0,0,0,0,0,0,0,1,136,100,0,0,0,0,0,0,0,0,0,0,1
2025-12-24 03:03:06,0,0,32.12,0,16,1742,29.0333,64,1.06667,115,1.91667,0,0,0,0,0,0,0,0,2,144,100,0,0,0,0,0,0,0,0,0,0,1
2025-12-24 03:04:06,0,0,32.06,0,16,0,0,0,0,0,0,0,0,0,0,0,0,0,0,1,143,99,0,0,0,0,0,0,0,0,0,0,1
2025-12-24 03:05:06,0,0,31.94,0,16,0,0,0,0,0,0,0,0,0,0,0,0,0,0,1,144,99,0,0,0,0,0,0,0,0,0,0,1
2025-12-24 03:06:06,0,0,31.94,0,16,0,0,0,0,0,0,0,0,0,0,0,0,0,0,1,144,98,0,0,0,0,0,0,0,0,0,0,1
2025-12-24 03:07:06,0,0,31.88,0,16,0,0,0,0,0,0,0,0,0,0,0,0,0,0,1,145,99,0,0,0,0,0,0,0,0,0,0,1
2025-12-24 03:08:06,0,0,31.81,0,16,0,0,0,0,0,0,0,0,0,0,0,0,0,0,1,147,99,0,0,0,0,0,0,0,0,0,0,1
2025-12-24 03:09:06,0,0,31.81,0,16,0,0,0,0,0,0,0,0,0,0,0,0,0,0,1,148,99,0,0,0,0,0,0,0,0,0,0,1
2025-12-24 03:10:06,0,0,31.75,0,16,4,0.0666667,0,0,0,0,0,0,0,0,0,0,0,0,1,151,99,0,0,0,0,0,0,0,0,0,0,1
2025-12-24 03:11:06,0,0,31.69,0,16,0,0,0,0,0,0,0,0,0,0,0,0,0,0,1,152,99,0,0,0,0,0,0,0,0,0,0,1
2025-12-24 03:12:06,0,0,31.62,0,16,0,0,0,0,0,0,0,0,0,0,0,0,0,0,1,153,99,0,0,0,0,0,0,0,0,0,0,1
2025-12-24 03:13:06,0,0,31.62,0,16,0,0,0,0,0,0,0,0,0,0,0,0,0,0,1,154,99,0,0,0,0,0,0,0,0,0,0,1
2025-12-24 03:14:06,0,0,31.62,0,16,0,0,0,0,0,0,0,0,0,0,0,0,0,0,1,156,99,0,0,0,0,0,0,0,0,0,0,1
2025-12-24 03:15:06,0,0,31.62,0,16,0,0,0,0,0,0,0,0,0,0,0,0,0,0,1,156,99,0,0,0,0,0,0,0,0,0,0,1
2025-12-24 03:16:06,0,0,31.62,0,16,0,0,0,0,0,0,0,0,0,0,0,0,0,0,1,157,99,0,0,0,0,0,0,0,0,0,0,1
2025-12-24 03:17:06,0,0,31.56,0,16,0,0,0,0,0,0,0,0,0,0,0,0,0,0,1,159,99,0,0,0,0,0,0,0,0,0,0,1
2025-12-24 03:18:06,0,0,31.62,0,16,0,0,0,0,0,0,0,0,0,0,0,0,0,0,1,159,99,0,0,0,0,0,0,0,0,0,0,1
2025-12-24 03:19:06,0,0,31.69,0,16,2275,37.9167,85,1.41667,107,1.78333,0,0,0,0,0,0,0,0,2,146,99,0,0,0,0,0,0,0,0,0,0,1
2025-12-24 03:20:06,0,0,31.88,0,16,14,0.233333,0,0,2,0.0333333,0,0,0,0,0,0,0,0,1,147,100,0,0,0,0,0,0,0,0,0,0,1
2025-12-24 03:21:06,0,0,32.06,0,16,0,0,0,0,0,0,0,0,0,0,0,0,0,0,1,145,100,0,0,0,0,0,0,0,0,0,0,1
2025-12-24 03:22:06,0,0,32.25,0,16,0,0,0,0,0,0,0,0,0,0,0,0,0,0,1,145,100,0,0,0,0,0,0,0,0,0,0,1
2025-12-24 03:23:06,0,0,32.44,0,16,0,0,0,0,0,0,0,0,0,0,0,0,0,0,2,145,100,0,0,0,0,0,0,0,0,0,0,1
2025-12-24 03:24:06,0,0,32.62,0,16,0,0,0,0,0,0,0,0,0,0,0,0,0,0,1,145,100,0,0,0,0,0,0,0,0,0,0,1
2025-12-24 03:25:06,0,0,32.81,0,16,0,0,0,0,0,0,0,0,0,0,0,0,0,0,1,145,100,0,0,0,0,0,0,0,0,0,0,1
2025-12-24 03:26:06,0,0,32.94,0,16,0,0,0,0,0,0,0,0,0,0,0,0,0,0,1,145,100,0,0,0,0,0,0,0,0,0,0,1
2025-12-24 03:27:06,0,0,33.06,0,16,0,0,0,0,0,0,0,0,0,0,0,0,0,0,1,144,100,0,0,0,0,0,0,0,0,0,0,1
2025-12-24 03:28:06,0,0,33.19,0,16,0,0,0,0,0,0,0,0,0,0,0,0,0,0,1,144,100,0,0,0,0,0,0,0,0,0,0,1
2025-12-24 03:29:06,0,0,33.25,0,16,0,0,0,0,0,0,0,0,0,0,0,0,0,0,1,145,100,0,0,0,0,0,0,0,0,0,0,1
2025-12-24 03:30:06,0,0,33.31,0,16,0,0,0,0,0,0,0,0,0,0,0,0,0,0,1,144,100,0,0,0,0,0,0,0,0,0,0,1
2025-12-24 03:31:06,0,0,33.44,0,16,0,0,0,0,0,0,0,0,0,0,0,0,0,0,1,144,99,0,0,0,0,0,0,0,0,0,0,1
2025-12-24 03:32:06,0,0,33.5,0,16,0,0,0,0,0,0,0,0,0,0,0,0,0,0,1,144,100,0,0,0,0,0,0,0,0,0,0,1
2025-12-24 03:33:06,0,0,33.56,0,16,0,0,0,0,0,0,0,0,0,0,0,0,0,0,1,143,99,0,0,0,0,0,0,0,0,0,0,1
2025-12-24 03:34:06,0,0,33.62,0,16,0,0,0,0,0,0,0,0,0,0,0,0,0,0,1,143,100,0,0,0,0,0,0,0,0,0,0,1
2025-12-24 03:35:06,0,0,33.69,0,16,0,0,0,0,0,0,0,0,0,0,0,0,0,0,1,142,99,0,0,0,0,0,0,0,0,0,0,1
2025-12-24 03:36:06,0,0,33.69,0,16,0,0,0,0,0,0,0,0,0,0,0,0,0,0,1,142,99,0,0,0,0,0,0,0,0,0,0,1
2025-12-24 03:37:06,0,0,33.75,0,16,0,0,0,0,0,0,0,0,0,0,0,0,0,0,1,142,99,0,0,0,0,0,0,0,0,0,0,1
2025-12-24 03:38:06,0,0,33.81,0,16,0,0,0,0,0,0,0,0,0,0,0,0,0,0,1,141,99,0,0,0,0,0,0,0,0,0,0,1
2025-12-24 03:39:06,0,0,33.81,0,16,0,0,0,0,0,0,0,0,0,0,0,0,0,0,1,140,99,0,0,0,0,0,0,0,0,0,0,1
2025-12-24 03:40:06,0,0,33.88,0,16,0,0,0,0,0,0,0,0,0,0,0,0,0,0,1,140,100,0,0,0,0,0,0,0,0,0,0,1
2025-12-24 03:41:06,0,0,33.88,0,16,0,0,0,0,0,0,0,0,0,0,0,0,0,0,1,140,99,0,0,0,0,0,0,0,0,0,0,1
2025-12-24 03:42:06,0,0,33.94,0,16,0,0,0,0,0,0,0,0,0,0,0,0,0,0,1,139,99,0,0,0,0,0,0,0,0,0,0,1
2025-12-24 03:43:06,0,0,33.94,0,16,0,0,0,0,0,0,0,0,0,0,0,0,0,0,1,139,99,0,0,0,0,0,0,0,0,0,0,1
2025-12-24 03:44:06,0,0,33.94,0,16,0,0,0,0,0,0,0,0,0,0,0,0,0,0,1,139,99,0,0,0,0,0,0,0,0,0,0,1
2025-12-24 03:45:06,0,0,33.94,0,16,0,0,0,0,0,0,0,0,0,0,0,0,0,0,1,139,99,0,0,0,0,0,0,0,0,0,0,1
2025-12-24 03:46:06,0,0,33.94,0,16,0,0,0,0,0,0,0,0,0,0,0,0,0,0,1,139,99,0,0,0,0,0,0,0,0,0,0,1
2025-12-24 03:47:06,0,0,34,0,16,0,0,0,0,0,0,0,0,0,0,0,0,0,0,1,138,99,0,0,0,0,0,0,0,0,0,0,1
2025-12-24 03:48:06,0,0,34,0,16,0,0,0,0,0,0,0,0,0,0,0,0,0,0,1,138,99,0,0,0,0,0,0,0,0,0,0,1
2025-12-24 03:49:06,0,0,34,0,16,1590,26.5,60,1,84,1.4,0,0,0,0,0,0,0,0,2,140,99,0,0,0,0,0,0,0,0,0,0,1
2025-12-24 03:50:06,0,0,33.94,0,16,0,0,0,0,0,0,0,0,0,0,0,0,0,0,2,139,99,0,0,0,0,0,0,0,0,0,0,1
2025-12-24 03:51:06,0,0,33.88,0,16,1051,17.5167,40,0.666667,68,1.13333,0,0,0,0,0,0,0,0,2,139,99,0,0,0,0,0,0,0,0,0,0,1
2025-12-24 03:52:06,0,0,33.69,0,16,1059,17.65,38,0.633333,66,1.1,0,0,0,0,0,0,0,0,2,148,100,0,0,0,0,0,0,0,0,0,0,1
2025-12-24 03:53:06,0,0,33.69,0,16,2965,49.4167,103,1.71667,149,2.48333,0,0,0,0,0,0,0,0,2,144,99,0,0,0,0,0,0,0,0,0,0,1
2025-12-24 03:54:06,0,0,33.5,0,16,0,0,0,0,0,0,0,0,0,0,0,0,0,0,2,144,100,0,0,0,0,0,0,0,0,0,0,1
2025-12-24 03:55:06,0,0,33.31,0,16,0,0,0,0,0,0,0,0,0,0,0,0,0,0,2,144,100,0,0,0,0,0,0,0,0,0,0,1
2025-12-24 03:56:06,0,0,33.19,0,16,0,0,0,0,0,0,0,0,0,0,0,0,0,0,2,144,99,0,0,0,0,0,0,0,0,0,0,1
2025-12-24 03:57:06,0,0,33.06,0,16,0,0,0,0,0,0,0,0,0,0,0,0,0,0,2,144,100,0,0,0,0,0,0,0,0,0,0,1
2025-12-24 03:58:06,0,0,33,0,16,0,0,0,0,0,0,0,0,0,0,0,0,0,0,1,144,100,0,0,0,0,0,0,0,0,0,0,1
2025-12-24 03:59:06,0,0,32.94,0,16,0,0,0,0,0,0,0,0,0,0,0,0,0,0,1,144,100,0,0,0,0,0,0,0,0,0,0,1
2025-12-24 04:00:06,0,0,32.88,0,16,3,0.05,0,0,0,0,0,0,0,0,0,0,0,0,1,146,100,0,0,0,0,0,0,0,0,0,0,1
2025-12-24 04:01:06,0,0,32.81,0,16,0,0,0,0,0,0,0,0,0,0,0,0,0,0,1,144,100,0,0,0,0,0,0,0,0,0,0,1
2025-12-24 04:02:06,0,0,32.81,0,16,86,1.43333,0,0,3,0.05,0,0,0,0,0,0,0,0,1,147,100,0,0,0,0,0,0,0,0,0,0,1
2025-12-24 04:03:06,0,0,32.75,0,16,0,0,0,0,0,0,0,0,0,0,0,0,0,0,1,145,100,0,0,0,0,0,0,0,0,0,0,1
2025-12-24 04:04:06,0,0,32.75,0,16,0,0,0,0,0,0,0,0,0,0,0,0,0,0,1,144,100,0,0,0,0,0,0,0,0,0,0,1
2025-12-24 04:05:06,0,0,32.75,0,16,0,0,0,0,0,0,0,0,0,0,0,0,0,0,1,144,100,0,0,0,0,0,0,0,0,0,0,1
2025-12-24 04:06:06,0,0,32.81,0,16,0,0,0,0,0,0,0,0,0,0,0,0,0,0,1,144,100,0,0,0,0,0,0,0,0,0,0,1
2025-12-24 04:07:06,0,0,32.81,0,16,0,0,0,0,0,0,0,0,0,0,0,0,0,0,1,144,100,0,0,0,0,0,0,0,0,0,0,1
2025-12-24 04:08:06,0,0,32.81,0,16,0,0,0,0,0,0,0,0,0,0,0,0,0,0,1,144,100,0,0,0,0,0,0,0,0,0,0,1
2025-12-24 04:09:06,0,0,32.81,0,16,0,0,0,0,0,0,0,0,0,0,0,0,0,0,1,144,100,0,0,0,0,0,0,0,0,0,0,1
2025-12-24 04:10:06,0,0,32.81,0,16,0,0,0,0,0,0,0,0,0,0,0,0,0,0,1,144,100,0,0,0,0,0,0,0,0,0,0,1
2025-12-24 04:11:06,0,0,32.81,0,16,0,0,0,0,0,0,0,0,0,0,0,0,0,0,1,144,100,0,0,0,0,0,0,0,0,0,0,1
2025-12-24 04:12:06,0,0,32.75,0,16,907,15.1167,28,0.466667,60,1,0,0,0,0,0,0,0,0,1,211,155,0,0,0,0,0,0,0,0,0,0,1
2025-12-24 04:13:06,0,0,32.81,0,16,260,4.33333,4,0.0666667,23,0.383333,0,0,0,0,0,0,0,0,1,174,119,0,0,0,0,0,0,0,0,0,0,1
2025-12-24 04:14:06,0,0,32.5,0,16,17,0.283333,0,0,2,0.0333333,0,0,0,0,0,0,0,0,2,171,113,0,0,0,0,0,0,0,0,0,0,1
2025-12-24 04:15:06,0,0,32.19,0,16,257,4.28333,2,0.0333333,16,0.266667,0,0,0,0,0,0,0,0,2,190,114,0,0,0,0,0,0,0,0,0,0,1
2025-12-24 04:16:06,0,0,31.88,0,8,4807,80.1167,115,1.91667,284,4.73333,0,0,0,0,0,0,0,0,2,154,105,0,0,0,0,0,0,0,0,0,0,1
2025-12-24 04:17:06,0,0,31.62,0,1,2037,33.95,55,0.916667,110,1.83333,0,0,0,0,0,0,0,0,2,215,158,0,0,0,0,0,0,0,0,0,0,1
2025-12-24 04:18:06,0,0,31.19,0,16,4451,74.1833,107,1.78333,201,3.35,0,0,0,0,0,0,0,0,2,192,119,0,0,0,0,0,0,0,0,0,0,1
2025-12-24 04:19:06,0,0,30.75,0,16,2607,43.45,85,1.41667,136,2.26667,0,0,0,0,0,0,0,0,2,197,147,0,0,0,0,0,0,0,0,0,0,1
2025-12-24 04:20:06,0,0,30.56,0,16,0,0,0,0,0,0,0,0,0,0,0,0,0,0,2,169,119,0,0,0,0,0,0,0,0,0,0,1
2025-12-24 04:21:06,0,0,30.62,0,16,0,0,0,0,0,0,0,0,0,0,0,0,0,0,2,162,112,0,0,0,0,0,0,0,0,0,0,1
2025-12-24 04:22:06,0,0,30.69,0,16,0,0,0,0,0,0,0,0,0,0,0,0,0,0,2,157,109,0,0,0,0,0,0,0,0,0,0,1
2025-12-24 04:23:06,0,0,30.81,0,16,109,1.81667,4,0.0666667,6,0.1,0,0,0,0,0,0,0,0,2,153,106,0,0,0,0,0,0,0,0,0,0,1
2025-12-24 04:24:06,0,0,30.81,0,16,114,1.9,4,0.0666667,5,0.0833333,0,0,0,0,0,0,0,0,1,151,104,0,0,0,0,0,0,0,0,0,0,1
2025-12-24 04:25:06,0,0,30.94,0,16,0,0,0,0,0,0,0,0,0,0,0,0,0,0,1,149,103,0,0,0,0,0,0,0,0,0,0,1
2025-12-24 04:26:06,0,0,31.12,0,16,0,0,0,0,0,0,0,0,0,0,0,0,0,0,1,148,103,0,0,0,0,0,0,0,0,0,0,1
2025-12-24 04:27:06,0,0,31.25,0,16,0,0,0,0,0,0,0,0,0,0,0,0,0,0,1,148,103,0,0,0,0,0,0,0,0,0,0,1
2025-12-24 04:28:06,0,0,31.38,0,16,0,0,0,0,0,0,0,0,0,0,0,0,0,0,1,148,103,0,0,0,0,0,0,0,0,0,0,1
2025-12-24 04:29:06,0,0,32.06,0,16,2640,44,85,1.41667,113,1.88333,0,0,0,0,0,0,0,0,2,155,101,0,0,0,0,0,0,0,0,0,0,1
2025-12-24 04:30:06,0,0,32.12,0,16,0,0,0,0,0,0,0,0,0,0,0,0,0,0,1,144,100,0,0,0,0,0,0,0,0,0,0,1
2025-12-24 04:31:06,0,0,32.19,0,16,0,0,0,0,0,0,0,0,0,0,0,0,0,0,1,143,100,0,0,0,0,0,0,0,0,0,0,1
2025-12-24 04:32:06,0,0,32.31,0,16,0,0,0,0,0,0,0,0,0,0,0,0,0,0,1,143,100,0,0,0,0,0,0,0,0,0,0,1
2025-12-24 04:33:06,0,0,32.44,0,16,0,0,0,0,0,0,0,0,0,0,0,0,0,0,2,143,100,0,0,0,0,0,0,0,0,0,0,1
2025-12-24 04:34:06,0,0,32.62,0,16,0,0,0,0,0,0,0,0,0,0,0,0,0,0,1,142,100,0,0,0,0,0,0,0,0,0,0,1
2025-12-24 04:35:06,0,0,32.81,0,16,0,0,0,0,0,0,0,0,0,0,0,0,0,0,1,142,101,0,0,0,0,0,0,0,0,0,0,1
2025-12-24 04:36:06,0,0,32.94,0,16,0,0,0,0,0,0,0,0,0,0,0,0,0,0,1,141,100,0,0,0,0,0,0,0,0,0,0,1
2025-12-24 04:37:06,0,0,33.06,0,16,0,0,0,0,0,0,0,0,0,0,0,0,0,0,1,141,101,0,0,0,0,0,0,0,0,0,0,1
2025-12-24 04:38:06,0,0,33.19,0,16,0,0,0,0,0,0,0,0,0,0,0,0,0,0,1,141,100,0,0,0,0,0,0,0,0,0,0,1
2025-12-24 04:39:06,0,0,33.31,0,16,0,0,0,0,0,0,0,0,0,0,0,0,0,0,1,141,100,0,0,0,0,0,0,0,0,0,0,1
2025-12-24 04:40:06,0,0,33.44,0,16,0,0,0,0,0,0,0,0,0,0,0,0,0,0,1,141,100,0,0,0,0,0,0,0,0,0,0,1
2025-12-24 04:41:06,0,0,33.56,0,16,0,0,0,0,0,0,0,0,0,0,0,0,0,0,1,141,100,0,0,0,0,0,0,0,0,0,0,1
2025-12-24 04:42:06,0,0,33.62,0,16,0,0,0,0,0,0,0,0,0,0,0,0,0,0,1,140,99,0,0,0,0,0,0,0,0,0,0,1
2025-12-24 04:43:06,0,0,33.69,0,16,12,0.2,0,0,0,0,0,0,0,0,0,0,0,0,1,145,99,0,0,0,0,0,0,0,0,0,0,1
2025-12-24 04:44:06,0,0,33.81,0,16,0,0,0,0,0,0,0,0,0,0,0,0,0,0,1,145,101,0,0,0,0,0,0,0,0,0,0,1
2025-12-24 04:45:06,0,0,33.88,0,16,0,0,0,0,0,0,0,0,0,0,0,0,0,0,1,144,100,0,0,0,0,0,0,0,0,0,0,1
2025-12-24 04:46:06,0,0,33.94,0,16,0,0,0,0,0,0,0,0,0,0,0,0,0,0,1,144,100,0,0,0,0,0,0,0,0,0,0,1
2025-12-24 04:47:06,0,0,34,0,16,0,0,0,0,0,0,0,0,0,0,0,0,0,0,1,144,100,0,0,0,0,0,0,0,0,0,0,1
2025-12-24 04:48:06,0,0,34.06,0,16,0,0,0,0,0,0,0,0,0,0,0,0,0,0,1,144,100,0,0,0,0,0,0,0,0,0,0,1
2025-12-24 04:49:06,0,0,34.12,0,16,0,0,0,0,0,0,0,0,0,0,0,0,0,0,1,144,100,0,0,0,0,0,0,0,0,0,0,1
2025-12-24 04:50:06,0,0,34.12,0,16,0,0,0,0,0,0,0,0,0,0,0,0,0,0,1,144,100,0,0,0,0,0,0,0,0,0,0,1
2025-12-24 04:51:06,0,0,34.19,0,16,0,0,0,0,0,0,0,0,0,0,0,0,0,0,1,143,100,0,0,0,0,0,0,0,0,0,0,1
2025-12-24 04:52:06,0,0,34.19,0,16,0,0,0,0,0,0,0,0,0,0,0,0,0,0,1,144,100,0,0,0,0,0,0,0,0,0,0,1
2025-12-24 04:53:06,0,0,34.25,0,16,0,0,0,0,0,0,0,0,0,0,0,0,0,0,1,143,100,0,0,0,0,0,0,0,0,0,0,1
2025-12-24 04:54:06,0,0,34.31,0,16,0,0,0,0,0,0,0,0,0,0,0,0,0,0,1,143,100,0,0,0,0,0,0,0,0,0,0,1
2025-12-24 04:55:06,0,0,34.31,0,16,0,0,0,0,0,0,0,0,0,0,0,0,0,0,1,143,100,0,0,0,0,0,0,0,0,0,0,1
2025-12-24 04:56:06,0,0,34.38,0,16,0,0,0,0,0,0,0,0,0,0,0,0,0,0,1,143,100,0,0,0,0,0,0,0,0,0,0,1
2025-12-24 04:57:06,0,0,34.44,0,16,0,0,0,0,0,0,0,0,0,0,0,0,0,0,1,143,100,0,0,0,0,0,0,0,0,0,0,1
2025-12-24 04:58:06,0,0,34.44,0,16,0,0,0,0,0,0,0,0,0,0,0,0,0,0,1,143,100,0,0,0,0,0,0,0,0,0,0,1
2025-12-24 04:59:06,0,0,34.44,0,16,0,0,0,0,0,0,0,0,0,0,0,0,0,0,1,143,100,0,0,0,0,0,0,0,0,0,0,1
2025-12-24 05:00:06,0,0,34.31,0,8,1079,17.9833,27,0.45,59,0.983333,0,0,0,0,0,0,0,0,1,139,131,0,0,0,0,0,0,0,0,0,0,1
2025-12-24 05:01:06,0,0,34.06,0,16,660,11,15,0.25,33,0.55,0,0,0,0,0,0,0,0,1,150,113,0,0,0,0,0,0,0,0,0,0,1
2025-12-24 05:02:06,0,0,33.69,0,16,0,0,0,0,0,0,0,0,0,0,0,0,0,0,1,148,111,0,0,0,0,0,0,0,0,0,0,1
2025-12-24 05:03:06,0,0,33.38,0,16,39,0.65,0,0,1,0.0166667,0,0,0,0,0,0,0,0,1,147,107,0,0,0,0,0,0,0,0,0,0,1
2025-12-24 05:04:06,0,0,33.06,0,16,0,0,0,0,0,0,0,0,0,0,0,0,0,0,1,147,108,0,0,0,0,0,0,0,0,0,0,1
2025-12-24 05:05:06,0,0,32.81,0,8,394,6.56667,5,0.0833333,27,0.45,0,0,0,0,0,0,0,0,1,156,102,0,0,0,0,0,0,0,0,0,0,1
2025-12-24 05:06:06,0,0,32.69,0,8,350,5.83333,5,0.0833333,38,0.633333,0,0,0,0,0,0,0,0,1,147,101,0,0,0,0,0,0,0,0,0,0,1
2025-12-24 05:07:06,0,0,32.56,0,1,0,0,0,0,0,0,0,0,0,0,0,0,0,0,1,145,101,0,0,0,0,0,0,0,0,0,0,1
2025-12-24 05:08:06,0,0,32.5,0,1,0,0,0,0,0,0,0,0,0,0,0,0,0,0,1,144,101,0,0,0,0,0,0,0,0,0,0,1
2025-12-24 05:09:06,0,0,32.44,0,1,3,0.05,0,0,1,0.0166667,0,0,0,0,0,0,0,0,1,144,101,0,0,0,0,0,0,0,0,0,0,1
2025-12-24 05:10:06,0,0,32.31,0,1,0,0,0,0,0,0,0,0,0,0,0,0,0,0,1,144,100,0,0,0,0,0,0,0,0,0,0,1
2025-12-24 05:11:06,0,0,32.31,0,8,869,14.4833,18,0.3,41,0.683333,0,0,0,0,0,0,0,0,1,147,102,0,0,0,0,0,0,0,0,0,0,1
2025-12-24 05:12:06,0,0,32.25,0,8,0,0,0,0,0,0,0,0,0,0,0,0,0,0,1,144,102,0,0,0,0,0,0,0,0,0,0,1
2025-12-24 05:13:06,0,0,32.19,0,8,0,0,0,0,0,0,0,0,0,0,0,0,0,0,1,143,101,0,0,0,0,0,0,0,0,0,0,1
2025-12-24 05:14:06,0,0,32.12,0,8,0,0,0,0,0,0,0,0,0,0,0,0,0,0,1,143,101,0,0,0,0,0,0,0,0,0,0,1
2025-12-24 05:15:06,0,0,32,0,8,9,0.15,0,0,2,0.0333333,0,0,0,0,0,0,0,0,1,143,101,0,0,0,0,0,0,0,0,0,0,1
2025-12-24 05:16:06,0,0,31.94,0,8,0,0,0,0,0,0,0,0,0,0,0,0,0,0,1,143,101,0,0,0,0,0,0,0,0,0,0,1
2025-12-24 05:17:06,0,0,31.81,0,8,0,0,0,0,0,0,0,0,0,0,0,0,0,0,1,143,102,0,0,0,0,0,0,0,0,0,0,1
2025-12-24 05:18:06,0,0,31.75,0,8,0,0,0,0,0,0,0,0,0,0,0,0,0,0,1,143,101,0,0,0,0,0,0,0,0,0,0,1
2025-12-24 05:19:06,0,0,31.56,0,1,2556,42.6,80,1.33333,145,2.41667,0,0,0,0,0,0,0,0,2,192,114,0,0,0,0,0,0,0,0,0,0,1
2025-12-24 05:20:06,0,0,31.56,0,16,245,4.08333,2,0.0333333,25,0.416667,0,0,0,0,0,0,0,0,1,198,118,0,0,0,0,0,0,0,0,0,0,1
2025-12-24 05:21:06,0,0,31.62,0,16,0,0,0,0,0,0,0,0,0,0,0,0,0,0,1,192,111,0,0,0,0,0,0,0,0,0,0,1
2025-12-24 05:22:06,0,0,31.75,0,16,0,0,0,0,0,0,0,0,0,0,0,0,0,0,1,187,107,0,0,0,0,0,0,0,0,0,0,1
2025-12-24 05:23:06,0,0,31.94,0,16,0,0,0,0,0,0,0,0,0,0,0,0,0,0,2,188,106,0,0,0,0,0,0,0,0,0,0,1
2025-12-24 05:24:06,0,0,32.06,0,16,0,0,0,0,0,0,0,0,0,0,0,0,0,0,1,189,106,0,0,0,0,0,0,0,0,0,0,1
2025-12-24 05:25:06,0,0,32.19,0,16,0,0,0,0,0,0,0,0,0,0,0,0,0,0,1,188,106,0,0,0,0,0,0,0,0,0,0,1
2025-12-24 05:26:06,0,0,32.31,0,16,915,15.25,19,0.316667,56,0.933333,0,0,0,0,0,0,0,0,1,147,102,0,0,0,0,0,0,0,0,0,0,1
2025-12-24 05:27:06,0,0,32.62,0,16,0,0,0,0,0,0,0,0,0,0,0,0,0,0,1,143,101,0,0,0,0,0,0,0,0,0,0,1
2025-12-24 05:28:06,0,0,32.81,0,16,0,0,0,0,0,0,0,0,0,0,0,0,0,0,1,143,101,0,0,0,0,0,0,0,0,0,0,1
2025-12-24 05:29:06,0,0,33,0,16,0,0,0,0,0,0,0,0,0,0,0,0,0,0,1,142,101,0,0,0,0,0,0,0,0,0,0,1
2025-12-24 05:30:06,0,0,33.12,0,16,45,0.75,0,0,3,0.05,0,0,0,0,0,0,0,0,1,142,101,0,0,0,0,0,0,0,0,0,0,1
2025-12-24 05:31:06,0,0,33.25,0,16,0,0,0,0,0,0,0,0,0,0,0,0,0,0,1,142,101,0,0,0,0,0,0,0,0,0,0,1
2025-12-24 05:32:06,0,0,33.38,0,16,0,0,0,0,0,0,0,0,0,0,0,0,0,0,1,142,101,0,0,0,0,0,0,0,0,0,0,1
2025-12-24 05:33:06,0,0,33.5,0,16,0,0,0,0,0,0,0,0,0,0,0,0,0,0,1,142,101,0,0,0,0,0,0,0,0,0,0,1
2025-12-24 05:34:06,0,0,33.62,0,16,0,0,0,0,0,0,0,0,0,0,0,0,0,0,1,141,101,0,0,0,0,0,0,0,0,0,0,1
2025-12-24 05:35:06,0,0,33.69,0,16,0,0,0,0,0,0,0,0,0,0,0,0,0,0,1,141,101,0,0,0,0,0,0,0,0,0,0,1
2025-12-24 05:36:06,0,0,33.81,0,16,0,0,0,0,0,0,0,0,0,0,0,0,0,0,1,141,101,0,0,0,0,0,0,0,0,0,0,1
2025-12-24 05:37:06,0,0,33.88,0,16,0,0,0,0,0,0,0,0,0,0,0,0,0,0,1,141,101,0,0,0,0,0,0,0,0,0,0,1
2025-12-24 05:38:06,0,0,33.94,0,16,0,0,0,0,0,0,0,0,0,0,0,0,0,0,1,141,101,0,0,0,0,0,0,0,0,0,0,1
2025-12-24 05:39:06,0,0,34,0,16,0,0,0,0,0,0,0,0,0,0,0,0,0,0,1,141,101,0,0,0,0,0,0,0,0,0,0,1
2025-12-24 05:40:06,0,0,34.12,0,16,0,0,0,0,0,0,0,0,0,0,0,0,0,0,1,140,101,0,0,0,0,0,0,0,0,0,0,1
2025-12-24 05:41:06,0,0,34.19,0,16,0,0,0,0,0,0,0,0,0,0,0,0,0,0,1,140,101,0,0,0,0,0,0,0,0,0,0,1
2025-12-24 05:42:06,0,0,34.19,0,16,0,0,0,0,0,0,0,0,0,0,0,0,0,0,1,140,100,0,0,0,0,0,0,0,0,0,0,1
2025-12-24 05:43:06,0,0,34.25,0,16,0,0,0,0,0,0,0,0,0,0,0,0,0,0,1,139,100,0,0,0,0,0,0,0,0,0,0,1
2025-12-24 05:44:06,0,0,34.31,0,16,0,0,0,0,0,0,0,0,0,0,0,0,0,0,1,139,100,0,0,0,0,0,0,0,0,0,0,1
2025-12-24 05:45:06,0,0,34.31,0,16,0,0,0,0,0,0,0,0,0,0,0,0,0,0,1,139,101,0,0,0,0,0,0,0,0,0,0,1
2025-12-24 05:46:06,0,0,34.38,0,16,5,0.0833333,0,0,0,0,0,0,0,0,0,0,0,0,1,139,100,0,0,0,0,0,0,0,0,0,0,1
2025-12-24 05:47:06,0,0,34.38,0,16,0,0,0,0,0,0,0,0,0,0,0,0,0,0,1,138,100,0,0,0,0,0,0,0,0,0,0,1
2025-12-24 05:48:06,0,0,34.38,0,16,0,0,0,0,0,0,0,0,0,0,0,0,0,0,1,138,99,0,0,0,0,0,0,0,0,0,0,1
2025-12-24 05:49:06,0,0,34.38,0,16,0,0,0,0,0,0,0,0,0,0,0,0,0,0,1,137,99,0,0,0,0,0,0,0,0,0,0,1
2025-12-24 05:50:06,0,0,34.38,0,16,0,0,0,0,0,0,0,0,0,0,0,0,0,0,1,137,99,0,0,0,0,0,0,0,0,0,0,1
2025-12-24 05:51:06,0,0,34.38,0,16,1813,30.2167,66,1.1,100,1.66667,0,0,0,0,0,0,0,0,2,164,118,0,0,0,0,0,0,0,0,0,0,1
2025-12-24 05:52:06,0,0,34.31,0,16,0,0,0,0,0,0,0,0,0,0,0,0,0,0,1,159,115,0,0,0,0,0,0,0,0,0,0,1
2025-12-24 05:53:06,0,0,34.25,0,16,0,0,0,0,0,0,0,0,0,0,0,0,0,0,1,158,115,0,0,0,0,0,0,0,0,0,0,1
2025-12-24 05:54:06,0,0,34.25,0,16,0,0,0,0,0,0,0,0,0,0,0,0,0,0,1,160,116,0,0,0,0,0,0,0,0,0,0,1
2025-12-24 05:55:06,0,0,34.25,0,16,0,0,0,0,0,0,0,0,0,0,0,0,0,0,2,159,117,0,0,0,0,0,0,0,0,0,0,1
2025-12-24 05:56:06,0,0,34.25,0,16,0,0,0,0,0,0,0,0,0,0,0,0,0,0,2,161,117,0,0,0,0,0,0,0,0,0,0,1
2025-12-24 05:57:06,0,0,34.31,0,16,2653,44.2167,98,1.63333,149,2.48333,0,0,0,0,0,0,0,0,2,145,101,0,0,0,0,0,0,0,0,0,0,1
2025-12-24 05:58:06,0,0,34.19,0,16,1434,23.9,36,0.6,98,1.63333,0,0,0,0,0,0,0,0,2,141,105,0,0,0,0,0,0,0,0,0,0,1
2025-12-24 05:59:06,0,0,33.88,0,16,0,0,0,0,0,0,0,0,0,0,0,0,0,0,2,140,104,0,0,0,0,0,0,0,0,0,0,1
2025-12-24 06:00:06,0,0,33.44,0,16,0,0,0,0,0,0,0,0,0,0,0,0,0,0,1,140,103,0,0,0,0,0,0,0,0,0,0,1
2025-12-24 06:01:06,0,0,33.12,0,16,0,0,0,0,0,0,0,0,0,0,0,0,0,0,2,139,102,0,0,0,0,0,0,0,0,0,0,1
2025-12-24 06:02:06,0,0,32.81,0,16,0,0,0,0,0,0,0,0,0,0,0,0,0,0,1,139,103,0,0,0,0,0,0,0,0,0,0,1
2025-12-24 06:03:06,0,0,32.56,0,16,0,0,0,0,0,0,0,0,0,0,0,0,0,0,1,139,102,0,0,0,0,0,0,0,0,0,0,1
2025-12-24 06:04:06,0,0,32.31,0,16,0,0,0,0,0,0,0,0,0,0,0,0,0,0,1,139,103,0,0,0,0,0,0,0,0,0,0,1
2025-12-24 06:05:06,0,0,32.12,0,16,0,0,0,0,0,0,0,0,0,0,0,0,0,0,1,139,102,0,0,0,0,0,0,0,0,0,0,1
2025-12-24 06:06:06,0,0,31.94,0,16,971,16.1833,23,0.383333,62,1.03333,0,0,0,0,0,0,0,0,1,138,100,0,0,0,0,0,0,0,0,0,0,1
2025-12-24 06:07:06,0,0,32,0,16,16,0.266667,0,0,0,0,0,0,0,0,0,0,0,0,1,140,102,0,0,0,0,0,0,0,0,0,0,1
2025-12-24 06:08:06,0,0,31.94,0,16,0,0,0,0,0,0,0,0,0,0,0,0,0,0,1,140,102,0,0,0,0,0,0,0,0,0,0,1
2025-12-24 06:09:06,0,0,31.88,0,16,0,0,0,0,0,0,0,0,0,0,0,0,0,0,1,139,102,0,0,0,0,0,0,0,0,0,0,1
2025-12-24 06:10:06,0,0,31.81,0,16,0,0,0,0,0,0,0,0,0,0,0,0,0,0,1,139,102,0,0,0,0,0,0,0,0,0,0,1
2025-12-24 06:11:06,0,0,31.81,0,16,0,0,0,0,0,0,0,0,0,0,0,0,0,0,1,139,102,0,0,0,0,0,0,0,0,0,0,1
2025-12-24 06:12:06,0,0,31.81,0,16,0,0,0,0,0,0,0,0,0,0,0,0,0,0,1,139,102,0,0,0,0,0,0,0,0,0,0,1
2025-12-24 06:13:06,0,0,31.88,0,16,0,0,0,0,0,0,0,0,0,0,0,0,0,0,1,139,102,0,0,0,0,0,0,0,0,0,0,1
2025-12-24 06:14:06,0,0,31.88,0,16,0,0,0,0,0,0,0,0,0,0,0,0,0,0,1,139,101,0,0,0,0,0,0,0,0,0,0,1
2025-12-24 06:15:06,0,0,31.88,0,16,0,0,0,0,0,0,0,0,0,0,0,0,0,0,1,138,102,0,0,0,0,0,0,0,0,0,0,1
2025-12-24 06:16:06,0,0,31.88,0,16,0,0,0,0,0,0,0,0,0,0,0,0,0,0,1,138,102,0,0,0,0,0,0,0,0,0,0,1
2025-12-24 06:17:06,0,0,31.94,0,16,0,0,0,0,0,0,0,0,0,0,0,0,0,0,1,138,102,0,0,0,0,0,0,0,0,0,0,1
2025-12-24 06:18:06,0,0,31.94,0,16,0,0,0,0,0,0,0,0,0,0,0,0,0,0,1,138,102,0,0,0,0,0,0,0,0,0,0,1
2025-12-24 06:19:06,0,0,31.94,0,16,0,0,0,0,0,0,0,0,0,0,0,0,0,0,1,138,102,0,0,0,0,0,0,0,0,0,0,1
2025-12-24 06:20:06,0,0,31.94,0,16,0,0,0,0,0,0,0,0,0,0,0,0,0,0,1,138,102,0,0,0,0,0,0,0,0,0,0,1
2025-12-24 06:21:06,0,0,31.94,0,16,0,0,0,0,0,0,0,0,0,0,0,0,0,0,1,138,101,0,0,0,0,0,0,0,0,0,0,1
2025-12-24 06:22:06,0,0,31.94,0,16,0,0,0,0,0,0,0,0,0,0,0,0,0,0,1,138,101,0,0,0,0,0,0,0,0,0,0,1
2025-12-24 06:23:06,0,0,32,0,16,0,0,0,0,0,0,0,0,0,0,0,0,0,0,1,138,102,0,0,0,0,0,0,0,0,0,0,1
2025-12-24 06:24:06,0,0,32,0,16,0,0,0,0,0,0,0,0,0,0,0,0,0,0,1,138,102,0,0,0,0,0,0,0,0,0,0,1
2025-12-24 06:25:06,0,0,31.94,0,16,0,0,0,0,0,0,0,0,0,0,0,0,0,0,1,138,102,0,0,0,0,0,0,0,0,0,0,1
2025-12-24 06:26:06,0,0,31.94,0,16,0,0,0,0,0,0,0,0,0,0,0,0,0,0,1,138,102,0,0,0,0,0,0,0,0,0,0,1
2025-12-24 06:27:06,0,0,31.94,0,16,0,0,0,0,0,0,0,0,0,0,0,0,0,0,1,138,102,0,0,0,0,0,0,0,0,0,0,1
2025-12-24 06:28:06,0,0,32,0,16,0,0,0,0,0,0,0,0,0,0,0,0,0,0,1,138,102,0,0,0,0,0,0,0,0,0,0,1
2025-12-24 06:29:06,0,0,31.94,0,16,0,0,0,0,0,0,0,0,0,0,0,0,0,0,1,138,102,0,0,0,0,0,0,0,0,0,0,1
2025-12-24 06:30:06,0,0,31.88,0,16,0,0,0,0,0,0,0,0,0,0,0,0,0,0,1,138,102,0,0,0,0,0,0,0,0,0,0,1
2025-12-24 06:31:06,0,0,31.88,0,16,0,0,0,0,0,0,0,0,0,0,0,0,0,0,1,138,102,0,0,0,0,0,0,0,0,0,0,1
2025-12-24 06:32:06,0,0,31.88,0,16,0,0,0,0,0,0,0,0,0,0,0,0,0,0,1,138,102,0,0,0,0,0,0,0,0,0,0,1
2025-12-24 06:33:06,0,0,31.88,0,16,930,15.5,33,0.55,45,0.75,0,0,0,0,0,0,0,0,1,149,101,0,0,0,0,0,0,0,0,0,0,1
2025-12-24 06:34:06,0,0,32,0,16,11,0.183333,0,0,1,0.0166667,0,0,0,0,0,0,0,0,1,146,100,0,0,0,0,0,0,0,0,0,0,1
2025-12-24 06:35:06,0,0,32.12,0,16,0,0,0,0,0,0,0,0,0,0,0,0,0,0,1,144,100,0,0,0,0,0,0,0,0,0,0,1
2025-12-24 06:36:06,0,0,32.31,0,16,0,0,0,0,0,0,0,0,0,0,0,0,0,0,1,143,100,0,0,0,0,0,0,0,0,0,0,1
2025-12-24 06:37:06,0,0,32.44,0,16,0,0,0,0,0,0,0,0,0,0,0,0,0,0,2,144,100,0,0,0,0,0,0,0,0,0,0,1
2025-12-24 06:38:06,0,0,32.62,0,16,0,0,0,0,0,0,0,0,0,0,0,0,0,0,2,148,100,0,0,0,0,0,0,0,0,0,0,1
2025-12-24 06:39:06,0,0,32.62,0,16,3912,65.2,137,2.28333,203,3.38333,0,0,0,0,0,0,0,0,2,206,148,0,0,0,0,0,0,0,0,0,0,1
2025-12-24 06:40:06,0,0,32.62,0,16,0,0,0,0,0,0,0,0,0,0,0,0,0,0,2,205,145,0,0,0,0,0,0,0,0,0,0,1
2025-12-24 06:41:06,0,0,32.81,0,16,1269,21.15,27,0.45,87,1.45,0,0,0,0,0,0,0,0,2,147,101,0,0,0,0,0,0,0,0,0,0,1
2025-12-24 06:42:06,0,0,33,0,16,0,0,0,0,0,0,0,0,0,0,0,0,0,0,2,146,101,0,0,0,0,0,0,0,0,0,0,1
2025-12-24 06:43:06,0,0,33.19,0,16,0,0,0,0,0,0,0,0,0,0,0,0,0,0,2,145,101,0,0,0,0,0,0,0,0,0,0,1
2025-12-24 06:44:06,0,0,33.38,0,16,0,0,0,0,0,0,0,0,0,0,0,0,0,0,1,146,101,0,0,0,0,0,0,0,0,0,0,1
2025-12-24 06:45:06,0,0,33.5,0,16,0,0,0,0,0,0,0,0,0,0,0,0,0,0,1,146,101,0,0,0,0,0,0,0,0,0,0,1
2025-12-24 06:46:06,0,0,33.62,0,16,4,0.0666667,0,0,0,0,0,0,0,0,0,0,0,0,1,146,101,0,0,0,0,0,0,0,0,0,0,1
2025-12-24 06:47:06,0,0,33.75,0,16,14,0.233333,0,0,3,0.05,0,0,0,0,0,0,0,0,1,146,101,0,0,0,0,0,0,0,0,0,0,1
2025-12-24 06:48:06,0,0,33.81,0,16,0,0,0,0,0,0,0,0,0,0,0,0,0,0,1,147,101,0,0,0,0,0,0,0,0,0,0,1
2025-12-24 06:49:06,0,0,33.88,0,16,0,0,0,0,0,0,0,0,0,0,0,0,0,0,1,147,101,0,0,0,0,0,0,0,0,0,0,1
2025-12-24 06:50:06,0,0,34,0,16,0,0,0,0,0,0,0,0,0,0,0,0,0,0,1,147,101,0,0,0,0,0,0,0,0,0,0,1
2025-12-24 06:51:06,0,0,34.06,0,16,1121,18.6833,23,0.383333,91,1.51667,0,0,0,0,0,0,0,0,1,149,101,0,0,0,0,0,0,0,0,0,0,1
2025-12-24 06:52:06,0,0,34,0,16,0,0,0,0,0,0,0,0,0,0,0,0,0,0,1,147,101,0,0,0,0,0,0,0,0,0,0,1
2025-12-24 06:53:06,0,0,33.94,0,16,0,0,0,0,0,0,0,0,0,0,0,0,0,0,1,147,101,0,0,0,0,0,0,0,0,0,0,1
2025-12-24 06:54:06,0,0,33.94,0,16,3,0.05,0,0,0,0,0,0,0,0,0,0,0,0,1,147,101,0,0,0,0,0,0,0,0,0,0,1
2025-12-24 06:55:06,0,0,33.94,0,16,0,0,0,0,0,0,0,0,0,0,0,0,0,0,1,146,101,0,0,0,0,0,0,0,0,0,0,1
2025-12-24 06:56:06,0,0,33.94,0,16,0,0,0,0,0,0,0,0,0,0,0,0,0,0,1,146,101,0,0,0,0,0,0,0,0,0,0,1
2025-12-24 06:57:06,0,0,33.94,0,16,0,0,0,0,0,0,0,0,0,0,0,0,0,0,1,146,101,0,0,0,0,0,0,0,0,0,0,1
2025-12-24 06:58:06,0,0,33.94,0,16,0,0,0,0,0,0,0,0,0,0,0,0,0,0,1,146,101,0,0,0,0,0,0,0,0,0,0,1
2025-12-24 06:59:06,0,0,33.94,0,16,0,0,0,0,0,0,0,0,0,0,0,0,0,0,1,146,101,0,0,0,0,0,0,0,0,0,0,1
2025-12-24 07:00:06,0,0,34,0,16,0,0,0,0,0,0,0,0,0,0,0,0,0,0,1,146,101,0,0,0,0,0,0,0,0,0,0,1
2025-12-24 07:01:06,0,0,34,0,16,0,0,0,0,0,0,0,0,0,0,0,0,0,0,1,146,101,0,0,0,0,0,0,0,0,0,0,1
2025-12-24 07:02:06,0,0,34.06,0,16,0,0,0,0,0,0,0,0,0,0,0,0,0,0,1,146,101,0,0,0,0,0,0,0,0,0,0,1
2025-12-24 07:03:06,0,0,34.06,0,16,0,0,0,0,0,0,0,0,0,0,0,0,0,0,1,146,101,0,0,0,0,0,0,0,0,0,0,1
2025-12-24 07:04:06,0,0,34.06,0,16,0,0,0,0,0,0,0,0,0,0,0,0,0,0,1,146,101,0,0,0,0,0,0,0,0,0,0,1
2025-12-24 07:05:06,0,0,34.12,0,16,0,0,0,0,0,0,0,0,0,0,0,0,0,0,1,146,101,0,0,0,0,0,0,0,0,0,0,1
2025-12-24 07:06:06,0,0,34.12,0,16,0,0,0,0,0,0,0,0,0,0,0,0,0,0,1,146,101,0,0,0,0,0,0,0,0,0,0,1
2025-12-24 07:07:06,0,0,34.12,0,16,0,0,0,0,0,0,0,0,0,0,0,0,0,0,1,146,101,0,0,0,0,0,0,0,0,0,0,1
2025-12-24 07:08:06,0,0,34.19,0,16,0,0,0,0,0,0,0,0,0,0,0,0,0,0,1,146,101,0,0,0,0,0,0,0,0,0,0,1
2025-12-24 07:09:06,0,0,34.19,0,16,0,0,0,0,0,0,0,0,0,0,0,0,0,0,1,145,101,0,0,0,0,0,0,0,0,0,0,1
2025-12-24 07:10:06,0,0,34.19,0,16,0,0,0,0,0,0,0,0,0,0,0,0,0,0,1,146,101,0,0,0,0,0,0,0,0,0,0,1
2025-12-24 07:11:06,0,0,34.25,0,16,0,0,0,0,0,0,0,0,0,0,0,0,0,0,1,145,101,0,0,0,0,0,0,0,0,0,0,1
2025-12-24 07:12:06,0,0,34.25,0,16,0,0,0,0,0,0,0,0,0,0,0,0,0,0,1,145,101,0,0,0,0,0,0,0,0,0,0,1
2025-12-24 07:13:06,0,0,34.31,0,16,0,0,0,0,0,0,0,0,0,0,0,0,0,0,1,145,101,0,0,0,0,0,0,0,0,0,0,1
2025-12-24 07:14:06,0,0,34.31,0,16,0,0,0,0,0,0,0,0,0,0,0,0,0,0,1,145,101,0,0,0,0,0,0,0,0,0,0,1
2025-12-24 07:15:06,0,0,34.31,0,16,0,0,0,0,0,0,0,0,0,0,0,0,0,0,1,145,101,0,0,0,0,0,0,0,0,0,0,1
2025-12-24 07:16:06,0,0,34.38,0,16,0,0,0,0,0,0,0,0,0,0,0,0,0,0,1,145,101,0,0,0,0,0,0,0,0,0,0,1
2025-12-24 07:17:06,0,0,34.38,0,16,0,0,0,0,0,0,0,0,0,0,0,0,0,0,1,145,101,0,0,0,0,0,0,0,0,0,0,1
2025-12-24 07:18:06,0,0,34.38,0,16,7,0.116667,0,0,0,0,0,0,0,0,0,0,0,0,1,145,101,0,0,0,0,0,0,0,0,0,0,1
2025-12-24 07:19:06,0,0,34.38,0,16,3,0.05,0,0,0,0,0,0,0,0,0,0,0,0,1,145,101,0,0,0,0,0,0,0,0,0,0,1
2025-12-24 07:20:06,0,0,34.44,0,16,0,0,0,0,0,0,0,0,0,0,0,0,0,0,1,144,101,0,0,0,0,0,0,0,0,0,0,1
2025-12-24 07:21:06,0,0,34.44,0,16,2578,42.9667,97,1.61667,134,2.23333,0,0,0,0,0,0,0,0,2,184,117,0,0,0,0,0,0,0,0,0,0,1
2025-12-24 07:22:06,0,0,34.25,0,16,0,0,0,0,0,0,0,0,0,0,0,0,0,0,2,176,115,0,0,0,0,0,0,0,0,0,0,1
2025-12-24 07:23:06,0,0,33.94,0,16,0,0,0,0,0,0,0,0,0,0,0,0,0,0,1,176,115,0,0,0,0,0,0,0,0,0,0,1
2025-12-24 07:24:06,0,0,33.56,0,1,765,12.75,22,0.366667,43,0.716667,0,0,0,0,0,0,0,0,2,147,103,0,0,0,0,0,0,0,0,0,0,1
2025-12-24 07:25:06,0,0,33.25,0,1,0,0,0,0,0,0,0,0,0,0,0,0,0,0,2,147,104,0,0,0,0,0,0,0,0,0,0,1
2025-12-24 07:26:06,0,0,32.94,0,1,0,0,0,0,0,0,0,0,0,0,0,0,0,0,1,147,104,0,0,0,0,0,0,0,0,0,0,1
2025-12-24 07:27:06,0,0,32.69,0,1,4,0.0666667,0,0,0,0,0,0,0,0,0,0,0,0,1,146,103,0,0,0,0,0,0,0,0,0,0,1
2025-12-24 07:28:06,0,0,32.44,0,1,5,0.0833333,0,0,1,0.0166667,0,0,0,0,0,0,0,0,1,147,103,0,0,0,0,0,0,0,0,0,0,1
2025-12-24 07:29:06,0,0,32.19,0,1,0,0,0,0,0,0,0,0,0,0,0,0,0,0,1,147,103,0,0,0,0,0,0,0,0,0,0,1
2025-12-24 07:30:06,0,0,32,0,1,0,0,0,0,0,0,0,0,0,0,0,0,0,0,1,145,103,0,0,0,0,0,0,0,0,0,0,1
2025-12-24 07:31:06,0,0,31.75,0,1,0,0,0,0,0,0,0,0,0,0,0,0,0,0,1,145,103,0,0,0,0,0,0,0,0,0,0,1
2025-12-24 07:32:06,0,0,31.81,0,16,929,15.4833,29,0.483333,49,0.816667,0,0,0,0,0,0,0,0,1,143,100,0,0,0,0,0,0,0,0,0,0,1
2025-12-24 07:33:06,0,0,32.12,0,16,0,0,0,0,0,0,0,0,0,0,0,0,0,0,1,142,100,0,0,0,0,0,0,0,0,0,0,1
2025-12-24 07:34:06,0,0,32.44,0,16,0,0,0,0,0,0,0,0,0,0,0,0,0,0,1,142,100,0,0,0,0,0,0,0,0,0,0,1
2025-12-24 07:35:06,0,0,32.75,0,16,0,0,0,0,0,0,0,0,0,0,0,0,0,0,1,142,100,0,0,0,0,0,0,0,0,0,0,1
2025-12-24 07:36:06,0,0,33.06,0,16,0,0,0,0,0,0,0,0,0,0,0,0,0,0,1,142,100,0,0,0,0,0,0,0,0,0,0,1
2025-12-24 07:37:06,0,0,33.31,0,16,0,0,0,0,0,0,0,0,0,0,0,0,0,0,12,142,100,0,0,0,0,0,0,0,0,0,0,0
2025-12-24 07:38:06,0,0,33.5,0,16,807,13.45,19,0.316667,64,1.06667,0,0,0,0,0,0,0,0,0,153,101,0,0,0,0,0,0,0,0,0,0,0
2025-12-24 07:39:06,0,1,33.56,0,16,3930,65.5,96,1.6,251,4.18333,0,0,0,0,0,0,0,0,0,156,101,0,0,0,0,0,0,0,0,0,0,0
2025-12-24 07:40:06,0,0,33.31,0,1,5450,90.8333,183,3.05,289,4.81667,28.63,0,0,0,0,0,0,0,0,146,101,3e-04,7e-04,9e-04,0.0022,0.0044,0.0073,0.0082,0.0049,10.32,0.01,0
2025-12-24 07:41:06,0,0,32.94,0,16,7785,129.75,239,3.98333,421,7.01667,7.94,0,0,0,0,0,0,0,0,163,101,1e-04,2e-04,2e-04,6e-04,0.0012,0.002,0.0023,0.0014,2.78,0,0
2025-12-24 07:42:06,0,0,32.5,0,2,1666,27.7667,17,0.283333,129,2.15,0,0,0,0,0,0,0,0,0,160,102,0,0,0,0,0,0,0,0,0,0,0
2025-12-24 07:43:06,0,0,32.19,0,16,764,12.7333,22,0.366667,43,0.716667,0,0,0,0,0,0,0,0,0,143,100,0,0,0,0,0,0,0,0,0,0,0
2025-12-24 07:44:06,0,0,31.75,0,16,1406,23.4333,28,0.466667,105,1.75,0,0,0,0,0,0,0,0,0,192,103,0,0,0,0,0,0,0,0,0,0,0
2025-12-24 07:45:06,0,0,31.44,0,16,120,2,0,0,7,0.116667,0,0,0,0,0,0,0,0,0,189,107,0,0,0,0,0,0,0,0,0,0,0
2025-12-24 07:46:06,0,0,31.25,0,16,3196,53.2667,78,1.3,198,3.3,0,0,0,0,0,0,0,0,0,143,100,0,0,0,0,0,0,0,0,0,0,0
2025-12-24 07:47:06,0,0,30.94,0,2,1468,24.4667,28,0.466667,92,1.53333,0,0,0,0,0,0,0,0,0,168,103,0,0,0,0,0,0,0,0,0,0,0
2025-12-24 07:48:06,0,0,30.75,0,16,3175,52.9167,94,1.56667,191,3.18333,0,0,0,0,0,0,0,0,0,167,103,0,0,0,0,0,0,0,0,0,0,0
2025-12-24 07:49:06,0,0,30.62,0,16,1193,19.8833,31,0.516667,64,1.06667,0,0,0,0,0,0,0,0,0,199,137,0,0,0,0,0,0,0,0,0,0,0
2025-12-24 07:50:06,0,0,30.25,0,16,2074,34.5667,56,0.933333,143,2.38333,0,0,0,0,0,0,0,0,0,158,105,0,0,0,0,0,0,0,0,0,0,0
2025-12-24 07:51:06,0,0,30.44,0,1,3990,66.5,113,1.88333,244,4.06667,0,0,0,0,0,0,0,0,0,150,101,0,0,0,0,0,0,0,0,0,0,0
2025-12-24 07:52:06,0,0,30.44,0,1,2415,40.25,47,0.783333,161,2.68333,0,0,0,0,0,0,0,0,0,146,103,0,0,0,0,0,0,0,0,0,0,0
2025-12-24 07:53:06,0,0,30.38,0,1,2413,40.2167,62,1.03333,129,2.15,0,0,0,0,0,0,0,0,0,154,105,0,0,0,0,0,0,0,0,0,0,0
2025-12-24 07:54:06,0,0,30.31,0,16,3145,52.4167,92,1.53333,162,2.7,0,0,0,0,0,0,0,0,0,145,103,0,0,0,0,0,0,0,0,0,0,0
2025-12-24 07:55:06,0,0,30.06,0,1,593,9.88333,2,0.0333333,52,0.866667,0,0,0,0,0,0,0,0,0,148,103,0,0,0,0,0,0,0,0,0,0,0
2025-12-24 07:56:06,0,0,29.94,0,1,426,7.1,2,0.0333333,32,0.533333,0,0,0,0,0,0,0,0,0,142,102,0,0,0,0,0,0,0,0,0,0,0
2025-12-24 07:57:06,0,0,29.75,0,1,150,2.5,0,0,11,0.183333,0,0,0,0,0,0,0,0,0,143,102,0,0,0,0,0,0,0,0,0,0,0
2025-12-24 07:58:06,0,0,29.69,0,8,6162,102.7,158,2.63333,321,5.35,0,0,0,0,0,0,0,0,0,214,163,0,0,0,0,0,0,0,0,0,0,0
2025-12-24 07:59:06,0,0,29.44,0,1,16532,275.533,566,9.43333,663,11.05,34.48,0,0,0,0,0,0,0,0,215,156,2e-04,6e-04,7e-04,0.0018,0.0056,0.0091,0.0099,0.0057,8.5,0.01,0
2025-12-24 08:00:06,0,0,29.06,0,1,10887,181.45,294,4.9,504,8.4,5.04,0,0,0,0,0,0,0,0,221,160,0,1e-04,1e-04,3e-04,8e-04,0.0013,0.0015,9e-04,1.43,0,0
2025-12-24 08:01:06,0,0,29.19,0,1,12783,213.05,475,7.91667,560,9.33333,5.8,0,0,0,0,0,0,0,0,202,148,1e-04,2e-04,2e-04,6e-04,9e-04,0.0013,0.0014,0.001,2.66,0,0
2025-12-24 08:02:06,0,0,29.06,0,1,8692,144.867,289,4.81667,441,7.35,0,0,0,0,0,0,0,0,0,210,154,0,0,0,0,0,0,0,0,0,0,0
2025-12-24 08:03:06,0,0,29.06,0,8,11378,189.633,384,6.4,425,7.08333,0,0,0,0,0,0,0,0,0,181,138,0,1e-04,0,1e-04,1e-04,1e-04,1e-04,2e-04,0,0,0
2025-12-24 08:04:06,0,0,29.06,0,1,21689,361.483,654,10.9,564,9.4,0,0,0,0,0,0,0,0,0,184,160,0,0,0,0,0,0,0,0,0,0,0
2025-12-24 08:05:06,0,0,29,0,16,7793,129.883,200,3.33333,457,7.61667,0,0,0,0,0,0,0,0,0,197,148,0,0,0,0,0,0,0,0,0,0,0
2025-12-24 08:06:06,0,0,28.81,0,1,5803,96.7167,152,2.53333,387,6.45,0,0,0,0,0,0,0,0,0,183,140,0,0,0,0,0,0,0,0,0,0,0
2025-12-24 08:07:06,0,0,28.88,0,16,3558,59.3,94,1.56667,229,3.81667,0,0,0,0,0,0,0,0,0,182,121,0,0,0,0,0,0,0,0,0,0,0
2025-12-24 08:08:06,0,0,28.69,0,1,4472,74.5333,97,1.61667,336,5.6,0,0,0,0,0,0,0,0,0,178,128,0,0,0,0,0,0,0,0,0,0,0
2025-12-24 08:09:06,0,0,28.44,0,8,2711,45.1833,48,0.8,160,2.66667,0,0,0,0,0,0,0,0,0,176,114,0,0,0,0,0,0,0,0,0,0,0
2025-12-24 08:10:06,0,0,28.31,0,8,5285,88.0833,125,2.08333,362,6.03333,0,0,0,0,0,0,0,0,0,164,119,0,0,0,1e-04,0,1e-04,0,1e-04,0,0,0
2025-12-24 08:11:06,0,0,28,0,1,1867,31.1167,26,0.433333,120,2,0,0,0,0,0,0,0,0,0,192,142,1e-04,1e-04,0,1e-04,1e-04,1e-04,1e-04,1e-04,0,0,0
2025-12-24 08:12:06,0,0,27.88,0,1,8009,133.483,267,4.45,416,6.93333,0,0,0,0,0,0,0,0,0,216,158,0,0,0,0,0,1e-04,0,0,0,0,0
2025-12-24 08:13:06,0,0,27.69,0,8,7611,126.85,184,3.06667,401,6.68333,0,0,0,0,0,0,0,0,0,186,133,0,0,0,0,0,0,0,0,0,0,0
2025-12-24 08:14:06,0,0,27.38,0,1,8091,134.85,249,4.15,423,7.05,0,0,0,0,0,0,0,0,0,179,130,1e-04,0,0,1e-04,0,0,0,1e-04,0,0,0
2025-12-24 08:15:06,0,0,27.31,0,1,8728,145.467,300,5,434,7.23333,0,0,0,0,0,0,0,0,0,214,173,1e-04,1e-04,0,1e-04,0,1e-04,1e-04,1e-04,0,0,0
2025-12-24 08:16:06,0,0,27.25,0,1,10254,170.9,357,5.95,493,8.21667,55.82,0,0,0,0,0.03,0,0,0,185,137,0.0038,0.0069,0.0085,0.0095,0.0092,0.0093,0.0133,0.0223,72.41,0.06,0
2025-12-24 08:17:06,0,0,26.56,0,1,7209,120.15,205,3.41667,440,7.33333,0,0,0,0,0,0.01,0,0,0,167,121,1e-04,2e-04,1e-04,1e-04,1e-04,2e-04,1e-04,2e-04,0,0,0
2025-12-24 08:18:06,0,0,26.19,0,1,7382,123.033,217,3.61667,394,6.56667,0,0,0,0,0,0.01,0,0,0,170,125,1e-04,1e-04,0,1e-04,1e-04,1e-04,1e-04,1e-04,0,0,0
2025-12-24 08:19:06,0,0,24.31,0,1,10216,170.267,320,5.33333,541,9.01667,27.36,0,0,0,0,0.02,0,0,0,215,161,0.0021,0.0038,0.0046,0.0053,0.0044,0.0044,0.006,0.0098,39.66,0.03,0
2025-12-24 08:20:06,0,0,23.56,0,1,7955,132.583,211,3.51667,473,7.88333,82.51,0,0,0,0,0.04,0,0,0,231,175,0.006,0.0108,0.0134,0.0152,0.0134,0.0135,0.019,0.0311,114.3,0.09,0
2025-12-24 08:21:06,0,0,22.75,0,1,8889,148.15,278,4.63333,431,7.18333,173.43,0,0,0,0,0.08,0,0,0,227,172,0.0117,0.0214,0.0269,0.0309,0.0282,0.0283,0.0391,0.063,231.24,0.17,0
2025-12-24 08:22:06,0,0,21.25,0,8,7939,132.317,238,3.96667,409,6.81667,163.2,0,0,0,0,0.09,0,0,0,214,150,0.0109,0.0195,0.0245,0.0288,0.0273,0.028,0.0388,0.0635,204.66,0.17,0
2025-12-24 08:23:06,0,0,20.5,0,1,6811,113.517,126,2.1,434,7.23333,468.03,0,0,0,0,0.2,0,0,0,188,142,0.0298,0.0546,0.0698,0.082,0.0755,0.0761,0.1052,0.1676,607.47,0.44,0
2025-12-24 08:24:06,0,0,18.75,0,1,9421,157.017,247,4.11667,505,8.41667,418.25,0,0,0,0,0.21,0,0,0,192,145,0.0247,0.0443,0.0577,0.0712,0.0699,0.0721,0.0989,0.1582,485.38,0.41,0
2025-12-24 08:25:06,0,0,17,0,1,5344,89.0667,105,1.75,309,5.15,468.65,0,0,0,0,0.21,0,0,0,232,174,0.0292,0.0532,0.0684,0.0815,0.0763,0.0773,0.1044,0.1635,592.84,0.44,0
2025-12-24 08:26:06,0,0,16.12,0,1,5239,87.3167,77,1.28333,322,5.36667,290.79,0,0,0,0,0.13,0,0,0,227,167,0.0176,0.032,0.0414,0.0496,0.0473,0.0482,0.0652,0.1016,359.98,0.27,0
2025-12-24 08:27:06,0,0,16.44,0,1,6861,114.35,176,2.93333,351,5.85,224.45,0,0,0,0,0.09,0,0,0,205,143,0.0133,0.0242,0.0315,0.0379,0.0365,0.0371,0.0502,0.0777,275.05,0.2,0
2025-12-24 08:28:06,0,0,15.5,0,1,5265,87.75,113,1.88333,330,5.5,71.31,0,0,0,0,0.03,0,0,0,210,156,0.0048,0.0088,0.011,0.0127,0.0113,0.0112,0.0147,0.0223,98.36,0.06,0
2025-12-24 08:29:06,0,0,15.5,0,1,5876,97.9333,70,1.16667,356,5.93333,127.54,0,0,0,0,0.05,0,0,0,220,147,0.0081,0.0148,0.0193,0.0231,0.0198,0.0202,0.027,0.0415,172.55,0.11,0
2025-12-24 08:30:06,0,0,14.81,0,1,4693,78.2167,71,1.18333,300,5,209.85,0,0,0,0,0.09,0,0,0,220,159,0.0137,0.025,0.0314,0.0363,0.0337,0.0339,0.0445,0.0675,278.13,0.19,0
2025-12-24 08:31:06,0,0,16,0,1,6268,104.467,104,1.73333,371,6.18333,52.09,0,0,0,0,0.02,0,0,0,185,123,0.0033,0.0061,0.0077,0.0091,0.0085,0.0085,0.011,0.017,67.22,0.05,0
2025-12-24 08:32:06,0,0,15.75,0,1,10172,169.533,332,5.53333,493,8.21667,15.99,0,0,0,0,0,0,0,0,218,160,1e-04,3e-04,4e-04,0.001,0.0027,0.004,0.0041,0.0026,4.64,0.01,0
2025-12-24 08:33:06,0,0,16.44,0,8,9029,150.483,291,4.85,412,6.86667,2.37,0,0,0,0,0,0,0,0,169,123,1e-04,1e-04,2e-04,3e-04,4e-04,5e-04,6e-04,7e-04,1.33,0,0
2025-12-24 08:34:06,0,0,17.12,0,1,9750,162.5,249,4.15,484,8.06667,3.91,0,0,0,0,0,0,0,0,225,168,2e-04,3e-04,4e-04,6e-04,7e-04,7e-04,9e-04,0.0013,3.78,0,0
2025-12-24 08:35:06,0,0,17.75,0,1,3564,59.4,51,0.85,216,3.6,45.07,0,0,0,0,0,0,0,0,218,155,0.001,0.0021,0.0025,0.0045,0.0071,0.0102,0.0117,0.0092,26.45,0.02,0
2025-12-24 08:36:06,0,0,18.62,0,1,3317,55.2833,60,1,253,4.21667,15.27,0,0,0,0,0,0,0,0,156,106,6e-04,0.0013,0.0017,0.0022,0.0024,0.0027,0.0033,0.0037,16.06,0.01,0
2025-12-24 08:37:06,0,0,19.06,0,1,4752,79.2,104,1.73333,311,5.18333,20.27,0,0,0,0,0,0,0,0,212,148,8e-04,0.0017,0.0023,0.0029,0.0032,0.0035,0.0042,0.0048,21.73,0.01,0
2025-12-24 08:38:06,0,0,19.56,0,1,4033,67.2167,72,1.2,274,4.56667,24.32,0,0,0,0,0,0,0,0,219,154,0.001,0.002,0.0026,0.0034,0.0038,0.0043,0.0051,0.0058,25.16,0.02,0
2025-12-24 08:39:06,0,0,20.19,0,1,1098,18.3,22,0.366667,55,0.916667,34.17,0,0,0,0,0,0,0,0,218,154,0.0013,0.0028,0.0036,0.0048,0.0053,0.0062,0.0073,0.0078,34.81,0.02,0
2025-12-24 08:40:06,0,0,21.19,0,8,4544,75.7333,126,2.1,270,4.5,20.59,0,0,0,0,0,0,0,0,226,159,8e-04,0.0017,0.0022,0.003,0.0031,0.0038,0.0046,0.0047,21.48,0.01,0
2025-12-24 08:41:06,0,0,21.94,0,1,7539,125.65,192,3.2,509,8.48333,50.75,0,0,0,0,0,0,0,0,178,109,0.001,0.0021,0.0026,0.0053,0.0075,0.012,0.0152,0.0115,27.94,0.03,0
2025-12-24 08:42:06,0,0,22.56,0,1,5546,92.4333,104,1.73333,431,7.18333,48.53,0,0,0,0,0,0,0,0,227,159,9e-04,0.0021,0.0026,0.0052,0.0072,0.0114,0.0145,0.0111,27.57,0.03,0
2025-12-24 08:43:06,0,0,23.5,0,1,3224,53.7333,45,0.75,252,4.2,87.8,0,0,0,0,0.01,0,0,0,179,104,0.0014,0.0032,0.0037,0.0081,0.0131,0.0214,0.0269,0.0188,41.96,0.04,0
2025-12-24 08:44:06,0,0,24.19,0,1,6103,101.717,138,2.3,409,6.81667,84.27,0,0,0,0,0.01,0,0,0,179,111,0.0015,0.0033,0.0039,0.0084,0.0124,0.0202,0.0255,0.0178,43.82,0.04,0
2025-12-24 08:45:06,0,0,25,0,1,4181,69.6833,85,1.41667,306,5.1,67.94,0,0,0,0,0.01,0,0,0,169,107,0.0012,0.0028,0.0034,0.0068,0.0101,0.0161,0.0204,0.015,36.65,0.04,0
2025-12-24 08:46:06,0,0,25.31,0,16,2868,47.8,43,0.716667,215,3.58333,80.8,0,0,0,0,0.01,0,0,0,221,160,0.0014,0.0033,0.0038,0.008,0.012,0.0193,0.0244,0.0173,42.27,0.04,0
2025-12-24 08:47:06,0,0,25.44,0,4,3232,53.8667,51,0.85,245,4.08333,76.69,0,0,0,0,0.01,0,0,0,166,102,0.0014,0.0031,0.0037,0.0074,0.0115,0.0184,0.0235,0.0172,39.23,0.04,0
2025-12-24 08:48:06,0,0,25.88,0,4,2080,34.6667,22,0.366667,163,2.71667,64.69,0,0,0,0,0.01,0,0,0,179,115,0.0013,0.003,0.0036,0.0069,0.0096,0.0151,0.0196,0.0151,37.17,0.04,0
2025-12-24 08:49:06,0,0,27.25,0,1,1824,30.4,32,0.533333,130,2.16667,58.19,0,0,0,0,0.01,0,0,0,180,119,0.0012,0.0027,0.0033,0.0064,0.0087,0.0135,0.0176,0.0138,34.33,0.03,0
2025-12-24 08:50:06,0,0,27.81,0,1,4314,71.9,102,1.7,309,5.15,86.5,0,0,0,0,0.01,0,0,0,150,108,0.0017,0.0038,0.0045,0.0095,0.0125,0.0204,0.0266,0.0188,49.41,0.05,0
2025-12-24 08:51:06,0,0,28,0,16,3953,65.8833,84,1.4,299,4.98333,125.83,0,0,0,0,0.01,0,0,0,183,107,0.0022,0.005,0.0058,0.0128,0.0184,0.03,0.0383,0.0256,66.44,0.06,0
2025-12-24 08:52:06,0,0,27.31,0,1,813,13.55,1,0.0166667,62,1.03333,114.51,0,0,0,0,0.01,0,0,0,219,158,0.002,0.0046,0.0054,0.0117,0.0168,0.0272,0.0349,0.0235,60.5,0.06,0
2025-12-24 08:53:06,0,0,27.31,0,1,716,11.9333,15,0.25,35,0.583333,110.08,0,0,0,0,0.01,0,0,0,219,159,0.002,0.0045,0.0052,0.0112,0.0162,0.0261,0.0335,0.0227,58.54,0.06,0
2025-12-24 08:54:06,0,0,28.19,0,4,1834,30.5667,55,0.916667,119,1.98333,126.6,0,0,0,0,0.01,0,0,0,192,110,0.0022,0.005,0.006,0.0127,0.0187,0.0302,0.039,0.0263,65.77,0.06,0
2025-12-24 08:55:06,0,0,27.69,0,4,650,10.8333,5,0.0833333,46,0.766667,147.91,0,0,0,0,0.01,0,0,0,218,158,0.0026,0.006,0.0071,0.0151,0.0217,0.0349,0.0452,0.0301,79.12,0.08,0
2025-12-24 08:56:06,0,0,28.56,0,16,2247,37.45,57,0.95,155,2.58333,165.53,0,0,0,0,0.01,0,0,0,189,114,0.003,0.007,0.0083,0.0171,0.0244,0.0388,0.0502,0.034,91.43,0.09,0
2025-12-24 08:57:06,0,0,28.81,0,1,2642,44.0333,16,0.266667,259,4.31667,60.7,0,0,0,0,0.01,0,0,0,184,118,0.0013,0.0029,0.0037,0.0067,0.0091,0.0139,0.0183,0.0144,36.58,0.04,0
2025-12-24 08:58:06,0,0,29.06,0,1,6454,107.567,173,2.88333,442,7.36667,77.74,0,0,0,0,0.01,0,0,0,182,104,0.0015,0.0034,0.0041,0.0083,0.0115,0.0181,0.0235,0.0165,43.91,0.04,0
2025-12-24 08:59:06,0,0,29.12,0,16,5105,85.0833,110,1.83333,342,5.7,93.7,0,0,0,0,0.01,0,0,0,153,104,0.0018,0.0042,0.0051,0.0104,0.0137,0.0214,0.0276,0.0189,56.55,0.05,0
2025-12-24 09:00:06,0,0,29.19,0,16,7304,121.733,176,2.93333,442,7.36667,122,0,0,0,0,0.01,0,0,0,225,164,0.0018,0.0042,0.0052,0.0105,0.0184,0.0292,0.038,0.0242,57.38,0.05,0
2025-12-24 09:01:06,0,0,28.75,0,1,5868,97.8,128,2.13333,393,6.55,5.72,0,0,0,0,0,0,0,0,226,162,2e-04,3e-04,4e-04,7e-04,9e-04,0.0011,0.0015,0.0016,4.12,0,0
2025-12-24 09:02:06,0,0,28.75,0,1,7393,123.217,195,3.25,466,7.76667,4.47,0,0,0,0,0,0,0,0,234,179,1e-04,3e-04,4e-04,7e-04,8e-04,8e-04,0.001,0.0014,3.87,0,0
2025-12-24 09:03:06,0,0,28.44,0,1,2806,46.7667,49,0.816667,184,3.06667,11.46,0,0,0,0,0,0,0,0,181,119,4e-04,8e-04,0.0011,0.0017,0.0018,0.0022,0.0028,0.0033,10.43,0.01,0
2025-12-24 09:04:06,0,0,28.62,0,1,6400,106.667,158,2.63333,342,5.7,39.29,0,0,0,0,0.01,0,0,0,226,162,9e-04,0.0019,0.0025,0.0041,0.006,0.009,0.012,0.0096,23.6,0.02,0
2025-12-24 09:05:06,0,0,28.94,0,16,2882,48.0333,61,1.01667,233,3.88333,2.14,0,0,0,0,0,0,0,0,174,107,1e-04,1e-04,2e-04,4e-04,4e-04,3e-04,5e-04,6e-04,1.73,0,0
2025-12-24 09:06:06,0,0,28.56,0,16,395,6.58333,2,0.0333333,39,0.65,3.68,0,0,0,0,0,0,0,0,193,140,1e-04,3e-04,3e-04,6e-04,6e-04,5e-04,0.001,7e-04,3.07,0,0
2025-12-24 09:07:06,0,0,28.75,0,16,352,5.86667,0,0,21,0.35,6.78,0,0,0,0,0,0,0,0,206,152,1e-04,6e-04,4e-04,0.001,0.0011,9e-04,0.0019,8e-04,5.71,0,0
2025-12-24 09:08:06,0,0,28.81,0,16,600,10,4,0.0666667,60,1,6.96,0,0,0,0,0,0,0,0,194,144,1e-04,6e-04,5e-04,0.0011,0.0012,9e-04,0.0019,9e-04,5.96,0,0
2025-12-24 09:09:06,0,0,29.19,0,8,6781,113.017,188,3.13333,346,5.76667,8.41,0,0,0,0,0,0,0,0,199,140,1e-04,3e-04,3e-04,8e-04,0.0014,0.0018,0.0024,0.0014,3.85,0,0
2025-12-24 09:10:06,0,0,29.44,0,1,5606,93.4333,167,2.78333,305,5.08333,22.48,0,0,0,0,0,0,0,0,207,144,3e-04,6e-04,7e-04,0.0018,0.0034,0.0057,0.0064,0.0039,8.47,0.01,0
2025-12-24 09:11:06,0,0,29.56,0,8,9957,165.95,348,5.8,455,7.58333,20.68,0,0,0,0,0,0,0,0,173,117,2e-04,5e-04,6e-04,0.0017,0.0032,0.0053,0.0058,0.0035,7.71,0.01,0
2025-12-24 09:12:06,0,0,29.62,0,32,7921,132.017,248,4.13333,452,7.53333,10.99,0,0,0,0,0,0,0,0,187,145,2e-04,4e-04,5e-04,0.001,0.0018,0.0028,0.0031,0.0024,4.53,0.01,0
2025-12-24 09:13:06,0,0,29.44,0,32,472,7.86667,0,0,27,0.45,2.1,0,0,0,0,0,0,0,0,193,139,2e-04,3e-04,3e-04,4e-04,5e-04,5e-04,7e-04,0.0014,1.63,0,0
2025-12-24 09:14:06,0,0,28.94,0,16,4892,81.5333,103,1.71667,345,5.75,12.25,0,0,0,0,0,0,0,0,194,147,5e-04,0.001,0.0014,0.002,0.002,0.0021,0.0028,0.0036,12.24,0.01,0
2025-12-24 09:15:06,0,0,29.19,0,1,4294,71.5667,86,1.43333,322,5.36667,13.37,0,0,0,0,0.01,0,0,0,181,136,7e-04,0.0012,0.0015,0.0021,0.0024,0.0027,0.0035,0.0054,11.95,0.01,0
2025-12-24 09:16:06,0,0,28.75,0,8,1329,22.15,32,0.533333,74,1.23333,13.1,0,0,0,0,0.01,0,0,0,211,166,6e-04,0.0012,0.0015,0.0021,0.0023,0.0026,0.0033,0.0051,11.91,0.01,0
2025-12-24 09:17:06,0,0,29.31,0,1,2596,43.2667,30,0.5,206,3.43333,9.17,0,0,0,0,0.01,0,0,0,195,148,4e-04,9e-04,0.0011,0.0015,0.0016,0.0018,0.0024,0.0037,8.5,0.01,0
2025-12-24 09:18:06,0,0,29.12,0,1,2833,47.2167,32,0.533333,248,4.13333,19.98,0,0,0,0,0.01,0,0,0,179,115,9e-04,0.0017,0.0023,0.0031,0.0034,0.0038,0.0048,0.0069,18.95,0.02,0
2025-12-24 09:19:06,0,0,29.38,0,8,2826,47.1,56,0.933333,174,2.9,10.29,0,0,0,0,0.01,0,0,0,178,130,5e-04,0.001,0.0013,0.0017,0.0018,0.002,0.0025,0.0038,10.43,0.01,0
2025-12-24 09:20:06,0,0,29.75,0,1,5843,97.3833,142,2.36667,365,6.08333,6.14,0,0,0,0,0,0,0,0,149,104,3e-04,5e-04,7e-04,0.001,0.0011,0.0012,0.0015,0.0022,5.73,0.01,0
2025-12-24 09:21:06,0,0,29.88,0,1,393,6.55,4,0.0666667,23,0.383333,1.69,0,0,0,0,0,0,0,0,149,102,1e-04,1e-04,1e-04,3e-04,3e-04,3e-04,4e-04,6e-04,1.18,0,0
2025-12-24 09:22:06,0,0,29.25,0,1,3317,55.2833,70,1.16667,198,3.3,6.05,0,0,0,0,0,0,0,0,153,107,3e-04,6e-04,7e-04,0.001,0.0011,0.0012,0.0014,0.0023,5.61,0.01,0
2025-12-24 09:23:06,0,0,28.94,0,16,2257,37.6167,28,0.466667,205,3.41667,7.04,0,0,0,0,0,0,0,0,207,152,3e-04,6e-04,7e-04,0.0011,0.0012,0.0013,0.0018,0.002,6.16,0.01,0
2025-12-24 09:24:06,0,0,29,0,16,649,10.8167,2,0.0333333,49,0.816667,10.18,0,0,0,0,0,0,0,0,195,142,2e-04,8e-04,9e-04,0.0015,0.0017,0.0016,0.0028,0.0019,8.6,0.01,0
2025-12-24 09:25:06,0,0,29.25,0,16,304,5.06667,0,0,25,0.416667,10.17,0,0,0,0,0,0,0,0,163,112,2e-04,8e-04,8e-04,0.0015,0.0017,0.0015,0.0028,0.0018,8.56,0.01,0
2025-12-24 09:26:06,0,0,29.44,0,16,219,3.65,0,0,21,0.35,10.21,0,0,0,0,0,0,0,0,168,120,2e-04,8e-04,9e-04,0.0015,0.0017,0.0015,0.0028,0.0018,8.8,0.01,0
2025-12-24 09:27:06,0,0,29.81,0,16,561,9.35,0,0,41,0.683333,10.67,0,0,0,0,0,0,0,0,159,105,2e-04,8e-04,9e-04,0.0016,0.0018,0.0016,0.0029,0.0018,9.13,0.01,0
2025-12-24 09:28:06,0,0,29.88,0,16,275,4.58333,0,0,17,0.283333,10.88,0,0,0,0,0,0,0,0,163,113,2e-04,8e-04,9e-04,0.0016,0.0018,0.0016,0.003,0.0018,9.23,0.01,0
2025-12-24 09:29:06,0,0,30.19,0,16,433,7.21667,1,0.0166667,35,0.583333,10.63,0,0,0,0,0,0,0,0,158,107,2e-04,8e-04,9e-04,0.0016,0.0018,0.0016,0.0029,0.0019,9.09,0.01,0
2025-12-24 09:30:06,0,0,30.25,0,16,252,4.2,0,0,20,0.333333,10.33,0,0,0,0,0,0,0,0,196,148,2e-04,8e-04,8e-04,0.0016,0.0017,0.0015,0.0028,0.0018,8.79,0.01,0
2025-12-24 09:31:06,0,0,30.38,0,16,660,11,3,0.05,65,1.08333,11.7,0,0,0,0,0,0,0,0,200,147,3e-04,9e-04,9e-04,0.0017,0.002,0.0017,0.0032,0.0019,10.09,0.01,0
2025-12-24 09:32:06,0,0,30.5,0,16,2101,35.0167,43,0.716667,120,2,12.11,0,0,0,0,0,0,0,0,212,157,3e-04,0.001,0.0011,0.0018,0.002,0.0018,0.0033,0.0022,10.94,0.01,0
2025-12-24 09:33:06,0,0,30.19,0,16,1377,22.95,14,0.233333,145,2.41667,12.32,0,0,0,0,0,0,0,0,205,148,3e-04,0.001,0.0011,0.0018,0.0021,0.0017,0.0032,0.0018,11.11,0.01,0
2025-12-24 09:34:06,0,0,30.44,0,16,660,11,5,0.0833333,79,1.31667,11.83,0,0,0,0,0,0,0,0,172,119,3e-04,0.001,0.0011,0.0017,0.002,0.0017,0.003,0.0018,10.96,0.01,0
2025-12-24 09:35:06,0,0,30.38,0,16,632,10.5333,7,0.116667,62,1.03333,11.73,0,0,0,0,0,0,0,0,160,105,2e-04,9e-04,0.001,0.0017,0.002,0.0016,0.003,0.0017,10.76,0.01,0
2025-12-24 09:36:06,0,0,30.38,0,16,1026,17.1,26,0.433333,83,1.38333,13.14,0,0,0,0,0,0,0,0,170,118,3e-04,0.0011,0.0011,0.0019,0.0022,0.0018,0.0034,0.0018,12,0.01,0
2025-12-24 09:37:06,0,0,29.94,0,4,248,4.13333,1,0.0166667,19,0.316667,18.62,0,0,0,0,0,0,0,0,223,162,3e-04,0.0015,0.0015,0.0026,0.0031,0.0024,0.005,0.0018,16.68,0.01,0
2025-12-24 09:38:06,0,0,29.62,0,4,17,0.283333,0,0,1,0.0166667,16.13,0,0,0,0,0,0,0,0,224,160,2e-04,0.0013,0.0013,0.0023,0.0027,0.0021,0.0044,0.0017,14.17,0.01,0
2025-12-24 09:39:06,0,0,29.5,0,4,66,1.1,0,0,10,0.166667,13.76,0,0,0,0,0,0,0,0,224,162,2e-04,9e-04,0.0011,0.0019,0.0023,0.002,0.0041,0.0019,11.1,0.01,0
2025-12-24 09:40:06,0,0,29.62,0,4,1260,21,26,0.433333,90,1.5,12.43,0,0,0,0,0,0,0,0,160,106,3e-04,8e-04,0.001,0.0017,0.0021,0.0019,0.0036,0.002,9.7,0.01,0
2025-12-24 09:41:06,0,0,29.62,0,16,469,7.81667,7,0.116667,40,0.666667,13.31,0,0,0,0,0,0,0,0,192,132,4e-04,0.001,0.0012,0.002,0.0023,0.0022,0.0037,0.003,11.02,0.01,0
2025-12-24 09:42:06,0,0,29.81,0,16,1512,25.2,21,0.35,158,2.63333,13.76,0,0,0,0,0,0,0,0,213,154,4e-04,0.001,0.0012,0.002,0.0024,0.0022,0.004,0.003,11.14,0.01,0
2025-12-24 09:43:06,0,0,29.12,0,16,47,0.783333,0,0,6,0.1,12.64,0,0,0,0,0,0,0,0,221,166,4e-04,0.001,0.0011,0.0018,0.0022,0.0021,0.0036,0.003,10.23,0.01,0
2025-12-24 09:44:06,0,0,29.38,0,16,617,10.2833,5,0.0833333,62,1.03333,11.8,0,0,0,0,0,0,0,0,189,140,3e-04,9e-04,0.001,0.0018,0.002,0.002,0.0033,0.0027,9.49,0.01,0
2025-12-24 09:45:06,0,0,29.62,0,16,781,13.0167,15,0.25,66,1.1,11.57,0,0,0,0,0,0,0,0,212,156,3e-04,9e-04,0.001,0.0017,0.002,0.0019,0.0033,0.0026,9.25,0.01,0
2025-12-24 09:46:06,0,0,29.31,0,16,1312,21.8667,20,0.333333,117,1.95,12.28,0,0,0,0,0,0,0,0,203,148,4e-04,9e-04,0.0011,0.0018,0.0021,0.002,0.0035,0.0027,9.92,0.01,0
2025-12-24 09:47:06,0,0,29.44,0,16,1552,25.8667,28,0.466667,112,1.86667,11.7,0,0,0,0,0,0,0,0,203,153,4e-04,9e-04,0.001,0.0017,0.002,0.0019,0.0034,0.0026,9.4,0.01,0
2025-12-24 09:48:06,0,0,29.38,0,16,1194,19.9,9,0.15,110,1.83333,12.47,0,0,0,0,0.01,0,0,0,198,144,4e-04,0.001,0.0011,0.0019,0.0022,0.0021,0.0036,0.0028,10.09,0.01,0
2025-12-24 09:49:06,0,0,29.44,0,16,194,3.23333,0,0,20,0.333333,11.52,0,0,0,0,0,0,0,0,184,130,4e-04,9e-04,0.001,0.0017,0.002,0.0019,0.0034,0.0026,9.28,0.01,0
2025-12-24 09:50:06,0,0,29.62,0,16,1051,17.5167,4,0.0666667,108,1.8,11.24,0,0,0,0,0,0,0,0,181,132,3e-04,8e-04,9e-04,0.0016,0.0019,0.0018,0.0033,0.0022,9.07,0.01,0
2025-12-24 09:51:06,0,0,29.31,0,16,1556,25.9333,13,0.216667,152,2.53333,9.59,0,0,0,0,0,0,0,0,189,140,3e-04,7e-04,8e-04,0.0014,0.0017,0.0015,0.0028,0.0019,7.68,0.01,0
2025-12-24 09:52:06,0,0,29.44,0,16,4274,71.2333,114,1.9,294,4.9,9.09,0,0,0,0,0,0,0,0,220,158,3e-04,7e-04,8e-04,0.0014,0.0016,0.0015,0.0026,0.0021,7.3,0.01,0
2025-12-24 09:53:06,0,0,29,0,16,977,16.2833,14,0.233333,103,1.71667,10.26,0,0,0,0,0,0,0,0,200,145,3e-04,8e-04,9e-04,0.0015,0.0018,0.0016,0.003,0.002,8.32,0.01,0
2025-12-24 09:54:06,0,0,28.75,0,16,1845,30.75,43,0.716667,170,2.83333,10.32,0,0,0,0,0,0,0,0,209,157,3e-04,8e-04,8e-04,0.0015,0.0018,0.0016,0.003,0.002,8.34,0.01,0
2025-12-24 09:55:06,0,0,28.81,0,16,1130,18.8333,9,0.15,137,2.28333,10.91,0,0,0,0,0,0,0,0,208,151,3e-04,8e-04,9e-04,0.0016,0.0019,0.0017,0.0031,0.0022,8.92,0.01,0
2025-12-24 09:56:06,0,0,28.44,0,16,698,11.6333,5,0.0833333,69,1.15,10.78,0,0,0,0,0,0,0,0,223,174,3e-04,8e-04,9e-04,0.0016,0.0019,0.0017,0.0031,0.0022,8.7,0.01,0
2025-12-24 09:57:06,0,0,28,0,16,55,0.916667,0,0,4,0.0666667,11.24,0,0,0,0,0,0,0,0,212,162,3e-04,9e-04,0.001,0.0016,0.0019,0.0018,0.0033,0.0023,9.09,0.01,0
2025-12-24 09:58:06,0,0,28.19,0,16,1529,25.4833,44,0.733333,95,1.58333,10.38,0,0,0,0,0,0,0,0,222,172,3e-04,8e-04,9e-04,0.0015,0.0018,0.0016,0.003,0.002,8.32,0.01,0
2025-12-24 09:59:06,0,0,28.38,0,16,737,12.2833,2,0.0333333,77,1.28333,11.01,0,0,0,0,0,0,0,0,211,158,3e-04,8e-04,0.001,0.0016,0.0019,0.0018,0.0032,0.0024,8.81,0.01,0
2025-12-24 10:00:06,0,0,28.06,0,16,64,1.06667,0,0,5,0.0833333,12.31,0,0,0,0,0,0,0,0,214,162,4e-04,9e-04,0.0011,0.0018,0.0021,0.0021,0.0035,0.0029,9.93,0.01,0
2025-12-24 10:01:06,0,0,28,0,16,0,0,0,0,0,0,11.17,0,0,0,0,0,0,0,0,210,158,3e-04,8e-04,0.001,0.0016,0.0019,0.0018,0.0032,0.0025,9.03,0.01,0
2025-12-24 10:02:06,0,0,28,0,16,0,0,0,0,0,0,13.22,0,0,0,0,0,0,0,0,208,156,4e-04,0.001,0.0012,0.0019,0.0023,0.0023,0.0037,0.0033,10.44,0.01,0
2025-12-24 10:03:06,0,0,28,0,16,14,0.233333,0,0,2,0.0333333,16.41,0,0,0,0,0.01,0,0,0,208,156,6e-04,0.0012,0.0015,0.0024,0.0029,0.0029,0.0045,0.0045,12.95,0.01,0
2025-12-24 10:04:06,0,0,28.5,0,16,1091,18.1833,8,0.133333,91,1.51667,14.08,0,0,0,0,0.01,0,0,0,188,151,4e-04,0.001,0.0012,0.002,0.0024,0.0024,0.0039,0.0036,11.22,0.01,0
2025-12-24 10:05:06,0,0,28.25,0,16,737,12.2833,3,0.05,79,1.31667,12.35,0,0,0,0,0,0,0,0,176,139,4e-04,9e-04,0.0011,0.0018,0.0021,0.002,0.0034,0.0028,9.95,0.01,0
2025-12-24 10:06:06,0,0,28.56,0,16,967,16.1167,8,0.133333,92,1.53333,21.55,0,0,0,0,0.01,0,0,0,174,126,8e-04,0.0016,0.0019,0.0031,0.0038,0.004,0.006,0.0065,16.66,0.02,0
2025-12-24 10:07:06,0,0,28,0,16,479,7.98333,5,0.0833333,44,0.733333,27.27,0,0,0,0,0.01,0,0,0,216,171,0.001,0.0019,0.0025,0.0039,0.0048,0.0053,0.0076,0.0091,20.33,0.03,0
2025-12-24 10:08:06,0,0,28.38,0,16,1699,28.3167,17,0.283333,184,3.06667,23.4,0,0,0,0,0.01,0,0,0,209,163,9e-04,0.0017,0.0021,0.0034,0.0041,0.0044,0.0065,0.0072,17.94,0.02,0
2025-12-24 10:09:06,0,0,27.94,0,16,631,10.5167,0,0,91,1.51667,28.39,0,0,0,0,0.01,0,0,0,201,166,0.0011,0.0021,0.0026,0.0041,0.005,0.0055,0.0079,0.0093,21.42,0.03,0
2025-12-24 10:10:06,0,0,28.19,0,16,1291,21.5167,8,0.133333,165,2.75,34.77,0,0,0,0,0.02,0,0,0,207,158,0.0014,0.0025,0.0032,0.005,0.0062,0.0069,0.0098,0.012,25.66,0.03,0
2025-12-24 10:11:06,0,0,28.25,0,16,1405,23.4167,6,0.1,167,2.78333,21.14,0,0,0,0,0.01,0,0,0,174,140,7e-04,0.0015,0.0019,0.003,0.0036,0.0038,0.0056,0.0059,16.86,0.02,0
2025-12-24 10:12:06,0,0,28.12,0,16,683,11.3833,1,0.0166667,78,1.3,51.96,0,0,0,0,0.03,0,0,0,222,172,0.0022,0.0037,0.0048,0.0075,0.0092,0.0108,0.0147,0.0194,37.64,0.05,0
2025-12-24 10:13:06,0,0,28.12,0,16,1650,27.5,6,0.1,194,3.23333,74.25,0,0,0,0,0.05,0,0,0,171,139,0.0032,0.0054,0.007,0.0107,0.0133,0.0158,0.0212,0.0291,52.63,0.08,0
2025-12-24 10:14:06,0,0,28.25,0,16,2647,44.1167,56,0.933333,274,4.56667,84.91,0,0,0,0,0.05,0,0,0,181,151,0.0037,0.0061,0.008,0.0123,0.0152,0.0182,0.0243,0.0336,59.99,0.09,0
2025-12-24 10:15:06,0,0,28.56,0,1,7154,119.233,185,3.08333,499,8.31667,61.67,0,0,0,0,0.03,0,0,0,192,142,0.0025,0.0042,0.0057,0.0088,0.0109,0.013,0.0169,0.0237,44.08,0.06,0
2025-12-24 10:16:06,0,0,28.5,0,16,3378,56.3,63,1.05,316,5.26667,31.73,0,0,0,0,0.01,0,0,0,170,128,0.0012,0.0023,0.003,0.0046,0.0055,0.0061,0.0085,0.01,24.78,0.03,0
2025-12-24 10:17:06,0,0,28.5,0,16,1143,19.05,6,0.1,142,2.36667,45.16,0,0,0,0,0.02,0,0,0,209,146,0.0019,0.0033,0.0042,0.0065,0.008,0.0093,0.0126,0.0162,33.19,0.04,0
2025-12-24 10:18:06,0,0,28.38,0,16,2523,42.05,29,0.483333,285,4.75,25.08,0,0,0,0,0.01,0,0,0,171,123,9e-04,0.0018,0.0023,0.0036,0.0043,0.0047,0.0066,0.0076,19.68,0.02,0
2025-12-24 10:19:06,0,0,28,0,16,1726,28.7667,6,0.1,200,3.33333,20,0,0,0,0,0.01,0,0,0,167,128,6e-04,0.0014,0.0018,0.0028,0.0035,0.0036,0.0053,0.0053,15.9,0.02,0
2025-12-24 10:20:06,0,0,28.25,0,8,5414,90.2333,186,3.1,286,4.76667,2.6,0,0,0,0,0,0,0,0,176,147,1e-04,2e-04,3e-04,4e-04,5e-04,5e-04,7e-04,8e-04,1.91,0,0
2025-12-24 10:21:06,0,0,28.25,0,8,9323,155.383,339,5.65,505,8.41667,37.87,0,0,0,0,0,0,0,0,233,178,6e-04,0.0012,0.0015,0.0032,0.006,0.0095,0.0105,0.0071,15.58,0.02,0
2025-12-24 10:22:06,0,0,28.19,0,4,8832,147.2,272,4.53333,478,7.96667,21.76,0,0,0,0,0.01,0,0,0,223,154,9e-04,0.0014,0.002,0.003,0.0039,0.0048,0.0061,0.0088,14.37,0.02,0
2025-12-24 10:23:06,0,0,27.88,0,1,10291,171.517,359,5.98333,465,7.75,31.06,0,0,0,0,0.02,0,0,0,224,163,0.0015,0.0024,0.0031,0.0046,0.0055,0.0068,0.0087,0.013,23.11,0.03,0
2025-12-24 10:24:06,0,0,27.88,0,8,11488,191.467,414,6.9,462,7.7,35.82,0,0,0,0,0.02,0,0,0,211,155,0.0017,0.0028,0.0036,0.0054,0.0064,0.0077,0.0102,0.0141,26.31,0.04,0
2025-12-24 10:25:06,0,0,27.25,0,16,2110,35.1667,29,0.483333,143,2.38333,79.21,0,0,0,0,0.05,0,0,0,229,161,0.0035,0.0061,0.0076,0.0119,0.0142,0.0166,0.0226,0.0297,58.37,0.08,0
2025-12-24 10:26:06,0,0,27.94,0,16,12731,212.183,408,6.8,634,10.5667,29.94,0,0,0,0,0.02,0,0,0,192,143,0.0014,0.0023,0.003,0.0045,0.0054,0.0063,0.0079,0.0116,23.11,0.03,0
2025-12-24 10:27:06,0,0,28.19,0,8,7750,129.167,211,3.51667,484,8.06667,40.71,0,0,0,0,0.02,0,0,0,218,151,0.0017,0.0028,0.0039,0.0058,0.0071,0.0085,0.0107,0.0151,30.66,0.04,0
2025-12-24 10:28:06,0,0,27.75,0,1,17476,291.267,627,10.45,640,10.6667,26.8,0,0,0,0,0,0,0,0,202,158,3e-04,6e-04,8e-04,0.0017,0.0045,0.007,0.0076,0.0053,7.44,0.01,0
2025-12-24 10:29:06,0,0,27.31,0,1,7954,132.567,228,3.8,532,8.86667,60.7,0,0,0,0,0.01,0,0,0,220,167,0.0011,0.0021,0.0028,0.0055,0.0098,0.0149,0.0163,0.0125,27.37,0.03,0
2025-12-24 10:30:06,0,0,26.69,0,4,4711,78.5167,32,0.533333,377,6.28333,43.39,0,0,0,0,0.03,0,0,0,220,163,0.0022,0.0035,0.0044,0.0066,0.0081,0.0098,0.0121,0.0181,30.62,0.05,0
2025-12-24 10:31:06,0,0,27.19,0,1,8399,139.983,256,4.26667,459,7.65,55.81,0,0,0,0,0.03,0,0,0,221,157,0.0019,0.0033,0.0043,0.0066,0.0099,0.0126,0.0148,0.018,33.52,0.05,0
2025-12-24 10:32:06,0,0,27.25,0,1,9560,159.333,273,4.55,580,9.66667,34.24,0,0,0,0,0.02,0,0,0,212,155,0.0017,0.0029,0.0038,0.0053,0.0058,0.0067,0.0081,0.011,31.85,0.03,0
2025-12-24 10:33:06,0,0,27.62,0,1,10437,173.95,355,5.91667,564,9.4,192.94,0,0,0,0,0.09,0,0,0,201,146,0.0074,0.0129,0.018,0.0255,0.034,0.0393,0.0492,0.0692,143.27,0.17,0
2025-12-24 10:34:06,0,0,26.62,0,1,15338,255.633,638,10.6333,676,11.2667,7836.65,0,0,0,0,4.32,0,0,0,190,147,0.4121,0.682,0.8915,1.2167,1.3116,1.5073,1.8731,2.5384,7599.12,7.03,0
2025-12-24 10:35:06,0,0,25.38,0,1,9253,154.217,287,4.78333,545,9.08333,4731.11,0,0,0,0,1.92,0,0,0,176,131,0.2229,0.3914,0.5015,0.6305,0.8217,0.8805,1.0344,1.3348,4365.58,3.57,0
2025-12-24 10:36:06,0,0,24.44,0,1,5733,95.55,117,1.95,386,6.43333,17.38,0,0,0,0,0.04,0,0,0,217,157,0.0022,0.0035,0.004,0.005,0.003,0.0036,0.0039,0.0056,29.86,0.03,0
2025-12-24 10:37:06,0,0,24,0,1,4205,70.0833,54,0.9,325,5.41667,373.01,0,0,0,0,0.24,0,0,0,224,165,0.0219,0.037,0.0456,0.0582,0.0643,0.071,0.0826,0.1109,385.08,0.34,0
2025-12-24 10:38:06,0,0,23.81,0,1,8629,143.817,184,3.06667,417,6.95,557,0,0,0,0,0.27,0,0,0,194,135,0.031,0.054,0.0683,0.0862,0.0927,0.1007,0.1179,0.1527,603.57,0.46,0
2025-12-24 10:39:06,0,0,22.88,0,1,10819,180.317,357,5.95,532,8.86667,781.48,0,0,0,0,0.32,0,0,0,212,152,0.0473,0.0826,0.1028,0.1266,0.1259,0.1348,0.1606,0.211,935.67,0.63,0
2025-12-24 10:40:06,0,0,21.62,0,1,10970,182.833,402,6.7,480,8,11580.07,0,0,0,0,8.23,0,0,0,199,147,0.5832,0.9443,1.2589,1.7519,2.0059,2.3602,2.9846,4.1138,9991.07,11.27,0
2025-12-24 10:41:06,0,0,21.62,0,1,8513,141.883,259,4.31667,558,9.3,5751.53,0,0,0,0,3.88,0,0,0,209,167,0.2762,0.4466,0.6013,0.8548,1.0052,1.1939,1.5218,2.1042,4678.13,5.73,0
2025-12-24 10:42:06,0,0,21.69,0,1,11700,195,381,6.35,538,8.96667,1393.31,0,0,0,0,0.6,0,0,0,200,142,0.0777,0.1344,0.1694,0.214,0.2292,0.2513,0.2971,0.3866,1518.88,1.11,0
2025-12-24 10:43:06,0,0,21.06,0,1,10744,179.067,335,5.58333,461,7.68333,2385.99,0,0,0,0,1.08,0,0,0,194,144,0.1301,0.2233,0.2826,0.3637,0.3952,0.44,0.5241,0.6895,2504.28,1.96,0
2025-12-24 10:44:06,0,0,20.56,0,1,9992,166.533,302,5.03333,440,7.33333,2922.89,0,0,0,0,1.86,0,0,0,201,140,0.1508,0.2502,0.3248,0.441,0.5058,0.5817,0.7255,1.0273,2640.76,2.79,0
2025-12-24 10:45:06,0,0,19.94,0,8,10544,175.733,344,5.73333,578,9.63333,24.9,0,0,0,0,0.01,0,0,0,222,159,5e-04,0.001,0.0013,0.0023,0.0041,0.0062,0.0069,0.006,11.24,0.02,0
2025-12-24 10:46:06,0,0,20.75,0,1,12038,200.633,439,7.31667,639,10.65,132.91,0,0,0,0,0.07,0,0,0,206,144,0.0054,0.009,0.0127,0.0189,0.0231,0.0276,0.0348,0.048,99.74,0.13,0
2025-12-24 10:47:06,0,0,20.94,0,1,13609,226.817,461,7.68333,598,9.96667,33.47,0,0,0,0,0.02,0,0,0,199,145,0.0014,0.0025,0.0032,0.0046,0.0058,0.0073,0.0089,0.0117,24.82,0.03,0
2025-12-24 10:48:06,0,0,21.81,0,1,10685,178.083,330,5.5,598,9.96667,11.13,0,0,0,0,0.01,0,0,0,185,110,6e-04,9e-04,0.0012,0.0018,0.0021,0.0026,0.0032,0.0049,8.02,0.01,0
2025-12-24 10:49:06,0,0,22.38,0,1,14563,242.717,523,8.71667,657,10.95,170.11,0,0,0,0,0.09,0,0,0,167,99,0.0066,0.0108,0.0153,0.0229,0.0301,0.036,0.0451,0.0628,117.62,0.16,0
2025-12-24 10:50:06,0,0,22.69,0,8,10705,178.417,303,5.05,578,9.63333,43.39,0,0,0,0,0.03,0,0,0,201,150,0.002,0.0032,0.0044,0.0065,0.0077,0.0092,0.0115,0.0168,33.07,0.05,0
2025-12-24 10:51:06,0,0,23.12,0,8,9453,157.55,246,4.1,547,9.11667,39.62,0,0,0,0,0.03,0,0,0,189,108,0.0019,0.0031,0.0041,0.0059,0.0073,0.0087,0.0108,0.0156,29.02,0.04,0
2025-12-24 10:52:06,0,0,23.69,0,8,13414,223.567,455,7.58333,627,10.45,20.16,0,0,0,0,0.01,0,0,0,157,100,7e-04,0.0013,0.0017,0.0026,0.0035,0.0044,0.0054,0.0068,13.51,0.02,0
2025-12-24 10:53:06,0,0,23.94,0,16,7991,133.183,215,3.58333,486,8.1,53.38,0,0,0,0,0.02,0,0,0,181,125,0.0022,0.0039,0.0052,0.0074,0.0089,0.0107,0.0128,0.0161,45.72,0.04,0
2025-12-24 10:54:06,0,0,24.56,0,8,7944,132.4,176,2.93333,557,9.28333,82.2,0,0,0,0,0.04,0,0,0,147,97,0.0038,0.0068,0.009,0.0124,0.014,0.0158,0.0191,0.0267,76.39,0.07,0
2025-12-24 10:55:06,0,0,24.62,0,8,11548,192.467,342,5.7,593,9.88333,56.35,0,0,0,0,0.03,0,0,0,143,97,0.0027,0.005,0.0064,0.0087,0.0096,0.0108,0.0128,0.0184,54.49,0.05,0
2025-12-24 10:56:06,0,0,24.81,0,1,12913,215.217,418,6.96667,695,11.5833,21.27,0,0,0,0,0.01,0,0,0,138,96,9e-04,0.0016,0.0021,0.003,0.0039,0.0045,0.0054,0.0078,15.54,0.02,0
2025-12-24 10:57:06,0,0,25.19,0,1,9559,159.317,253,4.21667,581,9.68333,64.18,0,0,0,0,0.03,0,0,0,135,97,0.0029,0.0058,0.0075,0.0099,0.0107,0.0121,0.0142,0.019,64.45,0.06,0
2025-12-24 10:58:06,0,0,25.56,0,8,8318,138.633,199,3.31667,513,8.55,90.46,0,0,0,0,0.04,0,0,0,142,97,0.0041,0.0078,0.0102,0.0137,0.0154,0.0174,0.0208,0.0283,85.25,0.08,0
2025-12-24 10:59:06,0,0,26.12,0,8,7651,127.517,196,3.26667,455,7.58333,28.76,0,0,0,0,0.02,0,0,0,137,98,0.0015,0.0025,0.0032,0.0047,0.005,0.006,0.0074,0.0106,25.26,0.03,0
2025-12-24 11:00:06,0,0,25.94,0,1,7076,117.933,195,3.25,429,7.15,193.56,0,0,0,0,0.08,0,0,0,135,97,0.0073,0.0122,0.0175,0.0264,0.0331,0.0395,0.0495,0.0675,144.47,0.17,0
2025-12-24 11:01:06,0,0,26.31,0,1,12940,215.667,453,7.55,644,10.7333,706.47,0,0,0,0,0.31,0,0,0,138,97,0.0275,0.0468,0.0679,0.102,0.1196,0.1421,0.1782,0.2389,560.68,0.62,0
2025-12-24 11:02:06,0,0,26.44,0,1,11442,190.7,437,7.28333,477,7.95,4213.84,0,0,0,0,1.71,0,0,0,143,97,0.1131,0.1909,0.2792,0.4114,0.8016,0.9282,1.161,1.5236,1902.22,3.49,0
2025-12-24 11:03:06,0,0,26.5,0,1,3192,53.2,45,0.75,229,3.81667,643.97,0,0,0,0,0.29,0,0,0,144,99,0.0246,0.0413,0.0589,0.0882,0.1113,0.1324,0.1673,0.2293,474.92,0.57,0
2025-12-24 11:04:06,0,0,26.75,0,1,5458,90.9667,101,1.68333,459,7.65,358.22,0,0,0,0,0.17,0,0,0,140,99,0.0145,0.0239,0.0335,0.0499,0.0622,0.0747,0.0943,0.1319,265.56,0.33,0
2025-12-24 11:05:06,0,0,26.94,0,1,5341,89.0167,129,2.15,418,6.96667,313.29,0,0,0,0,0.15,0,0,0,135,98,0.0126,0.0209,0.029,0.0431,0.055,0.0657,0.0823,0.1157,227.27,0.29,0
2025-12-24 11:06:06,0,0,27.06,0,1,5711,95.1833,170,2.83333,336,5.6,153.45,0,0,0,0,0.09,0,0,0,142,99,0.0069,0.0111,0.015,0.0221,0.0274,0.0332,0.0415,0.0602,112.06,0.16,0
2025-12-24 11:07:06,0,0,27.25,0,32,4951,82.5167,141,2.35,264,4.4,109.68,0,0,0,0,0.11,0,0,0,139,101,0.0066,0.0101,0.0126,0.018,0.0209,0.0257,0.0315,0.0496,81.92,0.15,0
2025-12-24 11:08:06,0,0,27.69,0,1,7028,117.133,203,3.38333,402,6.7,314.82,0,0,0,0,0.15,0,0,0,136,99,0.0124,0.0205,0.0287,0.0427,0.0551,0.0657,0.0816,0.1138,227.67,0.29,0
2025-12-24 11:09:06,0,0,27.75,0,1,6619,110.317,189,3.15,366,6.1,251.52,0,0,0,0,0.12,0,0,0,140,98,0.0104,0.0172,0.024,0.0356,0.0437,0.0523,0.0651,0.0914,190.45,0.24,0
2025-12-24 11:10:06,0,0,27.44,0,1,2240,37.3333,48,0.8,146,2.43333,103.65,0,0,0,0,0.11,0,0,0,141,102,0.0064,0.0098,0.0122,0.0174,0.0199,0.0243,0.0296,0.0486,78.61,0.15,0
2025-12-24 11:11:06,0,0,27.44,0,32,1752,29.2,66,1.1,97,1.61667,29.86,0,0,0,0,0.11,0,0,0,139,99,0.005,0.0068,0.0068,0.0088,0.0086,0.011,0.0123,0.0299,22.28,0.12,0
2025-12-24 11:12:06,0,0,28.06,0,4,2022,33.7,55,0.916667,129,2.15,73.26,0,0,0,0,0.09,0,0,0,137,98,0.0051,0.0076,0.0091,0.0128,0.0146,0.018,0.0219,0.038,54.28,0.12,0
2025-12-24 11:13:06,0,0,28.62,0,1,2393,39.8833,54,0.9,148,2.46667,91.26,0,0,0,0,0.09,0,0,0,144,104,0.0055,0.0084,0.0105,0.0151,0.0174,0.0213,0.026,0.0421,68.22,0.13,0
2025-12-24 11:14:06,0,0,28.81,0,8,193,3.21667,1,0.0166667,7,0.116667,90.72,0,0,0,0,0.08,0,0,0,145,102,0.0049,0.0077,0.0099,0.0143,0.0169,0.0204,0.0248,0.0378,68.38,0.11,0
2025-12-24 11:15:06,0,0,28.88,0,8,3075,51.25,102,1.7,126,2.1,193.15,0,0,0,0,0.11,0,0,0,172,98,0.0087,0.0144,0.0199,0.0294,0.0333,0.0398,0.049,0.0691,158.13,0.19,0
2025-12-24 11:16:06,0,0,28.88,0,1,7021,117.017,243,4.05,310,5.16667,156.4,0,0,0,0,0.11,0,0,0,165,100,0.0077,0.0124,0.0164,0.0239,0.0283,0.0341,0.0418,0.0618,119.28,0.18,0
2025-12-24 11:17:06,0,0,28.38,0,16,1053,17.55,21,0.35,59,0.983333,294.47,0,0,0,0,0.14,0,0,0,160,107,0.0119,0.0201,0.0283,0.0421,0.0507,0.0604,0.0747,0.103,228.86,0.27,0
2025-12-24 11:18:06,0,0,28.81,0,4,1582,26.3667,41,0.683333,99,1.65,210.23,0,0,0,0,0.1,0,0,0,156,102,0.0087,0.0144,0.02,0.0297,0.0366,0.0439,0.0546,0.076,158.53,0.2,0
2025-12-24 11:19:06,0,0,28.69,0,16,1015,16.9167,17,0.283333,79,1.31667,188.48,0,0,0,0,0.1,0,0,0,151,99,0.0078,0.0129,0.0178,0.0265,0.0329,0.0397,0.0497,0.0693,139.41,0.18,0
2025-12-24 11:20:06,0,0,28.94,0,8,6559,109.317,141,2.35,425,7.08333,50.52,0,0,0,0,0.03,0,0,0,198,130,0.0021,0.0035,0.0047,0.007,0.0089,0.0108,0.0134,0.019,36.34,0.05,0
2025-12-24 11:21:06,0,0,29.31,0,8,10925,182.083,347,5.78333,609,10.15,206.39,0,0,0,0,0.1,0,0,0,204,134,0.0084,0.0142,0.0201,0.0298,0.0354,0.042,0.052,0.0713,163.17,0.19,0
2025-12-24 11:22:06,0,0,29,0,8,4343,72.3833,85,1.41667,288,4.8,136.55,0,0,0,0,0.06,0,0,0,174,110,0.0057,0.0099,0.0137,0.0197,0.0232,0.0269,0.0327,0.0439,115.07,0.12,0
2025-12-24 11:23:06,0,0,29,0,1,3797,63.2833,107,1.78333,225,3.75,52.98,0,0,0,0,0.03,0,0,0,190,124,0.0023,0.004,0.0054,0.0077,0.0091,0.0107,0.0131,0.018,44.02,0.05,0
2025-12-24 11:24:06,0,0,28.62,0,1,7892,131.533,220,3.66667,412,6.86667,60.58,0,0,0,0,0.03,0,0,0,192,110,0.0027,0.0047,0.0062,0.0088,0.0104,0.0123,0.015,0.0208,50.88,0.06,0
2025-12-24 11:25:06,0,0,28.25,0,8,5171,86.1833,115,1.91667,300,5,49.25,0,0,0,0,0.02,0,0,0,201,170,0.0021,0.0037,0.005,0.0071,0.0085,0.0099,0.0121,0.0171,40.6,0.05,0
2025-12-24 11:26:06,0,0,28.38,0,1,1836,30.6,32,0.533333,108,1.8,59.19,0,0,0,0,0.03,0,0,0,217,166,0.0026,0.0049,0.0064,0.0087,0.0101,0.0114,0.0136,0.0186,54.3,0.05,0
2025-12-24 11:27:06,0,0,29.12,0,1,3727,62.1167,87,1.45,194,3.23333,59.13,0,0,0,0,0.04,0,0,0,149,112,0.0028,0.0046,0.0061,0.0089,0.0106,0.0126,0.0155,0.0226,46.14,0.06,0
2025-12-24 11:28:06,0,0,28.94,0,16,3591,59.85,81,1.35,206,3.43333,250.4,0,0,0,0,0.11,0,0,0,212,158,0.0102,0.0177,0.0242,0.0356,0.0428,0.0499,0.062,0.0821,202.38,0.22,0
2025-12-24 11:29:06,0,0,29.06,0,16,554,9.23333,1,0.0166667,61,1.01667,295.28,0,0,0,0,0.13,0,0,0,197,145,0.0112,0.0199,0.0271,0.0411,0.0507,0.059,0.0755,0.0967,226.93,0.25,0
2025-12-24 11:30:06,0,0,29.5,0,16,588,9.8,15,0.25,43,0.716667,290.95,0,0,0,0,0.13,0,0,0,196,147,0.0111,0.0196,0.0266,0.0406,0.0499,0.0581,0.0744,0.095,223.79,0.25,0
2025-12-24 11:31:06,0,0,29.81,0,16,434,7.23333,0,0,40,0.666667,303.75,0,0,0,0,0.13,0,0,0,190,142,0.0117,0.0206,0.0282,0.0425,0.0521,0.0606,0.0769,0.099,236.02,0.26,0
2025-12-24 11:32:06,0,0,30,0,16,903,15.05,4,0.0666667,109,1.81667,293.97,0,0,0,0,0.13,0,0,0,170,124,0.0112,0.0196,0.0273,0.0409,0.0504,0.059,0.0743,0.0967,227.24,0.25,0
2025-12-24 11:33:06,0,0,29.94,0,16,1634,27.2333,15,0.25,142,2.36667,256.29,0,0,0,0,0.11,0,0,0,165,116,0.01,0.0173,0.0241,0.0363,0.0438,0.0516,0.065,0.0853,200.19,0.22,0
2025-12-24 11:34:06,0,0,30.25,0,16,5434,90.5667,153,2.55,345,5.75,461.91,0,0,0,0,0.17,0,0,0,169,106,0.0186,0.0327,0.045,0.0646,0.0781,0.0899,0.1103,0.1432,388.04,0.37,0
2025-12-24 11:35:06,0,0,30.19,0,16,2140,35.6667,19,0.316667,203,3.38333,390.06,0,0,0,0,0.16,0,0,0,156,117,0.0153,0.0266,0.0371,0.0544,0.0666,0.0778,0.0965,0.1269,310.66,0.33,0
2025-12-24 11:36:06,0,0,30.19,0,16,1915,31.9167,23,0.383333,195,3.25,426.88,0,0,0,0,0.18,0,0,0,155,101,0.0166,0.0288,0.0402,0.0589,0.073,0.0852,0.1055,0.1388,336.66,0.36,0
2025-12-24 11:37:06,0,0,30.31,0,16,2877,47.95,85,1.41667,231,3.85,412.65,0,0,0,0,0.17,0,0,0,155,102,0.0161,0.0279,0.039,0.0571,0.0706,0.0823,0.1019,0.1339,326.29,0.35,0
2025-12-24 11:38:06,0,0,30.12,0,16,1677,27.95,14,0.233333,198,3.3,321.55,0,0,0,0,0.14,0,0,0,205,155,0.0126,0.022,0.0304,0.0451,0.0549,0.064,0.0801,0.1044,255.57,0.27,0
2025-12-24 11:39:06,0,0,30.12,0,16,1201,20.0167,10,0.166667,126,2.1,304.73,0,0,0,0,0.12,0,0,0,167,116,0.0121,0.0214,0.0295,0.0429,0.0518,0.0596,0.0738,0.0958,251.61,0.25,0
2025-12-24 11:40:06,0,0,30.19,0,16,1104,18.4,7,0.116667,143,2.38333,342.72,0,0,0,0,0.14,0,0,0,149,102,0.0134,0.0235,0.0327,0.0477,0.0585,0.0679,0.0839,0.1098,275.45,0.28,0
2025-12-24 11:41:06,0,0,30.25,0,16,2114,35.2333,31,0.516667,226,3.76667,228.32,0,0,0,0,0.09,0,0,0,181,121,0.0094,0.0167,0.0229,0.0327,0.0386,0.0443,0.0546,0.0707,195.44,0.19,0
2025-12-24 11:42:06,0,0,30.38,0,1,1000,16.6667,23,0.383333,84,1.4,186.07,0,0,0,0,0.05,0,0,0,170,120,0.008,0.0153,0.0201,0.0271,0.0305,0.0325,0.0387,0.046,187.06,0.13,0
2025-12-24 11:43:06,0,0,30.38,0,1,371,6.18333,6,0.1,32,0.533333,300.82,0,0,0,0,0.1,0,0,0,167,113,0.0124,0.0224,0.0304,0.0428,0.0505,0.0566,0.0689,0.0872,268.13,0.23,0
2025-12-24 11:44:06,0,0,30.5,0,16,1112,18.5333,4,0.0666667,129,2.15,263.42,0,0,0,0,0.11,0,0,0,162,108,0.0106,0.0188,0.0259,0.0373,0.0447,0.0513,0.0632,0.0817,221.23,0.22,0
2025-12-24 11:45:06,0,0,30.38,0,16,1015,16.9167,3,0.05,90,1.5,88.89,0,0,0,0,0.02,0,0,0,205,152,0.0039,0.0077,0.01,0.0132,0.0145,0.015,0.0179,0.0203,94.02,0.06,0
2025-12-24 11:46:06,0,0,30.31,0,16,90,1.5,0,0,3,0.05,141.63,0,0,0,0,0.04,0,0,0,184,130,0.006,0.0113,0.0151,0.0206,0.0235,0.0255,0.0307,0.0376,136.41,0.1,0
2025-12-24 11:47:06,0,0,30.38,0,16,152,2.53333,0,0,4,0.0666667,268.58,0,0,0,0,0.11,0,0,0,177,124,0.0111,0.0196,0.0268,0.0382,0.0456,0.0522,0.064,0.083,228.86,0.22,0
2025-12-24 11:48:06,0,0,30.69,0,16,1641,27.35,15,0.25,170,2.83333,234.9,0,0,0,0,0.09,0,0,0,166,115,0.0095,0.0171,0.0233,0.0334,0.0398,0.0453,0.0558,0.0716,200.69,0.19,0
2025-12-24 11:49:06,0,0,30.5,0,16,84,1.4,0,0,1,0.0166667,232.84,0,0,0,0,0.09,0,0,0,178,130,0.0094,0.0167,0.0229,0.033,0.0395,0.0454,0.0561,0.0724,195.3,0.19,0
2025-12-24 11:50:06,0,0,30.56,0,16,20,0.333333,0,0,0,0,107.38,0,0,0,0,0.03,0,0,0,174,128,0.0045,0.0086,0.0114,0.0156,0.0178,0.0192,0.0234,0.0277,103.84,0.08,0
2025-12-24 11:51:06,0,0,30.81,0,16,2412,40.2,68,1.13333,190,3.16667,122.2,0,0,0,0,0.04,0,0,0,181,128,0.005,0.0093,0.0125,0.0175,0.0204,0.0226,0.0279,0.034,110.94,0.09,0
2025-12-24 11:52:06,0,0,30.62,0,16,2143,35.7167,18,0.3,268,4.46667,119.18,0,0,0,0,0.04,0,0,0,212,161,0.0045,0.0084,0.0114,0.0167,0.0202,0.0227,0.0286,0.035,99.6,0.09,0
2025-12-24 11:53:06,0,0,30.69,0,16,2627,43.7833,35,0.583333,311,5.18333,150.15,0,0,0,0,0.06,0,0,0,206,155,0.0058,0.0106,0.0145,0.0213,0.0254,0.029,0.0363,0.0455,124.95,0.12,0
2025-12-24 11:54:06,0,0,30.31,0,16,125,2.08333,0,0,4,0.0666667,257.05,0,0,0,0,0.11,0,0,0,173,133,0.01,0.0177,0.0246,0.0361,0.0438,0.0508,0.0631,0.0815,206.98,0.21,0
2025-12-24 11:55:06,0,0,30.75,0,16,864,14.4,8,0.133333,101,1.68333,251.56,0,0,0,0,0.11,0,0,0,156,113,0.0097,0.0171,0.0238,0.0352,0.0429,0.0498,0.0621,0.0803,200.45,0.21,0
2025-12-24 11:56:06,0,0,30.44,0,16,1148,19.1333,13,0.216667,140,2.33333,135.94,0,0,0,0,0.05,0,0,0,208,156,0.0052,0.0095,0.013,0.0192,0.0231,0.0264,0.0332,0.0416,111.39,0.11,0
2025-12-24 11:57:06,0,0,30.62,0,16,756,12.6,1,0.0166667,91,1.51667,237.1,0,0,0,0,0.1,0,0,0,162,111,0.0091,0.0162,0.0224,0.0332,0.0405,0.0471,0.059,0.0758,187.73,0.2,0
2025-12-24 11:58:06,0,0,31,0,16,6905,115.083,207,3.45,406,6.76667,94.69,0,0,0,0,0.03,0,0,0,206,152,0.0034,0.0086,0.0089,0.0131,0.0161,0.018,0.0207,0.0252,84.88,0.07,0
2025-12-24 11:59:06,0,0,30.69,0,16,8257,137.617,222,3.7,499,8.31667,91.45,0,0,0,0,0.01,0,0,0,190,157,0.002,0.012,0.007,0.0106,0.0157,0.0164,0.0142,0.0119,90.56,0.04,0
2025-12-24 12:00:06,0,0,30.31,0,1,7129,118.817,176,2.93333,415,6.91667,65.07,0,0,0,0,0.02,0,0,0,222,159,0.0036,0.007,0.0089,0.0114,0.0101,0.011,0.0126,0.0162,81.97,0.05,0
2025-12-24 12:01:06,0,0,30.38,0,16,7015,116.917,179,2.98333,487,8.11667,282.84,0,0,0,0,0.06,0,0,0,222,160,0.015,0.0287,0.0365,0.0444,0.0448,0.0457,0.0501,0.0594,347.21,0.19,0
2025-12-24 12:02:06,0,0,30.19,0,1,4427,73.7833,112,1.86667,292,4.86667,168.1,0,0,0,0,0.04,0,0,0,223,160,0.0086,0.0166,0.0211,0.0257,0.0269,0.0275,0.0303,0.0362,199.75,0.11,0
2025-12-24 12:03:06,0,0,29.88,0,1,4509,75.15,109,1.81667,234,3.9,262.87,0,0,0,0,0.05,0,0,0,182,119,0.0139,0.0267,0.0337,0.0404,0.0416,0.0418,0.0455,0.0532,324.79,0.16,0
2025-12-24 12:04:06,0,0,29.81,0,1,7224,120.4,195,3.25,508,8.46667,113.72,0,0,0,0,0.04,0,0,0,218,158,0.0054,0.0106,0.0135,0.0171,0.0187,0.0202,0.0233,0.0299,121.86,0.09,0
2025-12-24 12:05:06,0,0,29.75,0,4,4310,71.8333,80,1.33333,323,5.38333,73.23,0,0,0,0,0.03,0,0,0,216,144,0.0031,0.0062,0.008,0.0107,0.0124,0.0142,0.017,0.023,67.52,0.06,0
2025-12-24 12:06:06,0,0,29.44,0,1,3761,62.6833,71,1.18333,312,5.2,81.22,0,0,0,0,0.04,0,0,0,213,156,0.0035,0.0069,0.0089,0.0119,0.0138,0.0158,0.0189,0.0257,74.88,0.07,0
2025-12-24 12:07:06,0,0,29.19,0,4,1812,30.2,13,0.216667,180,3,68.95,0,0,0,0,0.03,0,0,0,219,162,0.0029,0.0058,0.0075,0.0102,0.0117,0.0136,0.0165,0.0227,62.6,0.06,0
2025-12-24 12:08:06,0,0,29.56,0,16,6444,107.4,198,3.3,368,6.13333,82.41,0,0,0,0,0.04,0,0,0,223,161,0.0035,0.007,0.009,0.0122,0.014,0.0161,0.0194,0.0264,75.96,0.07,0
2025-12-24 12:09:06,0,0,29.44,0,1,3897,64.95,80,1.33333,274,4.56667,79.45,0,0,0,0,0.04,0,0,0,213,155,0.0034,0.0068,0.0087,0.0118,0.0135,0.0155,0.0187,0.0254,73.37,0.07,0
2025-12-24 12:10:06,0,0,29.5,0,16,3746,62.4333,52,0.866667,306,5.1,82.53,0,0,0,0,0.04,0,0,0,194,119,0.0035,0.0069,0.0089,0.012,0.0141,0.0162,0.0196,0.0266,74.23,0.07,0
2025-12-24 12:11:06,0,0,29.44,0,1,3692,61.5333,46,0.766667,326,5.43333,82.67,0,0,0,0,0.04,0,0,0,180,115,0.0035,0.007,0.009,0.0122,0.0141,0.0162,0.0194,0.0263,75.53,0.07,0
2025-12-24 12:12:06,0,0,29.38,0,4,2300,38.3333,47,0.783333,197,3.28333,82.91,0,0,0,0,0.04,0,0,0,179,111,0.0036,0.007,0.009,0.0122,0.0142,0.0164,0.0197,0.0269,74.84,0.07,0
2025-12-24 12:13:06,0,0,29.25,0,1,3458,57.6333,46,0.766667,302,5.03333,78.77,0,0,0,0,0.04,0,0,0,182,118,0.0034,0.0066,0.0085,0.0115,0.0134,0.0155,0.0187,0.0255,71.39,0.07,0
2025-12-24 12:14:06,0,0,29,0,1,4465,74.4167,92,1.53333,334,5.56667,78.82,0,0,0,0,0.04,0,0,0,218,155,0.0033,0.0066,0.0085,0.0115,0.0135,0.0155,0.0186,0.0254,71.1,0.07,0
2025-12-24 12:15:06,0,0,28.5,0,1,1305,21.75,23,0.383333,97,1.61667,86.15,0,0,0,0,0.04,0,0,0,208,154,0.0037,0.0073,0.0094,0.0128,0.0146,0.0168,0.0202,0.0274,79.36,0.08,0
2025-12-24 12:16:06,0,0,28.88,0,1,2534,42.2333,48,0.8,206,3.43333,79.8,0,0,0,0,0.04,0,0,0,189,118,0.0034,0.0068,0.0087,0.0118,0.0136,0.0156,0.0187,0.0255,73.27,0.07,0
2025-12-24 12:17:06,0,0,28.88,0,1,4647,77.45,136,2.26667,246,4.1,76,0,0,0,0,0.04,0,0,0,211,105,0.0033,0.0064,0.0082,0.0111,0.013,0.0149,0.018,0.0246,68.86,0.07,0
2025-12-24 12:18:06,0,0,28.69,0,1,5022,83.7,115,1.91667,423,7.05,72.76,0,0,0,0,0.03,0,0,0,218,155,0.0032,0.0062,0.008,0.0108,0.0124,0.0143,0.0171,0.0235,66.85,0.07,0
2025-12-24 12:19:06,0,0,28.69,0,2,1614,26.9,38,0.633333,98,1.63333,32.75,0,0,0,0,0.02,0,0,0,201,118,0.0016,0.0029,0.0037,0.005,0.0057,0.0067,0.008,0.0119,29.43,0.03,0
2025-12-24 12:20:06,0,0,28.75,0,1,2084,34.7333,35,0.583333,173,2.88333,50.48,0,0,0,0,0.03,0,0,0,221,166,0.0022,0.0043,0.0055,0.0075,0.0087,0.0101,0.0122,0.0172,45.24,0.05,0
2025-12-24 12:21:06,0,0,28.75,0,1,4601,76.6833,93,1.55,365,6.08333,62.34,0,0,0,0,0.03,0,0,0,195,142,0.0027,0.0053,0.0068,0.0093,0.0107,0.0123,0.0149,0.0207,56.56,0.06,0
2025-12-24 12:22:06,0,0,28.5,0,1,5107,85.1167,141,2.35,238,3.96667,44.7,0,0,0,0,0.02,0,0,0,224,160,0.0019,0.0037,0.0049,0.0067,0.0076,0.0086,0.0104,0.0141,41.53,0.04,0
2025-12-24 12:23:06,0,0,28.12,0,1,1805,30.0833,31,0.516667,126,2.1,23.51,0,0,0,0,0.02,0,0,0,221,156,0.0011,0.0021,0.0026,0.0036,0.0042,0.0049,0.0059,0.009,20.03,0.03,0
2025-12-24 12:24:06,0,0,28.31,0,1,3760,62.6667,91,1.51667,256,4.26667,59.53,0,0,0,0,0.03,0,0,0,203,125,0.0028,0.0055,0.0069,0.009,0.0101,0.0112,0.0132,0.0186,59.26,0.05,0
2025-12-24 12:25:06,0,0,28.25,0,1,550,9.16667,3,0.05,48,0.8,47.08,0,0,0,0,0.02,0,0,0,189,117,0.0023,0.0045,0.0055,0.0073,0.008,0.0089,0.0105,0.0149,47.47,0.04,0
2025-12-24 12:26:06,0,0,28,0,1,272,4.53333,0,0,18,0.3,67.12,0,0,0,0,0.03,0,0,0,192,123,0.0032,0.0064,0.008,0.0102,0.0112,0.0122,0.0143,0.0196,70.59,0.05,0
2025-12-24 12:27:06,0,0,28.25,0,1,734,12.2333,3,0.05,83,1.38333,71.72,0,0,0,0,0.03,0,0,0,187,109,0.0034,0.0069,0.0084,0.0109,0.0119,0.0129,0.015,0.0204,76.2,0.06,0
2025-12-24 12:28:06,0,0,28.44,0,1,1427,23.7833,1,0.0166667,216,3.6,67.48,0,0,0,0,0.02,0,0,0,181,111,0.0032,0.0064,0.008,0.0102,0.0112,0.0122,0.0142,0.0195,71.23,0.05,0
2025-12-24 12:29:06,0,0,28.62,0,1,841,14.0167,1,0.0166667,126,2.1,69.49,0,0,0,0,0.03,0,0,0,174,111,0.0033,0.0066,0.0082,0.0106,0.0115,0.0125,0.0145,0.0199,73.84,0.06,0
2025-12-24 12:30:06,0,0,28.81,0,1,1570,26.1667,3,0.05,218,3.63333,63.26,0,0,0,0,0.02,0,0,0,175,110,0.003,0.0061,0.0075,0.0096,0.0105,0.0115,0.0135,0.0186,66.54,0.05,0
2025-12-24 12:31:06,0,0,28.94,0,1,323,5.38333,0,0,34,0.566667,59.99,0,0,0,0,0.02,0,0,0,178,109,0.0029,0.0057,0.0071,0.0092,0.01,0.011,0.0129,0.0179,62.78,0.05,0
2025-12-24 12:32:06,0,0,29.12,0,1,1083,18.05,1,0.0166667,140,2.33333,62.28,0,0,0,0,0.02,0,0,0,176,111,0.003,0.006,0.0074,0.0095,0.0104,0.0113,0.0133,0.0183,65.62,0.05,0
2025-12-24 12:33:06,0,0,29.25,0,1,2880,48,64,1.06667,255,4.25,23.43,0,0,0,0,0.02,0,0,0,195,112,0.0012,0.0024,0.0028,0.0037,0.0041,0.0047,0.0056,0.0084,22.46,0.03,0
2025-12-24 12:34:06,0,0,29.06,0,1,715,11.9167,5,0.0833333,88,1.46667,16.9,0,0,0,0,0.01,0,0,0,204,120,9e-04,0.0018,0.0018,0.0028,0.0031,0.0035,0.0041,0.0062,15.19,0.02,0
2025-12-24 12:35:06,0,0,29.19,0,1,709,11.8167,1,0.0166667,85,1.41667,16.26,0,0,0,0,0.01,0,0,0,184,109,8e-04,0.0018,0.0018,0.0027,0.003,0.0034,0.0039,0.006,14.5,0.02,0
2025-12-24 12:36:06,0,0,29.19,0,1,234,3.9,0,0,16,0.266667,13.69,0,0,0,0,0.01,0,0,0,186,109,8e-04,0.0014,0.0017,0.0023,0.0026,0.003,0.0036,0.0058,11.79,0.02,0
2025-12-24 12:37:06,0,0,29.19,0,1,411,6.85,2,0.0333333,44,0.733333,15.46,0,0,0,0,0.01,0,0,0,186,110,8e-04,0.0016,0.0018,0.0025,0.0029,0.0033,0.0039,0.0061,13.61,0.02,0
2025-12-24 12:38:06,0,0,29.31,0,1,2459,40.9833,36,0.6,199,3.31667,33.91,0,0,0,0,0.02,0,0,0,195,130,0.0017,0.0034,0.0039,0.0053,0.0058,0.0065,0.0076,0.0107,33.94,0.03,0
2025-12-24 12:39:06,0,0,29.38,0,1,545,9.08333,1,0.0166667,50,0.833333,41.86,0,0,0,0,0.02,0,0,0,198,134,0.0021,0.0043,0.0052,0.0066,0.0069,0.0075,0.0085,0.0115,46.51,0.03,0
2025-12-24 12:40:06,0,0,29.81,0,1,53,0.883333,0,0,4,0.0666667,33.49,0,0,0,0,0.01,0,0,0,181,116,0.0017,0.0035,0.0042,0.0052,0.0055,0.0058,0.0064,0.0085,38.88,0.03,0
2025-12-24 12:41:06,0,0,30.25,0,1,86,1.43333,0,0,5,0.0833333,38.37,0,0,0,0,0.02,0,0,0,183,111,0.0019,0.004,0.0045,0.006,0.0065,0.007,0.008,0.011,40.73,0.03,0
2025-12-24 12:42:06,0,0,30.62,0,1,561,9.35,0,0,70,1.16667,36.65,0,0,0,0,0.01,0,0,0,162,114,0.0017,0.004,0.0044,0.0058,0.0059,0.0061,0.0067,0.0084,43.05,0.03,0
2025-12-24 12:43:06,0,0,30.81,0,1,614,10.2333,2,0.0333333,74,1.23333,42.67,0,0,0,0,0.01,0,0,0,163,113,0.0021,0.0045,0.0052,0.0067,0.007,0.0074,0.0083,0.0108,48.63,0.03,0
2025-12-24 12:44:06,0,0,31,0,1,827,13.7833,4,0.0666667,111,1.85,40.91,0,0,0,0,0.02,0,0,0,168,115,0.0021,0.0043,0.0051,0.0064,0.0068,0.0073,0.0083,0.0113,45.75,0.03,0
2025-12-24 12:45:06,0,0,31.31,0,1,1132,18.8667,7,0.116667,145,2.41667,33.73,0,0,0,0,0.01,0,0,0,162,115,0.0017,0.0037,0.0044,0.0054,0.0054,0.0055,0.006,0.0076,41.58,0.02,0
2025-12-24 12:46:06,0,0,31.38,0,1,2069,34.4833,14,0.233333,283,4.71667,37.71,0,0,0,0,0.01,0,0,0,177,105,0.0019,0.0041,0.005,0.0059,0.006,0.0059,0.0064,0.0078,47.79,0.02,0
2025-12-24 12:47:06,0,0,31.38,0,1,2006,33.4333,47,0.783333,189,3.15,30.37,0,0,0,0,0.01,0,0,0,170,106,0.0015,0.0034,0.0041,0.0048,0.0048,0.0047,0.005,0.0059,39.66,0.02,0
2025-12-24 12:48:06,0,0,31.44,0,1,1234,20.5667,10,0.166667,140,2.33333,35.8,0,0,0,0,0.01,0,0,0,173,107,0.0018,0.004,0.0048,0.0057,0.0056,0.0055,0.0057,0.0067,46.93,0.02,0
2025-12-24 12:49:06,0,0,31.44,0,1,2479,41.3167,29,0.483333,318,5.3,40.31,0,0,0,0,0.01,0,0,0,176,103,0.002,0.0044,0.0054,0.0063,0.0064,0.0061,0.0064,0.0077,52.61,0.02,0
2025-12-24 12:50:06,0,0,31.31,0,1,1674,27.9,13,0.216667,220,3.66667,38.79,0,0,0,0,0.01,0,0,0,171,108,0.002,0.0043,0.0052,0.0062,0.0061,0.0059,0.0061,0.0073,51.2,0.02,0
2025-12-24 12:51:06,0,0,31.31,0,1,823,13.7167,10,0.166667,65,1.08333,38.5,0,0,0,0,0.01,0,0,0,166,104,0.0019,0.0043,0.0052,0.0061,0.0061,0.0058,0.0061,0.0072,50.62,0.02,0
2025-12-24 12:52:06,0,0,31.31,0,1,977,16.2833,5,0.0833333,127,2.11667,42.5,0,0,0,0,0.01,0,0,0,164,106,0.0021,0.0046,0.0056,0.0067,0.0068,0.0067,0.0072,0.0089,53.7,0.03,0
2025-12-24 12:53:06,0,0,31.31,0,1,1786,29.7667,23,0.383333,226,3.76667,52.5,0,0,0,0,0.02,0,0,0,174,105,0.0027,0.0054,0.0065,0.0082,0.0086,0.0092,0.0104,0.014,59.17,0.04,0
2025-12-24 12:54:06,0,0,31.25,0,1,1305,21.75,5,0.0833333,178,2.96667,53.44,0,0,0,0,0.02,0,0,0,174,105,0.0027,0.0055,0.0066,0.0083,0.0088,0.0093,0.0105,0.0139,60.61,0.04,0
2025-12-24 12:55:06,0,0,31.19,0,1,2144,35.7333,13,0.216667,286,4.76667,62.9,0,0,0,0,0.02,0,0,0,172,102,0.0031,0.0064,0.0077,0.0097,0.0103,0.011,0.0126,0.0166,70.71,0.05,0
2025-12-24 12:56:06,0,0,31.19,0,1,1489,24.8167,7,0.116667,190,3.16667,57.62,0,0,0,0,0.01,0,0,0,172,102,0.0029,0.0061,0.0073,0.009,0.0092,0.0095,0.0105,0.0134,69.33,0.04,0
2025-12-24 12:57:06,0,0,31.12,0,1,220,3.66667,1,0.0166667,17,0.283333,47.88,0,0,0,0,0.01,0,0,0,169,102,0.0024,0.0051,0.0063,0.0075,0.0077,0.0077,0.0084,0.0105,59.47,0.03,0
2025-12-24 12:58:06,0,0,31.12,0,1,1712,28.5333,41,0.683333,109,1.81667,35.08,0,0,0,0,0.01,0,0,0,176,108,0.0018,0.0037,0.0044,0.0055,0.0058,0.0061,0.0068,0.009,40.41,0.03,0
2025-12-24 12:59:06,0,0,31.12,0,1,799,13.3167,8,0.133333,98,1.63333,35.64,0,0,0,0,0.02,0,0,0,172,108,0.0018,0.0037,0.0043,0.0056,0.0061,0.0067,0.0077,0.0108,37.47,0.03,0
2025-12-24 13:00:06,0,0,31.19,0,1,814,13.5667,2,0.0333333,94,1.56667,45.23,0,0,0,0,0.02,0,0,0,165,106,0.0022,0.0046,0.0055,0.007,0.0075,0.0081,0.0094,0.0126,49.07,0.04,0
2025-12-24 13:01:06,0,0,31.31,0,1,223,3.71667,0,0,15,0.25,45.07,0,0,0,0,0.02,0,0,0,161,105,0.0023,0.0046,0.0055,0.0071,0.0075,0.0082,0.0094,0.013,48.97,0.04,0
2025-12-24 13:02:06,0,0,31.44,0,1,672,11.2,3,0.05,84,1.4,36.56,0,0,0,0,0.02,0,0,0,166,108,0.002,0.0038,0.0046,0.0058,0.0062,0.0068,0.0078,0.011,39.71,0.03,0
2025-12-24 13:03:06,0,0,31.5,0,1,1908,31.8,10,0.166667,270,4.5,38.67,0,0,0,0,0.02,0,0,0,171,105,0.002,0.004,0.0048,0.0061,0.0065,0.0071,0.0082,0.0115,41.98,0.03,0
2025-12-24 13:04:06,0,0,31.56,0,1,1197,19.95,2,0.0333333,163,2.71667,39.01,0,0,0,0,0.02,0,0,0,166,108,0.0021,0.0041,0.0049,0.0062,0.0066,0.0071,0.0082,0.0115,42.8,0.04,0
2025-12-24 13:05:06,0,0,31.31,0,1,7873,131.217,239,3.98333,505,8.41667,44.84,0,0,0,0,0.02,0,0,0,205,108,0.0022,0.0045,0.0055,0.007,0.0075,0.0081,0.0093,0.0127,48.67,0.04,0
2025-12-24 13:06:06,0,0,31,0,8,7879,131.317,270,4.5,382,6.36667,68.09,0,0,0,0,0,0,0,0,211,154,9e-04,0.002,0.0026,0.0051,0.0109,0.0171,0.0183,0.0122,27.1,0.03,0
2025-12-24 13:07:06,0,0,30.81,0,1,5667,94.45,161,2.68333,390,6.5,33.21,0,0,0,0,0.01,0,0,0,174,118,0.0013,0.0024,0.0033,0.0047,0.0057,0.0064,0.008,0.0103,27.74,0.03,0
2025-12-24 13:08:06,0,0,30.38,0,16,1150,19.1667,11,0.183333,127,2.11667,63.71,0,0,0,0,0.02,0,0,0,214,157,0.0024,0.0047,0.0063,0.0092,0.0107,0.0115,0.0152,0.0172,56.35,0.05,0
2025-12-24 13:09:06,0,0,30.56,0,16,4148,69.1333,128,2.13333,246,4.1,45.54,0,0,0,0,0.02,0,0,0,189,136,0.0017,0.0033,0.0043,0.0065,0.0077,0.0083,0.011,0.0124,38.95,0.03,0
2025-12-24 13:10:06,0,0,30.31,0,1,10311,171.85,336,5.6,472,7.86667,66.84,0,0,0,0,0.01,0,0,0,222,163,0.002,0.0039,0.0052,0.0078,0.0106,0.0142,0.016,0.0143,49.42,0.04,0
2025-12-24 13:11:06,0,0,30.06,0,16,1292,21.5333,4,0.0666667,145,2.41667,48.65,0,0,0,0,0.02,0,0,0,200,144,0.0018,0.0036,0.0047,0.007,0.0082,0.0088,0.0116,0.013,42.31,0.04,0
2025-12-24 13:12:06,0,0,29.88,0,16,1034,17.2333,3,0.05,99,1.65,47.51,0,0,0,0,0.02,0,0,0,203,150,0.0017,0.0035,0.0046,0.0068,0.008,0.0086,0.0114,0.0127,41.32,0.04,0
2025-12-24 13:13:06,0,0,29.69,0,16,857,14.2833,0,0,88,1.46667,45.02,0,0,0,0,0.02,0,0,0,202,150,0.0016,0.0034,0.0042,0.0065,0.0076,0.0079,0.011,0.0116,39.06,0.03,0
2025-12-24 13:14:06,0,0,29.62,0,16,620,10.3333,0,0,45,0.75,40.91,0,0,0,0,0.01,0,0,0,205,150,0.0014,0.003,0.0039,0.0059,0.0069,0.0072,0.0099,0.0105,35.62,0.03,0
2025-12-24 13:15:06,0,0,29.69,0,16,821,13.6833,1,0.0166667,77,1.28333,39.38,0,0,0,0,0.01,0,0,0,202,148,0.0014,0.0029,0.0038,0.0057,0.0066,0.007,0.0095,0.0101,34.38,0.03,0
2025-12-24 13:16:06,0,0,29.62,0,16,1239,20.65,5,0.0833333,143,2.38333,48.18,0,0,0,0,0.02,0,0,0,202,151,0.0017,0.0037,0.0047,0.007,0.0081,0.0084,0.0114,0.0121,43.38,0.04,0
2025-12-24 13:17:06,0,0,29.81,0,1,5601,93.35,183,3.05,308,5.13333,31.25,0,0,0,0,0.01,0,0,0,220,162,9e-04,0.0018,0.0024,0.0038,0.0051,0.0064,0.0077,0.0073,22.58,0.02,0
2025-12-24 13:18:06,0,0,29.5,0,1,7509,125.15,258,4.3,385,6.41667,25.15,0,0,0,0,0,0,0,0,214,160,6e-04,0.0013,0.0017,0.0028,0.004,0.0055,0.0064,0.0053,16.2,0.01,0
2025-12-24 13:19:06,0,0,29.62,0,16,1282,21.3667,10,0.166667,144,2.4,38.91,0,0,0,0,0.01,0,0,0,202,152,0.0014,0.003,0.0038,0.0056,0.0066,0.0068,0.0094,0.0096,34.73,0.03,0
2025-12-24 13:20:06,0,0,29.44,0,16,1117,18.6167,2,0.0333333,127,2.11667,43.46,0,0,0,0,0.01,0,0,0,192,139,0.0016,0.0035,0.0043,0.0064,0.0072,0.0074,0.0102,0.0104,40.63,0.03,0
2025-12-24 13:21:06,0,0,29.25,0,16,3034,50.5667,78,1.3,217,3.61667,38.49,0,0,0,0,0.01,0,0,0,223,163,0.0015,0.0031,0.0039,0.0057,0.0064,0.0067,0.0089,0.0095,36.11,0.03,0
2025-12-24 13:22:06,0,0,29.31,0,1,7309,121.817,210,3.5,519,8.65,26.45,0,0,0,0,0.01,0,0,0,211,153,0.0012,0.0023,0.0029,0.0041,0.0045,0.005,0.0062,0.0085,24.84,0.02,0
2025-12-24 13:23:06,0,0,29.5,0,16,1455,24.25,3,0.05,168,2.8,35.94,0,0,0,0,0.01,0,0,0,205,148,0.0013,0.0028,0.0034,0.0052,0.0061,0.0062,0.0087,0.0087,32.24,0.03,0
2025-12-24 13:24:06,0,0,29.31,0,16,7813,130.217,256,4.26667,399,6.65,25.52,0,0,0,0,0.01,0,0,0,196,137,0.0011,0.0021,0.0027,0.0039,0.0043,0.0046,0.0059,0.007,23.95,0.02,0
2025-12-24 13:25:06,0,0,28.75,0,16,21,0.35,0,0,2,0.0333333,68.2,0,0,0,0,0.02,0,0,0,206,151,0.0028,0.0058,0.0073,0.0102,0.0112,0.0113,0.0148,0.0155,69.41,0.05,0
2025-12-24 13:26:06,0,0,28.62,0,16,380,6.33333,2,0.0333333,36,0.6,69.73,0,0,0,0,0.02,0,0,0,192,138,0.003,0.0062,0.0078,0.0106,0.0114,0.0115,0.0149,0.0156,73.79,0.05,0
2025-12-24 13:27:06,0,0,28.75,0,1,586,9.76667,8,0.133333,40,0.666667,161.8,0,0,0,0,0.04,0,0,0,189,142,0.0085,0.0161,0.0202,0.025,0.0263,0.0267,0.0302,0.0354,188.98,0.11,0
2025-12-24 13:28:06,0,0,29,0,1,7,0.116667,0,0,1,0.0166667,123.07,0,0,0,0,0.03,0,0,0,173,135,0.0066,0.0126,0.0157,0.0193,0.0199,0.02,0.0225,0.0261,147.56,0.09,0
2025-12-24 13:29:06,0,0,29.19,0,1,13,0.216667,0,0,1,0.0166667,112.36,0,0,0,0,0.03,0,0,0,166,134,0.006,0.0116,0.0144,0.0177,0.0182,0.0181,0.0204,0.0235,135.67,0.08,0
2025-12-24 13:30:06,0,0,29.44,0,1,3,0.05,0,0,0,0,112.43,0,0,0,0,0.03,0,0,0,164,134,0.0061,0.0116,0.0144,0.0177,0.0182,0.0181,0.0204,0.0235,136.27,0.08,0
2025-12-24 13:31:06,0,0,29.69,0,1,6,0.1,0,0,0,0,110.55,0,0,0,0,0.03,0,0,0,162,133,0.006,0.0115,0.0142,0.0174,0.0179,0.0178,0.0199,0.0229,134.61,0.08,0
2025-12-24 13:32:06,0,0,29.88,0,1,4993,83.2167,160,2.66667,224,3.73333,122.33,0,0,0,0,0.03,0,0,0,224,160,0.0058,0.0113,0.0142,0.0175,0.0205,0.0209,0.0239,0.0285,130.35,0.09,0
2025-12-24 13:33:06,0,0,29.75,0,4,6438,107.3,170,2.83333,441,7.35,102.3,0,0,0,0,0.02,0,0,0,218,156,0.0045,0.009,0.012,0.0152,0.0166,0.0172,0.0195,0.0239,111.9,0.07,0
2025-12-24 13:34:06,0,0,29.62,0,8,14314,238.567,454,7.56667,544,9.06667,28.04,0,0,0,0,0.01,0,0,0,219,164,0.0011,0.0023,0.003,0.0039,0.0047,0.0052,0.006,0.0075,26.45,0.02,0
2025-12-24 13:35:06,0,0,29.5,0,1,14423,240.383,530,8.83333,594,9.9,70.67,0,0,0,0,0.02,0,0,0,181,128,0.0036,0.0067,0.0085,0.0108,0.0115,0.0122,0.0139,0.0158,78.77,0.05,0
2025-12-24 13:36:06,0,0,29.31,0,1,14101,235.017,482,8.03333,537,8.95,28.33,0,0,0,0,0.01,0,0,0,207,148,0.0013,0.0025,0.0033,0.0044,0.0047,0.005,0.0059,0.0075,29.58,0.02,0
2025-12-24 13:37:06,0,0,28.94,0,16,920,15.3333,1,0.0166667,85,1.41667,23.3,0,0,0,0,0.01,0,0,0,208,155,8e-04,0.0021,0.0023,0.0036,0.0039,0.0035,0.0054,0.0043,23.28,0.02,0
2025-12-24 13:38:06,0,0,28.75,0,16,555,9.25,0,0,61,1.01667,21.79,0,0,0,0,0.01,0,0,0,211,158,8e-04,0.002,0.0021,0.0033,0.0036,0.0033,0.0051,0.0041,21.69,0.01,0
2025-12-24 13:39:06,0,0,28.56,0,16,647,10.7833,1,0.0166667,84,1.4,23.31,0,0,0,0,0.01,0,0,0,212,162,8e-04,0.0021,0.0023,0.0035,0.0039,0.0035,0.0054,0.0042,23.36,0.02,0
2025-12-24 13:40:06,0,0,28.44,0,16,620,10.3333,1,0.0166667,63,1.05,17.43,0,0,0,0,0.01,0,0,0,225,166,7e-04,0.0017,0.0019,0.0027,0.0029,0.0028,0.0038,0.0036,18.37,0.01,0
2025-12-24 13:41:06,0,0,28.5,0,1,0,0,0,0,0,0,8.46,0,0,0,0,0,0,0,0,218,158,2e-04,8e-04,7e-04,0.0013,0.0014,0.0012,0.0022,0.0016,7.74,0.01,0
2025-12-24 13:42:06,0,0,28.44,0,16,0,0,0,0,0,0,9.13,0,0,0,0,0,0,0,0,219,160,2e-04,8e-04,7e-04,0.0014,0.0015,0.0013,0.0023,0.0016,8.34,0.01,0
2025-12-24 13:43:06,0,0,28.81,0,16,97,1.61667,1,0.0166667,10,0.166667,9.31,0,0,0,0,0,0,0,0,202,145,3e-04,8e-04,8e-04,0.0015,0.0016,0.0014,0.0023,0.0017,8.66,0.01,0
2025-12-24 13:44:06,0,0,29,0,16,89,1.48333,1,0.0166667,9,0.15,9.61,0,0,0,0,0,0,0,0,195,136,3e-04,9e-04,9e-04,0.0015,0.0016,0.0015,0.0024,0.0019,9.06,0.01,0
2025-12-24 13:45:06,0,0,29.06,0,16,99,1.65,0,0,7,0.116667,9.22,0,0,0,0,0,0,0,0,191,132,3e-04,8e-04,8e-04,0.0015,0.0016,0.0014,0.0023,0.0017,8.5,0.01,0
2025-12-24 13:46:06,0,0,28.88,0,16,28,0.466667,0,0,4,0.0666667,9.22,0,0,0,0,0,0,0,0,186,132,4e-04,9e-04,9e-04,0.0015,0.0016,0.0014,0.0021,0.0019,9.23,0.01,0
2025-12-24 13:47:06,0,0,29.19,0,16,175,2.91667,0,0,14,0.233333,8.95,0,0,0,0,0,0,0,0,214,149,3e-04,8e-04,9e-04,0.0014,0.0015,0.0014,0.0021,0.0018,8.64,0.01,0
2025-12-24 13:48:06,0,0,28.94,0,16,0,0,0,0,0,0,9.9,0,0,0,0,0,0,0,0,201,142,3e-04,9e-04,8e-04,0.0015,0.0017,0.0014,0.0026,0.0017,8.95,0.01,0
2025-12-24 13:49:06,0,0,29.12,0,16,2268,37.8,63,1.05,152,2.53333,19.8,0,0,0,0,0.01,0,0,0,220,166,0.001,0.002,0.0023,0.0032,0.0033,0.0031,0.0041,0.0041,22.39,0.01,0
2025-12-24 13:50:06,0,0,28.75,0,2,5526,92.1,161,2.68333,239,3.98333,32.73,0,0,0,0,0.01,0,0,0,213,154,0.0016,0.0032,0.004,0.0051,0.0054,0.0055,0.0066,0.0075,36.64,0.02,0
2025-12-24 13:51:06,0,0,29.06,0,8,8287,138.117,273,4.55,456,7.6,14.7,0,0,0,0,0,0,0,0,214,156,4e-04,7e-04,9e-04,0.0016,0.0024,0.0034,0.0039,0.0035,8.68,0.01,0
2025-12-24 13:52:06,0,0,29.12,0,1,8170,136.167,254,4.23333,413,6.88333,19.06,0,0,0,0,0,0,0,0,216,163,3e-04,6e-04,8e-04,0.0019,0.0029,0.0046,0.0052,0.0037,9.06,0.01,0
2025-12-24 13:53:06,0,0,28.81,0,1,11643,194.05,390,6.5,608,10.1333,48.52,0,0,0,0,0,0,0,0,204,151,7e-04,0.0017,0.0023,0.0048,0.0073,0.0116,0.0124,0.0076,25.6,0.02,0
2025-12-24 13:54:06,0,0,28.88,0,1,12216,203.6,428,7.13333,588,9.8,6.63,0,0,0,0,0,0,0,0,219,155,2e-04,4e-04,5e-04,8e-04,0.0012,0.0014,0.0017,0.002,4.46,0.01,0
2025-12-24 13:55:06,0,0,28.81,0,8,6932,115.533,178,2.96667,426,7.1,23.37,0,0,0,0,0,0,0,0,202,141,2e-04,5e-04,7e-04,0.0017,0.0036,0.006,0.0066,0.0041,7.97,0.01,0
2025-12-24 13:56:06,0,0,28.94,0,1,4478,74.6333,111,1.85,296,4.93333,15.44,0,0,0,0,0,0,0,0,214,134,2e-04,3e-04,5e-04,0.0012,0.0024,0.004,0.0044,0.0029,5.29,0.01,0
2025-12-24 13:57:06,0,0,31.38,0,1,21459,357.65,783,13.05,613,10.2167,19.93,0,0,0,0,0,0,0,0,140,101,2e-04,5e-04,7e-04,0.0016,0.0031,0.0051,0.0056,0.004,7.48,0.01,0
2025-12-24 13:58:06,0,0,30.88,0,1,14514,241.9,580,9.66667,678,11.3,21.52,0,0,0,0,0,0,0,0,132,98,2e-04,5e-04,7e-04,0.0017,0.0033,0.0055,0.006,0.0041,7.91,0.01,0
2025-12-24 13:59:06,0,0,31.88,0,16,15634,260.567,614,10.2333,585,9.75,79.24,0,0,0,0,0,0,0,0,153,99,8e-04,0.0019,0.0024,0.0054,0.0125,0.0203,0.0218,0.0134,27.68,0.03,0
2025-12-24 14:00:06,0,0,32.12,0,1,13409,223.483,518,8.63333,647,10.7833,8.14,0,0,0,0,0,0,0,0,148,99,1e-04,2e-04,3e-04,7e-04,0.0013,0.0021,0.0023,0.0025,2.76,0,0
2025-12-24 14:01:06,0,0,31.62,0,1,44899,748.317,1157,19.2833,799,13.3167,56.58,0,0,0,0,0,0,0,0,133,98,6e-04,0.0014,0.0018,0.0041,0.0089,0.0145,0.0155,0.0095,20.31,0.02,0
2025-12-24 14:02:06,0,0,31.44,0,1,7496,124.933,225,3.75,437,7.28333,29.02,0,0,0,0,0,0,0,0,133,99,3e-04,8e-04,0.001,0.0024,0.0045,0.0073,0.0079,0.005,11.7,0.01,0
2025-12-24 14:03:06,0,0,31.19,0,1,3856,64.2667,88,1.46667,208,3.46667,65.77,0,0,0,0,0,0,0,0,132,99,8e-04,0.0018,0.0024,0.0052,0.0101,0.0166,0.0178,0.011,26.94,0.03,0
2025-12-24 14:04:06,0,0,31.12,0,1,4657,77.6167,102,1.7,297,4.95,44.25,0,0,0,0,0,0,0,0,133,99,5e-04,0.0012,0.0015,0.0035,0.0068,0.0112,0.0119,0.0074,17.67,0.02,0
2025-12-24 14:05:06,0,0,31.06,0,1,10931,182.183,371,6.18333,572,9.53333,86.93,0,0,0,0,0,0,0,0,133,98,0.001,0.0023,0.0031,0.0067,0.0135,0.0218,0.023,0.0135,35.36,0.03,0
2025-12-24 14:06:06,0,0,30.44,0,8,14310,238.5,476,7.93333,598,9.96667,20.06,0,0,0,0,0,0,0,0,138,101,4e-04,9e-04,0.001,0.002,0.0032,0.0047,0.0052,0.0039,10.75,0.01,0
2025-12-24 14:07:06,0,0,30,0,1,24508,408.467,864,14.4,798,13.3,30.4,0,0,0,0,0,0,0,0,152,101,4e-04,0.001,0.0013,0.0029,0.0045,0.0075,0.008,0.005,15.16,0.01,0
2025-12-24 14:08:06,0,0,29.38,0,1,13354,222.567,447,7.45,585,9.75,2.03,0,0,0,0,0,0,0,0,158,110,0,0,1e-04,2e-04,3e-04,5e-04,6e-04,4e-04,0.63,0,0
2025-12-24 14:09:06,0,0,29.44,0,8,6724,112.067,161,2.68333,396,6.6,1.25,0,0,0,0,0,0,0,0,134,98,2e-04,2e-04,2e-04,4e-04,3e-04,4e-04,5e-04,8e-04,0.89,0,0
2025-12-24 14:10:06,0,0,28.94,0,1,4147,69.1167,97,1.61667,253,4.21667,11.35,0,0,0,0,0.01,0,0,0,142,108,7e-04,0.0013,0.0015,0.002,0.0021,0.0024,0.0028,0.0044,11.22,0.01,0
2025-12-24 14:11:06,0,0,28.94,0,1,701,11.6833,11,0.183333,42,0.7,25,0,0,0,0,0.01,0,0,0,140,99,0.0013,0.0028,0.0033,0.0042,0.0041,0.0045,0.0053,0.0076,28.84,0.02,0
2025-12-24 14:12:06,0,0,29.12,0,1,1444,24.0667,20,0.333333,81,1.35,30.92,0,0,0,0,0.01,0,0,0,139,98,0.0016,0.0033,0.004,0.005,0.0051,0.0054,0.0062,0.0087,35.47,0.03,0
2025-12-24 14:13:06,0,0,29.31,0,1,2970,49.5,89,1.48333,151,2.51667,8.72,0,0,0,0,0.01,0,0,0,134,99,5e-04,9e-04,0.0011,0.0015,0.0016,0.0019,0.0022,0.0036,7.8,0.01,0
2025-12-24 14:14:06,0,0,29.12,0,2,13737,228.95,431,7.18333,433,7.21667,48.02,0,0,0,0,0.02,0,0,0,136,110,0.0022,0.0045,0.0058,0.0077,0.008,0.0091,0.0111,0.0157,49.34,0.04,0
2025-12-24 14:15:06,0,0,28.94,0,1,1199,19.9833,7,0.116667,58,0.966667,31.87,0,0,0,0,0.02,0,0,0,140,102,0.0015,0.0029,0.0037,0.005,0.0055,0.0062,0.0075,0.011,30.54,0.03,0
2025-12-24 14:16:06,0,0,28.75,0,1,846,14.1,4,0.0666667,43,0.716667,29.95,0,0,0,0,0.02,0,0,0,146,108,0.0014,0.0028,0.0035,0.0047,0.0051,0.0058,0.007,0.0102,29.18,0.03,0
2025-12-24 14:17:06,0,0,28.81,0,1,583,9.71667,6,0.1,30,0.5,33.87,0,0,0,0,0.01,0,0,0,145,111,0.0014,0.0029,0.0036,0.005,0.0057,0.0067,0.0079,0.0105,31.09,0.03,0
2025-12-24 14:18:06,0,0,28.88,0,1,2034,33.9,46,0.766667,96,1.6,38.62,0,0,0,0,0.01,0,0,0,134,99,0.0015,0.0032,0.004,0.0056,0.0064,0.0075,0.0089,0.0115,35.24,0.03,0
2025-12-24 14:19:06,0,0,28.69,0,16,837,13.95,22,0.366667,43,0.716667,36.25,0,0,0,0,0.01,0,0,0,139,100,0.0015,0.003,0.0038,0.0052,0.0061,0.007,0.0083,0.0108,33.4,0.03,0
2025-12-24 14:20:06,0,0,28.94,0,1,1870,31.1667,31,0.516667,132,2.2,53,0,0,0,0,0.02,0,0,0,143,99,0.0026,0.0053,0.0066,0.0083,0.0086,0.0091,0.0104,0.0137,60.68,0.04,0
2025-12-24 14:21:06,0,0,28.81,0,1,145,2.41667,0,0,11,0.183333,49.1,0,0,0,0,0.02,0,0,0,144,99,0.0022,0.0047,0.0059,0.0075,0.008,0.0087,0.0101,0.0134,53.36,0.04,0
2025-12-24 14:22:06,0,0,28.75,0,1,28,0.466667,0,0,0,0,48.94,0,0,0,0,0.02,0,0,0,146,100,0.0022,0.0046,0.0058,0.0075,0.008,0.0087,0.0101,0.0135,52.61,0.04,0
2025-12-24 14:23:06,0,0,28.62,0,1,91,1.51667,0,0,6,0.1,46.97,0,0,0,0,0.02,0,0,0,139,98,0.0022,0.0046,0.0057,0.0073,0.0077,0.0083,0.0097,0.0129,51.24,0.04,0
2025-12-24 14:24:06,0,0,28.69,0,1,303,5.05,1,0.0166667,21,0.35,50.8,0,0,0,0,0.02,0,0,0,143,99,0.0023,0.0049,0.0061,0.0078,0.0083,0.009,0.0105,0.0138,55.07,0.04,0
2025-12-24 14:25:06,0,0,28.56,0,16,5478,91.3,171,2.85,313,5.21667,35.6,0,0,0,0,0.01,0,0,0,169,110,0.0017,0.0034,0.0043,0.0056,0.0059,0.0064,0.0076,0.0105,38.05,0.03,0
2025-12-24 14:26:06,0,0,28.88,0,1,3741,62.35,89,1.48333,216,3.6,39.83,0,0,0,0,0.02,0,0,0,192,143,0.0019,0.004,0.0049,0.0063,0.0066,0.0071,0.0084,0.0115,43.72,0.03,0
2025-12-24 14:27:06,0,0,28.38,0,1,5021,83.6833,131,2.18333,325,5.41667,37.29,0,0,0,0,0.02,0,0,0,178,114,0.0017,0.0036,0.0045,0.0058,0.0062,0.0067,0.0079,0.011,39.58,0.03,0
2025-12-24 14:28:06,0,0,28.62,0,1,420,7,1,0.0166667,43,0.716667,41.6,0,0,0,0,0.02,0,0,0,191,101,0.0019,0.004,0.005,0.0065,0.0069,0.0074,0.0088,0.0122,44.53,0.03,0
2025-12-24 14:29:06,0,0,28.75,0,1,784,13.0667,1,0.0166667,115,1.91667,42.08,0,0,0,0,0.02,0,0,0,192,101,0.0019,0.004,0.005,0.0066,0.007,0.0074,0.0088,0.0121,45.11,0.03,0
2025-12-24 14:30:06,0,0,28.81,0,1,413,6.88333,1,0.0166667,46,0.766667,41.76,0,0,0,0,0.02,0,0,0,188,101,0.0019,0.0041,0.005,0.0065,0.0069,0.0073,0.0087,0.0119,44.92,0.03,0
2025-12-24 14:31:06,0,0,28.88,0,1,2525,42.0833,9,0.15,358,5.96667,40.88,0,0,0,0,0.02,0,0,0,193,99,0.0019,0.0039,0.0049,0.0064,0.0068,0.0072,0.0085,0.0118,43.88,0.03,0
2025-12-24 14:32:06,0,0,28.88,0,1,1823,30.3833,27,0.45,189,3.15,34.78,0,0,0,0,0.01,0,0,0,195,99,0.0016,0.0033,0.0042,0.0055,0.0058,0.0062,0.0074,0.0102,37.15,0.03,0
2025-12-24 14:33:06,0,0,28.88,0,1,82,1.36667,0,0,3,0.05,36.38,0,0,0,0,0.01,0,0,0,189,100,0.0017,0.0036,0.0044,0.0057,0.006,0.0064,0.0076,0.0106,39.44,0.03,0
2025-12-24 14:34:06,0,0,29,0,1,10,0.166667,0,0,0,0,36.27,0,0,0,0,0.01,0,0,0,189,99,0.0017,0.0035,0.0044,0.0057,0.006,0.0064,0.0076,0.0105,39.4,0.03,0
2025-12-24 14:35:06,0,0,29.19,0,1,60,1,0,0,5,0.0833333,36.7,0,0,0,0,0.01,0,0,0,189,99,0.0017,0.0037,0.0044,0.0058,0.0061,0.0065,0.0076,0.0105,39.98,0.03,0
2025-12-24 14:36:06,0,0,29.25,0,1,523,8.71667,0,0,47,0.783333,34.95,0,0,0,0,0.01,0,0,0,195,101,0.0016,0.0034,0.0043,0.0055,0.0058,0.0062,0.0074,0.0104,37.9,0.03,0
2025-12-24 14:37:06,0,0,29.31,0,1,134,2.23333,0,0,9,0.15,35.86,0,0,0,0,0.01,0,0,0,185,101,0.0017,0.0035,0.0044,0.0057,0.006,0.0064,0.0076,0.0107,38.59,0.03,0
2025-12-24 14:38:06,0,0,29.44,0,1,42,0.7,0,0,1,0.0166667,36.11,0,0,0,0,0.02,0,0,0,187,100,0.0017,0.0035,0.0044,0.0057,0.006,0.0065,0.0077,0.0109,38.73,0.03,0
2025-12-24 14:39:06,0,0,29.56,0,1,124,2.06667,0,0,10,0.166667,36.94,0,0,0,0,0.02,0,0,0,192,100,0.0018,0.0037,0.0045,0.0059,0.0062,0.0067,0.008,0.0113,39.17,0.03,0
2025-12-24 14:40:06,0,0,29.69,0,1,177,2.95,0,0,14,0.233333,37.07,0,0,0,0,0.02,0,0,0,192,101,0.0019,0.0037,0.0046,0.006,0.0063,0.0069,0.0082,0.0118,38.99,0.03,0
2025-12-24 14:41:06,0,0,29.69,0,1,649,10.8167,17,0.283333,40,0.666667,39.47,0,0,0,0,0.02,0,0,0,192,101,0.002,0.0041,0.0049,0.0065,0.0068,0.0074,0.0089,0.0128,41.35,0.04,0
2025-12-24 14:42:06,0,0,29.88,0,1,478,7.96667,0,0,47,0.783333,39.88,0,0,0,0,0.03,0,0,0,181,102,0.0021,0.004,0.0049,0.0065,0.0069,0.0077,0.0092,0.0135,40.4,0.04,0
2025-12-24 14:43:06,0,0,29.94,0,1,528,8.8,0,0,72,1.2,39.13,0,0,0,0,0.03,0,0,0,176,101,0.0021,0.004,0.0049,0.0064,0.0068,0.0076,0.0093,0.0136,39.5,0.04,0
2025-12-24 14:44:06,0,0,30,0,1,637,10.6167,0,0,70,1.16667,39.12,0,0,0,0,0.03,0,0,0,171,100,0.002,0.0039,0.0048,0.0064,0.0067,0.0075,0.0092,0.0133,39.66,0.04,0
2025-12-24 14:45:06,0,0,30.12,0,1,962,16.0333,0,0,128,2.13333,37.75,0,0,0,0,0.02,0,0,0,172,100,0.0019,0.0038,0.0046,0.0061,0.0065,0.0071,0.0086,0.0125,38.75,0.04,0
2025-12-24 14:46:06,0,0,30.19,0,1,643,10.7167,1,0.0166667,63,1.05,36.36,0,0,0,0,0.02,0,0,0,169,100,0.0018,0.0036,0.0045,0.0058,0.0062,0.0067,0.0081,0.0115,37.95,0.03,0
2025-12-24 14:47:06,0,0,30.31,0,1,337,5.61667,0,0,40,0.666667,33.94,0,0,0,0,0.02,0,0,0,175,101,0.0016,0.0034,0.0041,0.0054,0.0057,0.0061,0.0073,0.0104,36.11,0.03,0
2025-12-24 14:48:06,0,0,30.25,0,1,3455,57.5833,77,1.28333,223,3.71667,33.17,0,0,0,0,0.02,0,0,0,191,125,0.0016,0.0032,0.004,0.0052,0.0056,0.006,0.0072,0.0103,34.78,0.03,0
2025-12-24 14:49:06,0,0,30.06,0,1,5792,96.5333,136,2.26667,390,6.5,25.22,0,0,0,0,0.02,0,0,0,184,108,0.0012,0.0022,0.0029,0.004,0.0045,0.0052,0.0065,0.0094,21.85,0.03,0
2025-12-24 14:50:06,0,0,30,0,1,6891,114.85,149,2.48333,461,7.68333,36.48,0,0,0,0,0.03,0,0,0,207,146,0.0017,0.0032,0.0042,0.0058,0.0064,0.0074,0.0093,0.0135,32.23,0.04,0
2025-12-24 14:51:06,0,0,29.69,0,1,6977,116.283,173,2.88333,369,6.15,22.89,0,0,0,0,0.02,0,0,0,187,142,0.0012,0.0022,0.0028,0.0038,0.0039,0.0045,0.0056,0.0082,22.86,0.02,0
2025-12-24 14:52:06,0,0,29.19,0,1,6026,100.433,138,2.3,416,6.93333,33.38,0,0,0,0,0.02,0,0,0,230,166,0.0017,0.0031,0.004,0.0054,0.0058,0.0067,0.0083,0.0122,31.59,0.04,0
2025-12-24 14:53:06,0,0,29.25,0,1,5195,86.5833,130,2.16667,324,5.4,28.48,0,0,0,0,0.02,0,0,0,171,118,0.0015,0.0028,0.0035,0.0048,0.0049,0.0057,0.0071,0.0104,27.66,0.03,0
2025-12-24 14:54:06,0,0,29.12,0,1,5037,83.95,80,1.33333,411,6.85,35.72,0,0,0,0,0.03,0,0,0,221,160,0.0018,0.0032,0.004,0.0056,0.0065,0.0076,0.0097,0.0145,29.19,0.04,0
2025-12-24 14:55:06,0,0,29.25,0,1,9524,158.733,293,4.88333,663,11.05,34.16,0,0,0,0,0.03,0,0,0,176,112,0.0019,0.0032,0.004,0.0057,0.0062,0.0074,0.0095,0.0143,28.7,0.04,0
2025-12-24 14:56:06,0,0,28.81,0,1,4508,75.1333,92,1.53333,402,6.7,36.26,0,0,0,0,0.03,0,0,0,217,157,0.002,0.0033,0.0042,0.0059,0.0066,0.0078,0.01,0.0151,30.35,0.04,0
2025-12-24 14:57:06,0,0,28.88,0,1,4526,75.4333,78,1.3,356,5.93333,33.94,0,0,0,0,0.03,0,0,0,215,154,0.0018,0.0031,0.0039,0.0055,0.0062,0.0073,0.0094,0.0142,27.72,0.04,0
2025-12-24 14:58:06,0,0,28.75,0,1,5632,93.8667,133,2.21667,355,5.91667,19.86,0,0,0,0,0.02,0,0,0,181,117,0.0011,0.0019,0.0023,0.0033,0.0036,0.0043,0.0054,0.0082,16.69,0.02,0
2025-12-24 14:59:06,0,0,28.56,0,1,5520,92,123,2.05,389,6.48333,15.98,0,0,0,0,0.01,0,0,0,196,107,8e-04,0.0016,0.002,0.0027,0.0028,0.0032,0.004,0.006,15.23,0.02,0
2025-12-24 15:00:06,0,0,28.56,0,1,5091,84.85,145,2.41667,319,5.31667,35.83,0,0,0,0,0.01,0,0,0,184,107,0.0018,0.0036,0.0047,0.0058,0.0059,0.006,0.007,0.0097,41.7,0.03,0
2025-12-24 15:01:06,0,0,28.56,0,1,1621,27.0167,31,0.516667,80,1.33333,19.25,0,0,0,0,0.01,0,0,0,179,109,9e-04,0.002,0.0024,0.0031,0.0032,0.0033,0.0039,0.0054,21.66,0.02,0
2025-12-24 15:02:06,0,0,28.5,0,1,1608,26.8,27,0.45,133,2.21667,27.6,0,0,0,0,0.01,0,0,0,202,147,0.0013,0.0028,0.0035,0.0045,0.0046,0.0048,0.0056,0.0079,31.05,0.02,0
2025-12-24 15:03:06,0,0,28.56,0,1,3270,54.5,57,0.95,225,3.75,27.7,0,0,0,0,0.01,0,0,0,224,167,0.0012,0.0027,0.0033,0.0044,0.0046,0.0048,0.0058,0.0079,29.69,0.02,0
2025-12-24 15:04:06,0,0,28.56,0,1,3092,51.5333,69,1.15,206,3.43333,22.84,0,0,0,0,0.01,0,0,0,219,159,0.0011,0.0022,0.0028,0.0036,0.0038,0.004,0.0048,0.0066,24.58,0.02,0
2025-12-24 15:05:06,0,0,28.88,0,1,1927,32.1167,37,0.616667,114,1.9,28.37,0,0,0,0,0.01,0,0,0,187,112,0.0013,0.0028,0.0035,0.0046,0.0046,0.0048,0.0058,0.0079,31.81,0.02,0
2025-12-24 15:06:06,0,0,27.62,0,16,53,0.883333,0,0,4,0.0666667,31.63,0,0,0,0,0.01,0,0,0,235,177,0.0015,0.003,0.004,0.0051,0.0052,0.0055,0.0065,0.0091,34.99,0.03,0
2025-12-24 15:07:06,0,0,27.31,0,16,4,0.0666667,0,0,0,0,24.35,0,0,0,0,0.01,0,0,0,234,177,0.0011,0.0023,0.003,0.0039,0.0041,0.0044,0.0054,0.0078,25.5,0.02,0
2025-12-24 15:08:06,0,0,27.25,0,16,4,0.0666667,0,0,0,0,36.59,0,0,0,0,0.01,0,0,0,233,176,0.0017,0.0035,0.0046,0.0059,0.006,0.0061,0.0073,0.0101,41.52,0.03,0
2025-12-24 15:09:06,0,0,27.25,0,16,0,0,0,0,0,0,36.54,0,0,0,0,0.01,0,0,0,233,176,0.0017,0.0035,0.0046,0.0059,0.006,0.0061,0.0073,0.0101,41.37,0.03,0
2025-12-24 15:10:06,0,0,27.31,0,16,0,0,0,0,0,0,35.95,0,0,0,0,0.01,0,0,0,234,176,0.0017,0.0034,0.0045,0.0058,0.0059,0.0061,0.0073,0.0101,40.44,0.03,0
2025-12-24 15:11:06,0,0,29.44,0,16,341,5.68333,8,0.133333,21,0.35,29.61,0,0,0,0,0.01,0,0,0,185,128,0.0014,0.0029,0.0037,0.0048,0.005,0.0053,0.0065,0.0094,31.83,0.03,0
2025-12-24 15:12:06,0,0,29.75,0,16,4,0.0666667,0,0,0,0,28.24,0,0,0,0,0.02,0,0,0,180,120,0.0014,0.0028,0.0036,0.0047,0.0048,0.0052,0.0065,0.0095,29.32,0.03,0
2025-12-24 15:13:06,0,0,29.5,0,16,1298,21.6333,26,0.433333,77,1.28333,24.36,0,0,0,0,0.01,0,0,0,210,164,0.0012,0.0024,0.0031,0.004,0.0041,0.0044,0.0053,0.0078,26.25,0.02,0
2025-12-24 15:14:06,0,0,29.69,0,16,0,0,0,0,0,0,22.65,0,0,0,0,0.01,0,0,0,196,149,0.0011,0.0022,0.0028,0.0037,0.0039,0.0042,0.0052,0.0078,23.37,0.02,0
2025-12-24 15:15:06,0,0,30,0,16,5,0.0833333,0,0,0,0,21.68,0,0,0,0,0.01,0,0,0,195,146,0.001,0.002,0.0027,0.0035,0.0037,0.0039,0.0048,0.0071,22.8,0.02,0
2025-12-24 15:16:06,0,0,30,0,1,448,7.46667,3,0.05,26,0.433333,25.25,0,0,0,0,0.01,0,0,0,183,114,0.0011,0.0024,0.0031,0.0041,0.0041,0.0043,0.0052,0.0072,28.08,0.02,0
2025-12-24 15:17:06,0,0,30,0,4,226,3.76667,0,0,5,0.0833333,27.78,0,0,0,0,0.01,0,0,0,207,150,0.0012,0.0027,0.0035,0.0045,0.0045,0.0046,0.0056,0.0077,31.64,0.02,0
2025-12-24 15:18:06,0,0,30.12,0,16,569,9.48333,9,0.15,34,0.566667,26.65,0,0,0,0,0.01,0,0,0,198,119,0.0012,0.0026,0.0034,0.0043,0.0044,0.0044,0.0053,0.0076,30.34,0.02,0
2025-12-24 15:19:06,0,0,30.06,0,8,716,11.9333,15,0.25,54,0.9,7.5,0,0,0,0,0,0,0,0,202,166,3e-04,8e-04,9e-04,0.0013,0.0013,0.0013,0.0016,0.0025,7.97,0.01,0
2025-12-24 15:20:06,0,0,30.5,0,8,678,11.3,17,0.283333,30,0.5,8.47,0,0,0,0,0,0,0,0,162,110,4e-04,9e-04,0.0011,0.0015,0.0014,0.0015,0.0018,0.0028,9.25,0.01,0
2025-12-24 15:21:06,0,0,30.44,0,8,1440,24,32,0.533333,52,0.866667,8.67,0,0,0,0,0,0,0,0,231,174,4e-04,8e-04,0.0011,0.0014,0.0015,0.0015,0.0019,0.0029,8.92,0.01,0
2025-12-24 15:22:06,0,0,29.5,0,16,87,1.45,2,0.0333333,5,0.0833333,19.97,0,0,0,0,0.01,0,0,0,230,178,9e-04,0.0018,0.0025,0.0032,0.0033,0.0034,0.0042,0.006,21.9,0.02,0
2025-12-24 15:23:06,0,0,29.38,0,16,233,3.88333,2,0.0333333,25,0.416667,20.35,0,0,0,0,0.01,0,0,0,230,178,9e-04,0.0019,0.0025,0.0033,0.0033,0.0034,0.0042,0.006,22.62,0.02,0
2025-12-24 15:24:06,0,0,30,0,16,801,13.35,22,0.366667,49,0.816667,15.9,0,0,0,0,0.01,0,0,0,177,142,7e-04,0.0015,0.002,0.0026,0.0026,0.0027,0.0033,0.0049,17.34,0.01,0
2025-12-24 15:25:06,0,0,30.81,0,8,7,0.116667,0,0,1,0.0166667,15.19,0,0,0,0,0.01,0,0,0,165,133,7e-04,0.0016,0.002,0.0025,0.0025,0.0025,0.0031,0.0045,17.92,0.01,0
2025-12-24 15:26:06,0,0,30.81,0,8,0,0,0,0,0,0,18.91,0,0,0,0,0.01,0,0,0,161,134,9e-04,0.002,0.0025,0.0032,0.0031,0.0031,0.0037,0.0055,22.58,0.02,0
2025-12-24 15:27:06,0,0,30.75,0,8,2395,39.9167,82,1.36667,123,2.05,17.17,0,0,0,0,0.01,0,0,0,187,121,8e-04,0.0018,0.0023,0.0029,0.0028,0.0028,0.0034,0.0051,20.42,0.01,0
2025-12-24 15:28:06,0,0,30.5,0,1,295,4.91667,6,0.1,23,0.383333,1.08,0,0,0,0,0,0,0,0,186,132,0,1e-04,1e-04,2e-04,2e-04,2e-04,3e-04,5e-04,0.69,0,0
2025-12-24 15:29:06,0,0,30.5,0,1,0,0,0,0,0,0,0.82,0,0,0,0,0,0,0,0,182,128,0,1e-04,0,2e-04,2e-04,1e-04,2e-04,4e-04,0.6,0,0
2025-12-24 15:30:06,0,0,30.5,0,1,39,0.65,0,0,3,0.05,0,0,0,0,0,0,0,0,0,198,158,0,0,0,0,0,0,0,1e-04,0,0,0
2025-12-24 15:31:06,0,0,30.69,0,1,1161,19.35,32,0.533333,72,1.2,1.05,0,0,0,0,0,0,0,0,208,146,1e-04,1e-04,1e-04,2e-04,2e-04,2e-04,3e-04,5e-04,0.9,0,0
2025-12-24 15:32:06,0,0,30.69,0,1,3701,61.6833,61,1.01667,199,3.31667,5.76,0,0,0,0,0,0,0,0,217,153,1e-04,2e-04,2e-04,5e-04,9e-04,0.0014,0.0016,0.0012,2.13,0,0
2025-12-24 15:33:06,0,0,31,0,8,2312,38.5333,57,0.95,125,2.08333,11.39,0,0,0,0,0,0,0,0,163,116,2e-04,3e-04,5e-04,0.001,0.0018,0.0028,0.0032,0.0025,4.85,0.01,0
2025-12-24 15:34:06,0,0,31.12,0,8,1188,19.8,27,0.45,63,1.05,8.78,0,0,0,0,0,0,0,0,188,131,1e-04,2e-04,3e-04,7e-04,0.0014,0.0022,0.0025,0.0017,3.15,0,0
2025-12-24 15:35:06,0,0,31.5,0,16,2252,37.5333,74,1.23333,108,1.8,0.27,0,0,0,0,0,0,0,0,167,114,0,0,0,0,1e-04,1e-04,1e-04,1e-04,0.11,0,0
2025-12-24 15:36:06,0,0,31.38,0,1,4593,76.55,102,1.7,311,5.18333,0.68,0,0,0,0,0,0,0,0,192,131,0,0,0,1e-04,1e-04,2e-04,2e-04,2e-04,0,0,0
2025-12-24 15:37:06,0,0,31.12,0,1,669,11.15,0,0,45,0.75,0.93,0,0,0,0,0,0,0,0,176,117,0,0,0,0,2e-04,3e-04,3e-04,3e-04,0,0,0
2025-12-24 15:38:06,0,0,30.81,0,1,520,8.66667,2,0.0333333,37,0.616667,0.39,0,0,0,0,0,0,0,0,159,111,0,0,0,0,1e-04,1e-04,1e-04,1e-04,0,0,0
2025-12-24 15:39:06,0,0,30.62,0,1,442,7.36667,0,0,33,0.55,0,0,0,0,0,0,0,0,0,170,111,0,0,0,0,0,0,0,0,0,0,0
2025-12-24 15:40:06,0,0,30.5,0,1,1121,18.6833,9,0.15,106,1.76667,0.03,0,0,0,0,0,0,0,0,190,128,0,0,0,0,0,0,0,0,0,0,0
2025-12-24 15:41:06,0,0,30.19,0,1,5095,84.9167,139,2.31667,372,6.2,0.28,0,0,0,0,0,0,0,0,172,120,0,0,0,0,1e-04,1e-04,1e-04,1e-04,0,0,0
2025-12-24 15:42:06,0,0,30.12,0,1,9217,153.617,303,5.05,610,10.1667,0.13,0,0,0,0,0,0,0,0,228,161,0,0,0,0,0,0,0,1e-04,0,0,0
2025-12-24 15:43:06,0,0,30.06,0,1,10675,177.917,334,5.56667,559,9.31667,3.12,0,0,0,0,0,0,0,0,220,156,1e-04,2e-04,3e-04,4e-04,5e-04,7e-04,8e-04,9e-04,2.25,0,0
2025-12-24 15:44:06,0,0,29.56,0,1,4528,75.4667,138,2.3,268,4.46667,1.61,0,0,0,0,0,0,0,0,234,175,1e-04,1e-04,2e-04,2e-04,3e-04,3e-04,4e-04,6e-04,1.33,0,0
2025-12-24 15:45:06,0,0,28.31,0,4,58,0.966667,0,0,2,0.0333333,0.52,0,0,0,0,0,0,0,0,231,175,0,0,0,0,1e-04,2e-04,2e-04,2e-04,0,0,0
2025-12-24 15:46:06,0,0,28,0,4,0,0,0,0,0,0,0.53,0,0,0,0,0,0,0,0,228,171,0,0,0,0,1e-04,2e-04,2e-04,2e-04,0,0,0
2025-12-24 15:47:06,0,0,28,0,4,0,0,0,0,0,0,0.46,0,0,0,0,0,0,0,0,227,169,0,0,0,1e-04,1e-04,2e-04,2e-04,2e-04,0,0,0
2025-12-24 15:48:06,0,0,28.06,0,4,35,0.583333,0,0,0,0,6.42,0,0,0,0,0,0,0,0,225,166,1e-04,1e-04,2e-04,5e-04,0.001,0.0017,0.002,0.0015,1.96,0,0
2025-12-24 15:49:06,0,0,28,0,4,18,0.3,0,0,0,0,11.85,0,0,0,0,0,0,0,0,226,167,2e-04,3e-04,3e-04,9e-04,0.0018,0.0031,0.0037,0.0027,3.92,0.01,0
2025-12-24 15:50:06,0,0,28.69,0,4,179,2.98333,2,0.0333333,15,0.25,11.5,0,0,0,0,0,0,0,0,218,160,2e-04,2e-04,3e-04,8e-04,0.0018,0.003,0.0036,0.0027,3.42,0.01,0
2025-12-24 15:51:06,0,0,28.81,0,4,7,0.116667,0,0,0,0,11.1,0,0,0,0,0,0,0,0,219,161,2e-04,2e-04,3e-04,8e-04,0.0017,0.0029,0.0034,0.0026,3.43,0.01,0
2025-12-24 15:52:06,0,0,29,0,4,2707,45.1167,83,1.38333,116,1.93333,9.33,0,0,0,0,0,0,0,0,216,164,1e-04,2e-04,3e-04,7e-04,0.0015,0.0024,0.0029,0.0022,2.89,0,0
2025-12-24 15:53:06,0,0,29.94,0,1,6416,106.933,211,3.51667,377,6.28333,22.59,0,0,0,0,0,0,0,0,183,140,2e-04,5e-04,7e-04,0.0016,0.0035,0.0058,0.0063,0.0039,7.53,0.01,0
2025-12-24 15:54:06,0,0,30,0,8,8700,145,257,4.28333,490,8.16667,0.07,0,0,0,0,0,0,0,0,186,135,0,0,0,0,0,0,0,0,0,0,0
2025-12-24 15:55:06,0,0,30,0,1,8260,137.667,292,4.86667,424,7.06667,4.73,0,0,0,0,0,0,0,0,209,139,1e-04,1e-04,1e-04,4e-04,7e-04,0.0012,0.0014,0.001,1.56,0,0
2025-12-24 15:56:06,0,0,30.25,0,1,1776,29.6,46,0.766667,111,1.85,0.03,0,0,0,0,0,0,0,0,190,112,0,0,0,0,0,0,0,0,0,0,0
2025-12-24 15:57:06,0,0,30.12,0,1,1129,18.8167,34,0.566667,77,1.28333,0.02,0,0,0,0,0,0,0,0,185,132,0,0,0,0,0,0,0,0,0.03,0,0
2025-12-24 15:58:06,0,0,30,0,1,29,0.483333,0,0,3,0.05,0,0,0,0,0,0,0,0,0,179,132,0,0,0,0,0,0,0,0,0,0,0
2025-12-24 15:59:06,0,0,29.94,0,1,0,0,0,0,0,0,0,0,0,0,0,0,0,0,0,180,130,0,0,0,0,0,0,0,0,0,0,0
2025-12-24 16:00:06,0,0,29.88,0,1,0,0,0,0,0,0,0,0,0,0,0,0,0,0,0,177,128,0,0,0,0,0,0,0,0,0,0,0
2025-12-24 16:01:06,0,0,29.81,0,1,0,0,0,0,0,0,0,0,0,0,0,0,0,0,0,172,118,0,0,0,0,0,0,0,0,0,0,0
2025-12-24 16:02:06,0,0,29.75,0,1,326,5.43333,6,0.1,20,0.333333,0,0,0,0,0,0,0,0,0,188,156,0,0,0,0,0,0,0,0,0,0,0
2025-12-24 16:03:06,0,0,30.12,0,16,0,0,0,0,0,0,0,0,0,0,0,0,0,0,0,178,148,0,0,0,0,0,0,0,0,0,0,0
2025-12-24 16:04:06,0,0,30.5,0,16,57,0.95,0,0,4,0.0666667,0,0,0,0,0,0,0,0,0,176,144,0,0,0,0,0,0,0,0,0,0,0
2025-12-24 16:05:06,0,0,30.5,0,16,0,0,0,0,0,0,0,0,0,0,0,0,0,0,0,199,158,0,0,0,0,0,0,0,0,0,0,0
2025-12-24 16:06:06,0,0,30.62,0,16,516,8.6,17,0.283333,37,0.616667,0,0,0,0,0,0,0,0,0,218,149,0,0,0,0,0,0,0,0,0,0,0
2025-12-24 16:07:06,0,0,30.5,0,16,13,0.216667,0,0,2,0.0333333,0,0,0,0,0,0,0,0,0,224,152,0,0,0,0,0,0,0,0,0,0,0
2025-12-24 16:08:06,0,0,30.44,0,16,38,0.633333,0,0,6,0.1,0,0,0,0,0,0,0,0,0,222,153,0,0,0,0,0,0,0,0,0,0,0
2025-12-24 16:09:06,0,0,30.5,0,16,71,1.18333,0,0,7,0.116667,0,0,0,0,0,0,0,0,0,216,146,0,0,0,0,0,0,0,0,0,0,0
2025-12-24 16:10:06,0,0,30.5,0,16,59,0.983333,0,0,4,0.0666667,0,0,0,0,0,0,0,0,0,206,132,0,0,0,0,0,0,0,0,0,0,0
2025-12-24 16:11:06,0,0,30.38,0,16,86,1.43333,0,0,11,0.183333,0,0,0,0,0,0,0,0,0,215,141,0,0,0,0,0,0,0,0,0,0,0
2025-12-24 16:12:06,0,0,30.31,0,16,0,0,0,0,0,0,0,0,0,0,0,0,0,0,0,217,138,0,0,0,0,0,0,0,0,0,0,0
2025-12-24 16:13:06,0,0,30.12,0,1,955,15.9167,26,0.433333,49,0.816667,0.06,0,0,0,0,0,0,0,0,225,172,0,0,0,0,0,0,0,0,0.01,0,0
2025-12-24 16:14:06,0,0,29.44,0,16,0,0,0,0,0,0,0.11,0,0,0,0,0,0,0,0,218,170,0,0,0,0,0,0,1e-04,0,0.01,0,0
2025-12-24 16:15:06,0,0,29.94,0,16,3876,64.6,102,1.7,178,2.96667,2.12,0,0,0,0,0,0,0,0,207,138,0,1e-04,1e-04,2e-04,3e-04,5e-04,6e-04,3e-04,0.84,0,0
2025-12-24 16:16:06,0,0,29.69,0,8,5904,98.4,144,2.4,332,5.53333,11.87,0,0,0,0,0,0,0,0,208,148,1e-04,4e-04,5e-04,0.001,0.0019,0.0029,0.003,0.002,5.03,0.01,0
2025-12-24 16:17:06,0,0,29.62,0,1,7346,122.433,192,3.2,453,7.55,25.27,0,0,0,0,0,0,0,0,210,154,3e-04,0.0021,0.0014,0.0024,0.0039,0.0056,0.0056,0.0033,17.86,0.01,0
2025-12-24 16:18:06,0,0,29.38,0,1,8581,143.017,256,4.26667,502,8.36667,35.59,0,0,0,0,0,0,0,0,225,161,4e-04,0.0013,0.0015,0.003,0.0055,0.0087,0.009,0.0053,17.23,0.01,0
2025-12-24 16:19:06,0,0,29.25,0,1,4944,82.4,103,1.71667,372,6.2,14.87,0,0,0,0,0,0,0,0,200,128,2e-04,8e-04,7e-04,0.0013,0.0023,0.0035,0.0036,0.0023,7.98,0.01,0
2025-12-24 16:20:06,0,0,28.62,0,8,8325,138.75,211,3.51667,391,6.51667,3.75,0,0,0,0,0,0,0,0,228,165,0,1e-04,1e-04,3e-04,6e-04,9e-04,0.001,7e-04,1.17,0,0
2025-12-24 16:21:06,0,0,28.44,0,1,10387,173.117,338,5.63333,437,7.28333,4.97,0,0,0,0,0,0,0,0,231,173,1e-04,1e-04,1e-04,4e-04,8e-04,0.0013,0.0014,0.001,1.57,0,0
2025-12-24 16:22:06,0,0,28.44,0,1,949,15.8167,4,0.0666667,80,1.33333,6.4,0,0,0,0,0,0,0,0,189,129,0,1e-04,2e-04,5e-04,0.001,0.0017,0.0019,0.0013,2.08,0,0
2025-12-24 16:23:06,0,0,28,0,1,1243,20.7167,9,0.15,105,1.75,11.78,0,0,0,0,0,0,0,0,227,163,1e-04,3e-04,4e-04,9e-04,0.0018,0.003,0.0033,0.0022,4.56,0.01,0
2025-12-24 16:24:06,0,0,28.19,0,1,2670,44.5,51,0.85,196,3.26667,5.61,0,0,0,0,0,0,0,0,210,162,0,1e-04,1e-04,4e-04,8e-04,0.0015,0.0019,0.0014,1.46,0,0
2025-12-24 16:25:06,0,0,28.12,0,32,2194,36.5667,44,0.733333,143,2.38333,0.37,0,0,0,0,0,0,0,0,225,177,0,0,0,0,1e-04,1e-04,1e-04,1e-04,0,0,0
2025-12-24 16:26:06,0,0,28.19,0,1,4375,72.9167,141,2.35,211,3.51667,0.83,0,0,0,0,0,0,0,0,183,135,0,1e-04,0,1e-04,1e-04,1e-04,3e-04,0,0.5,0,0
2025-12-24 16:27:06,0,0,28.25,0,2,19,0.316667,0,0,0,0,0,0,0,0,0,0,0,0,0,178,130,0,0,0,0,0,0,0,0,0,0,0
2025-12-24 16:28:06,0,0,28.38,0,2,29,0.483333,0,0,0,0,0,0,0,0,0,0,0,0,0,172,128,0,0,0,0,0,0,0,0,0,0,0
2025-12-24 16:29:06,0,0,28.5,0,2,98,1.63333,0,0,8,0.133333,0,0,0,0,0,0,0,0,0,175,128,0,0,0,0,0,0,0,0,0,0,0
2025-12-24 16:30:06,0,0,28.69,0,2,138,2.3,1,0.0166667,16,0.266667,0,0,0,0,0,0,0,0,0,170,122,0,0,0,0,0,0,0,0,0,0,0
2025-12-24 16:31:06,0,0,28.88,0,2,261,4.35,6,0.1,9,0.15,0,0,0,0,0,0,0,0,0,160,112,0,0,0,0,0,0,0,0,0,0,0
2025-12-24 16:32:06,0,0,29.06,0,2,775,12.9167,15,0.25,44,0.733333,4.28,0,0,0,0,0,0,0,0,222,147,0,1e-04,1e-04,3e-04,7e-04,0.0011,0.0014,0.001,0.76,0,0
2025-12-24 16:33:06,0,0,28.44,0,4,2912,48.5333,102,1.7,108,1.8,4.75,0,0,0,0,0,0,0,0,232,164,0,0,1e-04,3e-04,8e-04,0.0013,0.0015,0.0011,0.83,0,0
2025-12-24 16:34:06,0,0,28.56,0,4,697,11.6167,9,0.15,50,0.833333,3.42,0,0,0,0,0,0,0,0,190,142,0,0,0,2e-04,5e-04,0.001,0.0011,8e-04,0.4,0,0
2025-12-24 16:35:06,0,0,28.81,0,4,2144,35.7333,57,0.95,63,1.05,1.42,0,0,0,0,0,0,0,0,145,107,0,0,0,1e-04,2e-04,3e-04,5e-04,3e-04,0.2,0,0
2025-12-24 16:36:06,0,0,28.75,0,4,87,1.45,0,0,7,0.116667,1.05,0,0,0,0,0,0,0,0,142,106,0,0,0,0,2e-04,3e-04,4e-04,3e-04,0,0,0
2025-12-24 16:37:06,0,0,28.5,0,4,0,0,0,0,0,0,2.32,0,0,0,0,0,0,0,0,142,107,0,1e-04,0,2e-04,4e-04,4e-04,7e-04,3e-04,0.87,0,0
2025-12-24 16:38:06,0,0,28.5,0,16,1666,27.7667,41,0.683333,106,1.76667,2.85,0,0,0,0,0,0,0,0,196,137,0,1e-04,0,3e-04,5e-04,6e-04,9e-04,5e-04,0.68,0,0
2025-12-24 16:39:06,0,0,28.69,0,1,1034,17.2333,34,0.566667,65,1.08333,1.73,0,0,0,0,0,0,0,0,211,141,0,0,0,2e-04,3e-04,4e-04,6e-04,3e-04,0.38,0,0
2025-12-24 16:40:06,0,0,28.75,0,1,0,0,0,0,0,0,1.65,0,0,0,0,0,0,0,0,213,137,0,0,0,2e-04,3e-04,4e-04,6e-04,3e-04,0.41,0,0
2025-12-24 16:41:06,0,0,28.81,0,1,177,2.95,0,0,23,0.383333,1.19,0,0,0,0,0,0,0,0,197,129,0,0,0,1e-04,2e-04,3e-04,4e-04,2e-04,0.13,0,0
2025-12-24 16:42:06,0,0,28.81,0,1,6736,112.267,192,3.2,355,5.91667,2.62,0,0,0,0,0,0,0,0,208,153,0,0,1e-04,2e-04,4e-04,7e-04,7e-04,5e-04,0.77,0,0
2025-12-24 16:43:06,0,0,28.88,0,1,11657,194.283,386,6.43333,629,10.4833,0.46,0,0,0,0,0,0,0,0,200,151,0,0,0,0,1e-04,1e-04,2e-04,1e-04,0,0,0
2025-12-24 16:44:06,0,0,28.75,0,1,9426,157.1,284,4.73333,530,8.83333,2.61,0,0,0,0,0,0,0,0,233,171,0,0,1e-04,2e-04,4e-04,7e-04,8e-04,5e-04,0.6,0,0
2025-12-24 16:45:06,0,0,29,0,1,8956,149.267,319,5.31667,463,7.71667,32.4,0,0,0,0,0,0,0,0,201,164,3e-04,7e-04,9e-04,0.0023,0.0051,0.0083,0.0091,0.0056,10.98,0.01,0
2025-12-24 16:46:06,0,0,29.25,0,16,12638,210.633,446,7.43333,559,9.31667,2.59,0,0,0,0,0,0,0,0,179,130,0,0,1e-04,2e-04,4e-04,6e-04,7e-04,4e-04,0.97,0,0
2025-12-24 16:47:06,0,0,29.12,0,1,8481,141.35,239,3.98333,447,7.45,0,0,0,0,0,0,0,0,0,223,164,0,0,0,0,0,0,0,0,0,0,0
2025-12-24 16:48:06,0,0,28.94,0,1,2943,49.05,38,0.633333,190,3.16667,0,0,0,0,0,0,0,0,0,219,161,0,0,0,0,0,0,0,0,0,0,0
2025-12-24 16:49:06,0,0,28.94,0,1,1878,31.3,28,0.466667,132,2.2,0,0,0,0,0,0,0,0,0,198,138,0,0,0,0,0,0,0,0,0,0,0
2025-12-24 16:50:06,0,0,28.62,0,1,9066,151.1,312,5.2,361,6.01667,0,0,0,0,0,0,0,0,0,231,169,0,0,0,0,0,0,0,0,0,0,0
2025-12-24 16:51:06,0,0,28.31,0,1,9526,158.767,251,4.18333,463,7.71667,0,0,0,0,0,0,0,0,0,223,165,0,0,0,0,0,0,0,0,0,0,0
2025-12-24 16:52:06,0,0,28.31,0,1,8229,137.15,187,3.11667,393,6.55,0,0,0,0,0,0,0,0,0,219,151,0,0,0,0,0,0,0,0,0,0,0
2025-12-24 16:53:06,0,0,28.44,0,1,8442,140.7,207,3.45,381,6.35,0,0,0,0,0,0,0,0,0,199,140,0,0,0,0,0,0,0,0,0,0,0
2025-12-24 16:54:06,0,0,28.31,0,1,8982,149.7,242,4.03333,412,6.86667,0,0,0,0,0,0,0,0,0,230,163,0,0,0,0,0,0,0,0,0,0,0
2025-12-24 16:55:06,0,0,28.38,0,1,5920,98.6667,118,1.96667,370,6.16667,0,0,0,0,0,0,0,0,0,216,159,0,0,0,0,0,0,0,0,0,0,0
2025-12-24 16:56:06,0,0,28.12,0,1,9335,155.583,296,4.93333,414,6.9,0,0,0,0,0,0,0,0,0,193,131,0,0,0,0,0,0,0,0,0,0,0
2025-12-24 16:57:06,0,0,28,0,1,5379,89.65,116,1.93333,319,5.31667,0,0,0,0,0,0,0,0,0,183,129,0,0,0,0,0,0,0,0,0,0,0
2025-12-24 16:58:06,0,0,27.94,0,1,8069,134.483,204,3.4,409,6.81667,0,0,0,0,0,0,0,0,0,179,117,0,0,0,0,0,0,0,0,0,0,0
2025-12-24 16:59:06,0,0,27.69,0,1,4461,74.35,56,0.933333,287,4.78333,0,0,0,0,0,0,0,0,0,219,175,0,0,0,0,0,0,0,0,0,0,0
2025-12-24 17:00:06,0,0,27.62,0,1,8591,143.183,201,3.35,423,7.05,0,0,0,0,0,0,0,0,0,210,146,0,0,0,0,0,0,0,0,0,0,0
2025-12-24 17:01:06,0,0,27.44,0,1,3191,53.1833,45,0.75,170,2.83333,0,0,0,0,0,0,0,0,0,192,129,0,0,0,0,0,0,0,0,0,0,0
2025-12-24 17:02:06,0,0,27.12,0,1,4742,79.0333,55,0.916667,279,4.65,0,0,0,0,0,0,0,0,0,185,121,0,0,0,0,0,0,0,0,0,0,0
2025-12-24 17:03:06,0,0,27.19,0,1,7752,129.2,194,3.23333,430,7.16667,0,0,0,0,0,0,0,0,0,226,157,0,0,0,0,0,0,0,0,0,0,0
2025-12-24 17:04:06,0,0,26.75,0,8,11654,194.233,394,6.56667,571,9.51667,0.6,0,0,0,0,0,0,0,0,199,142,0,0,0,0,1e-04,2e-04,2e-04,1e-04,0.12,0,0
2025-12-24 17:05:06,0,0,26.31,0,1,10041,167.35,316,5.26667,452,7.53333,1.58,0,0,0,0,0,0,0,0,192,135,0,0,0,1e-04,2e-04,4e-04,5e-04,4e-04,0.33,0,0
2025-12-24 17:06:06,0,0,25.44,0,16,7735,128.917,266,4.43333,351,5.85,2.46,0,0,0,0,0,0,0,0,203,161,0,0,0,1e-04,4e-04,7e-04,8e-04,6e-04,0.23,0,0
2025-12-24 17:07:06,0,0,24.75,0,16,294,4.9,8,0.133333,14,0.233333,1.64,0,0,0,0,0,0,0,0,200,157,0,0,0,1e-04,2e-04,5e-04,6e-04,4e-04,0.1,0,0
2025-12-24 17:08:06,0,0,24.75,0,16,29,0.483333,0,0,2,0.0333333,1.81,0,0,0,0,0,0,0,0,208,161,0,0,0,1e-04,3e-04,5e-04,6e-04,4e-04,0.08,0,0
2025-12-24 17:09:06,0,0,25.31,0,16,536,8.93333,15,0.25,34,0.566667,1.77,0,0,0,0,0,0,0,0,216,169,0,0,0,1e-04,3e-04,5e-04,6e-04,4e-04,0.04,0,0
2025-12-24 17:10:06,0,0,25.88,0,16,42,0.7,0,0,1,0.0166667,1.84,0,0,0,0,0,0,0,0,210,164,0,0,0,1e-04,3e-04,5e-04,6e-04,5e-04,0.02,0,0
2025-12-24 17:11:06,0,0,26.62,0,16,0,0,0,0,0,0,1.79,0,0,0,0,0,0,0,0,207,162,0,0,0,1e-04,3e-04,5e-04,6e-04,5e-04,0,0,0
2025-12-24 17:12:06,0,0,27.38,0,16,0,0,0,0,0,0,1.83,0,0,0,0,0,0,0,0,203,161,0,0,0,1e-04,3e-04,5e-04,6e-04,4e-04,0.04,0,0
2025-12-24 17:13:06,0,0,28.88,0,4,724,12.0667,27,0.45,31,0.516667,3.54,0,0,0,0,0,0,0,0,176,136,0,0,1e-04,2e-04,6e-04,0.001,0.0011,9e-04,0.6,0,0
2025-12-24 17:14:06,0,0,29.06,0,4,0,0,0,0,0,0,4.36,0,0,0,0,0,0,0,0,172,133,0,1e-04,1e-04,3e-04,7e-04,0.0012,0.0014,0.0011,0.83,0,0
2025-12-24 17:15:06,0,0,29.19,0,4,0,0,0,0,0,0,4.34,0,0,0,0,0,0,0,0,168,129,0,1e-04,1e-04,3e-04,7e-04,0.0011,0.0013,0.001,0.88,0,0
2025-12-24 17:16:06,0,0,29.25,0,4,603,10.05,15,0.25,40,0.666667,3.17,0,0,0,0,0,0,0,0,201,155,0,0,0,2e-04,5e-04,9e-04,0.001,8e-04,0.46,0,0
2025-12-24 17:17:06,0,0,29.88,0,2,20,0.333333,0,0,1,0.0166667,1.27,0,0,0,0,0,0,0,0,212,155,0,0,0,0,2e-04,4e-04,5e-04,4e-04,0,0,0
2025-12-24 17:18:06,0,0,30.25,0,2,0,0,0,0,0,0,1.42,0,0,0,0,0,0,0,0,211,155,0,0,0,1e-04,2e-04,4e-04,5e-04,4e-04,0,0,0
2025-12-24 17:19:06,0,0,30.5,0,2,83,1.38333,0,0,3,0.05,1.29,0,0,0,0,0,0,0,0,203,154,0,0,0,0,2e-04,4e-04,5e-04,4e-04,0,0,0
2025-12-24 17:20:06,0,0,30.31,0,16,225,3.75,2,0.0333333,27,0.45,1.75,0,0,0,0,0,0,0,0,188,146,0,0,0,1e-04,3e-04,5e-04,6e-04,4e-04,0.1,0,0
2025-12-24 17:21:06,0,0,30.44,0,16,274,4.56667,4,0.0666667,12,0.2,1.76,0,0,0,0,0,0,0,0,170,130,0,0,0,1e-04,3e-04,5e-04,6e-04,5e-04,0.04,0,0
2025-12-24 17:22:06,0,0,30.62,0,16,51,0.85,0,0,2,0.0333333,1.73,0,0,0,0,0,0,0,0,167,128,0,0,0,1e-04,3e-04,5e-04,6e-04,4e-04,0.08,0,0
2025-12-24 17:23:06,0,0,30.75,0,16,6,0.1,0,0,0,0,1.88,0,0,0,0,0,0,0,0,165,124,0,0,0,1e-04,3e-04,5e-04,7e-04,5e-04,0.03,0,0
2025-12-24 17:24:06,0,0,30.88,0,16,265,4.41667,4,0.0666667,10,0.166667,1.76,0,0,0,0,0,0,0,0,161,121,0,0,0,1e-04,3e-04,5e-04,6e-04,4e-04,0,0,0
2025-12-24 17:25:06,0,0,30.81,0,16,457,7.61667,7,0.116667,35,0.583333,1.85,0,0,0,0,0,0,0,0,187,153,0,0,0,1e-04,3e-04,5e-04,6e-04,4e-04,0.03,0,0
2025-12-24 17:26:06,0,0,31,0,2,169,2.81667,0,0,11,0.183333,1.35,0,0,0,0,0,0,0,0,200,151,0,0,0,1e-04,2e-04,4e-04,5e-04,3e-04,0,0,0
2025-12-24 17:27:06,0,0,30.94,0,16,439,7.31667,6,0.1,36,0.6,1.9,0,0,0,0,0,0,0,0,171,124,0,0,0,1e-04,3e-04,5e-04,7e-04,4e-04,0,0,0
2025-12-24 17:28:06,0,0,31.06,0,2,335,5.58333,3,0.05,35,0.583333,1.72,0,0,0,0,0,0,0,0,172,130,0,0,0,1e-04,3e-04,5e-04,6e-04,4e-04,0.07,0,0
2025-12-24 17:29:06,0,0,31.25,0,2,372,6.2,15,0.25,12,0.2,2.66,0,0,0,0,0,0,0,0,146,110,0,0,0,1e-04,4e-04,8e-04,9e-04,6e-04,0.25,0,0
2025-12-24 17:30:06,0,0,31.31,0,4,9,0.15,0,0,1,0.0166667,4.06,0,0,0,0,0,0,0,0,144,108,0,0,1e-04,3e-04,6e-04,0.0011,0.0013,0.001,0.76,0,0
2025-12-24 17:31:06,0,0,31.38,0,4,0,0,0,0,0,0,4.01,0,0,0,0,0,0,0,0,143,107,0,0,1e-04,3e-04,6e-04,0.0011,0.0013,0.001,0.82,0,0
2025-12-24 17:32:06,0,0,31.38,0,2,8858,147.633,319,5.31667,325,5.41667,1.02,0,0,0,0,0,0,0,0,183,155,0,0,0,0,2e-04,3e-04,4e-04,3e-04,0,0,0
2025-12-24 17:33:06,0,0,31.25,0,16,9693,161.55,337,5.61667,323,5.38333,36.01,0,0,0,0,0,0,0,0,204,148,4e-04,0.001,0.0013,0.0029,0.0055,0.0091,0.0098,0.006,14.56,0.02,0
2025-12-24 17:34:06,0,0,31.31,0,8,11594,193.233,381,6.35,513,8.55,13.24,0,0,0,0,0,0,0,0,201,143,1e-04,3e-04,4e-04,0.001,0.002,0.0034,0.0036,0.0022,4.99,0.01,0
2025-12-24 17:35:06,0,0,31.19,0,1,694,11.5667,19,0.316667,32,0.533333,1.87,0,0,0,0,0,0,0,0,174,130,0,0,0,1e-04,3e-04,5e-04,6e-04,4e-04,0.19,0,0
2025-12-24 17:36:06,0,0,31.25,0,4,0,0,0,0,0,0,3.72,0,0,0,0,0,0,0,0,168,124,0,0,0,2e-04,6e-04,0.001,0.0012,9e-04,0.33,0,0
2025-12-24 17:37:06,0,0,31.31,0,4,0,0,0,0,0,0,3.8,0,0,0,0,0,0,0,0,164,121,0,0,1e-04,2e-04,6e-04,0.001,0.0012,9e-04,0.55,0,0
2025-12-24 17:38:06,0,0,30.62,0,4,255,4.25,6,0.1,20,0.333333,4.31,0,0,0,0,0,0,0,0,231,169,0,1e-04,1e-04,3e-04,7e-04,0.0012,0.0014,0.001,0.77,0,0
2025-12-24 17:39:06,0,0,30.12,0,4,13,0.216667,0,0,0,0,4.39,0,0,0,0,0,0,0,0,229,168,0,1e-04,1e-04,3e-04,7e-04,0.0012,0.0014,0.0011,0.75,0,0
2025-12-24 17:40:06,0,0,29.69,0,4,0,0,0,0,0,0,4.92,0,0,0,0,0,0,0,0,230,167,0,1e-04,1e-04,3e-04,8e-04,0.0013,0.0015,0.0011,0.98,0,0
2025-12-24 17:41:06,0,0,30.62,0,4,446,7.43333,9,0.15,36,0.6,2.75,0,0,0,0,0,0,0,0,200,154,0,0,0,1e-04,5e-04,8e-04,9e-04,7e-04,0.03,0,0
2025-12-24 17:42:06,0,0,30.56,0,4,0,0,0,0,0,0,2.33,0,0,0,0,0,0,0,0,201,152,0,0,0,1e-04,4e-04,7e-04,8e-04,6e-04,0,0,0
2025-12-24 17:43:06,0,0,30.31,0,4,21,0.35,0,0,2,0.0333333,2.96,0,0,0,0,0,0,0,0,216,160,0,0,0,2e-04,5e-04,8e-04,0.001,7e-04,0.2,0,0
2025-12-24 17:44:06,0,0,30.19,0,4,0,0,0,0,0,0,3.32,0,0,0,0,0,0,0,0,216,160,0,0,0,2e-04,5e-04,9e-04,0.0011,8e-04,0.19,0,0
2025-12-24 17:45:06,0,0,29.62,0,1,5079,84.65,125,2.08333,321,5.35,3.16,0,0,0,0,0,0,0,0,225,161,0,0,0,2e-04,5e-04,8e-04,0.001,7e-04,0.5,0,0
2025-12-24 17:46:06,0,0,30,0,1,8437,140.617,268,4.46667,424,7.06667,18.73,0,0,0,0,0,0,0,0,224,169,2e-04,4e-04,6e-04,0.0015,0.0029,0.0048,0.0053,0.0033,6.64,0.01,0
2025-12-24 17:47:06,0,0,30.12,0,1,6537,108.95,156,2.6,413,6.88333,8.47,0,0,0,0,0,0,0,0,192,140,1e-04,3e-04,3e-04,8e-04,0.0014,0.0019,0.002,0.0013,3.75,0,0
2025-12-24 17:48:06,0,0,30.19,0,1,1135,18.9167,12,0.2,97,1.61667,13.24,0,0,0,0,0,0,0,0,198,132,1e-04,5e-04,5e-04,0.0012,0.0021,0.003,0.003,0.0019,6.55,0.01,0
2025-12-24 17:49:06,0,0,30.25,0,1,993,16.55,9,0.15,76,1.26667,13.55,0,0,0,0,0,0,0,0,181,128,1e-04,5e-04,5e-04,0.0012,0.0022,0.0031,0.0031,0.002,6.66,0.01,0
2025-12-24 17:50:06,0,0,30.25,0,1,180,3,0,0,10,0.166667,11.97,0,0,0,0,0,0,0,0,171,118,1e-04,4e-04,5e-04,0.0011,0.0019,0.0027,0.0027,0.0017,5.96,0,0
2025-12-24 17:51:06,0,0,30.38,0,1,445,7.41667,2,0.0333333,34,0.566667,6.42,0,0,0,0,0,0,0,0,193,134,0,2e-04,3e-04,6e-04,0.001,0.0015,0.0015,0.001,2.97,0,0
2025-12-24 17:52:06,0,0,30.5,0,1,4,0.0666667,0,0,1,0.0166667,4.66,0,0,0,0,0,0,0,0,186,128,0,1e-04,1e-04,4e-04,8e-04,0.0011,0.0011,7e-04,1.77,0,0
2025-12-24 17:53:06,0,0,30.75,0,1,17,0.283333,0,0,0,0,4.52,0,0,0,0,0,0,0,0,207,132,0,1e-04,2e-04,4e-04,7e-04,0.001,0.001,7e-04,1.89,0,0
2025-12-24 17:54:06,0,0,30.62,0,1,7294,121.567,240,4,357,5.95,19.08,0,0,0,0,0,0,0,0,199,152,2e-04,8e-04,7e-04,0.0017,0.003,0.0044,0.0047,0.003,9.23,0.01,0
2025-12-24 17:55:06,0,0,30.56,0,1,10460,174.333,355,5.91667,575,9.58333,3.16,0,0,0,0,0,0,0,0,219,172,0,1e-04,1e-04,3e-04,5e-04,7e-04,8e-04,6e-04,1.32,0,0
2025-12-24 17:56:06,0,0,30.25,0,8,4252,70.8667,119,1.98333,251,4.18333,9.77,0,0,0,0,0,0,0,0,219,156,1e-04,3e-04,3e-04,8e-04,0.0016,0.0024,0.0026,0.0018,3.64,0,0
2025-12-24 17:57:06,0,0,29.88,0,8,10160,169.333,327,5.45,531,8.85,25.27,0,0,0,0,0,0,0,0,215,166,3e-04,9e-04,0.001,0.0022,0.004,0.0058,0.0061,0.0039,11.96,0.01,0
2025-12-24 17:58:06,0,0,29.62,0,8,7904,131.733,253,4.21667,412,6.86667,47.04,0,0,0,0,0,0,0,0,190,156,6e-04,0.002,0.0021,0.0044,0.0075,0.0104,0.0104,0.0063,26.08,0.02,0
2025-12-24 17:59:06,0,0,29.88,0,1,3432,57.2,97,1.61667,182,3.03333,9.83,0,0,0,0,0,0,0,0,184,138,1e-04,3e-04,3e-04,8e-04,0.0016,0.0024,0.0026,0.0017,3.79,0,0
2025-12-24 18:00:06,0,0,29.38,0,1,8604,143.4,267,4.45,537,8.95,13.5,0,0,0,0,0,0,0,0,220,160,2e-04,3e-04,4e-04,0.001,0.0022,0.0036,0.004,0.0029,4.05,0.01,0
2025-12-24 18:01:06,0,0,29.12,0,1,8231,137.183,228,3.8,509,8.48333,21.38,0,0,0,0,0,0,0,0,215,155,3e-04,6e-04,7e-04,0.0017,0.0034,0.0057,0.0065,0.0046,6.97,0.01,0
2025-12-24 18:02:06,0,0,28.88,0,1,5359,89.3167,144,2.4,330,5.5,9.97,0,0,0,0,0,0,0,0,211,155,1e-04,3e-04,4e-04,9e-04,0.0016,0.0024,0.0026,0.0017,4.23,0,0
2025-12-24 18:03:06,0,0,28.69,0,8,6560,109.333,182,3.03333,375,6.25,22.41,0,0,0,0,0,0,0,0,225,160,3e-04,7e-04,8e-04,0.0019,0.0034,0.0055,0.0064,0.0042,9.22,0.01,0
2025-12-24 18:04:06,0,0,28.25,0,1,9793,163.217,316,5.26667,343,5.71667,12.41,0,0,0,0,0,0,0,0,219,158,1e-04,4e-04,4e-04,0.0011,0.0019,0.0031,0.0036,0.0024,4.94,0.01,0
2025-12-24 18:05:06,0,0,28.12,0,8,4559,75.9833,133,2.21667,235,3.91667,29.67,0,0,0,0,0,0,0,0,210,150,4e-04,9e-04,9e-04,0.0025,0.0044,0.0075,0.0091,0.0057,11.76,0.01,0
2025-12-24 18:06:06,0,0,27.75,0,8,2335,38.9167,66,1.1,119,1.98333,12.6,0,0,0,0,0,0,0,0,224,160,1e-04,4e-04,4e-04,0.0011,0.002,0.0031,0.0036,0.0024,4.89,0.01,0
2025-12-24 18:07:06,0,0,27.81,0,4,2327,38.7833,30,0.5,168,2.8,8.89,0,0,0,0,0,0,0,0,192,143,1e-04,3e-04,3e-04,7e-04,0.0014,0.0022,0.0024,0.0016,3.32,0,0
2025-12-24 18:08:06,0,0,27.81,0,1,3450,57.5,68,1.13333,208,3.46667,56.35,0,0,0,0,0,0,0,0,224,157,7e-04,0.0017,0.0018,0.0049,0.0083,0.0141,0.0174,0.0103,23.25,0.02,0
2025-12-24 18:09:06,0,0,27.81,0,1,7089,118.15,212,3.53333,352,5.86667,22.23,0,0,0,0,0,0,0,0,207,161,3e-04,6e-04,7e-04,0.0018,0.0033,0.0058,0.0073,0.0047,8,0.01,0
2025-12-24 18:10:06,0,0,27.75,0,1,10564,176.067,363,6.05,429,7.15,11.53,0,0,0,0,0,0,0,0,218,158,1e-04,4e-04,4e-04,0.001,0.0018,0.0028,0.0033,0.0022,4.72,0.01,0
2025-12-24 18:11:06,0,0,27.56,0,8,3602,60.0333,96,1.6,170,2.83333,12.34,0,0,0,0,0,0,0,0,228,163,1e-04,3e-04,4e-04,0.0011,0.0019,0.0031,0.0037,0.0025,4.66,0.01,0
2025-12-24 18:12:06,0,0,27.69,0,1,2977,49.6167,40,0.666667,194,3.23333,49.76,0,0,0,0,0.01,0,0,0,223,160,7e-04,0.0015,0.0017,0.0044,0.0073,0.0128,0.0162,0.0101,19.61,0.02,0
2025-12-24 18:13:06,0,0,28.19,0,1,5347,89.1167,146,2.43333,333,5.55,201.45,0,0,0,0,0.01,0,0,0,220,148,0.0028,0.0064,0.007,0.0184,0.029,0.0503,0.0644,0.0374,87.99,0.09,0
2025-12-24 18:14:06,0,0,28.12,0,1,1999,33.3167,25,0.416667,149,2.48333,247.73,0,0,0,0,0.01,0,0,0,219,157,0.0033,0.0077,0.0085,0.0224,0.0356,0.0618,0.0799,0.046,107.21,0.11,0
2025-12-24 18:15:06,0,0,28.25,0,1,4317,71.95,104,1.73333,247,4.11667,261.45,0,0,0,0,0.01,0,0,0,174,139,0.0035,0.0081,0.0089,0.0237,0.0377,0.065,0.0839,0.0478,113.22,0.12,0
2025-12-24 18:16:06,0,0,28.06,0,1,2825,47.0833,23,0.383333,177,2.95,286.49,0,0,0,0,0.01,0,0,0,196,139,0.004,0.0094,0.0104,0.0275,0.0408,0.0705,0.0914,0.0518,132.45,0.13,0
2025-12-24 18:17:06,0,0,28.12,0,1,4062,67.7,101,1.68333,234,3.9,111.02,0,0,0,0,0.01,0,0,0,218,155,0.0015,0.003,0.0033,0.0085,0.0165,0.0291,0.0384,0.0229,37.76,0.05,0
2025-12-24 18:18:06,0,0,28.25,0,1,3330,55.5,52,0.866667,214,3.56667,276.79,0,0,0,0,0.01,0,0,0,226,162,0.0035,0.0082,0.0091,0.024,0.0402,0.0691,0.0898,0.0505,114.76,0.12,0
2025-12-24 18:19:06,0,0,28.31,0,16,957,15.95,6,0.1,66,1.1,338.2,0,0,0,0,0.01,0,0,0,211,150,0.0045,0.0106,0.0118,0.0312,0.0485,0.0834,0.1089,0.0607,150.13,0.15,0
2025-12-24 18:20:06,0,0,28.44,0,16,2207,36.7833,19,0.316667,180,3,325.37,0,0,0,0,0.01,0,0,0,224,160,0.0043,0.0102,0.0114,0.0301,0.0466,0.0801,0.1052,0.0586,144.98,0.14,0
2025-12-24 18:21:06,0,0,28.44,0,16,3119,51.9833,57,0.95,197,3.28333,294.86,0,0,0,0,0.01,0,0,0,227,160,0.0039,0.0093,0.0103,0.0273,0.0422,0.0727,0.0955,0.0534,131.22,0.13,0
2025-12-24 18:22:06,0,0,28.44,0,16,4513,75.2167,120,2,258,4.3,262.36,0,0,0,0,0.02,0,0,0,216,157,0.0038,0.0088,0.0099,0.026,0.0372,0.0641,0.084,0.047,124.4,0.12,0
2025-12-24 18:23:06,0,0,28.75,0,1,6506,108.433,202,3.36667,345,5.75,294.28,0,0,0,0,0.02,0,0,0,204,138,0.0039,0.0091,0.0102,0.0268,0.0424,0.0728,0.0957,0.0533,127.82,0.13,0
2025-12-24 18:24:06,0,0,29,0,1,2948,49.1333,29,0.483333,223,3.71667,305.85,0,0,0,0,0.01,0,0,0,205,144,0.004,0.0093,0.0104,0.0275,0.0439,0.0758,0.1008,0.0558,131.17,0.14,0
2025-12-24 18:25:06,0,0,29.19,0,1,3319,55.3167,54,0.9,236,3.93333,260.51,0,0,0,0,0.01,0,0,0,227,161,0.0036,0.0084,0.0094,0.025,0.037,0.0638,0.0848,0.0466,119.93,0.12,0
2025-12-24 18:26:06,0,0,29.38,0,16,2971,49.5167,30,0.5,231,3.85,305.25,0,0,0,0,0.01,0,0,0,209,146,0.004,0.0095,0.0107,0.0283,0.0436,0.0749,0.0997,0.0546,136.08,0.14,0
2025-12-24 18:27:06,0,0,29.44,0,1,3501,58.35,61,1.01667,261,4.35,265.4,0,0,0,0,0.01,0,0,0,219,156,0.0034,0.0079,0.0089,0.0236,0.0381,0.0657,0.088,0.0482,112.51,0.12,0
2025-12-24 18:28:06,0,0,29.62,0,1,3673,61.2167,42,0.7,251,4.18333,236.51,0,0,0,0,0.01,0,0,0,187,124,0.0032,0.0073,0.0082,0.0218,0.0337,0.0583,0.0784,0.043,103.87,0.11,0
2025-12-24 18:29:06,0,0,29.69,0,1,3661,61.0167,63,1.05,257,4.28333,273.36,0,0,0,0,0.01,0,0,0,171,144,0.0036,0.0083,0.0094,0.025,0.0392,0.0674,0.0903,0.0494,118.92,0.12,0
2025-12-24 18:30:06,0,0,29.69,0,1,3296,54.9333,41,0.683333,246,4.1,244.53,0,0,0,0,0.01,0,0,0,196,157,0.0032,0.0074,0.0085,0.0224,0.0351,0.0603,0.0808,0.0442,106.4,0.11,0
2025-12-24 18:31:06,0,0,30,0,1,3886,64.7667,56,0.933333,312,5.2,304.98,0,0,0,0,0.01,0,0,0,219,156,0.004,0.0094,0.0107,0.0281,0.0437,0.0747,0.1,0.0542,135.07,0.13,0
2025-12-24 18:32:06,0,0,30.25,0,16,3840,64,49,0.816667,340,5.66667,402.74,0,0,0,0,0.01,0,0,0,212,151,0.0054,0.0128,0.0145,0.0381,0.0574,0.098,0.1315,0.0709,184.07,0.18,0
2025-12-24 18:33:06,0,0,30.25,0,16,4319,71.9833,109,1.81667,271,4.51667,242.9,0,0,0,0,0.01,0,0,0,228,162,0.0033,0.0075,0.0086,0.0225,0.0349,0.0597,0.0801,0.0438,106.81,0.11,0
2025-12-24 18:34:06,0,0,30.12,0,1,3836,63.9333,50,0.833333,235,3.91667,275.47,0,0,0,0,0.02,0,0,0,195,168,0.0038,0.0086,0.0097,0.0254,0.0394,0.0678,0.0924,0.0504,120.73,0.13,0
2025-12-24 18:35:06,0,0,30.25,0,1,3917,65.2833,79,1.31667,284,4.73333,272.47,0,0,0,0,0.01,0,0,0,231,164,0.0037,0.0086,0.0099,0.0258,0.0389,0.0665,0.0898,0.0486,123.42,0.12,0
2025-12-24 18:36:06,0,0,30.25,0,1,2882,48.0333,75,1.25,180,3,366.69,0,0,0,0,0.02,0,0,0,203,132,0.0049,0.0114,0.013,0.0341,0.0526,0.0895,0.1205,0.0649,163.31,0.16,0
2025-12-24 18:37:06,0,0,30.06,0,1,1251,20.85,23,0.383333,42,0.7,355.09,0,0,0,0,0.01,0,0,0,222,158,0.0047,0.011,0.0125,0.0328,0.0508,0.0866,0.1172,0.0627,158,0.16,0
2025-12-24 18:38:06,0,0,30.31,0,16,1103,18.3833,35,0.583333,57,0.95,333.73,0,0,0,0,0.01,0,0,0,209,151,0.0044,0.0105,0.012,0.0315,0.0478,0.0811,0.1094,0.0584,150.6,0.15,0
2025-12-24 18:39:06,0,0,30.38,0,16,61,1.01667,0,0,2,0.0333333,342.03,0,0,0,0,0.01,0,0,0,198,137,0.0045,0.0108,0.0123,0.0323,0.049,0.0831,0.1122,0.0599,154.65,0.15,0
2025-12-24 18:40:06,0,0,30.19,0,16,1188,19.8,29,0.483333,72,1.2,384.05,0,0,0,0,0.01,0,0,0,220,154,0.0051,0.0123,0.014,0.0367,0.0549,0.0929,0.1258,0.0668,176.46,0.17,0
2025-12-24 18:41:06,0,0,30,0,16,3056,50.9333,35,0.583333,249,4.15,313.24,0,0,0,0,0.01,0,0,0,225,162,0.0042,0.0099,0.0113,0.0297,0.045,0.0759,0.1022,0.0543,141.96,0.14,0
2025-12-24 18:42:06,0,0,30.19,0,16,5068,84.4667,152,2.53333,217,3.61667,238.84,0,0,0,0,0.01,0,0,0,217,155,0.0031,0.0076,0.0086,0.0224,0.0343,0.0576,0.0776,0.0414,108.85,0.1,0
2025-12-24 18:43:06,0,0,30.12,0,1,2870,47.8333,57,0.95,157,2.61667,251.9,0,0,0,0,0.01,0,0,0,181,134,0.0033,0.0077,0.0089,0.0232,0.0361,0.0614,0.0838,0.0445,111.17,0.11,0
2025-12-24 18:44:06,0,0,29.69,0,1,1577,26.2833,41,0.683333,102,1.7,250.81,0,0,0,0,0.01,0,0,0,217,160,0.0033,0.0079,0.009,0.0238,0.0357,0.0607,0.0829,0.0439,114.51,0.11,0
2025-12-24 18:45:06,0,0,29.56,0,1,1053,17.55,25,0.416667,58,0.966667,291.62,0,0,0,0,0.02,0,0,0,205,154,0.0039,0.0092,0.0105,0.0273,0.0417,0.0709,0.0971,0.052,130.92,0.13,0
2025-12-24 18:46:06,0,0,29.5,0,16,622,10.3667,13,0.216667,38,0.633333,308.1,0,0,0,0,0.02,0,0,0,218,158,0.0041,0.0096,0.011,0.0287,0.0442,0.0748,0.1017,0.0542,137.82,0.14,0
2025-12-24 18:47:06,0,0,29.44,0,16,1230,20.5,38,0.633333,47,0.783333,268.22,0,0,0,0,0.02,0,0,0,207,150,0.0037,0.0084,0.0096,0.0252,0.0384,0.0654,0.0893,0.0479,119.84,0.12,0
2025-12-24 18:48:06,0,0,29.75,0,1,1753,29.2167,60,1,59,0.983333,326.72,0,0,0,0,0.02,0,0,0,199,148,0.0044,0.0103,0.0118,0.0308,0.0466,0.0792,0.1089,0.0579,147.76,0.15,0
2025-12-24 18:49:06,0,0,29.88,0,1,507,8.45,10,0.166667,37,0.616667,309.72,0,0,0,0,0.02,0,0,0,192,135,0.0042,0.0097,0.0112,0.0291,0.0442,0.0752,0.1036,0.0551,139.52,0.14,0
2025-12-24 18:50:06,0,0,29.5,0,1,142,2.36667,0,0,13,0.216667,298.35,0,0,0,0,0.02,0,0,0,214,156,0.0041,0.0094,0.0108,0.0281,0.0426,0.0725,0.0999,0.0532,133.95,0.13,0
2025-12-24 18:51:06,0,0,29.44,0,1,251,4.18333,2,0.0333333,9,0.15,225.6,0,0,0,0,0.02,0,0,0,213,151,0.0031,0.0071,0.0081,0.021,0.0322,0.0554,0.0769,0.0415,98.81,0.1,0
2025-12-24 18:52:06,0,0,29.38,0,16,196,3.26667,1,0.0166667,8,0.133333,263.31,0,0,0,0,0.02,0,0,0,211,154,0.0036,0.0082,0.0094,0.0246,0.0376,0.0642,0.089,0.0476,116.95,0.12,0
2025-12-24 18:53:06,0,0,29.56,0,1,3500,58.3333,34,0.566667,236,3.93333,220.58,0,0,0,0,0.01,0,0,0,219,160,0.0029,0.0065,0.0075,0.0195,0.0316,0.0547,0.0767,0.0413,91.49,0.1,0
2025-12-24 18:54:06,0,0,29.81,0,1,5594,93.2333,124,2.06667,319,5.31667,59.26,0,0,0,0,0.01,0,0,0,225,158,9e-04,0.0018,0.002,0.0052,0.0085,0.0151,0.0214,0.0122,23.29,0.03,0
2025-12-24 18:55:06,0,0,30,0,1,4481,74.6833,68,1.13333,284,4.73333,11.49,0,0,0,0,0,0,0,0,213,155,1e-04,3e-04,3e-04,9e-04,0.0018,0.0029,0.0035,0.0023,3.76,0.01,0
2025-12-24 18:56:06,0,0,30,0,8,4119,68.65,61,1.01667,339,5.65,28.56,0,0,0,0,0,0,0,0,203,138,3e-04,0.0011,8e-04,0.0024,0.0046,0.0067,0.007,0.0042,12.06,0.01,0
2025-12-24 18:57:06,0,0,30.19,0,1,5272,87.8667,84,1.4,350,5.83333,24.76,0,0,0,0,0,0,0,0,207,142,3e-04,0.001,7e-04,0.0021,0.0042,0.0056,0.0053,0.0032,10.86,0.01,0
2025-12-24 18:58:06,0,0,30.19,0,1,5878,97.9667,137,2.28333,405,6.75,10.71,0,0,0,0,0,0,0,0,233,164,1e-04,5e-04,3e-04,9e-04,0.0018,0.0024,0.0023,0.0014,4.72,0,0
2025-12-24 18:59:06,0,0,30.19,0,1,6364,106.067,154,2.56667,338,5.63333,20.09,0,0,0,0,0,0,0,0,195,135,2e-04,7e-04,6e-04,0.0016,0.0034,0.0046,0.0044,0.0028,8.2,0.01,0
2025-12-24 19:00:06,0,0,30.31,0,8,7311,121.85,234,3.9,417,6.95,23.02,0,0,0,0,0,0,0,0,186,130,2e-04,8e-04,6e-04,0.0018,0.0039,0.0053,0.0051,0.0031,9.41,0.01,0
2025-12-24 19:01:06,0,0,30.44,0,1,8172,136.2,229,3.81667,503,8.38333,23.51,0,0,0,0,0,0,0,0,187,119,3e-04,9e-04,7e-04,0.0019,0.0039,0.0054,0.0051,0.0032,10.15,0.01,0
2025-12-24 19:02:06,0,0,30.19,0,8,11824,197.067,346,5.76667,526,8.76667,20.5,0,0,0,0,0,0,0,0,215,160,2e-04,8e-04,6e-04,0.0016,0.0034,0.0048,0.0047,0.0029,8.37,0.01,0
2025-12-24 19:03:06,0,0,30.12,0,1,9452,157.533,317,5.28333,514,8.56667,25.72,0,0,0,0,0,0,0,0,201,144,3e-04,9e-04,7e-04,0.0019,0.0043,0.006,0.0058,0.0036,9.95,0.01,0
2025-12-24 19:04:06,0,0,29.94,0,16,11966,199.433,441,7.35,507,8.45,21.69,0,0,0,0,0,0,0,0,222,160,2e-04,8e-04,6e-04,0.0017,0.0036,0.005,0.0048,0.003,8.97,0.01,0
2025-12-24 19:05:06,0,0,30.19,0,16,7189,119.817,243,4.05,427,7.11667,28.23,0,0,0,0,0,0,0,0,194,138,3e-04,0.001,8e-04,0.0022,0.0048,0.0065,0.0062,0.0039,11.6,0.01,0
2025-12-24 19:06:06,0,0,30.31,0,8,10220,170.333,388,6.46667,482,8.03333,27.49,0,0,0,0,0,0,0,0,183,121,3e-04,0.001,8e-04,0.0022,0.0046,0.0063,0.006,0.0037,11.47,0.01,0
2025-12-24 19:07:06,0,0,30.44,0,1,7317,121.95,186,3.1,477,7.95,27.66,0,0,0,0,0,0,0,0,195,172,3e-04,0.0011,8e-04,0.0023,0.0046,0.0063,0.006,0.0037,12.08,0.01,0
2025-12-24 19:08:06,0,0,30.5,0,1,7800,130,240,4,495,8.25,30.9,0,0,0,0,0,0,0,0,184,129,3e-04,0.0011,8e-04,0.0022,0.0053,0.0072,0.0068,0.0042,11.66,0.01,0
2025-12-24 19:09:06,0,0,30.62,0,1,8172,136.2,237,3.95,554,9.23333,31.43,0,0,0,0,0,0,0,0,198,151,4e-04,0.0014,0.001,0.0028,0.0052,0.0071,0.0067,0.0041,14.75,0.01,0
2025-12-24 19:10:06,0,0,30.88,0,1,9057,150.95,292,4.86667,530,8.83333,26.75,0,0,0,0,0,0,0,0,205,137,3e-04,0.001,8e-04,0.0022,0.0045,0.0062,0.0059,0.0037,11.24,0.01,0
2025-12-24 19:11:06,0,0,30.69,0,1,6692,111.533,186,3.1,393,6.55,17.06,0,0,0,0,0,0,0,0,189,128,2e-04,5e-04,5e-04,0.0013,0.0027,0.0042,0.0045,0.0029,6.54,0.01,0
2025-12-24 19:12:06,0,0,30.62,0,1,5862,97.7,176,2.93333,334,5.56667,25.81,0,0,0,0,0,0,0,0,205,148,3e-04,6e-04,8e-04,0.002,0.004,0.0065,0.0075,0.0048,9.58,0.01,0
2025-12-24 19:13:06,0,0,30.62,0,1,7438,123.967,258,4.3,344,5.73333,28.96,0,0,0,0,0,0,0,0,159,120,3e-04,7e-04,0.001,0.0024,0.0044,0.0073,0.008,0.0049,11.34,0.01,0
2025-12-24 19:14:06,0,0,30.69,0,8,8922,148.7,281,4.68333,500,8.33333,31.39,0,0,0,0,0,0,0,0,212,144,4e-04,8e-04,0.0012,0.0026,0.0048,0.0078,0.0093,0.0065,12.7,0.01,0
2025-12-24 19:15:06,0,0,30.44,0,1,489,8.15,2,0.0333333,29,0.483333,20.62,0,0,0,0,0,0,0,0,211,148,2e-04,7e-04,9e-04,0.0019,0.0032,0.0049,0.0055,0.004,10.03,0.01,0
2025-12-24 19:16:06,0,0,30.5,0,1,224,3.73333,0,0,15,0.25,20.16,0,0,0,0,0,0,0,0,206,130,2e-04,7e-04,8e-04,0.0018,0.0032,0.0048,0.0054,0.0039,9.25,0.01,0
2025-12-24 19:17:06,0,0,30.75,0,1,1618,26.9667,47,0.783333,75,1.25,17.29,0,0,0,0,0,0,0,0,213,147,2e-04,7e-04,7e-04,0.0016,0.0027,0.0041,0.0045,0.0033,8.3,0.01,0
2025-12-24 19:18:06,0,0,30.44,0,1,2388,39.8,65,1.08333,139,2.31667,34.58,0,0,0,0,0,0,0,0,211,152,4e-04,9e-04,0.0014,0.0029,0.0053,0.0085,0.0102,0.0072,14.36,0.02,0
2025-12-24 19:19:06,0,0,30.44,0,1,0,0,0,0,0,0,24.82,0,0,0,0,0,0,0,0,206,153,3e-04,6e-04,0.001,0.0021,0.0038,0.0062,0.0074,0.0054,10.07,0.01,0
2025-12-24 19:20:06,0,0,31.19,0,1,598,9.96667,16,0.266667,32,0.533333,6.38,0,0,0,0,0,0,0,0,205,128,1e-04,2e-04,3e-04,5e-04,0.001,0.0016,0.0018,0.0014,2.73,0,0
2025-12-24 19:21:06,0,0,31.5,0,1,228,3.8,0,0,15,0.25,0,0,0,0,0,0,0,0,0,201,123,0,0,0,0,0,0,0,0,0,0,0
2025-12-24 19:22:06,0,0,31.5,0,16,1094,18.2333,36,0.6,59,0.983333,35.53,0,0,0,0,0,0,0,0,196,144,4e-04,0.0011,0.0015,0.003,0.0055,0.0086,0.0098,0.0066,15.9,0.02,0
2025-12-24 19:23:06,0,0,31.69,0,16,699,11.65,22,0.366667,40,0.666667,53.58,0,0,0,0,0,0,0,0,220,159,6e-04,0.0016,0.0023,0.0047,0.0082,0.0128,0.0146,0.0098,25.07,0.02,0
2025-12-24 19:24:06,0,0,31.44,0,16,116,1.93333,0,0,9,0.15,53.71,0,0,0,0,0,0,0,0,196,133,6e-04,0.0017,0.0023,0.0048,0.0083,0.0128,0.0145,0.0096,25.48,0.02,0
2025-12-24 19:25:06,0,0,31.31,0,16,0,0,0,0,0,0,53.08,0,0,0,0,0,0,0,0,189,128,6e-04,0.0017,0.0023,0.0047,0.0082,0.0126,0.0143,0.0095,25.04,0.02,0
2025-12-24 19:26:06,0,0,31.56,0,2,1343,22.3833,37,0.616667,93,1.55,47.01,0,0,0,0,0,0,0,0,217,173,6e-04,0.0013,0.0019,0.0039,0.0072,0.0116,0.0137,0.0094,19.67,0.02,0
2025-12-24 19:27:06,0,0,30.69,0,1,39,0.65,0,0,1,0.0166667,14.37,0,0,0,0,0,0,0,0,242,180,2e-04,3e-04,5e-04,0.0012,0.0022,0.0036,0.0045,0.0039,5.22,0.01,0
2025-12-24 19:28:06,0,0,30.44,0,1,122,2.03333,0,0,14,0.233333,1.05,0,0,0,0,0,0,0,0,234,166,0,0,0,1e-04,2e-04,3e-04,3e-04,3e-04,0.16,0,0
2025-12-24 19:29:06,0,0,30.38,0,1,255,4.25,3,0.05,19,0.316667,9.32,0,0,0,0,0,0,0,0,238,175,1e-04,2e-04,3e-04,7e-04,0.0015,0.0024,0.003,0.0026,2.9,0,0
2025-12-24 19:30:06,0,0,30.81,0,1,1276,21.2667,26,0.433333,92,1.53333,48.06,0,0,0,0,0,0,0,0,196,131,6e-04,0.0014,0.002,0.0041,0.0074,0.0116,0.0136,0.0095,21.55,0.02,0
2025-12-24 19:31:06,0,0,31.12,0,2,964,16.0667,20,0.333333,62,1.03333,41.27,0,0,0,0,0,0,0,0,224,161,5e-04,0.0012,0.0017,0.0035,0.0063,0.0102,0.0121,0.0085,17.69,0.02,0
2025-12-24 19:32:06,0,0,30.94,0,2,227,3.78333,2,0.0333333,22,0.366667,13.54,0,0,0,0,0,0,0,0,222,159,2e-04,3e-04,5e-04,0.0011,0.0021,0.0035,0.0042,0.0035,4.74,0.01,0
2025-12-24 19:33:06,0,0,30.5,0,2,1171,19.5167,23,0.383333,82,1.36667,15.82,0,0,0,0,0,0,0,0,228,164,2e-04,4e-04,6e-04,0.0013,0.0024,0.004,0.0049,0.0038,5.8,0.01,0
2025-12-24 19:34:06,0,0,30.31,0,2,8,0.133333,0,0,0,0,14.21,0,0,0,0,0,0,0,0,226,161,2e-04,3e-04,5e-04,0.0011,0.0022,0.0036,0.0044,0.0035,5.04,0.01,0
2025-12-24 19:35:06,0,0,30.69,0,2,2030,33.8333,36,0.6,134,2.23333,35.72,0,0,0,0,0,0,0,0,217,172,4e-04,0.001,0.0015,0.0031,0.0055,0.0087,0.0102,0.0072,15.9,0.02,0
2025-12-24 19:36:06,0,0,30.94,0,1,1771,29.5167,8,0.133333,127,2.11667,29.05,0,0,0,0,0,0,0,0,214,156,3e-04,9e-04,0.0012,0.0025,0.0045,0.007,0.008,0.0055,13.2,0.01,0
2025-12-24 19:37:06,0,0,30.94,0,1,271,4.51667,0,0,16,0.266667,35.69,0,0,0,0,0,0,0,0,187,122,4e-04,0.0011,0.0015,0.0031,0.0055,0.0085,0.0097,0.0066,16.61,0.02,0
2025-12-24 19:38:06,0,0,31,0,1,345,5.75,0,0,23,0.383333,41.85,0,0,0,0,0,0,0,0,178,119,5e-04,0.0013,0.0018,0.0036,0.0064,0.0101,0.0115,0.0079,19.25,0.02,0
2025-12-24 19:39:06,0,0,31,0,1,670,11.1667,16,0.266667,36,0.6,33.64,0,0,0,0,0,0,0,0,184,116,4e-04,0.0011,0.0014,0.0029,0.0052,0.0081,0.0092,0.0064,15.51,0.01,0
2025-12-24 19:40:06,0,0,30.94,0,1,291,4.85,0,0,19,0.316667,39.5,0,0,0,0,0,0,0,0,182,118,5e-04,0.0012,0.0017,0.0035,0.0061,0.0095,0.0109,0.0075,18.28,0.02,0
2025-12-24 19:41:06,0,0,30.69,0,1,164,2.73333,0,0,10,0.166667,34.33,0,0,0,0,0,0,0,0,181,129,4e-04,0.0011,0.0015,0.0031,0.0053,0.0081,0.0092,0.0063,16.48,0.02,0
2025-12-24 19:42:06,0,0,30.94,0,1,110,1.83333,0,0,5,0.0833333,29.57,0,0,0,0,0,0,0,0,185,123,3e-04,0.001,0.0013,0.0026,0.0046,0.007,0.0079,0.0055,14.16,0.01,0
2025-12-24 19:43:06,0,0,31.06,0,1,52,0.866667,0,0,4,0.0666667,20.54,0,0,0,0,0,0,0,0,192,122,2e-04,7e-04,9e-04,0.0019,0.0032,0.0048,0.0054,0.0039,9.89,0.01,0
2025-12-24 19:44:06,0,0,31.31,0,1,181,3.01667,0,0,12,0.2,21.6,0,0,0,0,0,0,0,0,183,122,2e-04,8e-04,9e-04,0.0019,0.0034,0.0051,0.0056,0.004,10.4,0.01,0
2025-12-24 19:45:06,0,0,31.44,0,1,149,2.48333,0,0,2,0.0333333,19.05,0,0,0,0,0,0,0,0,192,123,2e-04,7e-04,8e-04,0.0017,0.003,0.0045,0.005,0.0036,9.07,0.01,0
2025-12-24 19:46:06,0,0,31.25,0,1,2434,40.5667,63,1.05,114,1.9,18.4,0,0,0,0,0,0,0,0,238,178,2e-04,7e-04,8e-04,0.0016,0.0029,0.0043,0.0048,0.0034,8.85,0.01,0
2025-12-24 19:47:06,0,0,31.25,0,1,3534,58.9,66,1.1,189,3.15,34.66,0,0,0,0,0,0,0,0,218,169,4e-04,0.0011,0.0015,0.0031,0.0054,0.0083,0.0095,0.0065,16.09,0.02,0
2025-12-24 19:48:06,0,0,30.94,0,4,3085,51.4167,37,0.616667,181,3.01667,12.92,0,0,0,0,0,0,0,0,224,168,1e-04,4e-04,4e-04,0.0011,0.002,0.0032,0.0037,0.0027,5.2,0.01,0
2025-12-24 19:49:06,0,0,31,0,1,4494,74.9,96,1.6,268,4.46667,35.63,0,0,0,0,0,0,0,0,182,118,4e-04,0.0011,0.0015,0.0031,0.0055,0.0086,0.01,0.0069,16,0.02,0
2025-12-24 19:50:06,0,0,30.88,0,1,3513,58.55,80,1.33333,176,2.93333,23.04,0,0,0,0,0,0,0,0,188,118,3e-04,7e-04,9e-04,0.002,0.0035,0.0056,0.0064,0.0045,10.42,0.01,0
2025-12-24 19:51:06,0,0,30.88,0,1,0,0,0,0,0,0,27.99,0,0,0,0,0,0,0,0,184,112,3e-04,0.001,0.0012,0.0025,0.0043,0.0067,0.0075,0.0052,13.24,0.01,0
2025-12-24 19:52:06,0,0,30.94,0,1,168,2.8,0,0,13,0.216667,29.63,0,0,0,0,0,0,0,0,185,108,4e-04,0.001,0.0012,0.0026,0.0046,0.0071,0.008,0.0055,13.9,0.01,0
2025-12-24 19:53:06,0,0,30.94,0,1,3,0.05,0,0,0,0,29.02,0,0,0,0,0,0,0,0,182,106,3e-04,9e-04,0.0012,0.0026,0.0045,0.007,0.0079,0.0054,13.41,0.01,0
2025-12-24 19:54:06,0,0,30.94,0,1,1478,24.6333,28,0.466667,86,1.43333,23.62,0,0,0,0,0,0,0,0,237,162,3e-04,8e-04,0.001,0.0021,0.0037,0.0056,0.0063,0.0044,11.09,0.01,0
2025-12-24 19:55:06,0,0,30.81,0,1,325,5.41667,3,0.05,22,0.366667,9.06,0,0,0,0,0,0,0,0,209,148,1e-04,2e-04,3e-04,8e-04,0.0014,0.0023,0.0026,0.0019,3.36,0,0
2025-12-24 19:56:06,0,0,31.06,0,4,3465,57.75,103,1.71667,182,3.03333,38.5,0,0,0,0,0,0,0,0,158,105,5e-04,0.0011,0.0016,0.0034,0.0059,0.0094,0.0109,0.0075,17.38,0.02,0
2025-12-24 19:57:06,0,0,31.12,0,1,1124,18.7333,26,0.433333,75,1.25,25.31,0,0,0,0,0,0,0,0,195,118,3e-04,7e-04,0.001,0.0021,0.0039,0.0063,0.0074,0.0052,10.31,0.01,0
2025-12-24 19:58:06,0,0,30.38,0,1,539,8.98333,21,0.35,22,0.366667,42.08,0,0,0,0,0,0,0,0,222,158,5e-04,0.0013,0.0018,0.0036,0.0064,0.0102,0.0118,0.0081,19.18,0.02,0
2025-12-24 19:59:06,0,0,30.75,0,1,3200,53.3333,109,1.81667,141,2.35,31.71,0,0,0,0,0,0,0,0,237,182,4e-04,9e-04,0.0013,0.0027,0.0049,0.0078,0.0091,0.0064,13.84,0.01,0
2025-12-24 20:00:06,0,0,30.75,0,1,4239,70.65,106,1.76667,219,3.65,21.93,0,0,0,0,0,0,0,0,210,148,3e-04,6e-04,8e-04,0.0017,0.0034,0.0055,0.0066,0.0048,8.5,0.01,0
2025-12-24 20:01:06,0,0,30.5,0,1,4801,80.0167,103,1.71667,289,4.81667,28.18,0,0,0,0,0,0,0,0,188,135,4e-04,8e-04,0.0011,0.0024,0.0043,0.007,0.0084,0.0061,11.51,0.01,0
2025-12-24 20:02:06,0,0,30.56,0,4,1760,29.3333,42,0.7,105,1.75,33.14,0,0,0,0,0,0,0,0,233,166,4e-04,9e-04,0.0014,0.0028,0.0051,0.0082,0.0097,0.0068,14.03,0.02,0
2025-12-24 20:03:06,0,0,30,0,8,502,8.36667,18,0.3,22,0.366667,22.88,0,0,0,0,0,0,0,0,223,162,3e-04,6e-04,9e-04,0.0019,0.0035,0.0057,0.0068,0.005,9.25,0.01,0
2025-12-24 20:04:06,0,0,30.12,0,8,202,3.36667,4,0.0666667,23,0.383333,22.78,0,0,0,0,0,0,0,0,221,163,3e-04,6e-04,9e-04,0.0019,0.0035,0.0057,0.0068,0.0051,8.97,0.01,0
2025-12-24 20:05:06,0,0,30,0,8,7,0.116667,0,0,1,0.0166667,24.37,0,0,0,0,0,0,0,0,220,161,3e-04,6e-04,0.001,0.0021,0.0037,0.0061,0.0072,0.0054,10.03,0.01,0
2025-12-24 20:06:06,0,0,30.75,0,8,811,13.5167,27,0.45,37,0.616667,20.9,0,0,0,0,0,0,0,0,172,121,2e-04,5e-04,8e-04,0.0017,0.0032,0.0053,0.0064,0.0048,8.17,0.01,0
2025-12-24 20:07:06,0,0,30.62,0,8,3118,51.9667,74,1.23333,173,2.88333,37.27,0,0,0,0,0,0,0,0,214,160,5e-04,0.001,0.0015,0.0031,0.0057,0.0093,0.011,0.0078,15.25,0.02,0
2025-12-24 20:08:06,0,0,30.62,0,1,4604,76.7333,102,1.7,279,4.65,39.91,0,0,0,0,0,0,0,0,223,160,5e-04,0.0011,0.0016,0.0034,0.0061,0.01,0.0118,0.0084,16.66,0.02,0
2025-12-24 20:09:06,0,0,30.19,0,32,4072,67.8667,104,1.73333,226,3.76667,29.8,0,0,0,0,0,0,0,0,224,161,3e-04,8e-04,0.0011,0.0024,0.0046,0.0074,0.0088,0.0063,11.82,0.01,0
2025-12-24 20:10:06,0,0,30.25,0,1,4025,67.0833,116,1.93333,206,3.43333,20.65,0,0,0,0,0,0,0,0,177,108,3e-04,5e-04,8e-04,0.0017,0.0032,0.0052,0.0061,0.0045,8.05,0.01,0
2025-12-24 20:11:06,0,0,30.38,0,8,2283,38.05,61,1.01667,119,1.98333,24.25,0,0,0,0,0,0,0,0,223,158,3e-04,6e-04,0.001,0.0021,0.0037,0.006,0.0071,0.005,10.23,0.01,0
2025-12-24 20:12:06,0,0,30.31,0,4,646,10.7667,15,0.25,34,0.566667,53.86,0,0,0,0,0,0,0,0,170,103,7e-04,0.0015,0.0023,0.0046,0.0082,0.0133,0.0158,0.011,23.11,0.02,0
2025-12-24 20:13:06,0,0,30.19,0,4,1886,31.4333,49,0.816667,113,1.88333,51.63,0,0,0,0,0,0,0,0,228,162,7e-04,0.0014,0.0021,0.0044,0.0079,0.0128,0.0152,0.0107,22.04,0.02,0
2025-12-24 20:14:06,0,0,29.75,0,1,18,0.3,0,0,1,0.0166667,26.74,0,0,0,0,0,0,0,0,231,160,3e-04,8e-04,0.0011,0.0023,0.0041,0.0065,0.0076,0.0053,11.68,0.01,0
2025-12-24 20:15:06,0,0,29.5,0,1,0,0,0,0,0,0,27.68,0,0,0,0,0,0,0,0,226,150,3e-04,8e-04,0.0011,0.0024,0.0043,0.0067,0.0079,0.0055,12.13,0.01,0
2025-12-24 20:16:06,0,0,29.38,0,1,32,0.533333,0,0,0,0,28.5,0,0,0,0,0,0,0,0,222,139,4e-04,9e-04,0.0012,0.0025,0.0044,0.007,0.0081,0.0057,12.65,0.01,0
2025-12-24 20:17:06,0,0,29.94,0,1,4174,69.5667,118,1.96667,179,2.98333,24.1,0,0,0,0,0,0,0,0,217,156,3e-04,7e-04,0.001,0.0021,0.0037,0.0059,0.007,0.005,10.66,0.01,0
2025-12-24 20:18:06,0,0,29.94,0,1,5744,95.7333,146,2.43333,253,4.21667,26.66,0,0,0,0,0,0,0,0,207,151,4e-04,8e-04,0.0011,0.0023,0.0041,0.0066,0.0078,0.0058,11.39,0.01,0
2025-12-24 20:19:06,0,0,29.75,0,1,6228,103.8,194,3.23333,320,5.33333,18.95,0,0,0,0,0,0,0,0,204,124,2e-04,5e-04,7e-04,0.0016,0.0029,0.0048,0.0057,0.0043,7.53,0.01,0
2025-12-24 20:20:06,0,0,29.94,0,1,2361,39.35,50,0.833333,130,2.16667,23.2,0,0,0,0,0,0,0,0,176,118,3e-04,6e-04,9e-04,0.002,0.0036,0.0058,0.0069,0.005,9.36,0.01,0
2025-12-24 20:21:06,0,0,30,0,1,1652,27.5333,33,0.55,86,1.43333,29.51,0,0,0,0,0,0,0,0,222,153,4e-04,8e-04,0.0012,0.0025,0.0045,0.0073,0.0087,0.0062,12.33,0.01,0
2025-12-24 20:22:06,0,0,30.12,0,1,767,12.7833,21,0.35,38,0.633333,44.03,0,0,0,0,0,0,0,0,167,111,6e-04,0.0012,0.0019,0.0038,0.0067,0.0108,0.0126,0.0087,19.44,0.02,0
2025-12-24 20:23:06,0,0,30.12,0,1,1957,32.6167,33,0.55,129,2.15,26.11,0,0,0,0,0,0,0,0,208,151,3e-04,7e-04,0.001,0.0022,0.004,0.0065,0.0077,0.0055,10.68,0.01,0
2025-12-24 20:24:06,0,0,30.12,0,1,98,1.63333,0,0,5,0.0833333,24.11,0,0,0,0,0,0,0,0,212,155,3e-04,6e-04,0.001,0.002,0.0037,0.006,0.0071,0.005,9.98,0.01,0
2025-12-24 20:25:06,0,0,30,0,1,111,1.85,0,0,3,0.05,21.45,0,0,0,0,0,0,0,0,224,160,3e-04,6e-04,8e-04,0.0018,0.0033,0.0054,0.0064,0.0044,8.69,0.01,0
2025-12-24 20:26:06,0,0,30.31,0,1,389,6.48333,3,0.05,21,0.35,26.6,0,0,0,0,0,0,0,0,208,155,3e-04,7e-04,0.0011,0.0022,0.0041,0.0066,0.0078,0.0055,11.08,0.01,0
2025-12-24 20:27:06,0,0,30.12,0,1,1378,22.9667,40,0.666667,76,1.26667,25.77,0,0,0,0,0,0,0,0,218,167,3e-04,8e-04,0.001,0.0022,0.004,0.0063,0.0074,0.0052,11.21,0.01,0
2025-12-24 20:28:06,0,0,30.19,0,8,1075,17.9167,31,0.516667,59,0.983333,29.52,0,0,0,0,0,0,0,0,215,170,4e-04,9e-04,0.0012,0.0025,0.0045,0.0072,0.0084,0.0059,12.87,0.01,0
2025-12-24 20:29:06,0,0,30.31,0,4,1414,23.5667,33,0.55,67,1.11667,37.29,0,0,0,0,0,0,0,0,209,148,5e-04,0.001,0.0015,0.0032,0.0057,0.0092,0.0108,0.0076,15.83,0.02,0
2025-12-24 20:30:06,0,0,30.25,0,1,5982,99.7,203,3.38333,220,3.66667,18.58,0,0,0,0,0,0,0,0,216,116,2e-04,5e-04,7e-04,0.0014,0.0029,0.0047,0.0056,0.0041,6.77,0.01,0
2025-12-24 20:31:06,0,0,30.19,0,32,2018,33.6333,34,0.566667,130,2.16667,7.56,0,0,0,0,0,0,0,0,227,166,1e-04,2e-04,2e-04,6e-04,0.0012,0.0019,0.0023,0.0018,2.47,0,0
2025-12-24 20:32:06,0,0,30.5,0,4,4053,67.55,141,2.35,186,3.1,37.15,0,0,0,0,0,0,0,0,160,102,5e-04,0.001,0.0015,0.0032,0.0057,0.0092,0.0109,0.0077,16.04,0.02,0
2025-12-24 20:33:06,0,0,30.31,0,1,978,16.3,0,0,49,0.816667,44.58,0,0,0,0,0,0,0,0,215,156,6e-04,0.0014,0.0019,0.0039,0.0069,0.0107,0.0123,0.0084,20.46,0.02,0
2025-12-24 20:34:06,0,0,30.06,0,1,2582,43.0333,46,0.766667,163,2.71667,31.5,0,0,0,0,0,0,0,0,202,116,4e-04,9e-04,0.0013,0.0028,0.0048,0.0077,0.0089,0.0062,14.08,0.01,0
2025-12-24 20:35:06,0,0,30.06,0,1,977,16.2833,23,0.383333,54,0.9,28.37,0,0,0,0,0,0,0,0,221,164,3e-04,7e-04,0.0011,0.0024,0.0043,0.007,0.0084,0.006,11.79,0.01,0
2025-12-24 20:36:06,0,0,30,0,1,141,2.35,0,0,8,0.133333,20.9,0,0,0,0,0,0,0,0,221,158,2e-04,5e-04,8e-04,0.0017,0.0032,0.0052,0.0061,0.0043,8.58,0.01,0
2025-12-24 20:37:06,0,0,29.81,0,1,998,16.6333,13,0.216667,60,1,22.96,0,0,0,0,0,0,0,0,209,158,3e-04,6e-04,9e-04,0.0019,0.0035,0.0057,0.0067,0.0048,9.43,0.01,0
2025-12-24 20:38:06,0,0,29.44,0,1,120,2,1,0.0166667,8,0.133333,29.1,0,0,0,0,0,0,0,0,227,182,4e-04,8e-04,0.0012,0.0025,0.0045,0.0072,0.0085,0.006,12.39,0.01,0
2025-12-24 20:39:06,0,0,30,0,1,997,16.6167,29,0.483333,53,0.883333,27.51,0,0,0,0,0,0,0,0,214,162,3e-04,7e-04,0.0011,0.0024,0.0042,0.0068,0.008,0.0056,11.8,0.01,0
2025-12-24 20:40:06,0,0,30.12,0,1,1649,27.4833,37,0.616667,88,1.46667,32.04,0,0,0,0,0,0,0,0,217,154,4e-04,9e-04,0.0013,0.0028,0.0049,0.0079,0.0092,0.0065,14.03,0.01,0
2025-12-24 20:41:06,0,0,30.31,0,16,2873,47.8833,72,1.2,160,2.66667,53.27,0,0,0,0,0,0,0,0,193,156,7e-04,0.0015,0.0022,0.0044,0.0081,0.0131,0.0154,0.0107,22.91,0.02,0
2025-12-24 20:42:06,0,0,30.56,0,1,7534,125.567,183,3.05,449,7.48333,15.5,0,0,0,0,0,0,0,0,204,133,2e-04,4e-04,6e-04,0.0014,0.0024,0.0039,0.0045,0.0033,6.45,0.01,0
2025-12-24 20:43:06,0,0,30.31,0,1,10201,170.017,316,5.26667,570,9.5,10.97,0,0,0,0,0,0,0,0,197,148,1e-04,2e-04,4e-04,8e-04,0.0017,0.0028,0.0033,0.0024,3.85,0.01,0
2025-12-24 20:44:06,0,0,30.31,0,1,4523,75.3833,100,1.66667,300,5,0,0,0,0,0,0,0,0,0,205,146,0,0,0,0,0,0,0,0,0,0,0
2025-12-24 20:45:06,0,0,30.19,0,1,11885,198.083,399,6.65,595,9.91667,0.03,0,0,0,0,0,0,0,0,194,138,0,0,0,0,0,0,0,0,0.04,0,0
2025-12-24 20:46:06,0,0,30.19,0,1,7111,118.517,154,2.56667,406,6.76667,0.1,0,0,0,0,0,0,0,0,202,146,0,0,0,0,0,1e-04,0,0,0,0,0
2025-12-24 20:47:06,0,0,30.19,0,1,9894,164.9,296,4.93333,506,8.43333,0.23,0,0,0,0,0,0,0,0,215,134,0,0,0,0,0,1e-04,0,0,0,0,0
2025-12-24 20:48:06,0,0,29.31,0,1,7874,131.233,250,4.16667,440,7.33333,0.31,0,0,0,0,0,0,0,0,215,154,0,0,0,0,1e-04,1e-04,1e-04,0,0,0,0
2025-12-24 20:49:06,0,0,28.88,0,1,11112,185.2,392,6.53333,516,8.6,0,0,0,0,0,0,0,0,0,210,150,0,0,0,0,0,0,0,0,0,0,0
2025-12-24 20:50:06,0,0,28.44,0,1,12849,214.15,461,7.68333,558,9.3,0,0,0,0,0,0,0,0,0,180,129,0,0,0,0,0,0,0,0,0,0,0
2025-12-24 20:51:06,0,0,28.19,0,1,9841,164.017,281,4.68333,529,8.81667,0,0,0,0,0,0,0,0,0,233,171,0,0,0,0,0,0,0,0,0,0,0
2025-12-24 20:52:06,0,0,27.88,0,1,5943,99.05,125,2.08333,407,6.78333,0,0,0,0,0,0,0,0,0,231,171,0,0,0,0,0,0,0,0,0,0,0
2025-12-24 20:53:06,0,0,27.94,0,1,7260,121,166,2.76667,517,8.61667,0,0,0,0,0,0,0,0,0,201,149,0,0,0,0,0,0,0,0,0,0,0
2025-12-24 20:54:06,0,0,27.94,0,1,12374,206.233,476,7.93333,561,9.35,0,0,0,0,0,0,0,0,0,183,129,0,0,0,0,0,0,0,0,0,0,0
2025-12-24 20:55:06,0,0,27.62,0,1,9076,151.267,284,4.73333,492,8.2,0,0,0,0,0,0,0,0,0,230,169,0,0,0,0,0,0,0,0,0,0,0
2025-12-24 20:56:06,0,0,27.62,0,1,5194,86.5667,169,2.81667,264,4.4,17.35,0,0,0,0,0,0,0,0,211,161,2e-04,5e-04,7e-04,0.0014,0.0027,0.0043,0.0051,0.0039,6.96,0.01,0
2025-12-24 20:57:06,0,0,27.12,0,1,2963,49.3833,63,1.05,146,2.43333,29.85,0,0,0,0,0,0,0,0,224,161,4e-04,8e-04,0.0012,0.0026,0.0045,0.0073,0.0088,0.0065,12.92,0.01,0
2025-12-24 20:58:06,0,0,26.69,0,1,1443,24.05,22,0.366667,81,1.35,17.55,0,0,0,0,0,0,0,0,227,142,2e-04,4e-04,6e-04,0.0014,0.0027,0.0044,0.0052,0.0039,6.78,0.01,0
2025-12-24 20:59:06,0,0,26.38,0,1,1007,16.7833,23,0.383333,50,0.833333,8.03,0,0,0,0,0,0,0,0,212,113,1e-04,1e-04,2e-04,6e-04,0.0012,0.002,0.0024,0.0019,2.49,0,0
2025-12-24 21:00:06,0,0,26.31,0,1,863,14.3833,26,0.433333,27,0.45,9.62,0,0,0,0,0,0,0,0,229,158,1e-04,2e-04,3e-04,8e-04,0.0015,0.0024,0.0028,0.002,3.58,0,0
2025-12-24 21:01:06,0,0,26.75,0,1,1013,16.8833,23,0.383333,55,0.916667,11.63,0,0,0,0,0,0,0,0,225,160,1e-04,3e-04,4e-04,9e-04,0.0018,0.0029,0.0035,0.0025,4.47,0.01,0
2025-12-24 21:02:06,0,0,27.69,0,1,1833,30.55,43,0.716667,110,1.83333,20.04,0,0,0,0,0,0,0,0,218,153,2e-04,5e-04,7e-04,0.0016,0.0031,0.005,0.006,0.0044,7.88,0.01,0
2025-12-24 21:03:06,0,0,28,0,1,3373,56.2167,100,1.66667,147,2.45,22.14,0,0,0,0,0,0,0,0,201,128,3e-04,5e-04,8e-04,0.0018,0.0034,0.0055,0.0067,0.0051,8.46,0.01,0
2025-12-24 21:04:06,0,0,28.44,0,1,1841,30.6833,28,0.466667,123,2.05,19.42,0,0,0,0,0,0,0,0,166,103,2e-04,5e-04,7e-04,0.0016,0.003,0.0048,0.0059,0.0045,7.62,0.01,0
2025-12-24 21:05:06,0,0,28.75,0,1,2213,36.8833,62,1.03333,112,1.86667,21.07,0,0,0,0,0,0,0,0,163,109,2e-04,5e-04,8e-04,0.0017,0.0032,0.0053,0.0063,0.0048,8.22,0.01,0
2025-12-24 21:06:06,0,0,28.75,0,1,626,10.4333,9,0.15,36,0.6,21.07,0,0,0,0,0,0,0,0,190,142,2e-04,5e-04,8e-04,0.0017,0.0032,0.0053,0.0063,0.0049,8.29,0.01,0
2025-12-24 21:07:06,0,0,28.69,0,1,1111,18.5167,12,0.2,80,1.33333,30.94,0,0,0,0,0,0,0,0,143,103,4e-04,8e-04,0.0012,0.0026,0.0047,0.0077,0.009,0.0064,12.97,0.01,0
2025-12-24 21:08:06,0,0,29.06,0,1,507,8.45,8,0.133333,31,0.516667,20.93,0,0,0,0,0,0,0,0,222,150,2e-04,5e-04,8e-04,0.0017,0.0032,0.0052,0.0062,0.0045,8.42,0.01,0
2025-12-24 21:09:06,0,0,29.69,0,1,468,7.8,6,0.1,34,0.566667,37.83,0,0,0,0,0,0,0,0,154,128,4e-04,0.001,0.0015,0.0032,0.0058,0.0093,0.0111,0.0077,15.94,0.02,0
2025-12-24 21:10:06,0,0,29.88,0,1,1648,27.4667,46,0.766667,100,1.66667,27.77,0,0,0,0,0,0,0,0,207,146,3e-04,7e-04,0.0011,0.0023,0.0042,0.0069,0.0081,0.0058,11.64,0.01,0
2025-12-24 21:11:06,0,0,29.62,0,1,81,1.35,0,0,1,0.0166667,29.48,0,0,0,0,0,0,0,0,214,157,3e-04,8e-04,0.0012,0.0025,0.0045,0.0073,0.0086,0.006,12.44,0.01,0
2025-12-24 21:12:06,0,0,30.25,0,1,598,9.96667,6,0.1,42,0.7,13.97,0,0,0,0,0,0,0,0,211,124,2e-04,4e-04,5e-04,0.0012,0.0021,0.0035,0.0041,0.0029,5.88,0.01,0
2025-12-24 21:13:06,0,0,30.62,0,32,2479,41.3167,59,0.983333,140,2.33333,11.33,0,0,0,0,0,0,0,0,190,142,1e-04,3e-04,5e-04,0.001,0.0017,0.0028,0.0033,0.0023,5.15,0.01,0
2025-12-24 21:14:06,0,0,30.44,0,1,348,5.8,4,0.0666667,26,0.433333,24.2,0,0,0,0,0,0,0,0,189,106,3e-04,6e-04,9e-04,0.002,0.0037,0.006,0.0071,0.005,10.2,0.01,0
2025-12-24 21:15:06,0,0,30.38,0,1,5778,96.3,208,3.46667,279,4.65,37.25,0,0,0,0,0,0,0,0,227,160,4e-04,0.001,0.0015,0.0032,0.0057,0.0091,0.0108,0.0075,16.11,0.02,0
2025-12-24 21:16:06,0,0,30.75,0,4,1998,33.3,42,0.7,96,1.6,34.62,0,0,0,0,0,0,0,0,165,103,4e-04,0.0012,0.0014,0.0031,0.0053,0.0083,0.0097,0.0067,16.2,0.02,0
2025-12-24 21:17:06,0,0,30.56,0,1,8333,138.883,258,4.3,398,6.63333,27.46,0,0,0,0,0,0,0,0,183,121,3e-04,0.001,0.0012,0.0025,0.0043,0.0064,0.007,0.0047,13.47,0.01,0
2025-12-24 21:18:06,0,0,30.5,0,1,4419,73.65,110,1.83333,243,4.05,16.22,0,0,0,0,0,0,0,0,203,164,2e-04,5e-04,6e-04,0.0014,0.0025,0.004,0.0047,0.0034,7.06,0.01,0
2025-12-24 21:19:06,0,0,30.62,0,32,2266,37.7667,34,0.566667,144,2.4,1.45,0,0,0,0,0,0,0,0,178,101,0,0,0,1e-04,2e-04,4e-04,4e-04,3e-04,0.44,0,0
2025-12-24 21:20:06,0,0,31,0,1,2486,41.4333,57,0.95,121,2.01667,12.96,0,0,0,0,0,0,0,0,139,100,1e-04,3e-04,5e-04,0.001,0.002,0.0033,0.0039,0.0027,4.96,0.01,0
2025-12-24 21:21:06,0,0,31.19,0,1,4879,81.3167,145,2.41667,246,4.1,30.37,0,0,0,0,0,0,0,0,197,154,4e-04,9e-04,0.0013,0.0027,0.0046,0.0074,0.0087,0.006,13.89,0.01,0
2025-12-24 21:22:06,0,0,31.19,0,1,4659,77.65,122,2.03333,251,4.18333,35.01,0,0,0,0,0,0,0,0,193,168,4e-04,0.001,0.0015,0.003,0.0053,0.0086,0.0102,0.0071,15.48,0.02,0
2025-12-24 21:23:06,0,0,31.62,0,1,1878,31.3,48,0.8,106,1.76667,8.56,0,0,0,0,0,0,0,0,182,103,1e-04,2e-04,3e-04,7e-04,0.0013,0.0021,0.0025,0.0018,3.21,0,0
2025-12-24 21:24:06,0,0,31.25,0,1,2610,43.5,78,1.3,111,1.85,30.76,0,0,0,0,0,0,0,0,210,159,3e-04,8e-04,0.0012,0.0026,0.0047,0.0076,0.0089,0.0062,12.97,0.01,0
2025-12-24 21:25:06,0,0,30.94,0,1,1514,25.2333,40,0.666667,79,1.31667,23.28,0,0,0,0,0,0,0,0,223,156,2e-04,6e-04,9e-04,0.0019,0.0036,0.0057,0.0068,0.0048,9.55,0.01,0
2025-12-24 21:26:06,0,0,30.94,0,1,2785,46.4167,60,1,139,2.31667,33.62,0,0,0,0,0,0,0,0,216,156,4e-04,9e-04,0.0014,0.0028,0.0051,0.0083,0.0098,0.0068,14.38,0.01,0
2025-12-24 21:27:06,0,0,30.81,0,1,4671,77.85,122,2.03333,241,4.01667,48.77,0,0,0,0,0,0,0,0,225,161,6e-04,0.0016,0.0022,0.0043,0.0075,0.0115,0.0129,0.0087,23.66,0.02,0
2025-12-24 21:28:06,0,0,31,0,1,2779,46.3167,50,0.833333,173,2.88333,33.76,0,0,0,0,0,0,0,0,209,144,4e-04,0.001,0.0014,0.0029,0.0052,0.0082,0.0095,0.0066,15.18,0.02,0
2025-12-24 21:29:06,0,0,31.12,0,1,284,4.73333,1,0.0166667,13,0.216667,11.42,0,0,0,0,0,0,0,0,202,128,1e-04,3e-04,4e-04,0.001,0.0018,0.0028,0.0032,0.0023,4.86,0.01,0
2025-12-24 21:30:06,0,0,31,0,1,832,13.8667,10,0.166667,45,0.75,19.93,0,0,0,0,0,0,0,0,173,114,2e-04,6e-04,8e-04,0.0017,0.003,0.0049,0.0057,0.004,8.54,0.01,0
2025-12-24 21:31:06,0,0,31.12,0,1,2055,34.25,36,0.6,130,2.16667,28.77,0,0,0,0,0,0,0,0,188,106,3e-04,8e-04,0.0012,0.0025,0.0044,0.007,0.0082,0.0057,12.81,0.01,0
2025-12-24 21:32:06,0,0,30.94,0,1,301,5.01667,0,0,18,0.3,19.48,0,0,0,0,0,0,0,0,224,175,2e-04,6e-04,8e-04,0.0017,0.003,0.0048,0.0056,0.0039,8.45,0.01,0
2025-12-24 21:33:06,0,0,30.88,0,1,336,5.6,1,0.0166667,10,0.166667,19.33,0,0,0,0,0,0,0,0,190,140,2e-04,5e-04,7e-04,0.0016,0.003,0.0048,0.0056,0.0039,7.98,0.01,0
2025-12-24 21:34:06,0,0,30.88,0,1,18,0.3,0,0,1,0.0166667,24.06,0,0,0,0,0,0,0,0,212,153,3e-04,7e-04,0.001,0.002,0.0037,0.0059,0.0068,0.0048,10.45,0.01,0
2025-12-24 21:35:06,0,0,30.94,0,1,452,7.53333,3,0.05,21,0.35,28.08,0,0,0,0,0,0,0,0,162,105,3e-04,8e-04,0.0011,0.0024,0.0043,0.0069,0.008,0.0055,12.2,0.01,0
2025-12-24 21:36:06,0,0,31.38,0,1,5121,85.35,116,1.93333,330,5.5,33.77,0,0,0,0,0,0,0,0,205,149,4e-04,0.001,0.0014,0.0029,0.0052,0.0081,0.0094,0.0065,15.08,0.01,0
2025-12-24 21:37:06,0,0,31.44,0,1,2379,39.65,53,0.883333,113,1.88333,11.98,0,0,0,0,0,0,0,0,201,107,2e-04,4e-04,5e-04,0.0011,0.0018,0.0029,0.0033,0.0024,5.52,0.01,0
2025-12-24 21:38:06,0,0,31.06,0,1,628,10.4667,11,0.183333,31,0.516667,25.27,0,0,0,0,0,0,0,0,187,155,3e-04,7e-04,0.001,0.0022,0.0039,0.0061,0.0071,0.0049,11.24,0.01,0
2025-12-24 21:39:06,0,0,31.38,0,1,644,10.7333,8,0.133333,44,0.733333,23.47,0,0,0,0,0,0,0,0,167,100,3e-04,7e-04,0.001,0.002,0.0036,0.0056,0.0065,0.0045,10.61,0.01,0
2025-12-24 21:40:06,0,0,31.44,0,1,765,12.75,2,0.0333333,34,0.566667,22.76,0,0,0,0,0,0,0,0,196,137,2e-04,7e-04,9e-04,0.0019,0.0035,0.0056,0.0064,0.0045,9.93,0.01,0
2025-12-24 21:41:06,0,0,31.62,0,1,3012,50.2,65,1.08333,188,3.13333,18.52,0,0,0,0,0,0,0,0,165,112,2e-04,5e-04,8e-04,0.0016,0.0028,0.0045,0.0053,0.0037,8.2,0.01,0
2025-12-24 21:42:06,0,0,31.81,0,16,1380,23,29,0.483333,73,1.21667,17.55,0,0,0,0,0,0,0,0,185,104,2e-04,6e-04,7e-04,0.0016,0.0027,0.0042,0.0048,0.0033,8.35,0.01,0
2025-12-24 21:43:06,0,0,31.81,0,1,1682,28.0333,29,0.483333,93,1.55,41.86,0,0,0,0,0,0,0,0,178,114,5e-04,0.0011,0.0017,0.0034,0.0064,0.0103,0.0121,0.0085,17.51,0.02,0
2025-12-24 21:44:06,0,0,31.62,0,1,1457,24.2833,24,0.4,76,1.26667,9.41,0,0,0,0,0,0,0,0,178,105,1e-04,3e-04,3e-04,8e-04,0.0015,0.0023,0.0027,0.0019,3.74,0,0
2025-12-24 21:45:06,0,0,31.69,0,1,1009,16.8167,27,0.45,45,0.75,29.11,0,0,0,0,0,0,0,0,161,145,3e-04,0.001,0.0012,0.0026,0.0045,0.0068,0.0076,0.0051,14.12,0.01,0
2025-12-24 21:46:06,0,0,31.5,0,1,27,0.45,0,0,1,0.0166667,48.51,0,0,0,0,0,0,0,0,160,145,6e-04,0.0019,0.0022,0.0045,0.0076,0.011,0.0117,0.0076,25.74,0.02,0
2025-12-24 21:47:06,0,0,31.31,0,1,94,1.56667,0,0,11,0.183333,52.23,0,0,0,0,0,0,0,0,158,146,6e-04,0.002,0.0024,0.0048,0.0082,0.0119,0.0128,0.0083,27.6,0.02,0
2025-12-24 21:48:06,0,0,31.19,0,1,797,13.2833,17,0.283333,34,0.566667,45.5,0,0,0,0,0,0,0,0,171,128,5e-04,0.0018,0.002,0.0042,0.0071,0.0104,0.0112,0.0072,24.05,0.02,0
2025-12-24 21:49:06,0,0,31.38,0,8,955,15.9167,24,0.4,63,1.05,13.68,0,0,0,0,0,0,0,0,176,128,1e-04,4e-04,5e-04,0.0012,0.0021,0.0033,0.0038,0.0028,5.83,0.01,0
2025-12-24 21:50:06,0,0,31.38,0,8,0,0,0,0,0,0,11.05,0,0,0,0,0,0,0,0,166,129,1e-04,3e-04,4e-04,9e-04,0.0017,0.0027,0.0031,0.0022,4.51,0,0
2025-12-24 21:51:06,0,0,31.5,0,8,7,0.116667,0,0,0,0,9.86,0,0,0,0,0,0,0,0,166,128,1e-04,2e-04,4e-04,8e-04,0.0016,0.0024,0.0027,0.002,3.83,0,0
2025-12-24 21:52:06,0,0,31.69,0,8,294,4.9,6,0.1,16,0.266667,13.02,0,0,0,0,0,0,0,0,167,137,1e-04,4e-04,5e-04,0.0011,0.002,0.0032,0.0037,0.0027,5.43,0.01,0
2025-12-24 21:53:06,0,0,31.56,0,4,1108,18.4667,27,0.45,50,0.833333,28.07,0,0,0,0,0,0,0,0,144,100,3e-04,8e-04,0.0012,0.0024,0.0043,0.0067,0.0076,0.0053,12.8,0.01,0
2025-12-24 21:54:06,0,0,31.81,0,1,2005,33.4167,43,0.716667,105,1.75,38.76,0,0,0,0,0,0,0,0,147,99,4e-04,0.0012,0.0016,0.0033,0.006,0.0093,0.0107,0.0074,17.54,0.02,0
2025-12-24 21:55:06,0,0,31.5,0,1,314,5.23333,3,0.05,26,0.433333,15.08,0,0,0,0,0,0,0,0,166,111,2e-04,4e-04,6e-04,0.0013,0.0023,0.0037,0.0044,0.0032,6.03,0.01,0
2025-12-24 21:56:06,0,0,31.62,0,1,325,5.41667,6,0.1,16,0.266667,25.64,0,0,0,0,0,0,0,0,172,100,3e-04,7e-04,0.001,0.0022,0.0039,0.0063,0.0074,0.0052,10.88,0.01,0
2025-12-24 21:57:06,0,0,31.81,0,1,22,0.366667,0,0,0,0,10.42,0,0,0,0,0,0,0,0,174,99,1e-04,3e-04,4e-04,9e-04,0.0016,0.0026,0.003,0.0021,4.02,0,0
2025-12-24 21:58:06,0,0,31.94,0,1,240,4,1,0.0166667,10,0.166667,11.35,0,0,0,0,0,0,0,0,184,101,1e-04,3e-04,4e-04,9e-04,0.0018,0.0028,0.0033,0.0023,4.5,0.01,0
2025-12-24 21:59:06,0,0,32.06,0,1,620,10.3333,8,0.133333,26,0.433333,28.18,0,0,0,0,0,0,0,0,183,104,3e-04,8e-04,0.0011,0.0024,0.0043,0.0069,0.0081,0.0057,12.05,0.01,0
2025-12-24 22:00:06,0,0,32.12,0,16,1708,28.4667,29,0.483333,100,1.66667,16.33,0,0,0,0,0,0,0,0,206,139,2e-04,6e-04,7e-04,0.0015,0.0025,0.0039,0.0044,0.003,8.15,0.01,0
2025-12-24 22:01:06,0,0,32.25,0,4,1264,21.0667,32,0.533333,58,0.966667,48.1,0,0,0,0,0,0,0,0,149,99,6e-04,0.0014,0.002,0.004,0.0074,0.0118,0.0137,0.0094,21.05,0.02,0
2025-12-24 22:02:06,0,0,32.12,0,8,1194,19.9,20,0.333333,76,1.26667,23.56,0,0,0,0,0,0,0,0,193,136,3e-04,7e-04,9e-04,0.002,0.0036,0.0057,0.0066,0.0046,10.39,0.01,0
2025-12-24 22:03:06,0,0,31.75,0,1,4229,70.4833,104,1.73333,228,3.8,28.66,0,0,0,0,0,0,0,0,207,171,3e-04,8e-04,0.0012,0.0025,0.0044,0.007,0.0081,0.0056,12.8,0.01,0
2025-12-24 22:04:06,0,0,31.56,0,2,279,4.65,1,0.0166667,20,0.333333,19.75,0,0,0,0,0,0,0,0,179,101,2e-04,5e-04,7e-04,0.0016,0.003,0.0049,0.0059,0.0045,7.61,0.01,0
2025-12-24 22:05:06,0,0,31.38,0,2,0,0,0,0,0,0,14.16,0,0,0,0,0,0,0,0,183,100,2e-04,3e-04,5e-04,0.0012,0.0022,0.0036,0.0043,0.0035,5.11,0.01,0
2025-12-24 22:06:06,0,0,31.06,0,16,317,5.28333,2,0.0333333,19,0.316667,60.1,0,0,0,0,0,0,0,0,211,136,7e-04,0.0016,0.0024,0.005,0.0092,0.0148,0.0174,0.0119,25.68,0.03,0
2025-12-24 22:07:06,0,0,30.44,0,2,741,12.35,19,0.316667,44,0.733333,35.58,0,0,0,0,0,0,0,0,230,164,4e-04,9e-04,0.0014,0.0029,0.0054,0.0088,0.0104,0.0072,14.63,0.02,0
2025-12-24 22:08:06,0,0,29.62,0,2,120,2,0,0,7,0.116667,17.04,0,0,0,0,0,0,0,0,239,174,2e-04,4e-04,6e-04,0.0013,0.0026,0.0043,0.0052,0.0038,6.26,0.01,0
2025-12-24 22:09:06,0,0,29.25,0,2,0,0,0,0,0,0,17.53,0,0,0,0,0,0,0,0,239,184,2e-04,4e-04,6e-04,0.0014,0.0027,0.0045,0.0053,0.0038,6.32,0.01,0
2025-12-24 22:10:06,0,0,29.81,0,2,157,2.61667,2,0.0333333,11,0.183333,16.04,0,0,0,0,0,0,0,0,224,162,2e-04,4e-04,5e-04,0.0013,0.0025,0.004,0.0049,0.0038,5.73,0.01,0
2025-12-24 22:11:06,0,0,29.81,0,2,87,1.45,2,0.0333333,5,0.0833333,15.63,0,0,0,0,0,0,0,0,227,164,2e-04,4e-04,6e-04,0.0012,0.0024,0.004,0.0048,0.0039,5.64,0.01,0
2025-12-24 22:12:06,0,0,31.31,0,16,430,7.16667,12,0.2,29,0.483333,0,0,0,0,0,0,0,0,0,171,114,0,0,0,0,0,0,0,0,0,0,0
2025-12-24 22:13:06,0,0,31.56,0,16,73,1.21667,0,0,4,0.0666667,29.24,0,0,0,0,0,0,0,0,166,115,4e-04,8e-04,0.0013,0.0026,0.0044,0.0072,0.0085,0.0058,12.98,0.01,0
2025-12-24 22:14:06,0,0,32,0,16,129,2.15,0,0,10,0.166667,45.23,0,0,0,0,0,0,0,0,181,130,5e-04,0.0012,0.0019,0.0039,0.0069,0.0111,0.013,0.0089,19.91,0.02,0
2025-12-24 22:15:06,0,0,32,0,16,1487,24.7833,42,0.7,60,1,37.46,0,0,0,0,0,0,0,0,219,167,5e-04,0.001,0.0015,0.0031,0.0057,0.0092,0.0108,0.0074,15.98,0.02,0
2025-12-24 22:16:06,0,0,32,0,1,2400,40,83,1.38333,77,1.28333,48.46,0,0,0,0,0,0,0,0,160,128,6e-04,0.0013,0.002,0.004,0.0074,0.012,0.0142,0.0099,20.47,0.02,0
2025-12-24 22:17:06,0,0,32,0,16,326,5.43333,10,0.166667,15,0.25,41.78,0,0,0,0,0,0,0,0,192,107,5e-04,0.0011,0.0017,0.0034,0.0064,0.0104,0.0123,0.0087,17.23,0.02,0
2025-12-24 22:18:06,0,0,31.75,0,16,453,7.55,17,0.283333,12,0.2,51.81,0,0,0,0,0,0,0,0,194,118,6e-04,0.0013,0.002,0.0043,0.0079,0.0129,0.0152,0.0104,21.59,0.02,0
2025-12-24 22:19:06,0,0,31.62,0,16,17,0.283333,0,0,0,0,52.2,0,0,0,0,0,0,0,0,193,116,6e-04,0.0013,0.0021,0.0043,0.008,0.0129,0.0153,0.0105,21.71,0.02,0
2025-12-24 22:20:06,0,0,31.44,0,1,44,0.733333,0,0,2,0.0333333,53.77,0,0,0,0,0,0,0,0,215,160,7e-04,0.0014,0.0022,0.0044,0.0082,0.0134,0.0158,0.0109,22.75,0.02,0
2025-12-24 22:21:06,0,0,31.38,0,1,10,0.166667,0,0,0,0,53.09,0,0,0,0,0,0,0,0,214,159,6e-04,0.0014,0.0021,0.0044,0.0081,0.0132,0.0156,0.0108,22.18,0.02,0
2025-12-24 22:22:06,0,0,31.62,0,16,113,1.88333,1,0.0166667,3,0.05,47.93,0,0,0,0,0,0,0,0,178,104,6e-04,0.0013,0.0019,0.004,0.0073,0.0119,0.014,0.0097,19.99,0.02,0
2025-12-24 22:23:06,0,0,31.5,0,16,212,3.53333,5,0.0833333,12,0.2,46.63,0,0,0,0,0,0,0,0,207,128,6e-04,0.0012,0.0018,0.0038,0.0071,0.0116,0.0136,0.0093,19.42,0.02,0
2025-12-24 22:24:06,0,0,31.38,0,16,2454,40.9,80,1.33333,118,1.96667,46.09,0,0,0,0,0,0,0,0,202,142,6e-04,0.0012,0.0018,0.0038,0.007,0.0114,0.0134,0.0091,19.52,0.02,0
2025-12-24 22:25:06,0,0,31.12,0,16,1974,32.9,55,0.916667,93,1.55,17.24,0,0,0,0,0,0,0,0,214,166,2e-04,7e-04,8e-04,0.0016,0.0027,0.0039,0.0039,0.0024,9.24,0.01,0
2025-12-24 22:26:06,0,0,30.88,0,16,0,0,0,0,0,0,20.64,0,0,0,0,0,0,0,0,212,168,2e-04,8e-04,9e-04,0.0019,0.0033,0.0046,0.0047,0.0029,10.88,0.01,0
2025-12-24 22:27:06,0,0,30.88,0,16,4,0.0666667,0,0,0,0,20.73,0,0,0,0,0,0,0,0,213,169,2e-04,8e-04,9e-04,0.0019,0.0033,0.0047,0.0047,0.0029,10.94,0.01,0
2025-12-24 22:28:06,0,0,30.94,0,16,23,0.383333,0,0,1,0.0166667,21,0,0,0,0,0,0,0,0,212,168,2e-04,9e-04,9e-04,0.002,0.0034,0.0047,0.0047,0.0029,11.21,0.01,0
2025-12-24 22:29:06,0,0,31.06,0,16,47,0.783333,0,0,0,0,21.41,0,0,0,0,0,0,0,0,212,165,2e-04,9e-04,0.001,0.002,0.0034,0.0048,0.0048,0.0029,11.5,0.01,0
2025-12-24 22:30:06,0,0,31.12,0,16,25,0.416667,0,0,0,0,21.48,0,0,0,0,0,0,0,0,211,163,2e-04,9e-04,9e-04,0.002,0.0034,0.0048,0.0048,0.003,11.35,0.01,0
2025-12-24 22:31:06,0,0,31.19,0,16,0,0,0,0,0,0,21.53,0,0,0,0,0,0,0,0,210,163,2e-04,9e-04,0.001,0.002,0.0034,0.0048,0.0048,0.003,11.56,0.01,0
2025-12-24 22:32:06,0,0,31.31,0,16,0,0,0,0,0,0,21.44,0,0,0,0,0,0,0,0,208,161,2e-04,9e-04,9e-04,0.002,0.0034,0.0048,0.0048,0.0029,11.41,0.01,0
2025-12-24 22:33:06,0,0,31.44,0,16,47,0.783333,0,0,3,0.05,21.25,0,0,0,0,0,0,0,0,209,161,2e-04,8e-04,9e-04,0.002,0.0034,0.0047,0.0048,0.0029,11.26,0.01,0
2025-12-24 22:34:06,0,0,31.62,0,16,1770,29.5,34,0.566667,83,1.38333,12.61,0,0,0,0,0,0,0,0,181,128,1e-04,4e-04,5e-04,0.0011,0.002,0.0029,0.0029,0.0018,6.12,0.01,0
2025-12-24 22:35:06,0,0,32,0,2,529,8.81667,15,0.25,30,0.5,3.71,0,0,0,0,0,0,0,0,224,162,0,1e-04,1e-04,3e-04,6e-04,0.001,0.001,8e-04,0.79,0,0
2025-12-24 22:36:06,0,0,31.5,0,2,246,4.1,0,0,25,0.416667,3.31,0,0,0,0,0,0,0,0,211,153,0,0,0,3e-04,5e-04,9e-04,9e-04,7e-04,0.61,0,0
2025-12-24 22:37:06,0,0,31.56,0,32,1433,23.8833,35,0.583333,100,1.66667,3.06,0,0,0,0,0,0,0,0,210,150,0,0,0,2e-04,5e-04,8e-04,9e-04,6e-04,0.49,0,0
2025-12-24 22:38:06,0,0,30.81,0,2,304,5.06667,4,0.0666667,26,0.433333,5.11,0,0,0,0,0,0,0,0,227,174,0,1e-04,1e-04,4e-04,8e-04,0.0013,0.0014,0.001,1.22,0,0
2025-12-24 22:39:06,0,0,30.62,0,2,483,8.05,17,0.283333,22,0.366667,5.64,0,0,0,0,0,0,0,0,198,155,0,1e-04,1e-04,4e-04,9e-04,0.0015,0.0016,0.0011,1.5,0,0
2025-12-24 22:40:06,0,0,31.19,0,2,3642,60.7,69,1.15,189,3.15,6.7,0,0,0,0,0,0,0,0,215,165,0,1e-04,2e-04,5e-04,0.0011,0.0017,0.0019,0.0013,2.03,0,0
2025-12-24 22:41:06,0,0,30.69,0,2,944,15.7333,19,0.316667,49,0.816667,4.32,0,0,0,0,0,0,0,0,231,165,0,1e-04,1e-04,3e-04,7e-04,0.0011,0.0012,8e-04,1.06,0,0
2025-12-24 22:42:06,0,0,31.12,0,1,2133,35.55,55,0.916667,128,2.13333,8.57,0,0,0,0,0,0,0,0,195,145,1e-04,3e-04,3e-04,8e-04,0.0014,0.002,0.0021,0.0014,3.79,0,0
2025-12-24 22:43:06,0,0,31.25,0,16,871,14.5167,13,0.216667,60,1,9.84,0,0,0,0,0,0,0,0,171,118,1e-04,3e-04,3e-04,8e-04,0.0016,0.0023,0.0025,0.0016,4.19,0,0
2025-12-24 22:44:06,0,0,31.5,0,16,297,4.95,2,0.0333333,25,0.416667,8.94,0,0,0,0,0,0,0,0,171,117,1e-04,3e-04,3e-04,8e-04,0.0014,0.0021,0.0022,0.0015,3.56,0,0
2025-12-24 22:45:06,0,0,31.62,0,16,581,9.68333,16,0.266667,32,0.533333,9.6,0,0,0,0,0,0,0,0,176,119,1e-04,3e-04,3e-04,8e-04,0.0015,0.0023,0.0024,0.0016,4.14,0,0
2025-12-24 22:46:06,0,0,31.81,0,16,709,11.8167,21,0.35,37,0.616667,8.21,0,0,0,0,0,0,0,0,192,143,1e-04,2e-04,3e-04,7e-04,0.0013,0.002,0.0021,0.0014,3.29,0,0
2025-12-24 22:47:06,0,0,31.94,0,1,1298,21.6333,31,0.516667,69,1.15,5.54,0,0,0,0,0,0,0,0,186,153,0,2e-04,2e-04,5e-04,9e-04,0.0013,0.0013,9e-04,2.47,0,0
2025-12-24 22:48:06,0,0,32,0,1,3447,57.45,79,1.31667,226,3.76667,3.46,0,0,0,0,0,0,0,0,212,153,0,1e-04,1e-04,3e-04,6e-04,8e-04,8e-04,6e-04,1.16,0,0
2025-12-24 22:49:06,0,0,32.19,0,1,8336,138.933,266,4.43333,365,6.08333,3.87,0,0,0,0,0,0,0,0,173,128,0,1e-04,1e-04,3e-04,6e-04,9e-04,0.001,6e-04,1.43,0,0
2025-12-24 22:50:06,0,0,31.94,0,8,4910,81.8333,115,1.91667,306,5.1,6.99,0,0,0,0,0,0,0,0,221,161,0,2e-04,3e-04,6e-04,0.0011,0.0016,0.0017,0.0011,3.14,0,0
2025-12-24 22:51:06,0,0,31.81,0,1,4634,77.2333,129,2.15,262,4.36667,11.37,0,0,0,0,0,0,0,0,158,110,1e-04,3e-04,3e-04,9e-04,0.0018,0.0028,0.0031,0.002,4.01,0,0
2025-12-24 22:52:06,0,0,31.62,0,1,5337,88.95,135,2.25,288,4.8,21.22,0,0,0,0,0,0,0,0,169,110,2e-04,6e-04,7e-04,0.0016,0.0033,0.0053,0.0058,0.0037,7.79,0.01,0
2025-12-24 22:53:06,0,0,31.5,0,1,7618,126.967,208,3.46667,476,7.93333,11.75,0,0,0,0,0,0,0,0,198,123,1e-04,3e-04,3e-04,9e-04,0.0018,0.003,0.0033,0.0021,3.84,0,0
2025-12-24 22:54:06,0,0,31.19,0,16,7630,127.167,191,3.18333,516,8.6,14.31,0,0,0,0,0,0,0,0,227,159,2e-04,3e-04,4e-04,0.001,0.0023,0.0036,0.004,0.0025,4.73,0.01,0
2025-12-24 22:55:06,0,1,31,0,16,13083,218.05,367,6.11667,461,7.68333,31.66,0,0,0,0,0,0,0,0,228,162,4e-04,9e-04,0.001,0.0024,0.0049,0.008,0.0088,0.0056,11.9,0.01,0
2025-12-24 22:56:06,0,0,30.88,0,1,29643,494.05,982,16.3667,736,12.2667,13.28,0,0,0,0,0,0,0,0,217,152,1e-04,2e-04,3e-04,8e-04,0.0021,0.0035,0.0041,0.0028,3.33,0.01,0
2025-12-24 22:57:06,0,0,30.81,0,8,7225,120.417,170,2.83333,394,6.56667,6.94,0,0,0,0,0,0,0,0,201,146,1e-04,2e-04,2e-04,6e-04,0.0011,0.0017,0.0018,0.0012,2.63,0,0
2025-12-24 22:58:06,0,0,30.69,0,1,5692,94.8667,144,2.4,337,5.61667,6.18,0,0,0,0,0,0,0,0,211,156,0,1e-04,2e-04,5e-04,0.001,0.0015,0.0017,0.0011,2.01,0,0
2025-12-24 22:59:06,0,0,30.69,0,8,7651,127.517,260,4.33333,396,6.6,13.07,0,0,0,0,0,0,0,0,211,154,1e-04,4e-04,4e-04,0.0011,0.0021,0.0032,0.0035,0.0023,5,0.01,0
2025-12-24 23:00:06,0,0,30.62,0,8,4293,71.55,86,1.43333,283,4.71667,10.8,0,0,0,0,0,0,0,0,224,162,1e-04,3e-04,4e-04,0.001,0.0017,0.0025,0.0027,0.0017,4.74,0,0
2025-12-24 23:01:06,0,0,30.62,0,1,4388,73.1333,102,1.7,316,5.26667,5.47,0,0,0,0,0,0,0,0,148,108,0,1e-04,1e-04,4e-04,9e-04,0.0015,0.0016,0.001,1.28,0,0
2025-12-24 23:02:06,0,0,30.56,0,8,4429,73.8167,83,1.38333,294,4.9,14.08,0,0,0,0,0,0,0,0,219,158,1e-04,4e-04,4e-04,0.0011,0.0022,0.0035,0.0038,0.0024,5.43,0.01,0
2025-12-24 23:03:06,0,0,30.62,0,4,8777,146.283,257,4.28333,596,9.93333,81.96,0,0,0,0,0,0,0,0,181,108,0.0011,0.0024,0.0029,0.0069,0.0125,0.0204,0.0222,0.013,35.13,0.03,0
2025-12-24 23:04:06,0,0,30.75,0,1,22768,379.467,817,13.6167,723,12.05,155.16,0,0,0,0,0,0,0,0,160,108,0.0019,0.0044,0.0055,0.0123,0.0239,0.0389,0.0418,0.0243,64.45,0.06,0
2025-12-24 23:05:06,0,0,30.75,0,8,10106,168.433,342,5.7,484,8.06667,6.7,0,0,0,0,0,0,0,0,198,128,1e-04,2e-04,2e-04,6e-04,0.001,0.0017,0.0019,0.0013,2.63,0,0
2025-12-24 23:06:06,0,0,30.81,0,32,803,13.3833,9,0.15,50,0.833333,7.25,0,0,0,0,0,0,0,0,174,114,1e-04,3e-04,2e-04,7e-04,0.0012,0.0017,0.0018,0.0013,3.16,0,0
2025-12-24 23:07:06,0,0,30.94,0,1,1075,17.9167,20,0.333333,81,1.35,9.02,0,0,0,0,0,0,0,0,213,161,1e-04,3e-04,3e-04,8e-04,0.0015,0.0021,0.0022,0.0015,3.91,0,0
2025-12-24 23:08:06,0,0,31.12,0,16,8887,148.117,281,4.68333,461,7.68333,9.1,0,0,0,0,0,0,0,0,221,162,1e-04,3e-04,4e-04,8e-04,0.0015,0.0021,0.0021,0.0014,4.28,0,0
2025-12-24 23:09:06,0,0,30.81,0,8,7562,126.033,229,3.81667,357,5.95,1.87,0,0,0,0,0,0,0,0,187,106,0,0,0,1e-04,3e-04,5e-04,5e-04,3e-04,0.39,0,0
2025-12-24 23:10:06,0,0,30.81,0,1,4401,73.35,127,2.11667,218,3.63333,9.92,0,0,0,0,0,0,0,0,174,117,1e-04,4e-04,5e-04,0.001,0.0015,0.0022,0.0022,0.0014,5.8,0,0
2025-12-24 23:11:06,0,0,30.81,0,1,211,3.51667,5,0.0833333,8,0.133333,17.46,0,0,0,0,0,0,0,0,177,112,2e-04,7e-04,8e-04,0.0017,0.0028,0.0039,0.0039,0.0024,9.51,0.01,0
2025-12-24 23:12:06,0,0,31.06,0,16,2096,34.9333,45,0.75,156,2.6,17.71,0,0,0,0,0,0,0,0,170,119,2e-04,7e-04,7e-04,0.0016,0.0028,0.004,0.0041,0.0026,8.95,0.01,0
2025-12-24 23:13:06,0,0,31.31,0,1,128,2.13333,0,0,9,0.15,21.73,0,0,0,0,0,0,0,0,169,114,2e-04,9e-04,0.001,0.0021,0.0035,0.0048,0.0048,0.003,12,0.01,0
2025-12-24 23:14:06,0,0,31.62,0,1,6,0.1,0,0,0,0,21.31,0,0,0,0,0,0,0,0,166,113,2e-04,9e-04,0.001,0.002,0.0034,0.0047,0.0047,0.003,11.63,0.01,0
2025-12-24 23:15:06,0,0,31.94,0,1,70,1.16667,0,0,5,0.0833333,20.72,0,0,0,0,0,0,0,0,162,115,2e-04,9e-04,9e-04,0.002,0.0033,0.0046,0.0046,0.0029,11.25,0.01,0
2025-12-24 23:16:06,0,0,32.19,0,1,47,0.783333,0,0,2,0.0333333,17.69,0,0,0,0,0,0,0,0,162,115,2e-04,7e-04,8e-04,0.0017,0.0028,0.0039,0.0039,0.0025,9.51,0.01,0
2025-12-24 23:17:06,0,0,32.31,0,1,1535,25.5833,44,0.733333,81,1.35,17.73,0,0,0,0,0,0,0,0,170,115,2e-04,7e-04,8e-04,0.0017,0.0028,0.0039,0.0039,0.0025,9.39,0.01,0
2025-12-24 23:18:06,0,0,32.5,0,1,18,0.3,0,0,0,0,17.61,0,0,0,0,0,0,0,0,164,116,2e-04,7e-04,8e-04,0.0016,0.0028,0.0039,0.0039,0.0024,9.43,0.01,0
2025-12-24 23:19:06,0,0,32.25,0,1,1644,27.4,29,0.483333,122,2.03333,19.91,0,0,0,0,0,0,0,0,225,163,2e-04,8e-04,9e-04,0.0019,0.0032,0.0044,0.0044,0.0027,10.71,0.01,0
2025-12-24 23:20:06,0,0,32.06,0,16,2417,40.2833,35,0.583333,181,3.01667,16.91,0,0,0,0,0,0,0,0,217,159,2e-04,7e-04,7e-04,0.0016,0.0027,0.0038,0.0039,0.0024,8.78,0.01,0
2025-12-24 23:21:06,0,0,32.19,0,1,1521,25.35,26,0.433333,100,1.66667,13.79,0,0,0,0,0,0,0,0,174,109,1e-04,5e-04,5e-04,0.0012,0.0022,0.0032,0.0033,0.0021,6.42,0.01,0
2025-12-24 23:22:06,0,0,32.38,0,1,0,0,0,0,0,0,19.94,0,0,0,0,0,0,0,0,171,107,2e-04,8e-04,9e-04,0.0019,0.0032,0.0044,0.0044,0.0028,10.85,0.01,0
2025-12-24 23:23:06,0,0,32.5,0,1,0,0,0,0,0,0,21.16,0,0,0,0,0,0,0,0,169,107,2e-04,9e-04,0.001,0.002,0.0034,0.0046,0.0046,0.0029,11.92,0.01,0
2025-12-24 23:24:06,0,0,32.31,0,2,2031,33.85,59,0.983333,119,1.98333,12.2,0,0,0,0,0,0,0,0,218,163,1e-04,5e-04,5e-04,0.0011,0.002,0.0028,0.0029,0.0019,5.83,0.01,0
2025-12-24 23:25:06,0,0,32.44,0,2,1945,32.4167,39,0.65,120,2,12.52,0,0,0,0,0,0,0,0,176,112,1e-04,4e-04,5e-04,0.0011,0.002,0.0029,0.003,0.0019,5.77,0.01,0
2025-12-24 23:26:06,0,0,32.19,0,1,613,10.2167,5,0.0833333,57,0.95,25.68,0,0,0,0,0,0,0,0,217,157,3e-04,0.0011,0.0012,0.0025,0.0041,0.0057,0.0056,0.0035,14.34,0.01,0
2025-12-24 23:27:06,0,0,32.38,0,1,1245,20.75,8,0.133333,115,1.91667,21.66,0,0,0,0,0,0,0,0,161,110,2e-04,9e-04,0.001,0.002,0.0035,0.0048,0.0048,0.003,11.73,0.01,0
2025-12-24 23:28:06,0,0,32.06,0,16,3410,56.8333,95,1.58333,161,2.68333,15.19,0,0,0,0,0,0,0,0,185,121,1e-04,6e-04,6e-04,0.0014,0.0024,0.0034,0.0035,0.0022,7.71,0.01,0
2025-12-24 23:29:06,0,0,32.12,0,1,30,0.5,0,0,2,0.0333333,10.13,0,0,0,0,0,0,0,0,164,107,1e-04,4e-04,4e-04,9e-04,0.0016,0.0023,0.0024,0.0016,4.69,0,0
2025-12-24 23:30:06,0,0,32.12,0,1,1205,20.0833,38,0.633333,73,1.21667,4.13,0,0,0,0,0,0,0,0,214,150,0,1e-04,1e-04,3e-04,7e-04,0.001,0.0011,8e-04,1.43,0,0
2025-12-24 23:31:06,0,0,32.12,0,1,0,0,0,0,0,0,3.86,0,0,0,0,0,0,0,0,201,128,0,1e-04,1e-04,3e-04,6e-04,0.001,0.0011,9e-04,0.94,0,0
2025-12-24 23:32:06,0,0,32.25,0,1,985,16.4167,31,0.516667,54,0.9,3.89,0,0,0,0,0,0,0,0,195,108,0,1e-04,1e-04,3e-04,6e-04,9e-04,0.001,8e-04,1.15,0,0
2025-12-24 23:33:06,0,0,32.06,0,16,1394,23.2333,48,0.8,65,1.08333,11.08,0,0,0,0,0,0,0,0,163,120,1e-04,4e-04,4e-04,0.001,0.0018,0.0026,0.0027,0.0018,5.03,0,0
2025-12-24 23:34:06,0,0,32,0,16,320,5.33333,0,0,43,0.716667,9.19,0,0,0,0,0,0,0,0,160,115,1e-04,3e-04,3e-04,8e-04,0.0015,0.0022,0.0023,0.0016,3.88,0,0
2025-12-24 23:35:06,0,0,31.94,0,16,0,0,0,0,0,0,8.46,0,0,0,0,0,0,0,0,163,113,1e-04,2e-04,3e-04,7e-04,0.0014,0.002,0.0021,0.0015,3.48,0,0
2025-12-24 23:36:06,0,0,31.56,0,16,267,4.45,1,0.0166667,28,0.466667,8.65,0,0,0,0,0,0,0,0,168,117,1e-04,2e-04,3e-04,7e-04,0.0014,0.0021,0.0022,0.0015,3.61,0,0
2025-12-24 23:37:06,0,0,31.5,0,16,0,0,0,0,0,0,8.8,0,0,0,0,0,0,0,0,167,121,1e-04,3e-04,3e-04,8e-04,0.0014,0.0021,0.0022,0.0016,3.72,0,0
2025-12-24 23:38:06,0,0,31.44,0,16,1783,29.7167,59,0.983333,116,1.93333,8.73,0,0,0,0,0,0,0,0,192,128,1e-04,3e-04,3e-04,8e-04,0.0014,0.0021,0.0022,0.0015,3.64,0,0
2025-12-24 23:39:06,0,0,31.44,0,16,1671,27.85,50,0.833333,103,1.71667,8.89,0,0,0,0,0,0,0,0,225,142,1e-04,3e-04,3e-04,8e-04,0.0014,0.002,0.0021,0.0014,4.25,0,0
2025-12-24 23:40:06,0,0,31.62,0,1,1362,22.7,32,0.533333,80,1.33333,8.97,0,0,0,0,0,0,0,0,202,108,1e-04,3e-04,3e-04,8e-04,0.0015,0.0021,0.0021,0.0014,3.94,0,0
2025-12-24 23:41:06,0,0,31.62,0,1,29,0.483333,0,0,0,0,17.03,0,0,0,0,0,0,0,0,195,104,2e-04,8e-04,7e-04,0.0017,0.0027,0.0037,0.0037,0.0023,9.51,0.01,0
2025-12-24 23:42:06,0,0,31.75,0,16,1846,30.7667,53,0.883333,100,1.66667,17.55,0,0,0,0,0,0,0,0,161,104,2e-04,7e-04,8e-04,0.0016,0.0028,0.0039,0.004,0.0025,9.28,0.01,0
2025-12-24 23:43:06,0,0,31.81,0,16,104,1.73333,0,0,7,0.116667,13.24,0,0,0,0,0,0,0,0,160,102,1e-04,5e-04,5e-04,0.0012,0.0021,0.003,0.0031,0.002,6.36,0.01,0
2025-12-24 23:44:06,0,0,31.88,0,16,4331,72.1833,148,2.46667,172,2.86667,10.4,0,0,0,0,0,0,0,0,198,148,1e-04,4e-04,4e-04,9e-04,0.0017,0.0024,0.0025,0.0016,4.66,0,0
2025-12-24 23:45:06,0,0,31.81,0,16,313,5.21667,3,0.05,15,0.25,15.17,0,0,0,0,0,0,0,0,169,121,1e-04,6e-04,6e-04,0.0014,0.0024,0.0034,0.0035,0.0022,7.82,0.01,0
2025-12-24 23:46:06,0,0,31.75,0,16,203,3.38333,4,0.0666667,16,0.266667,13.65,0,0,0,0,0,0,0,0,160,113,1e-04,5e-04,6e-04,0.0013,0.0022,0.0031,0.0031,0.002,6.96,0.01,0
2025-12-24 23:47:06,0,0,31.88,0,16,5,0.0833333,0,0,0,0,12.96,0,0,0,0,0,0,0,0,162,115,1e-04,5e-04,5e-04,0.0012,0.0021,0.0029,0.0029,0.0018,6.63,0.01,0
2025-12-24 23:48:06,0,0,32.12,0,16,70,1.16667,0,0,6,0.1,18.19,0,0,0,0,0,0,0,0,154,108,2e-04,7e-04,8e-04,0.0017,0.0029,0.0041,0.0041,0.0025,9.57,0.01,0
2025-12-24 23:49:06,0,0,32,0,2,506,8.43333,10,0.166667,21,0.35,15,0,0,0,0,0,0,0,0,163,117,2e-04,6e-04,6e-04,0.0014,0.0024,0.0034,0.0034,0.0022,7.51,0.01,0
2025-12-24 23:50:06,0,0,31.75,0,2,15,0.25,0,0,0,0,16.31,0,0,0,0,0,0,0,0,158,120,2e-04,7e-04,7e-04,0.0016,0.0026,0.0036,0.0037,0.0023,8.93,0.01,0
2025-12-24 23:51:06,0,0,31.69,0,2,54,0.9,0,0,2,0.0333333,16.06,0,0,0,0,0,0,0,0,174,122,2e-04,6e-04,7e-04,0.0015,0.0026,0.0036,0.0036,0.0023,8.47,0.01,0
2025-12-24 23:52:06,0,0,31.62,0,2,817,13.6167,15,0.25,53,0.883333,16.86,0,0,0,0,0,0,0,0,176,117,2e-04,7e-04,7e-04,0.0016,0.0027,0.0038,0.0038,0.0024,8.87,0.01,0
2025-12-24 23:53:06,0,0,31.5,0,2,0,0,0,0,0,0,16.35,0,0,0,0,0,0,0,0,173,116,2e-04,7e-04,7e-04,0.0015,0.0026,0.0037,0.0037,0.0023,8.49,0.01,0
2025-12-24 23:54:06,0,0,31.44,0,2,879,14.65,31,0.516667,50,0.833333,16.48,0,0,0,0,0,0,0,0,172,113,2e-04,7e-04,7e-04,0.0015,0.0026,0.0037,0.0037,0.0023,8.6,0.01,0
2025-12-24 23:55:06,0,0,31.38,0,1,1698,28.3,47,0.783333,78,1.3,5.22,0,0,0,0,0,0,0,0,155,135,0,1e-04,1e-04,4e-04,9e-04,0.0013,0.0013,9e-04,1.8,0,0
2025-12-24 23:56:06,0,0,31.31,0,8,1311,21.85,39,0.65,52,0.866667,6.84,0,0,0,0,0,0,0,0,143,111,0,2e-04,2e-04,6e-04,0.0011,0.0016,0.0017,0.0011,2.81,0,0
2025-12-24 23:57:06,0,0,31.31,0,8,8999,149.983,294,4.9,450,7.5,8.41,0,0,0,0,0,0,0,0,188,117,1e-04,2e-04,3e-04,7e-04,0.0013,0.002,0.002,0.0012,3.69,0,0
2025-12-24 23:58:06,0,0,31.19,0,1,6852,114.2,163,2.71667,502,8.36667,0.8,0,0,0,0,0,0,0,0,157,102,0,0,0,1e-04,1e-04,2e-04,2e-04,2e-04,0.09,0,0
2025-12-24 23:59:06,0,0,31.25,0,8,7903,131.717,217,3.61667,482,8.03333,0,0,0,0,0,0,0,0,0,150,134,0,0,0,0,0,0,0,0,0,0,0
2025-12-25 00:00:06,0,0,31.44,0,1,6440,107.333,164,2.73333,351,5.85,0,0,0,0,0,0,0,0,0,137,102,0,0,0,0,0,0,0,0,0,0,0
2025-12-25 00:01:06,0,0,31.19,0,1,5826,97.1,109,1.81667,331,5.51667,0,0,0,0,0,0,0,0,0,162,122,0,0,0,0,0,0,0,0,0,0,0
2025-12-25 00:02:06,0,0,31.44,0,1,7196,119.933,132,2.2,383,6.38333,0,0,0,0,0,0,0,0,0,139,101,0,0,0,0,0,0,0,0,0,0,0
2025-12-25 00:03:06,0,0,31.06,0,1,5122,85.3667,119,1.98333,291,4.85,0,0,0,0,0,0,0,0,0,168,139,0,0,0,0,0,0,0,0,0,0,0
2025-12-25 00:04:06,0,0,31,0,1,8419,140.317,235,3.91667,447,7.45,0,0,0,0,0,0,0,0,0,191,144,0,0,0,0,0,0,0,0,0,0,0
2025-12-25 00:05:06,0,0,30.88,0,1,6259,104.317,152,2.53333,353,5.88333,16.99,0,0,0,0,0,0,0,0,164,118,2e-04,4e-04,5e-04,0.0013,0.0027,0.0043,0.0047,0.003,5.86,0.01,0
2025-12-25 00:06:06,0,0,30.81,0,1,1958,32.6333,41,0.683333,148,2.46667,4.9,0,0,0,0,0,0,0,0,193,132,0,1e-04,1e-04,4e-04,8e-04,0.0012,0.0013,9e-04,1.33,0,0
2025-12-25 00:07:06,0,0,30.69,0,1,178,2.96667,0,0,16,0.266667,4.29,0,0,0,0,0,0,0,0,158,108,0,2e-04,1e-04,4e-04,7e-04,0.001,0.001,7e-04,1.82,0,0
2025-12-25 00:08:06,0,0,30.69,0,1,437,7.28333,1,0.0166667,33,0.55,4.39,0,0,0,0,0,0,0,0,153,102,0,1e-04,1e-04,4e-04,7e-04,0.001,0.001,7e-04,1.69,0,0
2025-12-25 00:09:06,0,0,30.81,0,1,340,5.66667,0,0,25,0.416667,4.6,0,0,0,0,0,0,0,0,155,100,0,1e-04,1e-04,4e-04,7e-04,0.001,0.0011,8e-04,1.92,0,0
2025-12-25 00:10:06,0,0,30.75,0,1,2934,48.9,49,0.816667,152,2.53333,3.18,0,0,0,0,0,0,0,0,143,103,0,1e-04,1e-04,3e-04,5e-04,7e-04,7e-04,5e-04,1.28,0,0
2025-12-25 00:11:06,0,0,30.81,0,4,2369,39.4833,68,1.13333,153,2.55,0.02,0,0,0,0,0,0,0,0,150,102,0,0,0,0,0,0,0,0,0.03,0,0
2025-12-25 00:12:06,0,0,30.88,0,4,62,1.03333,0,0,4,0.0666667,0,0,0,0,0,0,0,0,0,150,101,0,0,0,0,0,0,0,0,0,0,0
2025-12-25 00:13:06,0,0,30.94,0,4,113,1.88333,0,0,8,0.133333,0,0,0,0,0,0,0,0,0,148,101,0,0,0,0,0,0,0,0,0,0,0
2025-12-25 00:14:06,0,0,31.06,0,4,379,6.31667,6,0.1,22,0.366667,0,0,0,0,0,0,0,0,0,142,99,0,0,0,0,0,0,0,0,0,0,0
2025-12-25 00:15:06,0,0,31.06,0,4,137,2.28333,1,0.0166667,11,0.183333,0,0,0,0,0,0,0,0,0,140,99,0,0,0,0,0,0,0,0,0,0,0
2025-12-25 00:16:06,0,0,30.94,0,4,1902,31.7,64,1.06667,117,1.95,0,0,0,0,0,0,0,0,0,217,149,0,0,0,0,0,0,0,0,0,0,0
2025-12-25 00:17:06,0,0,30.81,0,1,468,7.8,13,0.216667,27,0.45,0,0,0,0,0,0,0,0,0,215,157,0,0,0,0,0,0,0,0,0,0,0
2025-12-25 00:18:06,0,0,31.06,0,16,542,9.03333,0,0,45,0.75,0,0,0,0,0,0,0,0,0,159,101,0,0,0,0,0,0,0,0,0,0,0
2025-12-25 00:19:06,0,0,31.25,0,16,1230,20.5,37,0.616667,80,1.33333,0,0,0,0,0,0,0,0,0,172,121,0,0,0,0,0,0,0,0,0,0,0
2025-12-25 00:20:06,0,0,31.5,0,16,0,0,0,0,0,0,0,0,0,0,0,0,0,0,0,162,112,0,0,0,0,0,0,0,0,0,0,0
2025-12-25 00:21:06,0,0,31.56,0,16,4,0.0666667,0,0,0,0,0,0,0,0,0,0,0,0,0,161,111,0,0,0,0,0,0,0,0,0,0,0
2025-12-25 00:22:06,0,0,31.62,0,16,0,0,0,0,0,0,0,0,0,0,0,0,0,0,0,160,109,0,0,0,0,0,0,0,0,0,0,0
2025-12-25 00:23:06,0,0,31.5,0,16,478,7.96667,15,0.25,30,0.5,0,0,0,0,0,0,0,0,0,216,161,0,0,0,0,0,0,0,0,0,0,0
2025-12-25 00:24:06,0,0,31.25,0,16,509,8.48333,0,0,37,0.616667,0,0,0,0,0,0,0,0,0,226,161,0,0,0,0,0,0,0,0,0,0,0
2025-12-25 00:25:06,0,0,31.31,0,16,665,11.0833,11,0.183333,51,0.85,0,0,0,0,0,0,0,0,0,233,164,0,0,0,0,0,0,0,0,0,0,0
2025-12-25 00:26:06,0,0,30.94,0,4,0,0,0,0,0,0,0,0,0,0,0,0,0,0,0,228,161,0,0,0,0,0,0,0,0,0,0,0
2025-12-25 00:27:06,0,0,30.69,0,1,4229,70.4833,94,1.56667,287,4.78333,3.26,0,0,0,0,0,0,0,0,190,108,0,1e-04,1e-04,3e-04,5e-04,8e-04,9e-04,6e-04,0.99,0,0
2025-12-25 00:28:06,0,0,30.69,0,1,80,1.33333,0,0,8,0.133333,2.08,0,0,0,0,0,0,0,0,178,105,0,1e-04,0,2e-04,4e-04,5e-04,5e-04,3e-04,0.54,0,0
2025-12-25 00:29:06,0,0,30.88,0,1,96,1.6,1,0.0166667,9,0.15,2.43,0,0,0,0,0,0,0,0,171,103,0,1e-04,0,2e-04,4e-04,5e-04,6e-04,4e-04,0.78,0,0
2025-12-25 00:30:06,0,0,30.88,0,1,3685,61.4167,110,1.83333,170,2.83333,7.07,0,0,0,0,0,0,0,0,184,116,0,3e-04,3e-04,7e-04,0.0011,0.0016,0.0016,0.001,3.52,0,0
2025-12-25 00:31:06,0,0,30.69,0,2,1564,26.0667,25,0.416667,94,1.56667,0,0,0,0,0,0,0,0,0,233,164,0,0,0,0,0,0,0,0,0,0,0
2025-12-25 00:32:06,0,0,30.5,0,16,11,0.183333,0,0,0,0,0,0,0,0,0,0,0,0,0,230,162,0,0,0,0,0,0,0,0,0,0,0
2025-12-25 00:33:06,0,0,30.31,0,16,0,0,0,0,0,0,0,0,0,0,0,0,0,0,0,230,160,0,0,0,0,0,0,0,0,0,0,0
2025-12-25 00:34:06,0,0,30.19,0,1,4432,73.8667,95,1.58333,283,4.71667,1.14,0,0,0,0,0,0,0,0,207,152,0,0,0,1e-04,2e-04,3e-04,3e-04,2e-04,0.29,0,0
2025-12-25 00:35:06,0,0,30.31,0,1,3907,65.1167,95,1.58333,224,3.73333,1.61,0,0,0,0,0,0,0,0,227,174,0,0,0,1e-04,3e-04,5e-04,5e-04,3e-04,0.23,0,0
2025-12-25 00:36:06,0,0,30.44,0,8,1534,25.5667,22,0.366667,88,1.46667,9.73,0,0,0,0,0,0,0,0,184,136,1e-04,3e-04,3e-04,8e-04,0.0016,0.0023,0.0024,0.0015,4.12,0,0
2025-12-25 00:37:06,0,0,30.19,0,8,2235,37.25,75,1.25,109,1.81667,5.85,0,0,0,0,0,0,0,0,144,111,1e-04,2e-04,2e-04,5e-04,9e-04,0.0014,0.0014,9e-04,2.41,0,0
2025-12-25 00:38:06,0,0,30.56,0,1,2605,43.4167,67,1.11667,168,2.8,7.95,0,0,0,0,0,0,0,0,166,108,1e-04,2e-04,3e-04,7e-04,0.0013,0.0019,0.002,0.0013,3.14,0,0
2025-12-25 00:39:06,0,0,30.69,0,1,3,0.05,0,0,0,0,9.8,0,0,0,0,0,0,0,0,160,104,1e-04,3e-04,4e-04,9e-04,0.0016,0.0023,0.0023,0.0015,4.36,0,0
2025-12-25 00:40:06,0,0,30.38,0,1,1047,17.45,9,0.15,75,1.25,9.57,0,0,0,0,0,0,0,0,201,148,1e-04,3e-04,3e-04,8e-04,0.0015,0.0023,0.0023,0.0015,4.11,0,0
2025-12-25 00:41:06,0,0,30.12,0,1,1504,25.0667,11,0.183333,118,1.96667,5.54,0,0,0,0,0,0,0,0,220,156,0,1e-04,2e-04,5e-04,9e-04,0.0013,0.0013,9e-04,2.18,0,0
2025-12-25 00:42:06,0,0,30.25,0,1,412,6.86667,0,0,34,0.566667,4.41,0,0,0,0,0,0,0,0,167,120,0,1e-04,1e-04,4e-04,7e-04,0.0011,0.0011,7e-04,1.51,0,0
2025-12-25 00:43:06,0,0,30.56,0,32,4,0.0666667,0,0,1,0.0166667,1.7,0,0,0,0,0,0,0,0,166,116,0,0,0,1e-04,3e-04,5e-04,5e-04,3e-04,0.15,0,0
2025-12-25 00:44:06,0,0,30.44,0,1,1494,24.9,18,0.3,114,1.9,7.92,0,0,0,0,0,0,0,0,186,119,1e-04,2e-04,3e-04,7e-04,0.0013,0.0019,0.002,0.0013,3.24,0,0
2025-12-25 00:45:06,0,0,30.56,0,1,2621,43.6833,50,0.833333,189,3.15,6.64,0,0,0,0,0,0,0,0,182,132,0,2e-04,2e-04,6e-04,0.0011,0.0016,0.0016,0.0011,2.6,0,0
2025-12-25 00:46:06,0,0,30.62,0,1,1601,26.6833,27,0.45,126,2.1,8.21,0,0,0,0,0,0,0,0,213,156,1e-04,2e-04,3e-04,6e-04,0.0013,0.002,0.0021,0.0014,3.07,0,0
2025-12-25 00:47:06,0,0,30.44,0,1,1501,25.0167,12,0.2,142,2.36667,8.28,0,0,0,0,0,0,0,0,219,158,1e-04,3e-04,3e-04,7e-04,0.0013,0.002,0.0021,0.0013,3.41,0,0
2025-12-25 00:48:06,0,0,30.69,0,1,1823,30.3833,34,0.566667,131,2.18333,8.78,0,0,0,0,0,0,0,0,190,134,1e-04,2e-04,3e-04,7e-04,0.0014,0.0021,0.0023,0.0015,3.35,0,0
2025-12-25 00:49:06,0,0,30.88,0,4,2158,35.9667,71,1.18333,107,1.78333,6.76,0,0,0,0,0,0,0,0,154,114,1e-04,1e-04,2e-04,5e-04,0.0011,0.0017,0.0019,0.0013,2.22,0,0
2025-12-25 00:50:06,0,0,31,0,8,1701,28.35,36,0.6,96,1.6,9.45,0,0,0,0,0,0,0,0,140,101,1e-04,2e-04,3e-04,8e-04,0.0015,0.0023,0.0024,0.0016,3.67,0,0
2025-12-25 00:51:06,0,0,31.06,0,1,5243,87.3833,75,1.25,314,5.23333,48.08,0,0,0,0,0,0,0,0,172,122,6e-04,0.0011,0.0015,0.0036,0.0074,0.0125,0.0143,0.0096,16.76,0.02,0
2025-12-25 00:52:06,0,0,30.88,0,1,9592,159.867,309,5.15,470,7.83333,0.15,0,0,0,0,0,0,0,0,169,100,0,0,0,0,0,1e-04,1e-04,0,0,0,0
2025-12-25 00:53:06,0,0,30.38,0,1,7404,123.4,181,3.01667,439,7.31667,0.87,0,0,0,0,0,0,0,0,203,128,0,0,0,1e-04,1e-04,2e-04,3e-04,2e-04,0.04,0,0
2025-12-25 00:54:06,0,0,30.25,0,1,10196,169.933,329,5.48333,519,8.65,3.26,0,0,0,0,0,0,0,0,215,148,0,0,0,2e-04,5e-04,9e-04,0.0011,9e-04,0.23,0,0
2025-12-25 00:55:06,0,0,30.12,0,16,2176,36.2667,41,0.683333,135,2.25,4.2,0,0,0,0,0,0,0,0,193,132,0,0,1e-04,3e-04,7e-04,0.0011,0.0014,0.0011,0.69,0,0
2025-12-25 00:56:06,0,0,30.06,0,8,2856,47.6,56,0.933333,185,3.08333,3.79,0,0,0,0,0,0,0,0,179,110,0,0,0,2e-04,6e-04,0.0011,0.0013,9e-04,0.4,0,0
2025-12-25 00:57:06,0,0,30,0,16,2364,39.4,46,0.766667,129,2.15,4.43,0,0,0,0,0,0,0,0,211,151,0,0,1e-04,3e-04,7e-04,0.0012,0.0014,0.001,0.77,0,0
2025-12-25 00:58:06,0,0,29.69,0,1,216,3.6,1,0.0166667,23,0.383333,0.64,0,0,0,0,0,0,0,0,190,128,0,0,0,0,1e-04,2e-04,2e-04,2e-04,0,0,0
2025-12-25 00:59:06,0,0,29.94,0,1,525,8.75,4,0.0666667,22,0.366667,1.67,0,0,0,0,0,0,0,0,190,128,0,0,0,1e-04,3e-04,5e-04,6e-04,4e-04,0.26,0,0
2025-12-25 01:00:06,0,0,30.06,0,16,3449,57.4833,90,1.5,179,2.98333,3.81,0,0,0,0,0,0,0,0,208,155,0,0,0,3e-04,6e-04,0.001,0.0012,9e-04,0.6,0,0
2025-12-25 01:01:06,0,0,30.44,0,16,1115,18.5833,14,0.233333,89,1.48333,4.09,0,0,0,0,0,0,0,0,153,104,0,0,0,3e-04,7e-04,0.0011,0.0014,0.001,0.51,0,0
2025-12-25 01:02:06,0,0,29.75,0,1,309,5.15,6,0.1,27,0.45,2.1,0,0,0,0,0,0,0,0,192,148,0,0,0,1e-04,3e-04,6e-04,7e-04,6e-04,0.04,0,0
2025-12-25 01:03:06,0,0,29.81,0,1,1289,21.4833,31,0.516667,76,1.26667,2.05,0,0,0,0,0,0,0,0,232,164,0,0,0,1e-04,3e-04,6e-04,7e-04,6e-04,0.14,0,0
2025-12-25 01:04:06,0,0,29.56,0,4,87,1.45,0,0,7,0.116667,1.33,0,0,0,0,0,0,0,0,230,160,0,0,0,0,2e-04,4e-04,5e-04,4e-04,0,0,0
2025-12-25 01:05:06,0,0,29.31,0,4,50,0.833333,0,0,1,0.0166667,1.37,0,0,0,0,0,0,0,0,231,161,0,0,0,1e-04,2e-04,4e-04,5e-04,4e-04,0,0,0
2025-12-25 01:06:06,0,0,29,0,4,66,1.1,0,0,0,0,1.31,0,0,0,0,0,0,0,0,235,163,0,0,0,0,2e-04,4e-04,5e-04,4e-04,0,0,0
2025-12-25 01:07:06,0,0,28.62,0,4,62,1.03333,0,0,1,0.0166667,1.38,0,0,0,0,0,0,0,0,235,165,0,0,0,1e-04,2e-04,4e-04,5e-04,4e-04,0,0,0
2025-12-25 01:08:06,0,0,28.19,0,4,183,3.05,0,0,13,0.216667,1.28,0,0,0,0,0,0,0,0,238,165,0,0,0,0,2e-04,4e-04,5e-04,4e-04,0,0,0
2025-12-25 01:09:06,0,0,28.94,0,1,4974,82.9,165,2.75,262,4.36667,2.61,0,0,0,0,0,0,0,0,213,152,0,0,0,2e-04,4e-04,7e-04,9e-04,6e-04,0.36,0,0
2025-12-25 01:10:06,0,0,29.12,0,1,7,0.116667,0,0,0,0,4.11,0,0,0,0,0,0,0,0,203,144,0,1e-04,1e-04,3e-04,7e-04,0.001,0.0014,9e-04,1.08,0,0
2025-12-25 01:11:06,0,0,29.62,0,1,361,6.01667,6,0.1,21,0.35,4.19,0,0,0,0,0,0,0,0,160,106,0,1e-04,1e-04,3e-04,7e-04,0.0011,0.0014,9e-04,0.99,0,0
2025-12-25 01:12:06,0,0,29.69,0,16,2714,45.2333,54,0.9,174,2.9,3.6,0,0,0,0,0,0,0,0,196,130,0,0,1e-04,2e-04,6e-04,9e-04,0.0012,8e-04,0.69,0,0
2025-12-25 01:13:06,0,0,29.56,0,1,2829,47.15,60,1,188,3.13333,1.47,0,0,0,0,0,0,0,0,196,154,0,0,0,1e-04,2e-04,4e-04,6e-04,5e-04,0.08,0,0
2025-12-25 01:14:06,0,0,29.81,0,16,4923,82.05,118,1.96667,318,5.3,3.58,0,0,0,0,0,0,0,0,182,151,0,0,0,2e-04,6e-04,0.001,0.0012,9e-04,0.29,0,0
2025-12-25 01:15:06,0,0,30.19,0,16,765,12.75,9,0.15,65,1.08333,3.49,0,0,0,0,0,0,0,0,187,148,0,0,0,2e-04,5e-04,9e-04,0.0012,9e-04,0.59,0,0
2025-12-25 01:16:06,0,0,29.81,0,1,1648,27.4667,15,0.25,133,2.21667,2.85,0,0,0,0,0,0,0,0,219,156,0,0,0,2e-04,4e-04,8e-04,0.001,8e-04,0.27,0,0
2025-12-25 01:17:06,0,0,30,0,8,2292,38.2,24,0.4,176,2.93333,2.64,0,0,0,0,0,0,0,0,204,148,0,0,0,1e-04,4e-04,8e-04,9e-04,7e-04,0.2,0,0
2025-12-25 01:18:06,0,0,30.06,0,16,1969,32.8167,49,0.816667,116,1.93333,2.81,0,0,0,0,0,0,0,0,165,118,0,0,0,2e-04,5e-04,8e-04,0.001,8e-04,0.06,0,0
2025-12-25 01:19:06,0,0,30,0,1,6711,111.85,179,2.98333,401,6.68333,2.44,0,0,0,0,0,0,0,0,190,122,0,0,0,2e-04,4e-04,7e-04,8e-04,6e-04,0.33,0,0
2025-12-25 01:20:06,0,0,29.75,0,16,7973,132.883,261,4.35,414,6.9,1.44,0,0,0,0,0,0,0,0,201,148,0,0,0,1e-04,2e-04,4e-04,5e-04,4e-04,0,0,0
2025-12-25 01:21:06,0,0,29.81,0,16,1309,21.8167,30,0.5,73,1.21667,0,0,0,0,0,0,0,0,0,211,154,0,0,0,0,0,0,0,0,0,0,0
2025-12-25 01:22:06,0,1,29.62,0,16,674,11.2333,14,0.233333,41,0.683333,0,0,0,0,0,0,0,0,0,198,147,0,0,0,0,0,0,0,0,0,0,0
2025-12-25 01:23:06,0,0,29.75,0,16,858,14.3,14,0.233333,70,1.16667,0,0,0,0,0,0,0,0,11,201,148,0,0,0,0,0,0,0,0,0,0,0
2025-12-25 01:24:06,0,0,29.62,0,16,0,0,0,0,0,0,0,0,0,0,0,0,0,0,11,201,147,0,0,0,0,0,0,0,0,0,0,0
2025-12-25 01:25:06,0,0,29.56,0,16,11,0.183333,0,0,1,0.0166667,0,0,0,0,0,0,0,0,11,202,147,0,0,0,0,0,0,0,0,0,0,0
2025-12-25 01:26:06,0,0,29.44,0,16,366,6.1,11,0.183333,7,0.116667,0,0,0,0,0,0,0,0,1,207,151,0,0,0,0,0,0,0,0,0,0,1
2025-12-25 01:27:06,0,0,29.19,0,16,0,0,0,0,0,0,0,0,0,0,0,0,0,0,1,206,150,0,0,0,0,0,0,0,0,0,0,1
2025-12-25 01:28:06,0,0,29.06,0,16,11,0.183333,0,0,1,0.0166667,0,0,0,0,0,0,0,0,1,205,150,0,0,0,0,0,0,0,0,0,0,1
2025-12-25 01:29:06,0,0,29,0,16,0,0,0,0,0,0,0,0,0,0,0,0,0,0,1,207,151,0,0,0,0,0,0,0,0,0,0,1
2025-12-25 01:30:06,0,0,28.94,0,16,0,0,0,0,0,0,0,0,0,0,0,0,0,0,1,204,149,0,0,0,0,0,0,0,0,0,0,1
2025-12-25 01:31:06,0,0,28.88,0,16,0,0,0,0,0,0,0,0,0,0,0,0,0,0,1,205,150,0,0,0,0,0,0,0,0,0,0,1
2025-12-25 01:32:06,0,0,28.81,0,16,4,0.0666667,0,0,0,0,0,0,0,0,0,0,0,0,1,204,148,0,0,0,0,0,0,0,0,0,0,1
2025-12-25 01:33:06,0,0,28.75,0,16,0,0,0,0,0,0,0,0,0,0,0,0,0,0,1,203,148,0,0,0,0,0,0,0,0,0,0,1
2025-12-25 01:34:06,0,0,28.75,0,16,0,0,0,0,0,0,0,0,0,0,0,0,0,0,1,203,147,0,0,0,0,0,0,0,0,0,0,1
2025-12-25 01:35:06,0,0,28.69,0,16,0,0,0,0,0,0,0,0,0,0,0,0,0,0,1,207,150,0,0,0,0,0,0,0,0,0,0,1
2025-12-25 01:36:06,0,0,28.69,0,16,0,0,0,0,0,0,0,0,0,0,0,0,0,0,1,203,147,0,0,0,0,0,0,0,0,0,0,1
2025-12-25 01:37:06,0,0,28.69,0,16,0,0,0,0,0,0,0,0,0,0,0,0,0,0,1,203,147,0,0,0,0,0,0,0,0,0,0,1
2025-12-25 01:38:06,0,0,28.69,0,16,0,0,0,0,0,0,0,0,0,0,0,0,0,0,1,204,148,0,0,0,0,0,0,0,0,0,0,1
2025-12-25 01:39:06,0,0,28.69,0,16,0,0,0,0,0,0,0,0,0,0,0,0,0,0,1,204,147,0,0,0,0,0,0,0,0,0,0,1
2025-12-25 01:40:06,0,0,28.69,0,16,0,0,0,0,0,0,0,0,0,0,0,0,0,0,1,204,147,0,0,0,0,0,0,0,0,0,0,1
2025-12-25 01:41:06,0,0,28.69,0,16,0,0,0,0,0,0,0,0,0,0,0,0,0,0,1,205,148,0,0,0,0,0,0,0,0,0,0,1
2025-12-25 01:42:06,0,0,28.69,0,16,0,0,0,0,0,0,0,0,0,0,0,0,0,0,1,204,147,0,0,0,0,0,0,0,0,0,0,1
2025-12-25 01:43:06,0,0,28.69,0,16,0,0,0,0,0,0,0,0,0,0,0,0,0,0,1,205,147,0,0,0,0,0,0,0,0,0,0,1
2025-12-25 01:44:06,0,0,28.69,0,16,0,0,0,0,0,0,0,0,0,0,0,0,0,0,1,204,147,0,0,0,0,0,0,0,0,0,0,1
2025-12-25 01:45:06,0,0,28.75,0,16,0,0,0,0,0,0,0,0,0,0,0,0,0,0,1,204,147,0,0,0,0,0,0,0,0,0,0,1
2025-12-25 01:46:06,0,0,28.75,0,16,0,0,0,0,0,0,0,0,0,0,0,0,0,0,1,203,147,0,0,0,0,0,0,0,0,0,0,1
2025-12-25 01:47:06,0,0,28.75,0,16,0,0,0,0,0,0,0,0,0,0,0,0,0,0,1,203,147,0,0,0,0,0,0,0,0,0,0,1
2025-12-25 01:48:06,0,0,28.75,0,16,0,0,0,0,0,0,0,0,0,0,0,0,0,0,1,203,147,0,0,0,0,0,0,0,0,0,0,1
2025-12-25 01:49:06,0,0,28.75,0,16,0,0,0,0,0,0,0,0,0,0,0,0,0,0,1,204,147,0,0,0,0,0,0,0,0,0,0,1
2025-12-25 01:50:06,0,0,28.81,0,16,0,0,0,0,0,0,0,0,0,0,0,0,0,0,1,204,147,0,0,0,0,0,0,0,0,0,0,1
2025-12-25 01:51:06,0,0,28.81,0,16,0,0,0,0,0,0,0,0,0,0,0,0,0,0,1,204,148,0,0,0,0,0,0,0,0,0,0,1
2025-12-25 01:52:06,0,0,28.81,0,16,0,0,0,0,0,0,0,0,0,0,0,0,0,0,1,205,148,0,0,0,0,0,0,0,0,0,0,1
2025-12-25 01:53:06,0,0,28.81,0,16,0,0,0,0,0,0,0,0,0,0,0,0,0,0,1,203,147,0,0,0,0,0,0,0,0,0,0,1
2025-12-25 01:54:06,0,0,28.81,0,16,0,0,0,0,0,0,0,0,0,0,0,0,0,0,1,205,147,0,0,0,0,0,0,0,0,0,0,1
2025-12-25 01:55:06,0,0,28.81,0,16,0,0,0,0,0,0,0,0,0,0,0,0,0,0,1,205,148,0,0,0,0,0,0,0,0,0,0,1
2025-12-25 01:56:06,0,0,28.81,0,16,0,0,0,0,0,0,0,0,0,0,0,0,0,0,1,205,147,0,0,0,0,0,0,0,0,0,0,1
2025-12-25 01:57:06,0,0,28.81,0,16,0,0,0,0,0,0,0,0,0,0,0,0,0,0,1,206,148,0,0,0,0,0,0,0,0,0,0,1
2025-12-25 01:58:06,0,0,28.81,0,16,0,0,0,0,0,0,0,0,0,0,0,0,0,0,1,204,147,0,0,0,0,0,0,0,0,0,0,1
2025-12-25 01:59:06,0,0,28.81,0,16,0,0,0,0,0,0,0,0,0,0,0,0,0,0,1,206,148,0,0,0,0,0,0,0,0,0,0,1
2025-12-25 02:00:06,0,0,28.88,0,16,0,0,0,0,0,0,0,0,0,0,0,0,0,0,1,203,147,0,0,0,0,0,0,0,0,0,0,1
2025-12-25 02:01:06,0,0,28.88,0,16,0,0,0,0,0,0,0,0,0,0,0,0,0,0,1,206,148,0,0,0,0,0,0,0,0,0,0,1
2025-12-25 02:02:06,0,0,29,0,16,2153,35.8833,85,1.41667,125,2.08333,0,0,0,0,0,0,0,0,2,171,119,0,0,0,0,0,0,0,0,0,0,1
2025-12-25 02:03:06,0,0,29.56,0,16,0,0,0,0,0,0,0,0,0,0,0,0,0,0,1,163,110,0,0,0,0,0,0,0,0,0,0,1
2025-12-25 02:04:06,0,0,29.88,0,16,0,0,0,0,0,0,0,0,0,0,0,0,0,0,1,163,110,0,0,0,0,0,0,0,0,0,0,1
2025-12-25 02:05:06,0,0,30.19,0,16,11,0.183333,0,0,0,0,0,0,0,0,0,0,0,0,1,167,108,0,0,0,0,0,0,0,0,0,0,1
2025-12-25 02:06:06,0,0,30.44,0,16,0,0,0,0,0,0,0,0,0,0,0,0,0,0,2,164,108,0,0,0,0,0,0,0,0,0,0,1
2025-12-25 02:07:06,0,0,30.69,0,16,0,0,0,0,0,0,0,0,0,0,0,0,0,0,1,165,107,0,0,0,0,0,0,0,0,0,0,1
2025-12-25 02:08:06,0,0,30.94,0,16,0,0,0,0,0,0,0,0,0,0,0,0,0,0,1,163,107,0,0,0,0,0,0,0,0,0,0,1
2025-12-25 02:09:06,0,0,31.12,0,16,0,0,0,0,0,0,0,0,0,0,0,0,0,0,1,164,107,0,0,0,0,0,0,0,0,0,0,1
2025-12-25 02:10:06,0,0,31.31,0,16,0,0,0,0,0,0,0,0,0,0,0,0,0,0,1,165,107,0,0,0,0,0,0,0,0,0,0,1
2025-12-25 02:11:06,0,0,31.44,0,16,0,0,0,0,0,0,0,0,0,0,0,0,0,0,1,165,106,0,0,0,0,0,0,0,0,0,0,1
2025-12-25 02:12:06,0,0,31.62,0,16,0,0,0,0,0,0,0,0,0,0,0,0,0,0,1,161,106,0,0,0,0,0,0,0,0,0,0,1
2025-12-25 02:13:06,0,0,31.75,0,16,0,0,0,0,0,0,0,0,0,0,0,0,0,0,1,162,106,0,0,0,0,0,0,0,0,0,0,1
2025-12-25 02:14:06,0,0,31.88,0,16,0,0,0,0,0,0,0,0,0,0,0,0,0,0,1,163,106,0,0,0,0,0,0,0,0,0,0,1
2025-12-25 02:15:06,0,0,32,0,16,0,0,0,0,0,0,0,0,0,0,0,0,0,0,1,162,105,0,0,0,0,0,0,0,0,0,0,1
2025-12-25 02:16:06,0,0,32.12,0,16,0,0,0,0,0,0,0,0,0,0,0,0,0,0,1,162,105,0,0,0,0,0,0,0,0,0,0,1
2025-12-25 02:17:06,0,0,32.25,0,16,0,0,0,0,0,0,0,0,0,0,0,0,0,0,1,165,104,0,0,0,0,0,0,0,0,0,0,1
2025-12-25 02:18:06,0,0,32.31,0,16,0,0,0,0,0,0,0,0,0,0,0,0,0,0,1,167,105,0,0,0,0,0,0,0,0,0,0,1
2025-12-25 02:19:06,0,0,32.44,0,16,0,0,0,0,0,0,0,0,0,0,0,0,0,0,1,162,104,0,0,0,0,0,0,0,0,0,0,1
2025-12-25 02:20:06,0,0,32.5,0,16,2195,36.5833,76,1.26667,119,1.98333,0,0,0,0,0,0,0,0,2,222,161,0,0,0,0,0,0,0,0,0,0,1
2025-12-25 02:21:06,0,0,32.62,0,16,111,1.85,0,0,9,0.15,0,0,0,0,0,0,0,0,1,158,103,0,0,0,0,0,0,0,0,0,0,1
2025-12-25 02:22:06,0,0,32.69,0,16,690,11.5,21,0.35,60,1,0,0,0,0,0,0,0,0,2,147,104,0,0,0,0,0,0,0,0,0,0,1
2025-12-25 02:23:06,0,0,32.88,0,16,3,0.05,0,0,0,0,0,0,0,0,0,0,0,0,1,146,103,0,0,0,0,0,0,0,0,0,0,1
2025-12-25 02:24:06,0,0,33,0,16,0,0,0,0,0,0,0,0,0,0,0,0,0,0,2,146,103,0,0,0,0,0,0,0,0,0,0,1
2025-12-25 02:25:06,0,0,33.06,0,16,0,0,0,0,0,0,0,0,0,0,0,0,0,0,1,146,103,0,0,0,0,0,0,0,0,0,0,1
2025-12-25 02:26:06,0,0,33.12,0,16,0,0,0,0,0,0,0,0,0,0,0,0,0,0,1,146,102,0,0,0,0,0,0,0,0,0,0,1
2025-12-25 02:27:06,0,0,33.19,0,16,68,1.13333,0,0,3,0.05,0,0,0,0,0,0,0,0,1,147,103,0,0,0,0,0,0,0,0,0,0,1
2025-12-25 02:28:06,0,0,33.19,0,16,0,0,0,0,0,0,0,0,0,0,0,0,0,0,1,147,103,0,0,0,0,0,0,0,0,0,0,1
2025-12-25 02:29:06,0,0,33.19,0,16,1843,30.7167,63,1.05,127,2.11667,0,0,0,0,0,0,0,0,2,147,103,0,0,0,0,0,0,0,0,0,0,1
2025-12-25 02:30:06,0,0,33.25,0,16,455,7.58333,9,0.15,44,0.733333,0,0,0,0,0,0,0,0,1,146,101,0,0,0,0,0,0,0,0,0,0,1
2025-12-25 02:31:06,0,0,33.25,0,1,0,0,0,0,0,0,0,0,0,0,0,0,0,0,1,145,101,0,0,0,0,0,0,0,0,0,0,1
2025-12-25 02:32:06,0,0,33.31,0,1,0,0,0,0,0,0,0,0,0,0,0,0,0,0,1,145,101,0,0,0,0,0,0,0,0,0,0,1
2025-12-25 02:33:06,0,0,33.31,0,1,0,0,0,0,0,0,0,0,0,0,0,0,0,0,1,145,101,0,0,0,0,0,0,0,0,0,0,1
2025-12-25 02:34:06,0,0,33.38,0,1,0,0,0,0,0,0,0,0,0,0,0,0,0,0,1,144,101,0,0,0,0,0,0,0,0,0,0,1
2025-12-25 02:35:06,0,0,33.38,0,1,0,0,0,0,0,0,0,0,0,0,0,0,0,0,1,144,101,0,0,0,0,0,0,0,0,0,0,1
2025-12-25 02:36:06,0,0,33.44,0,16,43,0.716667,2,0.0333333,4,0.0666667,0,0,0,0,0,0,0,0,1,146,101,0,0,0,0,0,0,0,0,0,0,1
2025-12-25 02:37:06,0,0,33.44,0,16,0,0,0,0,0,0,0,0,0,0,0,0,0,0,1,146,101,0,0,0,0,0,0,0,0,0,0,1
2025-12-25 02:38:06,0,0,33.44,0,1,0,0,0,0,0,0,0,0,0,0,0,0,0,0,1,146,101,0,0,0,0,0,0,0,0,0,0,1
2025-12-25 02:39:06,0,0,33.5,0,1,0,0,0,0,0,0,0,0,0,0,0,0,0,0,1,146,101,0,0,0,0,0,0,0,0,0,0,1
2025-12-25 02:40:06,0,0,33.5,0,1,5,0.0833333,0,0,0,0,0,0,0,0,0,0,0,0,1,147,101,0,0,0,0,0,0,0,0,0,0,1
2025-12-25 02:41:06,0,0,33.56,0,1,11,0.183333,0,0,2,0.0333333,0,0,0,0,0,0,0,0,1,150,101,0,0,0,0,0,0,0,0,0,0,1
2025-12-25 02:42:06,0,0,33.56,0,1,13,0.216667,0,0,1,0.0166667,0,0,0,0,0,0,0,0,1,147,101,0,0,0,0,0,0,0,0,0,0,1
2025-12-25 02:43:06,0,0,33.62,0,1,0,0,0,0,0,0,0,0,0,0,0,0,0,0,1,147,101,0,0,0,0,0,0,0,0,0,0,1
2025-12-25 02:44:06,0,0,33.62,0,1,0,0,0,0,0,0,0,0,0,0,0,0,0,0,1,148,101,0,0,0,0,0,0,0,0,0,0,1
2025-12-25 02:45:06,0,0,33.62,0,1,30,0.5,0,0,5,0.0833333,0,0,0,0,0,0,0,0,1,147,101,0,0,0,0,0,0,0,0,0,0,1
2025-12-25 02:46:06,0,0,33.62,0,1,0,0,0,0,0,0,0,0,0,0,0,0,0,0,1,147,101,0,0,0,0,0,0,0,0,0,0,1
2025-12-25 02:47:06,0,0,33.69,0,1,0,0,0,0,0,0,0,0,0,0,0,0,0,0,1,146,101,0,0,0,0,0,0,0,0,0,0,1
2025-12-25 02:48:06,0,0,33.69,0,1,31,0.516667,0,0,6,0.1,0,0,0,0,0,0,0,0,1,147,101,0,0,0,0,0,0,0,0,0,0,1
2025-12-25 02:49:06,0,0,33.75,0,16,0,0,0,0,0,0,0,0,0,0,0,0,0,0,1,148,101,0,0,0,0,0,0,0,0,0,0,1
2025-12-25 02:50:06,0,0,33.75,0,16,0,0,0,0,0,0,0,0,0,0,0,0,0,0,1,148,101,0,0,0,0,0,0,0,0,0,0,1
2025-12-25 02:51:06,0,0,33.75,0,1,0,0,0,0,0,0,0,0,0,0,0,0,0,0,1,147,101,0,0,0,0,0,0,0,0,0,0,1
2025-12-25 02:52:06,0,0,33.81,0,1,0,0,0,0,0,0,0,0,0,0,0,0,0,0,1,147,101,0,0,0,0,0,0,0,0,0,0,1
2025-12-25 02:53:06,0,0,33.81,0,1,0,0,0,0,0,0,0,0,0,0,0,0,0,0,1,148,101,0,0,0,0,0,0,0,0,0,0,1
2025-12-25 02:54:06,0,0,33.81,0,16,5,0.0833333,0,0,2,0.0333333,0,0,0,0,0,0,0,0,1,148,101,0,0,0,0,0,0,0,0,0,0,1
2025-12-25 02:55:06,0,0,33.81,0,1,3,0.05,0,0,0,0,0,0,0,0,0,0,0,0,1,149,101,0,0,0,0,0,0,0,0,0,0,1
2025-12-25 02:56:06,0,0,33.88,0,1,0,0,0,0,0,0,0,0,0,0,0,0,0,0,1,147,101,0,0,0,0,0,0,0,0,0,0,1
2025-12-25 02:57:06,0,0,33.88,0,1,0,0,0,0,0,0,0,0,0,0,0,0,0,0,1,147,101,0,0,0,0,0,0,0,0,0,0,1
2025-12-25 02:58:06,0,0,33.88,0,1,0,0,0,0,0,0,0,0,0,0,0,0,0,0,1,148,101,0,0,0,0,0,0,0,0,0,0,1
2025-12-25 02:59:06,0,0,33.88,0,8,1254,20.9,39,0.65,55,0.916667,0,0,0,0,0,0,0,0,2,145,103,0,0,0,0,0,0,0,0,0,0,1
2025-12-25 03:00:06,0,0,33.62,0,8,0,0,0,0,0,0,0,0,0,0,0,0,0,0,1,143,101,0,0,0,0,0,0,0,0,0,0,1
2025-12-25 03:01:06,0,0,33.31,0,8,0,0,0,0,0,0,0,0,0,0,0,0,0,0,1,142,101,0,0,0,0,0,0,0,0,0,0,1
2025-12-25 03:02:06,0,0,33,0,8,0,0,0,0,0,0,0,0,0,0,0,0,0,0,1,142,101,0,0,0,0,0,0,0,0,0,0,1
2025-12-25 03:03:06,0,0,32.75,0,8,0,0,0,0,0,0,0,0,0,0,0,0,0,0,1,142,101,0,0,0,0,0,0,0,0,0,0,1
2025-12-25 03:04:06,0,0,32.5,0,8,0,0,0,0,0,0,0,0,0,0,0,0,0,0,1,142,101,0,0,0,0,0,0,0,0,0,0,1
2025-12-25 03:05:06,0,0,32.31,0,8,0,0,0,0,0,0,0,0,0,0,0,0,0,0,1,142,101,0,0,0,0,0,0,0,0,0,0,1
2025-12-25 03:06:06,0,0,32.12,0,8,0,0,0,0,0,0,0,0,0,0,0,0,0,0,1,142,101,0,0,0,0,0,0,0,0,0,0,1
2025-12-25 03:07:06,0,0,31.94,0,8,0,0,0,0,0,0,0,0,0,0,0,0,0,0,1,142,100,0,0,0,0,0,0,0,0,0,0,1
2025-12-25 03:08:06,0,0,31.81,0,8,0,0,0,0,0,0,0,0,0,0,0,0,0,0,1,142,101,0,0,0,0,0,0,0,0,0,0,1
2025-12-25 03:09:06,0,0,31.69,0,8,0,0,0,0,0,0,0,0,0,0,0,0,0,0,1,141,101,0,0,0,0,0,0,0,0,0,0,1
2025-12-25 03:10:06,0,0,31.56,0,8,0,0,0,0,0,0,0,0,0,0,0,0,0,0,1,141,101,0,0,0,0,0,0,0,0,0,0,1
2025-12-25 03:11:06,0,0,31.5,0,8,0,0,0,0,0,0,0,0,0,0,0,0,0,0,1,141,102,0,0,0,0,0,0,0,0,0,0,1
2025-12-25 03:12:06,0,0,31.44,0,8,0,0,0,0,0,0,0,0,0,0,0,0,0,0,1,141,102,0,0,0,0,0,0,0,0,0,0,1
2025-12-25 03:13:06,0,0,31.38,0,8,239,3.98333,3,0.05,19,0.316667,0,0,0,0,0,0,0,0,1,145,102,0,0,0,0,0,0,0,0,0,0,1
2025-12-25 03:14:06,0,0,31.31,0,8,584,9.73333,19,0.316667,32,0.533333,0,0,0,0,0,0,0,0,1,140,101,0,0,0,0,0,0,0,0,0,0,1
2025-12-25 03:15:06,0,0,31.31,0,8,0,0,0,0,0,0,0,0,0,0,0,0,0,0,1,140,100,0,0,0,0,0,0,0,0,0,0,1
2025-12-25 03:16:06,0,0,31.31,0,8,0,0,0,0,0,0,0,0,0,0,0,0,0,0,1,139,100,0,0,0,0,0,0,0,0,0,0,1
2025-12-25 03:17:06,0,0,31.31,0,8,0,0,0,0,0,0,0,0,0,0,0,0,0,0,1,139,100,0,0,0,0,0,0,0,0,0,0,1
2025-12-25 03:18:06,0,0,31.31,0,8,0,0,0,0,0,0,0,0,0,0,0,0,0,0,1,139,100,0,0,0,0,0,0,0,0,0,0,1
2025-12-25 03:19:06,0,0,31.38,0,8,0,0,0,0,0,0,0,0,0,0,0,0,0,0,1,139,100,0,0,0,0,0,0,0,0,0,0,1
2025-12-25 03:20:06,0,0,31.38,0,8,0,0,0,0,0,0,0,0,0,0,0,0,0,0,1,139,100,0,0,0,0,0,0,0,0,0,0,1
2025-12-25 03:21:06,0,0,31.44,0,8,0,0,0,0,0,0,0,0,0,0,0,0,0,0,1,139,100,0,0,0,0,0,0,0,0,0,0,1
2025-12-25 03:22:06,0,0,31.44,0,8,0,0,0,0,0,0,0,0,0,0,0,0,0,0,1,139,100,0,0,0,0,0,0,0,0,0,0,1
2025-12-25 03:23:06,0,0,31.44,0,8,0,0,0,0,0,0,0,0,0,0,0,0,0,0,1,139,99,0,0,0,0,0,0,0,0,0,0,1
2025-12-25 03:24:06,0,0,31.44,0,8,0,0,0,0,0,0,0,0,0,0,0,0,0,0,1,139,100,0,0,0,0,0,0,0,0,0,0,1
2025-12-25 03:25:06,0,0,31.38,0,8,0,0,0,0,0,0,0,0,0,0,0,0,0,0,1,139,99,0,0,0,0,0,0,0,0,0,0,1
2025-12-25 03:26:06,0,0,31.38,0,8,0,0,0,0,0,0,0,0,0,0,0,0,0,0,1,139,99,0,0,0,0,0,0,0,0,0,0,1
2025-12-25 03:27:06,0,0,31.38,0,8,0,0,0,0,0,0,0,0,0,0,0,0,0,0,1,139,99,0,0,0,0,0,0,0,0,0,0,1
2025-12-25 03:28:06,0,0,31.31,0,8,94,1.56667,1,0.0166667,4,0.0666667,0,0,0,0,0,0,0,0,2,139,99,0,0,0,0,0,0,0,0,0,0,1
2025-12-25 03:29:06,0,0,31.31,0,8,1555,25.9167,52,0.866667,101,1.68333,0,0,0,0,0,0,0,0,2,225,160,0,0,0,0,0,0,0,0,0,0,1
2025-12-25 03:30:06,0,0,30.81,0,16,2141,35.6833,65,1.08333,116,1.93333,0,0,0,0,0,0,0,0,2,209,163,0,0,0,0,0,0,0,0,0,0,1
2025-12-25 03:31:06,0,0,31.31,0,16,8224,137.067,267,4.45,410,6.83333,0,0,0,0,0,0,0,0,0,159,105,0,0,0,0,0,0,0,0,0,0,0
2025-12-25 03:32:06,0,0,31.12,0,8,6538,108.967,181,3.01667,305,5.08333,21.45,0,0,0,0,0,0,0,0,147,105,2e-04,6e-04,7e-04,0.0017,0.0033,0.0054,0.006,0.0036,8.24,0.01,0
2025-12-25 03:33:06,0,0,31.19,0,8,3427,57.1167,92,1.53333,187,3.11667,31.81,0,0,0,0,0,0,0,2,168,115,3e-04,8e-04,0.001,0.0025,0.0049,0.0081,0.0089,0.0053,12.28,0.01,1
2025-12-25 03:34:06,0,0,31.06,0,1,5479,91.3167,166,2.76667,247,4.11667,0,0,0,0,0,0,0,0,0,184,111,0,0,0,0,0,0,0,0,0,0,0
2025-12-25 03:35:06,0,0,30.81,0,1,218,3.63333,5,0.0833333,13,0.216667,0,0,0,0,0,0,0,0,2,216,156,0,0,0,0,0,0,0,0,0,0,1
2025-12-25 03:36:06,0,0,30.5,0,1,0,0,0,0,0,0,0,0,0,0,0,0,0,0,2,214,155,0,0,0,0,0,0,0,0,0,0,1
2025-12-25 03:37:06,0,0,30.31,0,1,0,0,0,0,0,0,0,0,0,0,0,0,0,0,2,214,155,0,0,0,0,0,0,0,0,0,0,1
2025-12-25 03:38:06,0,0,30.19,0,1,168,2.8,1,0.0166667,21,0.35,0,0,0,0,0,0,0,0,2,215,150,0,0,0,0,0,0,0,0,0,0,1
2025-12-25 03:39:06,0,0,30.06,0,1,11,0.183333,0,0,1,0.0166667,0,0,0,0,0,0,0,0,1,212,149,0,0,0,0,0,0,0,0,0,0,1
2025-12-25 03:40:06,0,0,30,0,1,0,0,0,0,0,0,0,0,0,0,0,0,0,0,1,210,148,0,0,0,0,0,0,0,0,0,0,1
2025-12-25 03:41:06,0,0,30,0,1,0,0,0,0,0,0,0,0,0,0,0,0,0,0,1,211,148,0,0,0,0,0,0,0,0,0,0,1
2025-12-25 03:42:06,0,0,30,0,1,0,0,0,0,0,0,0,0,0,0,0,0,0,0,1,209,147,0,0,0,0,0,0,0,0,0,0,1
2025-12-25 03:43:06,0,0,30,0,1,0,0,0,0,0,0,0,0,0,0,0,0,0,0,1,208,147,0,0,0,0,0,0,0,0,0,0,1
2025-12-25 03:44:06,0,0,30.06,0,1,0,0,0,0,0,0,0,0,0,0,0,0,0,0,1,207,146,0,0,0,0,0,0,0,0,0,0,1
2025-12-25 03:45:06,0,0,30.12,0,1,0,0,0,0,0,0,0,0,0,0,0,0,0,0,1,208,146,0,0,0,0,0,0,0,0,0,0,1
2025-12-25 03:46:06,0,0,30.12,0,1,0,0,0,0,0,0,0,0,0,0,0,0,0,0,1,207,146,0,0,0,0,0,0,0,0,0,0,1
2025-12-25 03:47:06,0,0,30.19,0,1,0,0,0,0,0,0,0,0,0,0,0,0,0,0,1,207,146,0,0,0,0,0,0,0,0,0,0,1
2025-12-25 03:48:06,0,0,30.19,0,1,0,0,0,0,0,0,0,0,0,0,0,0,0,0,1,207,146,0,0,0,0,0,0,0,0,0,0,1
2025-12-25 03:49:06,0,0,30.25,0,1,0,0,0,0,0,0,0,0,0,0,0,0,0,0,1,206,145,0,0,0,0,0,0,0,0,0,0,1
2025-12-25 03:50:06,0,0,30.25,0,16,443,7.38333,11,0.183333,31,0.516667,0,0,0,0,0,0,0,0,1,144,116,0,0,0,0,0,0,0,0,0,0,1
2025-12-25 03:51:06,0,0,30.44,0,16,0,0,0,0,0,0,0,0,0,0,0,0,0,0,1,143,115,0,0,0,0,0,0,0,0,0,0,1
2025-12-25 03:52:06,0,0,30.5,0,16,0,0,0,0,0,0,0,0,0,0,0,0,0,0,1,142,128,0,0,0,0,0,0,0,0,0,0,1
2025-12-25 03:53:06,0,0,30.69,0,16,0,0,0,0,0,0,0,0,0,0,0,0,0,0,1,142,125,0,0,0,0,0,0,0,0,0,0,1
2025-12-25 03:54:06,0,0,30.81,0,16,0,0,0,0,0,0,0,0,0,0,0,0,0,0,1,142,124,0,0,0,0,0,0,0,0,0,0,1
2025-12-25 03:55:06,0,0,30.94,0,16,0,0,0,0,0,0,0,0,0,0,0,0,0,0,1,141,124,0,0,0,0,0,0,0,0,0,0,1
2025-12-25 03:56:06,0,0,31.06,0,16,0,0,0,0,0,0,0,0,0,0,0,0,0,0,1,141,123,0,0,0,0,0,0,0,0,0,0,1
2025-12-25 03:57:06,0,0,31.19,0,16,0,0,0,0,0,0,0,0,0,0,0,0,0,0,1,141,123,0,0,0,0,0,0,0,0,0,0,1
2025-12-25 03:58:06,0,0,31.25,0,16,0,0,0,0,0,0,0,0,0,0,0,0,0,0,1,141,122,0,0,0,0,0,0,0,0,0,0,1
2025-12-25 03:59:06,0,0,31.38,0,16,0,0,0,0,0,0,0,0,0,0,0,0,0,0,1,141,122,0,0,0,0,0,0,0,0,0,0,1
2025-12-25 04:00:06,0,0,31.44,0,16,0,0,0,0,0,0,0,0,0,0,0,0,0,0,1,141,122,0,0,0,0,0,0,0,0,0,0,1
2025-12-25 04:01:06,0,0,31.5,0,16,0,0,0,0,0,0,0,0,0,0,0,0,0,0,1,141,122,0,0,0,0,0,0,0,0,0,0,1
2025-12-25 04:02:06,0,0,31.56,0,16,50,0.833333,0,0,3,0.05,0,0,0,0,0,0,0,0,1,141,121,0,0,0,0,0,0,0,0,0,0,1
2025-12-25 04:03:06,0,0,31.81,0,16,2970,49.5,103,1.71667,131,2.18333,0,0,0,0,0,0,0,0,2,185,136,0,0,0,0,0,0,0,0,0,0,1
2025-12-25 04:04:06,0,0,32.12,0,8,20,0.333333,0,0,2,0.0333333,0,0,0,0,0,0,0,0,1,167,123,0,0,0,0,0,0,0,0,0,0,1
2025-12-25 04:05:06,0,0,32.31,0,8,0,0,0,0,0,0,0,0,0,0,0,0,0,0,1,160,116,0,0,0,0,0,0,0,0,0,0,1
2025-12-25 04:06:06,0,0,32.56,0,8,0,0,0,0,0,0,0,0,0,0,0,0,0,0,1,156,112,0,0,0,0,0,0,0,0,0,0,1
2025-12-25 04:07:06,0,0,32.81,0,8,0,0,0,0,0,0,0,0,0,0,0,0,0,0,2,154,110,0,0,0,0,0,0,0,0,0,0,1
2025-12-25 04:08:06,0,0,32.94,0,8,0,0,0,0,0,0,0,0,0,0,0,0,0,0,1,152,109,0,0,0,0,0,0,0,0,0,0,1
2025-12-25 04:09:06,0,0,33.12,0,8,0,0,0,0,0,0,0,0,0,0,0,0,0,0,1,150,108,0,0,0,0,0,0,0,0,0,0,1
2025-12-25 04:10:06,0,0,33.25,0,8,0,0,0,0,0,0,0,0,0,0,0,0,0,0,1,149,107,0,0,0,0,0,0,0,0,0,0,1
2025-12-25 04:11:06,0,0,33.38,0,8,0,0,0,0,0,0,0,0,0,0,0,0,0,0,1,148,107,0,0,0,0,0,0,0,0,0,0,1
2025-12-25 04:12:06,0,0,33.5,0,8,0,0,0,0,0,0,0,0,0,0,0,0,0,0,1,147,106,0,0,0,0,0,0,0,0,0,0,1
2025-12-25 04:13:06,0,0,33.62,0,8,0,0,0,0,0,0,0,0,0,0,0,0,0,0,1,146,105,0,0,0,0,0,0,0,0,0,0,1
2025-12-25 04:14:06,0,0,33.69,0,8,0,0,0,0,0,0,0,0,0,0,0,0,0,0,1,146,104,0,0,0,0,0,0,0,0,0,0,1
2025-12-25 04:15:06,0,0,33.75,0,8,0,0,0,0,0,0,0,0,0,0,0,0,0,0,1,145,104,0,0,0,0,0,0,0,0,0,0,1
2025-12-25 04:16:06,0,0,33.81,0,8,0,0,0,0,0,0,0,0,0,0,0,0,0,0,1,145,103,0,0,0,0,0,0,0,0,0,0,1
2025-12-25 04:17:06,0,0,33.81,0,8,0,0,0,0,0,0,0,0,0,0,0,0,0,0,1,145,103,0,0,0,0,0,0,0,0,0,0,1
2025-12-25 04:18:06,0,0,33.88,0,8,0,0,0,0,0,0,0,0,0,0,0,0,0,0,1,144,103,0,0,0,0,0,0,0,0,0,0,1
2025-12-25 04:19:06,0,0,33.94,0,8,0,0,0,0,0,0,0,0,0,0,0,0,0,0,1,144,103,0,0,0,0,0,0,0,0,0,0,1
2025-12-25 04:20:06,0,0,33.94,0,8,0,0,0,0,0,0,0,0,0,0,0,0,0,0,1,144,103,0,0,0,0,0,0,0,0,0,0,1
2025-12-25 04:21:06,0,0,33.94,0,8,0,0,0,0,0,0,0,0,0,0,0,0,0,0,1,144,103,0,0,0,0,0,0,0,0,0,0,1
2025-12-25 04:22:06,0,0,34,0,8,160,2.66667,2,0.0333333,16,0.266667,0,0,0,0,0,0,0,0,1,146,103,0,0,0,0,0,0,0,0,0,0,1
2025-12-25 04:23:06,0,0,33.94,0,16,956,15.9333,35,0.583333,67,1.11667,0,0,0,0,0,0,0,0,1,149,105,0,0,0,0,0,0,0,0,0,0,1
2025-12-25 04:24:06,0,0,33.88,0,16,0,0,0,0,0,0,0,0,0,0,0,0,0,0,1,147,104,0,0,0,0,0,0,0,0,0,0,1
2025-12-25 04:25:06,0,0,33.81,0,16,0,0,0,0,0,0,0,0,0,0,0,0,0,0,1,146,103,0,0,0,0,0,0,0,0,0,0,1
2025-12-25 04:26:06,0,0,33.75,0,16,1607,26.7833,56,0.933333,95,1.58333,0,0,0,0,0,0,0,0,2,214,151,0,0,0,0,0,0,0,0,0,0,1
2025-12-25 04:27:06,0,0,33.69,0,16,0,0,0,0,0,0,0,0,0,0,0,0,0,0,1,193,125,0,0,0,0,0,0,0,0,0,0,1
2025-12-25 04:28:06,0,0,33.62,0,16,0,0,0,0,0,0,0,0,0,0,0,0,0,0,1,188,121,0,0,0,0,0,0,0,0,0,0,1
2025-12-25 04:29:06,0,0,33.69,0,16,0,0,0,0,0,0,0,0,0,0,0,0,0,0,1,186,119,0,0,0,0,0,0,0,0,0,0,1
2025-12-25 04:30:06,0,0,33.69,0,16,0,0,0,0,0,0,0,0,0,0,0,0,0,0,1,185,117,0,0,0,0,0,0,0,0,0,0,1
2025-12-25 04:31:06,0,0,33.75,0,16,0,0,0,0,0,0,0,0,0,0,0,0,0,0,1,190,117,0,0,0,0,0,0,0,0,0,0,1
2025-12-25 04:32:06,0,0,33.75,0,16,0,0,0,0,0,0,0,0,0,0,0,0,0,0,1,185,116,0,0,0,0,0,0,0,0,0,0,1
2025-12-25 04:33:06,0,0,33.75,0,16,0,0,0,0,0,0,0,0,0,0,0,0,0,0,1,185,115,0,0,0,0,0,0,0,0,0,0,1
2025-12-25 04:34:06,0,0,33.69,0,16,982,16.3667,28,0.466667,55,0.916667,0,0,0,0,0,0,0,0,1,162,143,0,0,0,0,0,0,0,0,0,0,1
2025-12-25 04:35:06,0,0,33.5,0,8,0,0,0,0,0,0,0,0,0,0,0,0,0,0,1,148,128,0,0,0,0,0,0,0,0,0,0,1
2025-12-25 04:36:06,0,0,33.25,0,8,100,1.66667,0,0,6,0.1,0,0,0,0,0,0,0,0,1,178,143,0,0,0,0,0,0,0,0,0,0,1
2025-12-25 04:37:06,0,0,33.06,0,8,0,0,0,0,0,0,0,0,0,0,0,0,0,0,1,153,115,0,0,0,0,0,0,0,0,0,0,1
2025-12-25 04:38:06,0,0,32.81,0,8,243,4.05,4,0.0666667,13,0.216667,0,0,0,0,0,0,0,0,1,148,111,0,0,0,0,0,0,0,0,0,0,1
2025-12-25 04:39:06,0,0,32.56,0,1,1460,24.3333,49,0.816667,95,1.58333,0,0,0,0,0,0,0,0,2,171,107,0,0,0,0,0,0,0,0,0,0,1
2025-12-25 04:40:06,0,0,32.19,0,1,0,0,0,0,0,0,0,0,0,0,0,0,0,0,1,166,106,0,0,0,0,0,0,0,0,0,0,1
2025-12-25 04:41:06,0,0,31.88,0,1,104,1.73333,3,0.05,5,0.0833333,0,0,0,0,0,0,0,0,2,158,114,0,0,0,0,0,0,0,0,0,0,1
2025-12-25 04:42:06,0,0,31.56,0,16,0,0,0,0,0,0,0,0,0,0,0,0,0,0,2,157,112,0,0,0,0,0,0,0,0,0,0,1
2025-12-25 04:43:06,0,0,31.25,0,2,2176,36.2667,84,1.4,103,1.71667,0,0,0,0,0,0,0,0,2,195,147,0,0,0,0,0,0,0,0,0,0,1
2025-12-25 04:44:06,0,0,31.38,0,16,688,11.4667,23,0.383333,36,0.6,0,0,0,0,0,0,0,0,2,166,107,0,0,0,0,0,0,0,0,0,0,1
2025-12-25 04:45:06,0,0,31.44,0,16,14,0.233333,0,0,0,0,0,0,0,0,0,0,0,0,1,162,106,0,0,0,0,0,0,0,0,0,0,1
2025-12-25 04:46:06,0,0,31.31,0,16,458,7.63333,11,0.183333,35,0.583333,0,0,0,0,0,0,0,0,2,195,148,0,0,0,0,0,0,0,0,0,0,1
2025-12-25 04:47:06,0,0,31.5,0,16,0,0,0,0,0,0,0,0,0,0,0,0,0,0,2,192,146,0,0,0,0,0,0,0,0,0,0,1
2025-12-25 04:48:06,0,0,31.69,0,16,38,0.633333,0,0,3,0.05,0,0,0,0,0,0,0,0,1,199,150,0,0,0,0,0,0,0,0,0,0,1
2025-12-25 04:49:06,0,0,32.19,0,8,1804,30.0667,52,0.866667,110,1.83333,0,0,0,0,0,0,0,0,2,199,146,0,0,0,0,0,0,0,0,0,0,1
2025-12-25 04:50:06,0,0,32.44,0,8,42,0.7,0,0,4,0.0666667,0,0,0,0,0,0,0,0,1,180,134,0,0,0,0,0,0,0,0,0,0,1
2025-12-25 04:51:06,0,0,32.56,0,8,0,0,0,0,0,0,0,0,0,0,0,0,0,0,1,173,129,0,0,0,0,0,0,0,0,0,0,1
2025-12-25 04:52:06,0,0,32.69,0,8,0,0,0,0,0,0,0,0,0,0,0,0,0,0,1,170,128,0,0,0,0,0,0,0,0,0,0,1
2025-12-25 04:53:06,0,0,32.75,0,8,0,0,0,0,0,0,0,0,0,0,0,0,0,0,1,166,122,0,0,0,0,0,0,0,0,0,0,1
2025-12-25 04:54:06,0,0,32.94,0,8,0,0,0,0,0,0,0,0,0,0,0,0,0,0,1,163,119,0,0,0,0,0,0,0,0,0,0,1
2025-12-25 04:55:06,0,0,32.81,0,8,364,6.06667,8,0.133333,27,0.45,0,0,0,0,0,0,0,0,1,145,107,0,0,0,0,0,0,0,0,0,0,1
2025-12-25 04:56:06,0,0,32.69,0,8,97,1.61667,0,0,11,0.183333,0,0,0,0,0,0,0,0,1,146,104,0,0,0,0,0,0,0,0,0,0,1
2025-12-25 04:57:06,0,0,32.62,0,1,0,0,0,0,0,0,0,0,0,0,0,0,0,0,1,144,104,0,0,0,0,0,0,0,0,0,0,1
2025-12-25 04:58:06,0,0,32.5,0,1,0,0,0,0,0,0,0,0,0,0,0,0,0,0,1,144,103,0,0,0,0,0,0,0,0,0,0,1
2025-12-25 04:59:06,0,0,32.44,0,1,0,0,0,0,0,0,0,0,0,0,0,0,0,0,1,143,103,0,0,0,0,0,0,0,0,0,0,1
2025-12-25 05:00:06,0,0,32.38,0,1,0,0,0,0,0,0,0,0,0,0,0,0,0,0,1,143,103,0,0,0,0,0,0,0,0,0,0,1
2025-12-25 05:01:06,0,0,32.31,0,1,0,0,0,0,0,0,0,0,0,0,0,0,0,0,1,143,102,0,0,0,0,0,0,0,0,0,0,1
2025-12-25 05:02:06,0,0,32.31,0,1,0,0,0,0,0,0,0,0,0,0,0,0,0,0,1,143,103,0,0,0,0,0,0,0,0,0,0,1
2025-12-25 05:03:06,0,0,32.25,0,1,0,0,0,0,0,0,0,0,0,0,0,0,0,0,1,143,103,0,0,0,0,0,0,0,0,0,0,1
2025-12-25 05:04:06,0,0,32.19,0,1,0,0,0,0,0,0,0,0,0,0,0,0,0,0,1,143,102,0,0,0,0,0,0,0,0,0,0,1
2025-12-25 05:05:06,0,0,32.19,0,1,0,0,0,0,0,0,0,0,0,0,0,0,0,0,1,143,103,0,0,0,0,0,0,0,0,0,0,1
2025-12-25 05:06:06,0,0,32.12,0,1,0,0,0,0,0,0,0,0,0,0,0,0,0,0,1,142,102,0,0,0,0,0,0,0,0,0,0,1
2025-12-25 05:07:06,0,0,32.12,0,1,0,0,0,0,0,0,0,0,0,0,0,0,0,0,1,142,102,0,0,0,0,0,0,0,0,0,0,1
2025-12-25 05:08:06,0,0,32.12,0,1,0,0,0,0,0,0,0,0,0,0,0,0,0,0,1,142,102,0,0,0,0,0,0,0,0,0,0,1
2025-12-25 05:09:06,0,0,32.06,0,1,0,0,0,0,0,0,0,0,0,0,0,0,0,0,1,142,102,0,0,0,0,0,0,0,0,0,0,1
2025-12-25 05:10:06,0,0,32.06,0,1,0,0,0,0,0,0,0,0,0,0,0,0,0,0,1,142,102,0,0,0,0,0,0,0,0,0,0,1
2025-12-25 05:11:06,0,0,32.06,0,8,0,0,0,0,0,0,0,0,0,0,0,0,0,0,1,142,102,0,0,0,0,0,0,0,0,0,0,1
2025-12-25 05:12:06,0,0,32.06,0,1,0,0,0,0,0,0,0,0,0,0,0,0,0,0,1,141,102,0,0,0,0,0,0,0,0,0,0,1
2025-12-25 05:13:06,0,0,32.06,0,1,0,0,0,0,0,0,0,0,0,0,0,0,0,0,1,141,102,0,0,0,0,0,0,0,0,0,0,1
2025-12-25 05:14:06,0,0,32.12,0,1,0,0,0,0,0,0,0,0,0,0,0,0,0,0,1,140,102,0,0,0,0,0,0,0,0,0,0,1
2025-12-25 05:15:06,0,0,32.12,0,1,0,0,0,0,0,0,0,0,0,0,0,0,0,0,1,140,102,0,0,0,0,0,0,0,0,0,0,1
2025-12-25 05:16:06,0,0,32.12,0,1,0,0,0,0,0,0,0,0,0,0,0,0,0,0,1,139,102,0,0,0,0,0,0,0,0,0,0,1
2025-12-25 05:17:06,0,0,32.12,0,1,0,0,0,0,0,0,0,0,0,0,0,0,0,0,1,139,102,0,0,0,0,0,0,0,0,0,0,1
2025-12-25 05:18:06,0,0,32.12,0,1,0,0,0,0,0,0,0,0,0,0,0,0,0,0,1,139,102,0,0,0,0,0,0,0,0,0,0,1
2025-12-25 05:19:06,0,0,32.06,0,1,0,0,0,0,0,0,0,0,0,0,0,0,0,0,1,139,102,0,0,0,0,0,0,0,0,0,0,1
2025-12-25 05:20:06,0,0,32.06,0,1,0,0,0,0,0,0,0,0,0,0,0,0,0,0,1,139,102,0,0,0,0,0,0,0,0,0,0,1
2025-12-25 05:21:06,0,0,32.06,0,1,0,0,0,0,0,0,0,0,0,0,0,0,0,0,1,139,102,0,0,0,0,0,0,0,0,0,0,1
2025-12-25 05:22:06,0,0,32.06,0,1,0,0,0,0,0,0,0,0,0,0,0,0,0,0,1,138,101,0,0,0,0,0,0,0,0,0,0,1
2025-12-25 05:23:06,0,0,32.06,0,1,0,0,0,0,0,0,0,0,0,0,0,0,0,0,1,138,101,0,0,0,0,0,0,0,0,0,0,1
2025-12-25 05:24:06,0,0,32.06,0,1,0,0,0,0,0,0,0,0,0,0,0,0,0,0,1,138,101,0,0,0,0,0,0,0,0,0,0,1
2025-12-25 05:25:06,0,0,32,0,1,0,0,0,0,0,0,0,0,0,0,0,0,0,0,1,138,100,0,0,0,0,0,0,0,0,0,0,1
2025-12-25 05:26:06,0,0,32,0,1,0,0,0,0,0,0,0,0,0,0,0,0,0,0,1,137,101,0,0,0,0,0,0,0,0,0,0,1
2025-12-25 05:27:06,0,0,32,0,1,0,0,0,0,0,0,0,0,0,0,0,0,0,0,1,138,100,0,0,0,0,0,0,0,0,0,0,1
2025-12-25 05:28:06,0,0,32,0,32,2568,42.8,84,1.4,180,3,0,0,0,0,0,0,0,0,2,222,155,0,0,0,0,0,0,0,0,0,0,1
2025-12-25 05:29:06,0,0,31.88,0,1,18,0.3,0,0,2,0.0333333,0,0,0,0,0,0,0,0,1,184,128,0,0,0,0,0,0,0,0,0,0,1
2025-12-25 05:30:06,0,0,31.94,0,1,0,0,0,0,0,0,0,0,0,0,0,0,0,0,1,181,122,0,0,0,0,0,0,0,0,0,0,1
2025-12-25 05:31:06,0,0,32.06,0,1,0,0,0,0,0,0,0,0,0,0,0,0,0,0,1,180,121,0,0,0,0,0,0,0,0,0,0,1
2025-12-25 05:32:06,0,0,31.81,0,4,1535,25.5833,47,0.783333,88,1.46667,0,0,0,0,0,0,0,0,2,187,150,0,0,0,0,0,0,0,0,0,0,1
2025-12-25 05:33:06,0,0,31.62,0,4,58,0.966667,0,0,3,0.05,0,0,0,0,0,0,0,0,1,196,154,0,0,0,0,0,0,0,0,0,0,1
2025-12-25 05:34:06,0,0,31.25,0,4,18,0.3,0,0,3,0.05,0,0,0,0,0,0,0,0,1,189,154,0,0,0,0,0,0,0,0,0,0,1
2025-12-25 05:35:06,0,0,30.94,0,4,0,0,0,0,0,0,0,0,0,0,0,0,0,0,1,188,154,0,0,0,0,0,0,0,0,0,0,1
2025-12-25 05:36:06,0,0,30.69,0,4,0,0,0,0,0,0,0,0,0,0,0,0,0,0,1,190,154,0,0,0,0,0,0,0,0,0,0,1
2025-12-25 05:37:06,0,0,30.44,0,4,0,0,0,0,0,0,0,0,0,0,0,0,0,0,1,193,153,0,0,0,0,0,0,0,0,0,0,1
2025-12-25 05:38:06,0,0,30.19,0,4,0,0,0,0,0,0,0,0,0,0,0,0,0,0,1,192,153,0,0,0,0,0,0,0,0,0,0,1
2025-12-25 05:39:06,0,0,30,0,4,0,0,0,0,0,0,0,0,0,0,0,0,0,0,1,192,153,0,0,0,0,0,0,0,0,0,0,1
2025-12-25 05:40:06,0,0,29.81,0,4,18,0.3,0,0,2,0.0333333,0,0,0,0,0,0,0,0,1,198,153,0,0,0,0,0,0,0,0,0,0,1
2025-12-25 05:41:06,0,0,29.62,0,4,12,0.2,0,0,1,0.0166667,0,0,0,0,0,0,0,0,1,196,153,0,0,0,0,0,0,0,0,0,0,1
2025-12-25 05:42:06,0,0,29.44,0,4,0,0,0,0,0,0,0,0,0,0,0,0,0,0,1,196,153,0,0,0,0,0,0,0,0,0,0,1
2025-12-25 05:43:06,0,0,29.31,0,4,0,0,0,0,0,0,0,0,0,0,0,0,0,0,1,196,153,0,0,0,0,0,0,0,0,0,0,1
2025-12-25 05:44:06,0,0,29.19,0,4,0,0,0,0,0,0,0,0,0,0,0,0,0,0,1,195,153,0,0,0,0,0,0,0,0,0,0,1
2025-12-25 05:45:06,0,0,29.06,0,4,0,0,0,0,0,0,0,0,0,0,0,0,0,0,1,197,153,0,0,0,0,0,0,0,0,0,0,1
2025-12-25 05:46:06,0,0,28.88,0,4,0,0,0,0,0,0,0,0,0,0,0,0,0,0,1,199,154,0,0,0,0,0,0,0,0,0,0,1
2025-12-25 05:47:06,0,0,29.19,0,16,856,14.2667,18,0.3,67,1.11667,0,0,0,0,0,0,0,0,1,209,153,0,0,0,0,0,0,0,0,0,0,1
2025-12-25 05:48:06,0,0,29.19,0,16,0,0,0,0,0,0,0,0,0,0,0,0,0,0,1,199,140,0,0,0,0,0,0,0,0,0,0,1
2025-12-25 05:49:06,0,0,29.12,0,16,0,0,0,0,0,0,0,0,0,0,0,0,0,0,1,201,140,0,0,0,0,0,0,0,0,0,0,1
2025-12-25 05:50:06,0,0,29.12,0,16,0,0,0,0,0,0,0,0,0,0,0,0,0,0,1,198,138,0,0,0,0,0,0,0,0,0,0,1
2025-12-25 05:51:06,0,0,29.06,0,16,288,4.8,8,0.133333,18,0.3,0,0,0,0,0,0,0,0,1,192,129,0,0,0,0,0,0,0,0,0,0,1
2025-12-25 05:52:06,0,0,29.06,0,16,0,0,0,0,0,0,0,0,0,0,0,0,0,0,1,193,130,0,0,0,0,0,0,0,0,0,0,1
2025-12-25 05:53:06,0,0,29.06,0,16,0,0,0,0,0,0,0,0,0,0,0,0,0,0,1,192,128,0,0,0,0,0,0,0,0,0,0,1
2025-12-25 05:54:06,0,0,29.06,0,16,23,0.383333,0,0,2,0.0333333,0,0,0,0,0,0,0,0,1,193,128,0,0,0,0,0,0,0,0,0,0,1
2025-12-25 05:55:06,0,0,29,0,16,0,0,0,0,0,0,0,0,0,0,0,0,0,0,1,193,130,0,0,0,0,0,0,0,0,0,0,1
2025-12-25 05:56:06,0,0,29,0,16,0,0,0,0,0,0,0,0,0,0,0,0,0,0,1,195,130,0,0,0,0,0,0,0,0,0,0,1
2025-12-25 05:57:06,0,0,28.94,0,16,0,0,0,0,0,0,0,0,0,0,0,0,0,0,1,194,130,0,0,0,0,0,0,0,0,0,0,1
2025-12-25 05:58:06,0,0,28.94,0,16,0,0,0,0,0,0,0,0,0,0,0,0,0,0,1,194,129,0,0,0,0,0,0,0,0,0,0,1
2025-12-25 05:59:06,0,0,28.88,0,16,43,0.716667,0,0,6,0.1,0,0,0,0,0,0,0,0,1,196,130,0,0,0,0,0,0,0,0,0,0,1
2025-12-25 06:00:06,0,0,28.81,0,16,0,0,0,0,0,0,0,0,0,0,0,0,0,0,1,194,129,0,0,0,0,0,0,0,0,0,0,1
2025-12-25 06:01:06,0,0,28.81,0,16,0,0,0,0,0,0,0,0,0,0,0,0,0,0,2,193,129,0,0,0,0,0,0,0,0,0,0,1
2025-12-25 06:02:06,0,0,28.56,0,2,843,14.05,32,0.533333,56,0.933333,0,0,0,0,0,0,0,0,2,209,154,0,0,0,0,0,0,0,0,0,0,1
2025-12-25 06:03:06,0,0,28.81,0,1,2615,43.5833,91,1.51667,144,2.4,0,0,0,0,0,0,0,0,2,179,107,0,0,0,0,0,0,0,0,0,0,1
2025-12-25 06:04:06,0,0,29.06,0,1,53,0.883333,0,0,5,0.0833333,0,0,0,0,0,0,0,0,2,171,104,0,0,0,0,0,0,0,0,0,0,1
2025-12-25 06:05:06,0,0,29.38,0,1,22,0.366667,0,0,0,0,0,0,0,0,0,0,0,0,2,169,103,0,0,0,0,0,0,0,0,0,0,1
2025-12-25 06:06:06,0,0,29.62,0,1,1990,33.1667,71,1.18333,118,1.96667,0,0,0,0,0,0,0,0,2,189,137,0,0,0,0,0,0,0,0,0,0,1
2025-12-25 06:07:06,0,0,29.94,0,16,0,0,0,0,0,0,0,0,0,0,0,0,0,0,2,176,128,0,0,0,0,0,0,0,0,0,0,1
2025-12-25 06:08:06,0,0,30.19,0,16,0,0,0,0,0,0,0,0,0,0,0,0,0,0,1,174,123,0,0,0,0,0,0,0,0,0,0,1
2025-12-25 06:09:06,0,0,30.44,0,16,0,0,0,0,0,0,0,0,0,0,0,0,0,0,1,171,120,0,0,0,0,0,0,0,0,0,0,1
2025-12-25 06:10:06,0,0,30.88,0,1,1323,22.05,41,0.683333,107,1.78333,0,0,0,0,0,0,0,0,2,165,103,0,0,0,0,0,0,0,0,0,0,1
2025-12-25 06:11:06,0,0,31.12,0,1,0,0,0,0,0,0,0,0,0,0,0,0,0,0,1,162,102,0,0,0,0,0,0,0,0,0,0,1
2025-12-25 06:12:06,0,0,31.38,0,1,0,0,0,0,0,0,0,0,0,0,0,0,0,0,2,163,102,0,0,0,0,0,0,0,0,0,0,1
2025-12-25 06:13:06,0,0,31.62,0,1,0,0,0,0,0,0,0,0,0,0,0,0,0,0,2,163,102,0,0,0,0,0,0,0,0,0,0,1
2025-12-25 06:14:06,0,0,31.81,0,1,3305,55.0833,112,1.86667,174,2.9,0,0,0,0,0,0,0,0,2,177,132,0,0,0,0,0,0,0,0,0,0,1
2025-12-25 06:15:06,0,0,32,0,16,2455,40.9167,75,1.25,177,2.95,0,0,0,0,0,0,0,0,2,151,106,0,0,0,0,0,0,0,0,0,0,1
2025-12-25 06:16:06,0,0,32.06,0,16,0,0,0,0,0,0,0,0,0,0,0,0,0,0,2,149,104,0,0,0,0,0,0,0,0,0,0,1
2025-12-25 06:17:06,0,0,32.19,0,16,0,0,0,0,0,0,0,0,0,0,0,0,0,0,2,148,104,0,0,0,0,0,0,0,0,0,0,1
2025-12-25 06:18:06,0,0,32.25,0,16,0,0,0,0,0,0,0,0,0,0,0,0,0,0,2,148,104,0,0,0,0,0,0,0,0,0,0,1
2025-12-25 06:19:06,0,0,32.38,0,16,0,0,0,0,0,0,0,0,0,0,0,0,0,0,1,147,103,0,0,0,0,0,0,0,0,0,0,1
2025-12-25 06:20:06,0,0,32.44,0,16,0,0,0,0,0,0,0,0,0,0,0,0,0,0,1,147,103,0,0,0,0,0,0,0,0,0,0,1
2025-12-25 06:21:06,0,0,32.5,0,16,0,0,0,0,0,0,0,0,0,0,0,0,0,0,1,147,103,0,0,0,0,0,0,0,0,0,0,1
2025-12-25 06:22:06,0,0,32.56,0,16,0,0,0,0,0,0,0,0,0,0,0,0,0,0,1,146,103,0,0,0,0,0,0,0,0,0,0,1
2025-12-25 06:23:06,0,0,32.62,0,16,887,14.7833,25,0.416667,68,1.13333,0,0,0,0,0,0,0,0,2,155,105,0,0,0,0,0,0,0,0,0,0,1
2025-12-25 06:24:06,0,0,32.69,0,16,0,0,0,0,0,0,0,0,0,0,0,0,0,0,1,165,105,0,0,0,0,0,0,0,0,0,0,1
2025-12-25 06:25:06,0,0,32.94,0,16,2222,37.0333,75,1.25,139,2.31667,0,0,0,0,0,0,0,0,2,149,107,0,0,0,0,0,0,0,0,0,0,1
2025-12-25 06:26:06,0,0,33,0,16,0,0,0,0,0,0,0,0,0,0,0,0,0,0,1,146,105,0,0,0,0,0,0,0,0,0,0,1
2025-12-25 06:27:06,0,0,33.12,0,16,0,0,0,0,0,0,0,0,0,0,0,0,0,0,1,146,105,0,0,0,0,0,0,0,0,0,0,1
2025-12-25 06:28:06,0,0,33.19,0,16,0,0,0,0,0,0,0,0,0,0,0,0,0,0,1,145,104,0,0,0,0,0,0,0,0,0,0,1
2025-12-25 06:29:06,0,0,33.25,0,16,0,0,0,0,0,0,0,0,0,0,0,0,0,0,1,144,104,0,0,0,0,0,0,0,0,0,0,1
2025-12-25 06:30:06,0,0,33.31,0,16,0,0,0,0,0,0,0,0,0,0,0,0,0,0,1,144,104,0,0,0,0,0,0,0,0,0,0,1
2025-12-25 06:31:06,0,0,33.38,0,16,0,0,0,0,0,0,0,0,0,0,0,0,0,0,1,144,103,0,0,0,0,0,0,0,0,0,0,1
2025-12-25 06:32:06,0,0,33.44,0,16,4,0.0666667,0,0,0,0,0,0,0,0,0,0,0,0,1,144,103,0,0,0,0,0,0,0,0,0,0,1
2025-12-25 06:33:06,0,0,33.5,0,16,0,0,0,0,0,0,0,0,0,0,0,0,0,0,1,144,103,0,0,0,0,0,0,0,0,0,0,1
2025-12-25 06:34:06,0,0,33.62,0,16,0,0,0,0,0,0,0,0,0,0,0,0,0,0,1,143,103,0,0,0,0,0,0,0,0,0,0,1
2025-12-25 06:35:06,0,0,33.69,0,16,0,0,0,0,0,0,0,0,0,0,0,0,0,0,1,143,103,0,0,0,0,0,0,0,0,0,0,1
2025-12-25 06:36:06,0,0,33.75,0,16,0,0,0,0,0,0,0,0,0,0,0,0,0,0,1,143,103,0,0,0,0,0,0,0,0,0,0,1
2025-12-25 06:37:06,0,0,33.81,0,16,0,0,0,0,0,0,0,0,0,0,0,0,0,0,1,143,103,0,0,0,0,0,0,0,0,0,0,1
2025-12-25 06:38:06,0,0,33.88,0,16,0,0,0,0,0,0,0,0,0,0,0,0,0,0,1,143,103,0,0,0,0,0,0,0,0,0,0,1
2025-12-25 06:39:06,0,0,33.88,0,16,0,0,0,0,0,0,0,0,0,0,0,0,0,0,1,143,102,0,0,0,0,0,0,0,0,0,0,1
2025-12-25 06:40:06,0,0,33.94,0,16,0,0,0,0,0,0,0,0,0,0,0,0,0,0,1,142,103,0,0,0,0,0,0,0,0,0,0,1
2025-12-25 06:41:06,0,0,34,0,16,0,0,0,0,0,0,0,0,0,0,0,0,0,0,1,142,102,0,0,0,0,0,0,0,0,0,0,1
2025-12-25 06:42:06,0,0,34.06,0,16,7,0.116667,0,0,0,0,0,0,0,0,0,0,0,0,1,142,102,0,0,0,0,0,0,0,0,0,0,1
2025-12-25 06:43:06,0,0,34.12,0,16,0,0,0,0,0,0,0,0,0,0,0,0,0,0,1,142,102,0,0,0,0,0,0,0,0,0,0,1
2025-12-25 06:44:06,0,0,34.12,0,16,0,0,0,0,0,0,0,0,0,0,0,0,0,0,1,142,102,0,0,0,0,0,0,0,0,0,0,1
2025-12-25 06:45:06,0,0,34.19,0,16,0,0,0,0,0,0,0,0,0,0,0,0,0,0,1,142,102,0,0,0,0,0,0,0,0,0,0,1
2025-12-25 06:46:06,0,0,34.19,0,16,0,0,0,0,0,0,0,0,0,0,0,0,0,0,1,142,101,0,0,0,0,0,0,0,0,0,0,1
2025-12-25 06:47:06,0,0,34.25,0,16,0,0,0,0,0,0,0,0,0,0,0,0,0,0,1,141,102,0,0,0,0,0,0,0,0,0,0,1
2025-12-25 06:48:06,0,0,34.31,0,16,0,0,0,0,0,0,0,0,0,0,0,0,0,0,1,141,102,0,0,0,0,0,0,0,0,0,0,1
2025-12-25 06:49:06,0,0,34.31,0,16,0,0,0,0,0,0,0,0,0,0,0,0,0,0,1,141,102,0,0,0,0,0,0,0,0,0,0,1
2025-12-25 06:50:06,0,0,34.31,0,16,0,0,0,0,0,0,0,0,0,0,0,0,0,0,1,141,102,0,0,0,0,0,0,0,0,0,0,1
2025-12-25 06:51:06,0,0,34.38,0,16,0,0,0,0,0,0,0,0,0,0,0,0,0,0,1,141,102,0,0,0,0,0,0,0,0,0,0,1
2025-12-25 06:52:06,0,0,34.38,0,16,0,0,0,0,0,0,0,0,0,0,0,0,0,0,1,141,101,0,0,0,0,0,0,0,0,0,0,1
2025-12-25 06:53:06,0,0,34.44,0,16,0,0,0,0,0,0,0,0,0,0,0,0,0,0,1,141,102,0,0,0,0,0,0,0,0,0,0,1
2025-12-25 06:54:06,0,0,34.44,0,16,0,0,0,0,0,0,0,0,0,0,0,0,0,0,1,141,101,0,0,0,0,0,0,0,0,0,0,1
2025-12-25 06:55:06,0,0,34.44,0,16,0,0,0,0,0,0,0,0,0,0,0,0,0,0,1,141,101,0,0,0,0,0,0,0,0,0,0,1
2025-12-25 06:56:06,0,0,34.44,0,16,0,0,0,0,0,0,0,0,0,0,0,0,0,0,1,141,101,0,0,0,0,0,0,0,0,0,0,1
2025-12-25 06:57:06,0,0,34.44,0,16,0,0,0,0,0,0,0,0,0,0,0,0,0,0,1,141,102,0,0,0,0,0,0,0,0,0,0,1
2025-12-25 06:58:06,0,0,34.5,0,16,0,0,0,0,0,0,0,0,0,0,0,0,0,0,1,141,102,0,0,0,0,0,0,0,0,0,0,1
2025-12-25 06:59:06,0,0,34.5,0,16,0,0,0,0,0,0,0,0,0,0,0,0,0,0,1,142,102,0,0,0,0,0,0,0,0,0,0,1
2025-12-25 07:00:06,0,0,34.5,0,16,0,0,0,0,0,0,0,0,0,0,0,0,0,0,1,141,102,0,0,0,0,0,0,0,0,0,0,1
2025-12-25 07:01:06,0,0,34.5,0,16,36,0.6,0,0,4,0.0666667,0,0,0,0,0,0,0,0,1,141,101,0,0,0,0,0,0,0,0,0,0,1
2025-12-25 07:02:06,0,0,34.44,0,16,1358,22.6333,39,0.65,100,1.66667,0,0,0,0,0,0,0,0,2,153,102,0,0,0,0,0,0,0,0,0,0,1
2025-12-25 07:03:06,0,0,34.38,0,16,1012,16.8667,21,0.35,61,1.01667,0,0,0,0,0,0,0,0,1,142,101,0,0,0,0,0,0,0,0,0,0,1
2025-12-25 07:04:06,0,0,34.31,0,1,0,0,0,0,0,0,0,0,0,0,0,0,0,0,1,140,101,0,0,0,0,0,0,0,0,0,0,1
2025-12-25 07:05:06,0,0,34.06,0,1,0,0,0,0,0,0,0,0,0,0,0,0,0,0,1,140,101,0,0,0,0,0,0,0,0,0,0,1
2025-12-25 07:06:06,0,0,33.88,0,1,0,0,0,0,0,0,0,0,0,0,0,0,0,0,1,140,101,0,0,0,0,0,0,0,0,0,0,1
2025-12-25 07:07:06,0,0,33.62,0,1,0,0,0,0,0,0,0,0,0,0,0,0,0,0,1,140,100,0,0,0,0,0,0,0,0,0,0,1
2025-12-25 07:08:06,0,0,33.44,0,1,0,0,0,0,0,0,0,0,0,0,0,0,0,0,1,140,101,0,0,0,0,0,0,0,0,0,0,1
2025-12-25 07:09:06,0,0,33.31,0,1,0,0,0,0,0,0,0,0,0,0,0,0,0,0,1,139,100,0,0,0,0,0,0,0,0,0,0,1
2025-12-25 07:10:06,0,0,33.12,0,1,0,0,0,0,0,0,0,0,0,0,0,0,0,0,1,139,100,0,0,0,0,0,0,0,0,0,0,1
2025-12-25 07:11:06,0,0,33,0,1,0,0,0,0,0,0,0,0,0,0,0,0,0,0,1,139,100,0,0,0,0,0,0,0,0,0,0,1
2025-12-25 07:12:06,0,0,32.88,0,1,884,14.7333,23,0.383333,51,0.85,0,0,0,0,0,0,0,0,1,144,102,0,0,0,0,0,0,0,0,0,0,1
2025-12-25 07:13:06,0,0,32.62,0,1,0,0,0,0,0,0,0,0,0,0,0,0,0,0,1,143,102,0,0,0,0,0,0,0,0,0,0,1
2025-12-25 07:14:06,0,0,32.38,0,1,0,0,0,0,0,0,0,0,0,0,0,0,0,0,1,143,102,0,0,0,0,0,0,0,0,0,0,1
2025-12-25 07:15:06,0,0,32.12,0,1,0,0,0,0,0,0,0,0,0,0,0,0,0,0,1,144,102,0,0,0,0,0,0,0,0,0,0,1
2025-12-25 07:16:06,0,0,31.94,0,1,588,9.8,17,0.283333,47,0.783333,0,0,0,0,0,0,0,0,1,141,100,0,0,0,0,0,0,0,0,0,0,1
2025-12-25 07:17:06,0,0,31.94,0,1,0,0,0,0,0,0,0,0,0,0,0,0,0,0,1,141,100,0,0,0,0,0,0,0,0,0,0,1
2025-12-25 07:18:06,0,0,31.94,0,1,0,0,0,0,0,0,0,0,0,0,0,0,0,0,1,142,100,0,0,0,0,0,0,0,0,0,0,1
2025-12-25 07:19:06,0,0,31.94,0,1,0,0,0,0,0,0,0,0,0,0,0,0,0,0,1,141,100,0,0,0,0,0,0,0,0,0,0,1
2025-12-25 07:20:06,0,0,31.94,0,1,0,0,0,0,0,0,0,0,0,0,0,0,0,0,1,141,99,0,0,0,0,0,0,0,0,0,0,1
2025-12-25 07:21:06,0,0,31.94,0,1,0,0,0,0,0,0,0,0,0,0,0,0,0,0,1,141,100,0,0,0,0,0,0,0,0,0,0,1
2025-12-25 07:22:06,0,0,31.94,0,1,0,0,0,0,0,0,0,0,0,0,0,0,0,0,1,140,100,0,0,0,0,0,0,0,0,0,0,1
2025-12-25 07:23:06,0,0,31.88,0,1,0,0,0,0,0,0,0,0,0,0,0,0,0,0,1,140,100,0,0,0,0,0,0,0,0,0,0,1
2025-12-25 07:24:06,0,0,31.56,0,8,1165,19.4167,31,0.516667,66,1.1,0,0,0,0,0,0,0,0,1,149,124,0,0,0,0,0,0,0,0,0,0,1
2025-12-25 07:25:06,0,0,31.44,0,1,0,0,0,0,0,0,0,0,0,0,0,0,0,0,1,147,118,0,0,0,0,0,0,0,0,0,0,1
2025-12-25 07:26:06,0,0,31.25,0,1,0,0,0,0,0,0,0,0,0,0,0,0,0,0,1,147,119,0,0,0,0,0,0,0,0,0,0,1
2025-12-25 07:27:06,0,0,31.12,0,1,0,0,0,0,0,0,0,0,0,0,0,0,0,0,1,145,115,0,0,0,0,0,0,0,0,0,0,1
2025-12-25 07:28:06,0,0,30.94,0,1,0,0,0,0,0,0,0,0,0,0,0,0,0,0,1,146,117,0,0,0,0,0,0,0,0,0,0,1
2025-12-25 07:29:06,0,0,30.88,0,1,3,0.05,0,0,0,0,0,0,0,0,0,0,0,0,12,145,113,0,0,0,0,0,0,0,0,0,0,0
2025-12-25 07:30:06,0,0,30.81,0,16,1748,29.1333,52,0.866667,126,2.1,0,0,0,0,0,0,0,0,0,151,103,0,0,0,0,0,0,0,0,0,0,0
2025-12-25 07:31:06,0,0,30.94,0,16,1649,27.4833,31,0.516667,115,1.91667,0,0,0,0,0,0,0,0,0,160,106,0,0,0,0,0,0,0,0,0,0,0
2025-12-25 07:32:06,0,1,31.06,0,8,8556,142.6,276,4.6,434,7.23333,0,0,0,0,0,0,0,0,0,148,105,0,0,0,0,0,0,0,0,0,0,0
2025-12-25 07:33:06,0,0,30.94,0,8,10078,167.967,345,5.75,440,7.33333,0,0,0,0,0,0,0,0,0,158,103,0,0,0,0,0,0,0,0,0,0,0
2025-12-25 07:34:06,0,0,30.75,0,1,3684,61.4,71,1.18333,236,3.93333,6.43,0,0,0,0,0,0,0,0,183,137,1e-04,1e-04,2e-04,5e-04,0.001,0.0017,0.0018,0.0011,2.06,0,0
2025-12-25 07:35:06,0,0,30.69,0,1,7477,124.617,236,3.93333,373,6.21667,120.41,0,0,0,0,0,0,0,0,198,155,0.0015,0.0034,0.0042,0.0098,0.0185,0.0301,0.0322,0.0186,50.07,0.05,0
2025-12-25 07:36:06,0,0,30.81,0,8,4997,83.2833,108,1.8,290,4.83333,5.25,0,0,0,0,0,0,0,0,167,128,0,1e-04,2e-04,4e-04,8e-04,0.0013,0.0014,8e-04,2.05,0,0
2025-12-25 07:37:06,0,0,30.38,0,16,1728,28.8,24,0.4,111,1.85,28.05,0,0,0,0,0,0,0,0,192,161,3e-04,8e-04,0.001,0.0023,0.0043,0.007,0.0075,0.0045,11.44,0.01,0
2025-12-25 07:38:06,0,0,30.12,0,1,3414,56.9,57,0.95,238,3.96667,1.51,0,0,0,0,0,0,0,0,201,139,0,0,0,1e-04,2e-04,4e-04,5e-04,3e-04,0.18,0,0
2025-12-25 07:39:06,0,0,29.88,0,1,3824,63.7333,64,1.06667,245,4.08333,7.65,0,0,0,0,0,0,0,0,168,128,1e-04,2e-04,3e-04,6e-04,0.0012,0.0019,0.002,0.0012,2.98,0,0
2025-12-25 07:40:06,0,0,29.62,0,8,648,10.8,19,0.316667,33,0.55,0.79,0,0,0,0,0,0,0,0,175,131,0,0,0,1e-04,1e-04,2e-04,2e-04,2e-04,0.01,0,0
2025-12-25 07:41:06,0,0,29.19,0,1,1474,24.5667,21,0.35,103,1.71667,0.39,0,0,0,0,0,0,0,0,150,111,0,0,0,0,1e-04,1e-04,1e-04,1e-04,0,0,0
2025-12-25 07:42:06,0,0,28.94,0,1,818,13.6333,14,0.233333,47,0.783333,0.04,0,0,0,0,0,0,0,0,175,120,0,0,0,0,0,0,0,1e-04,0,0,0
2025-12-25 07:43:06,0,0,28.69,0,16,977,16.2833,16,0.266667,63,1.05,30.55,0,0,0,0,0,0,0,0,199,148,4e-04,9e-04,0.0011,0.0025,0.0048,0.0076,0.008,0.005,12.92,0.01,0
2025-12-25 07:44:06,0,0,28.94,0,1,3844,64.0667,66,1.1,290,4.83333,7.43,0,0,0,0,0,0,0,0,211,157,1e-04,2e-04,3e-04,6e-04,0.0012,0.0019,0.002,0.0012,2.82,0,0
2025-12-25 07:45:06,0,0,29.19,0,1,3711,61.85,62,1.03333,232,3.86667,8.05,0,0,0,0,0,0,0,0,178,136,1e-04,2e-04,2e-04,5e-04,0.0013,0.0021,0.0022,0.0013,2.4,0,0
2025-12-25 07:46:06,0,0,29.06,0,1,4968,82.8,125,2.08333,282,4.7,12.32,0,0,0,0,0,0,0,0,219,162,1e-04,3e-04,4e-04,0.001,0.0019,0.0031,0.0033,0.0019,5.03,0.01,0
2025-12-25 07:47:06,0,0,28.94,0,1,3022,50.3667,72,1.2,206,3.43333,2.35,0,0,0,0,0,0,0,0,196,138,0,0,0,2e-04,4e-04,7e-04,7e-04,5e-04,0.27,0,0
2025-12-25 07:48:06,0,0,29,0,16,1662,27.7,15,0.25,128,2.13333,4.13,0,0,0,0,0,0,0,0,218,154,0,1e-04,1e-04,3e-04,6e-04,0.0011,0.0012,7e-04,1.2,0,0
2025-12-25 07:49:06,0,0,28.62,0,16,38,0.633333,0,0,4,0.0666667,3.06,0,0,0,0,0,0,0,0,224,160,0,0,1e-04,2e-04,5e-04,8e-04,9e-04,6e-04,0.71,0,0
2025-12-25 07:50:06,0,0,29.19,0,4,744,12.4,2,0.0333333,54,0.9,2.86,0,0,0,0,0,0,0,0,187,130,0,1e-04,1e-04,2e-04,5e-04,8e-04,8e-04,6e-04,0.74,0,0
2025-12-25 07:51:06,0,0,29.31,0,1,4286,71.4333,102,1.7,313,5.21667,2.07,0,0,0,0,0,0,0,0,185,124,0,0,0,2e-04,3e-04,5e-04,6e-04,4e-04,0.34,0,0
2025-12-25 07:52:06,0,0,29.62,0,1,608,10.1333,6,0.1,28,0.466667,2.13,0,0,0,0,0,0,0,0,172,121,0,0,1e-04,2e-04,4e-04,6e-04,7e-04,5e-04,0.4,0,0
2025-12-25 07:53:06,0,0,29.62,0,1,109,1.81667,0,0,5,0.0833333,2.41,0,0,0,0,0,0,0,0,167,114,0,1e-04,1e-04,2e-04,4e-04,7e-04,7e-04,6e-04,0.61,0,0
2025-12-25 07:54:06,0,0,29.81,0,1,14,0.233333,0,0,1,0.0166667,2.44,0,0,0,0,0,0,0,0,163,114,0,1e-04,1e-04,2e-04,4e-04,7e-04,7e-04,7e-04,0.74,0,0
2025-12-25 07:55:06,0,0,29.81,0,1,108,1.8,0,0,5,0.0833333,2.56,0,0,0,0,0,0,0,0,167,110,0,1e-04,1e-04,2e-04,4e-04,7e-04,8e-04,7e-04,0.7,0,0
2025-12-25 07:56:06,0,0,29.94,0,16,2564,42.7333,51,0.85,162,2.7,5.85,0,0,0,0,0,0,0,0,229,172,0,2e-04,2e-04,5e-04,9e-04,0.0015,0.0017,0.0012,2.17,0,0
2025-12-25 07:57:06,0,0,29.81,0,16,620,10.3333,10,0.166667,39,0.65,3.39,0,0,0,0,0,0,0,0,215,156,0,1e-04,1e-04,3e-04,6e-04,9e-04,0.001,8e-04,1.04,0,0
2025-12-25 07:58:06,0,0,30.5,0,16,991,16.5167,2,0.0333333,92,1.53333,3.83,0,0,0,0,0,0,0,0,172,108,0,1e-04,2e-04,4e-04,6e-04,0.001,0.0011,9e-04,1.29,0,0
2025-12-25 07:59:06,0,0,30.25,0,16,3987,66.45,108,1.8,226,3.76667,3.91,0,0,0,0,0,0,0,0,192,132,1e-04,2e-04,1e-04,4e-04,6e-04,8e-04,0.0011,7e-04,1.85,0,0
2025-12-25 08:00:06,0,0,30.38,0,1,3612,60.2,96,1.6,232,3.86667,1.18,0,0,0,0,0,0,0,0,156,105,0,0,0,1e-04,2e-04,3e-04,4e-04,2e-04,0.25,0,0
2025-12-25 08:01:06,0,0,30.69,0,1,11514,191.9,390,6.5,519,8.65,36.96,0,0,0,0,0,0,0,0,176,136,4e-04,8e-04,0.001,0.0026,0.0058,0.0095,0.0102,0.006,12.34,0.01,0
2025-12-25 08:02:06,0,0,30.81,0,1,6370,106.167,176,2.93333,416,6.93333,1.12,0,0,0,0,0,0,0,0,177,101,0,0,1e-04,1e-04,2e-04,3e-04,3e-04,3e-04,0.5,0,0
2025-12-25 08:03:06,0,0,30.31,0,8,12619,210.317,478,7.96667,596,9.93333,2.67,0,0,0,0,0,0,0,0,204,110,1e-04,1e-04,2e-04,3e-04,5e-04,7e-04,8e-04,9e-04,1.22,0,0
2025-12-25 08:04:06,0,0,29.75,0,1,1558,25.9667,27,0.45,107,1.78333,3.17,0,0,0,0,0,0,0,0,219,157,1e-04,1e-04,1e-04,3e-04,5e-04,8e-04,9e-04,9e-04,1.11,0,0
2025-12-25 08:05:06,0,0,29.31,0,16,1436,23.9333,23,0.383333,133,2.21667,3.77,0,0,0,0,0,0,0,0,151,101,1e-04,1e-04,2e-04,4e-04,6e-04,9e-04,0.0011,0.0011,1.89,0,0
2025-12-25 08:06:06,0,0,28.56,0,1,0,0,0,0,0,0,6.41,0,0,0,0,0,0,0,0,227,159,1e-04,4e-04,2e-04,8e-04,0.001,0.0011,0.0019,9e-04,3.78,0,0
2025-12-25 08:07:06,0,0,28.25,0,1,0,0,0,0,0,0,6.5,0,0,0,0,0,0,0,0,225,157,1e-04,4e-04,2e-04,8e-04,0.0011,0.0011,0.0019,9e-04,3.81,0,0
2025-12-25 08:08:06,0,0,28.19,0,1,0,0,0,0,0,0,6.61,0,0,0,0,0,0,0,0,223,155,1e-04,4e-04,2e-04,8e-04,0.0011,0.0011,0.002,9e-04,4.01,0,0
2025-12-25 08:09:06,0,0,28.19,0,1,0,0,0,0,0,0,6.75,0,0,0,0,0,0,0,0,221,150,1e-04,4e-04,3e-04,8e-04,0.0011,0.0012,0.002,9e-04,4.24,0,0
2025-12-25 08:10:06,0,0,28.12,0,1,33,0.55,0,0,1,0.0166667,7.05,0,0,0,0,0,0,0,0,224,158,1e-04,5e-04,3e-04,9e-04,0.0012,0.0012,0.002,0.001,4.35,0,0
2025-12-25 08:11:06,0,0,28.31,0,16,4220,70.3333,135,2.25,139,2.31667,6.81,0,0,0,0,0,0,0,0,212,122,1e-04,4e-04,3e-04,9e-04,0.0011,0.0012,0.0019,0.0012,4.23,0,0
2025-12-25 08:12:06,0,0,28.44,0,1,721,12.0167,14,0.233333,49,0.816667,7.1,0,0,0,0,0,0,0,0,216,154,1e-04,4e-04,3e-04,8e-04,0.0012,0.0013,0.0021,0.0012,4.09,0,0
2025-12-25 08:13:06,0,0,28.62,0,1,51,0.85,0,0,5,0.0833333,7.07,0,0,0,0,0,0,0,0,211,136,1e-04,4e-04,3e-04,9e-04,0.0012,0.0012,0.002,0.0012,4.35,0,0
2025-12-25 08:14:06,0,0,29,0,1,251,4.18333,6,0.1,20,0.333333,6.35,0,0,0,0,0,0,0,0,203,134,1e-04,4e-04,4e-04,8e-04,0.0011,0.0012,0.0018,0.0014,4.09,0,0
2025-12-25 08:15:06,0,0,29.12,0,1,4184,69.7333,115,1.91667,236,3.93333,1.75,0,0,0,0,0,0,0,0,220,155,0,1e-04,1e-04,2e-04,3e-04,4e-04,5e-04,5e-04,1.02,0,0
2025-12-25 08:16:06,0,0,29.06,0,1,1050,17.5,19,0.316667,69,1.15,112.2,0,0,0,0,0,0,0,0,202,148,0.0015,0.004,0.0056,0.01,0.0173,0.0269,0.0278,0.017,59.06,0.05,0
2025-12-25 08:17:06,0,0,28.88,0,1,81,1.35,0,0,12,0.2,118.28,0,0,0,0,0,0,0,0,211,154,0.0015,0.0042,0.006,0.0105,0.0181,0.0282,0.0289,0.0171,63.25,0.05,0
2025-12-25 08:18:06,0,0,28.81,0,1,6,0.1,0,0,0,0,110.41,0,0,0,0,0,0,0,0,207,152,0.0014,0.004,0.0055,0.0098,0.0169,0.0263,0.027,0.0159,58.98,0.04,0
2025-12-25 08:19:06,0,0,28.94,0,1,37,0.616667,0,0,3,0.05,115.73,0,0,0,0,0,0,0,0,201,148,0.0015,0.0042,0.0058,0.0103,0.0177,0.0276,0.0282,0.0168,62.16,0.05,0
2025-12-25 08:20:06,0,0,29.19,0,1,3606,60.1,84,1.4,207,3.45,115.82,0,0,0,0,0,0,0,0,210,152,0.0015,0.0042,0.0059,0.0104,0.0178,0.0275,0.0285,0.0172,62.13,0.05,0
2025-12-25 08:21:06,0,0,29.5,0,16,1805,30.0833,34,0.566667,143,2.38333,136.66,0,0,0,0,0.01,0,0,0,203,150,0.0019,0.0052,0.0073,0.0128,0.021,0.0322,0.0337,0.0207,75.92,0.06,0
2025-12-25 08:22:06,0,0,29.38,0,16,2124,35.4,31,0.516667,183,3.05,136.46,0,0,0,0,0.01,0,0,0,171,112,0.0019,0.0051,0.0071,0.0124,0.021,0.0324,0.0337,0.0209,74.02,0.06,0
2025-12-25 08:23:06,0,0,29.56,0,1,2693,44.8833,62,1.03333,165,2.75,123.38,0,0,0,0,0.01,0,0,0,190,118,0.0016,0.0045,0.0063,0.011,0.019,0.0294,0.0303,0.0184,66.33,0.05,0
2025-12-25 08:24:06,0,0,29.75,0,1,1427,23.7833,24,0.4,112,1.86667,7.44,0,0,0,0,0,0,0,0,157,116,2e-04,6e-04,7e-04,0.001,0.0012,0.0014,0.0016,0.0019,6.88,0.01,0
2025-12-25 08:25:06,0,0,29.81,0,1,1423,23.7167,12,0.2,80,1.33333,16.56,0,0,0,0,0,0,0,0,172,128,3e-04,0.001,0.0011,0.0017,0.0026,0.0037,0.004,0.0032,10.91,0.01,0
2025-12-25 08:26:06,0,0,29.56,0,1,8544,142.4,240,4,502,8.36667,13.88,0,0,0,0,0,0,0,0,188,128,3e-04,7e-04,0.001,0.0016,0.0022,0.0031,0.0039,0.0039,8.66,0.01,0
2025-12-25 08:27:06,0,0,29.56,0,1,4032,67.2,75,1.25,287,4.78333,106.25,0,0,0,0,0.01,0,0,0,200,116,0.0018,0.0042,0.0048,0.0105,0.0157,0.0254,0.0312,0.022,55.43,0.05,0
2025-12-25 08:28:06,0,0,29.25,0,1,11100,185,380,6.33333,574,9.56667,17.79,0,0,0,0,0,0,0,0,198,142,4e-04,9e-04,0.0013,0.0021,0.0027,0.004,0.0047,0.0042,12.19,0.01,0
2025-12-25 08:29:06,0,0,29.31,0,1,11216,186.933,394,6.56667,579,9.65,5.29,0,0,0,0,0,0,0,0,205,159,1e-04,3e-04,4e-04,6e-04,8e-04,0.0012,0.0014,0.0014,3.35,0,0
2025-12-25 08:30:06,0,0,29.25,0,1,9192,153.2,261,4.35,505,8.41667,0,0,0,0,0,0.01,0,0,0,224,158,1e-04,1e-04,1e-04,1e-04,1e-04,1e-04,1e-04,1e-04,0,0,0
2025-12-25 08:31:06,0,0,29.19,0,1,8653,144.217,243,4.05,451,7.51667,34.09,0,0,0,0,0.02,0,0,0,195,144,0.0023,0.0041,0.0051,0.0061,0.0057,0.0059,0.0074,0.0108,42.79,0.03,0
2025-12-25 08:32:06,0,0,28.81,0,1,11996,199.933,446,7.43333,596,9.93333,0,0,0,0,0,0.01,0,0,0,233,170,2e-04,2e-04,1e-04,2e-04,1e-04,2e-04,1e-04,2e-04,0,0,0
2025-12-25 08:33:06,0,0,28.56,0,1,9270,154.5,302,5.03333,471,7.85,0,0,0,0,0,0.01,0,0,0,220,158,2e-04,3e-04,2e-04,2e-04,2e-04,3e-04,2e-04,2e-04,0,0.01,0
2025-12-25 08:34:06,0,0,28.62,0,1,16636,277.267,723,12.05,679,11.3167,0,0,0,0,0,0.02,0,0,0,210,146,4e-04,5e-04,4e-04,5e-04,3e-04,5e-04,4e-04,4e-04,0,0.01,0
2025-12-25 08:35:06,0,0,28.44,0,1,7125,118.75,235,3.91667,360,6,0,0,0,0,0,0.03,0,0,0,194,147,6e-04,8e-04,6e-04,8e-04,5e-04,9e-04,7e-04,7e-04,0,0.01,0
2025-12-25 08:36:06,0,0,28.62,0,1,7767,129.45,246,4.1,421,7.01667,0,0,0,0,0,0.02,0,0,0,164,118,4e-04,4e-04,4e-04,5e-04,3e-04,5e-04,4e-04,4e-04,0,0.01,0
2025-12-25 08:37:06,0,0,28.62,0,1,11367,189.45,378,6.3,452,7.53333,0,0,0,0,0,0.02,0,0,0,146,108,4e-04,5e-04,4e-04,6e-04,4e-04,6e-04,5e-04,5e-04,0,0.01,0
2025-12-25 08:38:06,0,0,28.5,0,1,11181,186.35,344,5.73333,521,8.68333,0,0,0,0,0,0.02,0,0,0,145,106,5e-04,6e-04,5e-04,7e-04,4e-04,7e-04,6e-04,6e-04,0,0.01,0
2025-12-25 08:39:06,0,0,28.38,0,1,10529,175.483,288,4.8,517,8.61667,0,0,0,0,0,0.04,0,0,0,142,105,9e-04,0.0012,0.001,0.0013,8e-04,0.0013,0.0011,0.001,0,0.02,0
2025-12-25 08:40:06,0,0,28.25,0,1,10735,178.917,340,5.66667,494,8.23333,0,0,0,0,0,0.01,0,0,0,140,103,3e-04,4e-04,3e-04,4e-04,3e-04,4e-04,3e-04,3e-04,0,0.01,0
2025-12-25 08:41:06,0,0,28.12,0,1,7583,126.383,183,3.05,390,6.5,0,0,0,0,0,0,0,0,0,138,99,1e-04,1e-04,0,1e-04,1e-04,1e-04,1e-04,1e-04,0,0,0
2025-12-25 08:42:06,0,0,27.56,0,1,11164,186.067,368,6.13333,540,9,0,0,0,0,0,0,0,0,0,155,101,0,0,0,0,0,0,0,0,0,0,0
2025-12-25 08:43:06,0,0,26.88,0,8,8522,142.033,236,3.93333,449,7.48333,48.39,0,0,0,0,0,0,0,0,171,117,0.001,0.0022,0.003,0.0055,0.0072,0.011,0.0123,0.0089,31.36,0.03,0
2025-12-25 08:44:06,0,0,26.12,0,8,6585,109.75,160,2.66667,386,6.43333,32.16,0,0,0,0,0.01,0,0,0,163,105,8e-04,0.0018,0.0023,0.0037,0.005,0.007,0.009,0.0079,21.76,0.02,0
2025-12-25 08:45:06,0,0,25.94,0,8,2387,39.7833,61,1.01667,130,2.16667,109.77,0,0,0,0,0.01,0,0,0,151,98,0.0019,0.0044,0.0053,0.0112,0.0161,0.0259,0.0337,0.0224,58.51,0.06,0
2025-12-25 08:46:06,0,0,26.06,0,1,1106,18.4333,23,0.383333,70,1.16667,54.99,0,0,0,0,0.01,0,0,0,141,99,0.0013,0.0029,0.004,0.0062,0.0086,0.0121,0.0139,0.0121,37.89,0.03,0
2025-12-25 08:47:06,0,0,26,0,1,1517,25.2833,19,0.316667,124,2.06667,158.25,0,0,0,0,0.01,0,0,0,144,97,0.0026,0.006,0.0072,0.0157,0.0233,0.0376,0.0482,0.0305,81.96,0.08,0
2025-12-25 08:48:06,0,0,25.88,0,16,3218,53.6333,52,0.866667,240,4,260.38,0,0,0,0,0.02,0,0,0,136,101,0.0041,0.0095,0.0111,0.0258,0.0376,0.0624,0.0821,0.0498,130.86,0.12,0
2025-12-25 08:49:06,0,0,26.06,0,1,2449,40.8167,44,0.733333,146,2.43333,146.14,0,0,0,0,0.02,0,0,0,142,97,0.0029,0.0065,0.0079,0.0156,0.0216,0.0336,0.0443,0.031,84.95,0.08,0
2025-12-25 08:50:06,0,0,26.31,0,1,2656,44.2667,47,0.783333,180,3,354.65,0,0,0,0,0.02,0,0,0,138,98,0.0056,0.013,0.0152,0.0352,0.0513,0.0845,0.1113,0.0668,179.4,0.17,0
2025-12-25 08:51:06,0,0,26.31,0,1,2421,40.35,33,0.55,188,3.13333,288.63,0,0,0,0,0.02,0,0,0,150,103,0.0047,0.0107,0.0125,0.029,0.0416,0.0688,0.0914,0.0552,147.23,0.14,0
2025-12-25 08:52:06,0,0,26.75,0,1,2737,45.6167,50,0.833333,194,3.23333,232.65,0,0,0,0,0.02,0,0,0,144,98,0.0038,0.0085,0.01,0.0229,0.0338,0.0557,0.0742,0.0457,115.98,0.11,0
2025-12-25 08:53:06,0,0,27.31,0,1,2148,35.8,33,0.55,175,2.91667,272.11,0,0,0,0,0.02,0,0,0,136,98,0.0042,0.0095,0.0111,0.0266,0.0392,0.0655,0.0874,0.0516,132.44,0.13,0
2025-12-25 08:54:06,0,0,27.75,0,16,4487,74.7833,111,1.85,300,5,346.79,0,0,0,0,0.02,0,0,0,147,100,0.0053,0.0121,0.0141,0.0337,0.05,0.0833,0.1115,0.0655,168.58,0.16,0
2025-12-25 08:55:06,0,0,28,0,1,2489,41.4833,42,0.7,174,2.9,281.19,0,0,0,0,0.02,0,0,0,139,101,0.0044,0.0101,0.0117,0.0276,0.0407,0.0675,0.0902,0.0537,138.09,0.13,0
2025-12-25 08:56:06,0,0,28.38,0,16,4181,69.6833,83,1.38333,345,5.75,334.88,0,0,0,0,0.02,0,0,0,143,98,0.0051,0.0117,0.0137,0.0325,0.0484,0.0805,0.1078,0.0631,162.52,0.16,0
2025-12-25 08:57:06,0,0,28.44,0,16,2468,41.1333,53,0.883333,170,2.83333,336.61,0,0,0,0,0.02,0,0,0,154,101,0.0054,0.0124,0.0147,0.0336,0.0489,0.0801,0.1069,0.0641,170.04,0.16,0
2025-12-25 08:58:06,0,0,28.31,0,1,4958,82.6333,130,2.16667,298,4.96667,267.81,0,0,0,0,0.02,0,0,0,174,123,0.0047,0.0105,0.0125,0.0274,0.039,0.0631,0.0843,0.0525,141.37,0.13,0
2025-12-25 08:59:06,0,0,28.31,0,16,3091,51.5167,65,1.08333,204,3.4,292.38,0,0,0,0,0.02,0,0,0,167,106,0.0048,0.011,0.013,0.0297,0.0424,0.0692,0.0927,0.0562,150.61,0.14,0
2025-12-25 09:00:06,0,0,28.56,0,16,4245,70.75,99,1.65,283,4.71667,339.91,0,0,0,0,0.02,0,0,0,196,128,0.0056,0.0129,0.0152,0.0346,0.0493,0.0801,0.1071,0.0644,176.64,0.17,0
2025-12-25 09:01:06,0,0,28.56,0,1,4912,81.8667,127,2.11667,263,4.38333,166.05,0,0,0,0,0.02,0,0,0,167,121,0.0033,0.0073,0.009,0.0177,0.0246,0.0383,0.0516,0.0356,95.2,0.09,0
2025-12-25 09:02:06,0,0,28.69,0,1,4667,77.7833,87,1.45,273,4.55,230,0,0,0,0,0.02,0,0,0,155,114,0.0039,0.0087,0.0103,0.0234,0.0332,0.0546,0.074,0.0452,118.56,0.11,0
2025-12-25 09:03:06,0,0,28.5,0,1,2412,40.2,43,0.716667,146,2.43333,313.08,0,0,0,0,0.02,0,0,0,174,112,0.005,0.0114,0.0134,0.0309,0.0454,0.0745,0.1007,0.06,156.01,0.15,0
2025-12-25 09:04:06,0,0,28.38,0,8,5140,85.6667,140,2.33333,282,4.7,153.4,0,0,0,0,0.01,0,0,0,219,163,0.0027,0.006,0.0073,0.0154,0.0227,0.036,0.048,0.0311,80.01,0.08,0
2025-12-25 09:05:06,0,0,28.56,0,1,2522,42.0333,59,0.983333,176,2.93333,213.95,0,0,0,0,0.02,0,0,0,203,143,0.0034,0.0078,0.0093,0.0212,0.0311,0.0509,0.0686,0.0411,106.61,0.1,0
2025-12-25 09:06:06,0,0,28.38,0,1,7521,125.35,224,3.73333,291,4.85,114.59,0,0,0,0,0.01,0,0,0,200,118,0.002,0.0045,0.0054,0.0116,0.0168,0.027,0.0362,0.0229,59.92,0.06,0
2025-12-25 09:07:06,0,0,28.5,0,1,1274,21.2333,21,0.35,89,1.48333,41.6,0,0,0,0,0.01,0,0,0,164,102,8e-04,0.0017,0.0021,0.0043,0.0062,0.0099,0.0133,0.0094,21.78,0.02,0
2025-12-25 09:08:06,0,0,28.56,0,32,3714,61.9,71,1.18333,285,4.75,54.26,0,0,0,0,0.01,0,0,0,197,161,0.0014,0.0028,0.0037,0.0062,0.0083,0.0122,0.0163,0.0138,34.74,0.03,0
2025-12-25 09:09:06,0,0,28.38,0,32,171,2.85,0,0,14,0.233333,16.25,0,0,0,0,0,0,0,0,198,160,3e-04,6e-04,8e-04,0.0017,0.0025,0.0039,0.0053,0.0041,7.82,0.01,0
2025-12-25 09:10:06,0,0,28.31,0,32,150,2.5,0,0,6,0.1,21.18,0,0,0,0,0,0,0,0,216,171,4e-04,8e-04,0.0011,0.0022,0.0032,0.0051,0.007,0.0054,10.3,0.01,0
2025-12-25 09:11:06,0,0,28.5,0,32,231,3.85,0,0,8,0.133333,19.09,0,0,0,0,0,0,0,0,215,174,4e-04,7e-04,0.001,0.002,0.0029,0.0046,0.0063,0.005,9.27,0.01,0
2025-12-25 09:12:06,0,0,28.69,0,32,200,3.33333,0,0,13,0.216667,23.8,0,0,0,0,0,0,0,0,222,178,4e-04,9e-04,0.0012,0.0024,0.0036,0.0058,0.008,0.0059,11.28,0.01,0
2025-12-25 09:13:06,0,0,29.12,0,32,323,5.38333,0,0,32,0.533333,26.76,0,0,0,0,0,0,0,0,205,169,5e-04,0.001,0.0013,0.0027,0.004,0.0065,0.0091,0.0068,12.62,0.02,0
2025-12-25 09:14:06,0,0,29.81,0,32,285,4.75,0,0,18,0.3,25.1,0,0,0,0,0,0,0,0,202,157,5e-04,9e-04,0.0012,0.0025,0.0037,0.0062,0.0088,0.0065,11.81,0.02,0
2025-12-25 09:15:06,0,0,30.19,0,32,182,3.03333,3,0.05,14,0.233333,39.19,0,0,0,0,0.01,0,0,0,207,149,8e-04,0.0014,0.0019,0.004,0.0058,0.0095,0.0135,0.0095,18.97,0.02,0
2025-12-25 09:16:06,0,0,30.25,0,1,1802,30.0333,21,0.35,147,2.45,116.25,0,0,0,0,0.02,0,0,0,193,159,0.0024,0.005,0.0062,0.0123,0.0172,0.0272,0.0378,0.0267,63.89,0.07,0
2025-12-25 09:17:06,0,0,30.69,0,1,1469,24.4833,15,0.25,108,1.8,217.97,0,0,0,0,0.02,0,0,0,170,109,0.004,0.0087,0.0106,0.0225,0.0319,0.0512,0.0705,0.0451,115.55,0.11,0
2025-12-25 09:18:06,0,0,30.62,0,16,5582,93.0333,134,2.23333,400,6.66667,308.27,0,0,0,0,0.03,0,0,0,171,106,0.0055,0.0123,0.0148,0.0316,0.0455,0.072,0.0974,0.0613,163.26,0.16,0
2025-12-25 09:19:06,0,0,30.5,0,16,3994,66.5667,84,1.4,273,4.55,283.8,0,0,0,0,0.04,0,0,0,182,108,0.0064,0.014,0.0173,0.033,0.0422,0.0634,0.0853,0.061,179.39,0.16,0
2025-12-25 09:20:06,0,0,30.31,0,1,4653,77.55,131,2.18333,248,4.13333,187.55,0,0,0,0,0.03,0,0,0,199,122,0.004,0.0086,0.0106,0.0204,0.028,0.0429,0.0582,0.0411,109.3,0.11,0
2025-12-25 09:21:06,0,0,30.06,0,16,3876,64.6,70,1.16667,274,4.56667,260.7,0,0,0,0,0.04,0,0,0,184,158,0.0054,0.0117,0.0143,0.0281,0.0389,0.0597,0.0807,0.0553,149.94,0.14,0
2025-12-25 09:22:06,0,0,29.88,0,2,2886,48.1,83,1.38333,149,2.48333,111.42,0,0,0,0,0.04,0,0,0,207,111,0.0039,0.0079,0.0102,0.015,0.0179,0.023,0.0299,0.0315,90.61,0.08,0
2025-12-25 09:23:06,0,0,29.81,0,16,4700,78.3333,131,2.18333,245,4.08333,276.95,0,0,0,0,0.04,0,0,0,205,130,0.0058,0.0127,0.0156,0.0304,0.0413,0.0631,0.0854,0.0589,162.79,0.15,0
2025-12-25 09:24:06,0,0,29.81,0,1,1015,16.9167,24,0.4,64,1.06667,279.79,0,0,0,0,0.04,0,0,0,161,102,0.0057,0.0124,0.0152,0.0303,0.0416,0.0643,0.0873,0.0588,160.07,0.15,0
2025-12-25 09:25:06,0,0,29.75,0,1,644,10.7333,18,0.3,37,0.616667,322.91,0,0,0,0,0.04,0,0,0,165,111,0.006,0.0131,0.0158,0.0337,0.0474,0.0754,0.1033,0.0652,173.15,0.17,0
2025-12-25 09:26:06,0,0,29.62,0,16,65,1.08333,0,0,2,0.0333333,397.89,0,0,0,0,0.04,0,0,0,168,108,0.0069,0.0155,0.0185,0.0408,0.0582,0.0935,0.1282,0.0779,206.68,0.2,0
2025-12-25 09:27:06,0,0,29.44,0,16,484,8.06667,13,0.216667,26,0.433333,399.5,0,0,0,0,0.04,0,0,0,166,107,0.007,0.0155,0.0186,0.041,0.0584,0.0938,0.1286,0.0782,207.93,0.2,0
2025-12-25 09:28:06,0,0,29.38,0,16,93,1.55,0,0,3,0.05,399.5,0,0,0,0,0.04,0,0,0,171,110,0.0069,0.0154,0.0185,0.0409,0.0583,0.0939,0.129,0.078,207.25,0.2,0
2025-12-25 09:29:06,0,0,29.38,0,1,837,13.95,24,0.4,42,0.7,356.41,0,0,0,0,0.04,0,0,0,169,108,0.0066,0.0145,0.0174,0.0371,0.0524,0.083,0.1137,0.0718,191.59,0.19,0
2025-12-25 09:30:06,0,0,29.31,0,1,1062,17.7,25,0.416667,60,1,304.8,0,0,0,0,0.04,0,0,0,154,101,0.0059,0.0128,0.0155,0.0322,0.0449,0.0707,0.0968,0.0628,167.3,0.16,0
2025-12-25 09:31:06,0,0,29.12,0,16,2166,36.1,54,0.9,151,2.51667,379.65,0,0,0,0,0.04,0,0,0,168,103,0.0068,0.0151,0.0182,0.0393,0.0556,0.0889,0.1219,0.0754,200.71,0.2,0
2025-12-25 09:32:06,0,0,29.38,0,16,410,6.83333,9,0.15,25,0.416667,385.17,0,0,0,0,0.04,0,0,0,155,114,0.0068,0.0151,0.0181,0.0397,0.0564,0.0903,0.1239,0.0758,201.77,0.2,0
2025-12-25 09:33:06,0,0,29.25,0,16,1513,25.2167,26,0.433333,126,2.1,396.32,0,0,0,0,0.04,0,0,0,162,106,0.0073,0.0162,0.0195,0.0415,0.0582,0.0921,0.1259,0.0789,214.57,0.21,0
2025-12-25 09:34:06,0,0,29.06,0,16,1277,21.2833,34,0.566667,51,0.85,384.17,0,0,0,0,0.04,0,0,0,166,110,0.0068,0.0151,0.0181,0.0396,0.0563,0.0902,0.1238,0.0759,200.55,0.2,0
2025-12-25 09:35:06,0,0,29.44,0,1,1824,30.4,31,0.516667,116,1.93333,340.6,0,0,0,0,0.04,0,0,0,162,106,0.0065,0.0141,0.0171,0.0361,0.0501,0.0794,0.1091,0.0702,184.57,0.18,0
2025-12-25 09:36:06,0,0,29.31,0,16,1629,27.15,48,0.8,87,1.45,407.51,0,0,0,0,0.05,0,0,0,158,106,0.0076,0.0166,0.0199,0.0427,0.0601,0.0955,0.1312,0.0836,215.39,0.22,0
2025-12-25 09:37:06,0,0,29.19,0,16,480,8,9,0.15,27,0.45,392.43,0,0,0,0,0.05,0,0,0,161,107,0.0073,0.0158,0.019,0.0409,0.058,0.0923,0.1263,0.0804,204.74,0.21,0
2025-12-25 09:38:06,0,0,29.38,0,16,743,12.3833,14,0.233333,43,0.716667,395.28,0,0,0,0,0.05,0,0,0,171,111,0.0074,0.016,0.0192,0.0414,0.0584,0.093,0.1273,0.081,207.43,0.22,0
2025-12-25 09:39:06,0,0,29.56,0,16,1544,25.7333,18,0.3,130,2.16667,375.86,0,0,0,0,0.08,0,0,0,164,103,0.0085,0.0175,0.0212,0.0415,0.0567,0.0871,0.1186,0.0849,213.66,0.23,0
2025-12-25 09:40:06,0,0,29.62,0,4,4110,68.5,110,1.83333,244,4.06667,177.06,0,0,0,0,0.07,0,0,0,216,156,0.006,0.0115,0.0142,0.023,0.0283,0.0392,0.0519,0.0503,125.1,0.14,0
2025-12-25 09:41:06,0,0,29.75,0,1,5552,92.5333,119,1.98333,436,7.26667,255.3,0,0,0,0,0.04,0,0,0,204,150,0.0051,0.0108,0.0131,0.0269,0.0379,0.0595,0.0817,0.0542,138.71,0.14,0
2025-12-25 09:42:06,0,0,30,0,16,1942,32.3667,41,0.683333,165,2.75,379.09,0,0,0,0,0.04,0,0,0,181,134,0.0068,0.0149,0.0179,0.0388,0.0557,0.0889,0.1223,0.0759,197.53,0.2,0
2025-12-25 09:43:06,0,0,30,0,16,348,5.8,5,0.0833333,28,0.466667,414.81,0,0,0,0,0.04,0,0,0,167,119,0.0073,0.0163,0.0195,0.0427,0.0607,0.097,0.1336,0.0818,217.97,0.21,0
2025-12-25 09:44:06,0,0,29.75,0,16,94,1.56667,0,0,7,0.116667,420.9,0,0,0,0,0.04,0,0,0,197,146,0.0076,0.0169,0.0204,0.0437,0.0617,0.0979,0.1348,0.0838,225.34,0.22,0
2025-12-25 09:45:06,0,0,29.81,0,16,1686,28.1,26,0.433333,181,3.01667,378.47,0,0,0,0,0.04,0,0,0,156,110,0.0069,0.0151,0.0183,0.0393,0.0555,0.0882,0.1215,0.0757,201.74,0.2,0
2025-12-25 09:46:06,0,0,29.75,0,16,1339,22.3167,26,0.433333,84,1.4,329.25,0,0,0,0,0.04,0,0,0,200,164,0.0061,0.0133,0.0162,0.0344,0.0485,0.0768,0.1048,0.066,176.37,0.17,0
2025-12-25 09:47:06,0,0,29.94,0,1,3010,50.1667,64,1.06667,239,3.98333,358.99,0,0,0,0,0.05,0,0,0,199,149,0.007,0.0152,0.0185,0.0381,0.0531,0.0829,0.1135,0.0741,198.59,0.19,0
2025-12-25 09:48:06,0,0,30.19,0,1,3968,66.1333,85,1.41667,275,4.58333,295.92,0,0,0,0,0.04,0,0,0,167,104,0.0065,0.0141,0.0179,0.0327,0.0448,0.0667,0.0865,0.0625,181.71,0.17,0
2025-12-25 09:49:06,0,0,30.06,0,16,878,14.6333,14,0.233333,73,1.21667,402.06,0,0,0,0,0.04,0,0,0,192,128,0.0072,0.0158,0.019,0.0415,0.059,0.0941,0.1293,0.0796,211.02,0.21,0
2025-12-25 09:50:06,0,0,29.75,0,1,4365,72.75,126,2.1,256,4.26667,243.01,0,0,0,0,0.04,0,0,0,231,166,0.0054,0.0116,0.0142,0.027,0.0365,0.0553,0.0749,0.054,144.76,0.14,0
2025-12-25 09:51:06,0,0,29.62,0,1,5742,95.7,148,2.46667,383,6.38333,91.49,0,0,0,0,0.02,0,0,0,191,138,0.0023,0.0048,0.0061,0.0105,0.0141,0.0202,0.0263,0.021,60,0.05,0
2025-12-25 09:52:06,0,0,29.25,0,1,1338,22.3,27,0.45,78,1.3,74.16,0,0,0,0,0.01,0,0,0,232,174,0.0015,0.0032,0.0039,0.0079,0.0111,0.0173,0.0235,0.0163,40.51,0.04,0
2025-12-25 09:53:06,0,0,29.38,0,32,155,2.58333,1,0.0166667,12,0.2,6.43,0,0,0,0,0,0,0,0,202,140,2e-04,3e-04,5e-04,8e-04,0.0011,0.0015,0.002,0.0021,3.61,0.01,0
2025-12-25 09:54:06,0,0,29.25,0,32,687,11.45,10,0.166667,49,0.816667,14.57,0,0,0,0,0,0,0,0,234,175,4e-04,8e-04,0.001,0.0017,0.0023,0.0034,0.0045,0.0043,8.74,0.01,0
2025-12-25 09:55:06,0,0,28.88,0,32,975,16.25,12,0.2,75,1.25,10.66,0,0,0,0,0,0,0,0,224,160,3e-04,6e-04,8e-04,0.0013,0.0018,0.0025,0.0031,0.0033,6.61,0.01,0
2025-12-25 09:56:06,0,0,29.56,0,1,3170,52.8333,77,1.28333,199,3.31667,98.78,0,0,0,0,0.02,0,0,0,234,178,0.0022,0.0046,0.0057,0.0107,0.015,0.0227,0.0308,0.023,56.84,0.06,0
2025-12-25 09:57:06,0,0,29.75,0,1,6563,109.383,180,3,334,5.56667,194.04,0,0,0,0,0.02,0,0,0,203,128,0.004,0.0085,0.0104,0.0208,0.0288,0.0446,0.0608,0.0408,110.33,0.11,0
2025-12-25 09:58:06,0,0,29.88,0,1,121,2.01667,0,0,8,0.133333,275.86,0,0,0,0,0.03,0,0,0,201,160,0.0055,0.0119,0.0146,0.0294,0.0408,0.0631,0.0858,0.0556,157.15,0.15,0
2025-12-25 09:59:06,0,0,30,0,1,1608,26.8,36,0.6,96,1.6,215.15,0,0,0,0,0.03,0,0,0,217,156,0.0045,0.0096,0.0118,0.0232,0.032,0.0491,0.0667,0.0446,124.74,0.12,0
2025-12-25 10:00:06,0,0,30,0,1,2577,42.95,53,0.883333,178,2.96667,314.7,0,0,0,0,0.04,0,0,0,211,154,0.0063,0.0138,0.0168,0.0338,0.0465,0.0719,0.0979,0.0639,180.85,0.17,0
2025-12-25 10:01:06,0,0,29.94,0,1,39,0.65,0,0,1,0.0166667,387.63,0,0,0,0,0.04,0,0,0,205,148,0.0073,0.0161,0.0195,0.0408,0.057,0.0895,0.1226,0.0784,213.42,0.2,0
2025-12-25 10:02:06,0,0,29.69,0,1,406,6.76667,9,0.15,25,0.416667,373.97,0,0,0,0,0.04,0,0,0,212,155,0.007,0.0154,0.0186,0.0392,0.0549,0.0865,0.1186,0.0752,204.63,0.19,0
2025-12-25 10:03:06,0,0,29.56,0,1,2168,36.1333,49,0.816667,147,2.45,189.12,0,0,0,0,0.03,0,0,0,200,117,0.004,0.0085,0.0105,0.0205,0.0282,0.0436,0.0599,0.0423,108,0.11,0
2025-12-25 10:04:06,0,0,29.69,0,1,5729,95.4833,151,2.51667,342,5.7,258.9,0,0,0,0,0.04,0,0,0,204,139,0.0056,0.0119,0.0148,0.0272,0.0393,0.0591,0.0799,0.0573,149.64,0.14,0
2025-12-25 10:05:06,0,0,29.81,0,1,1790,29.8333,22,0.366667,134,2.23333,238.3,0,0,0,0,0.03,0,0,0,170,125,0.0048,0.0103,0.0126,0.0252,0.0352,0.0549,0.0757,0.0497,134.45,0.13,0
2025-12-25 10:06:06,0,0,29.75,0,1,2166,36.1,49,0.816667,145,2.41667,266.23,0,0,0,0,0.03,0,0,0,174,105,0.0051,0.0111,0.0135,0.0277,0.0393,0.0616,0.0844,0.0541,145.83,0.14,0
2025-12-25 10:07:06,0,0,29.81,0,1,1441,24.0167,21,0.35,112,1.86667,289.86,0,0,0,0,0.03,0,0,0,167,118,0.0058,0.0126,0.0154,0.0309,0.0428,0.0664,0.0905,0.0591,165.39,0.15,0
2025-12-25 10:08:06,0,0,29.75,0,16,1032,17.2,21,0.35,76,1.26667,356.03,0,0,0,0,0.04,0,0,0,188,140,0.0073,0.016,0.0197,0.0385,0.0529,0.0809,0.1093,0.0729,208.38,0.19,0
2025-12-25 10:09:06,0,0,29.88,0,16,4851,80.85,129,2.15,300,5,206.9,0,0,0,0,0.03,0,0,0,213,159,0.0042,0.009,0.0111,0.0217,0.0311,0.0475,0.0641,0.0436,116.08,0.11,0
2025-12-25 10:10:06,0,0,29.94,0,1,4646,77.4333,127,2.11667,299,4.98333,235.61,0,0,0,0,0.03,0,0,0,203,148,0.0046,0.01,0.0123,0.0249,0.0349,0.0541,0.0731,0.0477,132.28,0.12,0
2025-12-25 10:11:06,0,0,30.19,0,16,3191,53.1833,68,1.13333,245,4.08333,277.67,0,0,0,0,0.03,0,0,0,197,134,0.0056,0.0123,0.015,0.0299,0.0413,0.0633,0.0852,0.0567,160.13,0.15,0
2025-12-25 10:12:06,0,0,30.19,0,4,3219,53.65,76,1.26667,233,3.88333,251.27,0,0,0,0,0.03,0,0,0,194,150,0.0049,0.0107,0.0131,0.0266,0.0372,0.0578,0.0785,0.0511,140.54,0.13,0
2025-12-25 10:13:06,0,0,30.19,0,16,3159,52.65,70,1.16667,204,3.4,254.13,0,0,0,0,0.03,0,0,0,204,152,0.0053,0.0116,0.0142,0.028,0.0376,0.0576,0.0778,0.0518,151.26,0.14,0
2025-12-25 10:14:06,0,0,30.06,0,1,8026,133.767,169,2.81667,426,7.1,25.96,0,0,0,0,0.01,0,0,0,199,143,0.0011,0.0022,0.0027,0.0038,0.0042,0.0052,0.0064,0.0076,23.68,0.02,0
2025-12-25 10:15:06,0,0,29.94,0,1,7124,118.733,203,3.38333,429,7.15,38.38,0,0,0,0,0.01,0,0,0,220,160,0.0018,0.0036,0.0045,0.0056,0.0062,0.0066,0.0073,0.0083,42.78,0.03,0
2025-12-25 10:16:06,0,0,29.75,0,1,7565,126.083,208,3.46667,448,7.46667,137.47,0,0,0,0,0.03,0,0,0,203,152,0.0039,0.008,0.0101,0.0166,0.0213,0.0297,0.039,0.0331,96.55,0.09,0
2025-12-25 10:17:06,0,0,29.62,0,1,4210,70.1667,65,1.08333,310,5.16667,87.45,0,0,0,0,0.02,0,0,0,227,166,0.0022,0.0047,0.006,0.0101,0.0135,0.0192,0.0244,0.0196,58.89,0.05,0
2025-12-25 10:18:06,0,0,29.69,0,1,4740,79,100,1.66667,307,5.11667,34.56,0,0,0,0,0.01,0,0,0,211,155,0.0013,0.0028,0.0036,0.0049,0.0056,0.0066,0.0076,0.0087,32.54,0.03,0
2025-12-25 10:19:06,0,0,29.62,0,1,4796,79.9333,98,1.63333,315,5.25,48.56,0,0,0,0,0.02,0,0,0,219,158,0.0018,0.0036,0.0047,0.0067,0.0078,0.0097,0.0119,0.0129,42.31,0.04,0
2025-12-25 10:20:06,0,0,29.5,0,1,4927,82.1167,83,1.38333,362,6.03333,61.46,0,0,0,0,0.02,0,0,0,214,160,0.0024,0.0048,0.0062,0.0087,0.0098,0.0119,0.0146,0.0153,56.75,0.04,0
2025-12-25 10:21:06,0,0,29.75,0,1,4804,80.0667,134,2.23333,335,5.58333,103.72,0,0,0,0,0.02,0,0,0,207,148,0.0055,0.0107,0.0135,0.0162,0.0165,0.0167,0.018,0.0211,128.13,0.07,0
2025-12-25 10:22:06,0,0,29.5,0,1,5769,96.15,128,2.13333,424,7.06667,74.57,0,0,0,0,0.02,0,0,0,214,154,0.0025,0.005,0.0066,0.0095,0.0119,0.0153,0.0187,0.0182,60.24,0.05,0
2025-12-25 10:23:06,0,0,29.5,0,1,6884,114.733,146,2.43333,518,8.63333,117.81,0,0,0,0,0.03,0,0,0,185,125,0.0033,0.0071,0.0093,0.0138,0.019,0.0255,0.0282,0.026,85.78,0.07,0
2025-12-25 10:24:06,0,0,29.25,0,1,4989,83.15,109,1.81667,354,5.9,88.32,0,0,0,0,0.02,0,0,0,218,158,0.0026,0.0056,0.0075,0.0109,0.0141,0.0187,0.0208,0.0197,69.01,0.06,0
2025-12-25 10:25:06,0,0,29.38,0,1,7880,131.333,210,3.5,533,8.88333,185.3,0,0,0,0,0.01,0,0,0,202,162,0.0038,0.0242,0.0137,0.0214,0.0311,0.0333,0.0278,0.0189,185.53,0.08,0
2025-12-25 10:26:06,0,0,29.12,0,1,8401,140.017,243,4.05,547,9.11667,229.46,0,0,0,0,0.01,0,0,0,222,162,0.0044,0.0348,0.0174,0.0269,0.0384,0.0393,0.03,0.0177,252.33,0.09,0
2025-12-25 10:27:06,0,0,29,0,1,7873,131.217,183,3.05,503,8.38333,103.38,0,0,0,0,0.03,0,0,0,226,158,0.0036,0.0075,0.0097,0.0139,0.0163,0.021,0.0254,0.0252,89.2,0.07,0
2025-12-25 10:28:06,0,0,28.88,0,1,9190,153.167,281,4.68333,475,7.91667,150.41,0,0,0,0,0.03,0,0,0,215,158,0.0038,0.0089,0.0105,0.0173,0.0234,0.0324,0.0416,0.033,104.3,0.09,0
2025-12-25 10:29:06,0,0,28.75,0,1,5312,88.5333,100,1.66667,377,6.28333,58.21,0,0,0,0,0.02,0,0,0,223,157,0.002,0.0041,0.0054,0.0076,0.0095,0.0117,0.0132,0.0138,49.23,0.04,0
2025-12-25 10:30:06,0,0,28.81,0,1,6732,112.2,171,2.85,473,7.88333,64.5,0,0,0,0,0.02,0,0,0,205,151,0.0021,0.0044,0.0058,0.0083,0.0104,0.0134,0.0152,0.0155,52.3,0.04,0
2025-12-25 10:31:06,0,0,28.81,0,1,5744,95.7333,116,1.93333,433,7.21667,53.01,0,0,0,0,0.01,0,0,0,216,169,0.0018,0.0038,0.0049,0.0069,0.0085,0.0108,0.0119,0.0116,45.57,0.03,0
2025-12-25 10:32:06,0,0,28.81,0,8,4698,78.3,107,1.78333,231,3.85,131,0,0,0,0,0.04,0,0,0,196,129,0.006,0.0115,0.015,0.0195,0.0214,0.0231,0.0262,0.0317,138.13,0.09,0
2025-12-25 10:33:06,0,0,28.81,0,1,4272,71.2,89,1.48333,245,4.08333,84.37,0,0,0,0,0.02,0,0,0,226,162,0.0039,0.0077,0.0099,0.0126,0.0137,0.0146,0.0163,0.0194,91.77,0.06,0
2025-12-25 10:34:06,0,0,29.19,0,1,9567,159.45,325,5.41667,534,8.9,12.46,0,0,0,0,0.01,0,0,0,173,128,5e-04,0.0011,0.0014,0.0019,0.0021,0.0024,0.0029,0.0034,12.24,0.01,0
2025-12-25 10:35:06,0,0,29.19,0,1,14869,247.817,575,9.58333,689,11.4833,13.01,0,0,0,0,0.01,0,0,0,167,110,5e-04,0.0012,0.0015,0.002,0.0022,0.0025,0.003,0.0035,12.62,0.01,0
2025-12-25 10:36:06,0,0,29.19,0,1,7491,124.85,201,3.35,473,7.88333,17.26,0,0,0,0,0.01,0,0,0,217,152,7e-04,0.0014,0.0018,0.0025,0.0029,0.0033,0.0038,0.0044,16.26,0.01,0
2025-12-25 10:37:06,0,0,29.38,0,1,8885,148.083,251,4.18333,599,9.98333,12.29,0,0,0,0,0,0,0,0,212,150,5e-04,0.0011,0.0014,0.0018,0.002,0.0024,0.0028,0.0032,11.8,0.01,0
2025-12-25 10:38:06,0,0,29.56,0,1,10059,167.65,342,5.7,638,10.6333,13.32,0,0,0,0,0.01,0,0,0,217,160,5e-04,0.0012,0.0015,0.0019,0.0022,0.0026,0.003,0.0035,12.65,0.01,0
2025-12-25 10:39:06,0,0,29.62,0,1,7288,121.467,196,3.26667,518,8.63333,80.32,0,0,0,0,0.02,0,0,0,169,108,0.0022,0.0048,0.0062,0.0095,0.0126,0.0174,0.0215,0.018,57.93,0.05,0
2025-12-25 10:40:06,0,0,29.69,0,1,5543,92.3833,129,2.15,285,4.75,38.07,0,0,0,0,0.01,0,0,0,176,130,0.001,0.002,0.0026,0.0042,0.006,0.0085,0.0096,0.008,24.96,0.02,0
2025-12-25 10:41:06,0,0,29.69,0,1,9593,159.883,328,5.46667,485,8.08333,83.48,0,0,0,0,0.01,0,0,0,206,152,0.0019,0.004,0.005,0.009,0.0127,0.0189,0.024,0.0172,51.4,0.05,0
2025-12-25 10:42:06,0,0,29.56,0,1,5910,98.5,155,2.58333,366,6.1,79.2,0,0,0,0,0.02,0,0,0,227,158,0.0029,0.0059,0.0077,0.0106,0.0129,0.0158,0.0181,0.0199,69.52,0.06,0
2025-12-25 10:43:06,0,0,29.5,0,1,48,0.8,0,0,3,0.05,17.83,0,0,0,0,0.01,0,0,0,214,145,7e-04,0.0013,0.0017,0.0024,0.003,0.0037,0.0046,0.0059,14.23,0.01,0
2025-12-25 10:44:06,0,0,29.38,0,1,450,7.5,9,0.15,35,0.583333,14.36,0,0,0,0,0.01,0,0,0,146,105,5e-04,0.001,0.0014,0.002,0.0024,0.003,0.0037,0.0047,11.63,0.01,0
2025-12-25 10:45:06,0,0,29.69,0,1,1895,31.5833,57,0.95,99,1.65,14.69,0,0,0,0,0.01,0,0,0,209,154,5e-04,0.001,0.0013,0.002,0.0024,0.003,0.0037,0.0047,11.63,0.01,0
2025-12-25 10:46:06,0,0,29.12,0,16,3151,52.5167,96,1.6,182,3.03333,87.88,0,0,0,0,0.03,0,0,0,232,167,0.0031,0.0063,0.0083,0.0116,0.0144,0.0179,0.021,0.0228,73.44,0.06,0
2025-12-25 10:47:06,0,0,29.31,0,16,3064,51.0667,85,1.41667,168,2.8,68.79,0,0,0,0,0.02,0,0,0,163,126,0.0025,0.005,0.0065,0.0092,0.0113,0.0141,0.017,0.0192,56.87,0.05,0
2025-12-25 10:48:06,0,0,29.25,0,1,4389,73.15,114,1.9,258,4.3,94.86,0,0,0,0,0.03,0,0,0,196,141,0.0034,0.0069,0.009,0.0125,0.0156,0.0193,0.0228,0.0254,79.01,0.07,0
2025-12-25 10:49:06,0,0,29.12,0,16,5355,89.25,128,2.13333,337,5.61667,90.63,0,0,0,0,0.03,0,0,0,223,161,0.0031,0.0063,0.0083,0.0116,0.0149,0.0186,0.0217,0.0236,73.28,0.06,0
2025-12-25 10:50:06,0,0,29.31,0,1,3204,53.4,105,1.75,155,2.58333,48.84,0,0,0,0,0.02,0,0,0,218,167,0.0018,0.0036,0.0047,0.0066,0.0081,0.0101,0.0123,0.0142,40.17,0.04,0
2025-12-25 10:51:06,0,0,29,0,1,8170,136.167,258,4.3,464,7.73333,72.19,0,0,0,0,0.02,0,0,0,219,157,0.0023,0.0047,0.0061,0.0088,0.0119,0.0152,0.0183,0.0193,53.91,0.05,0
2025-12-25 10:52:06,0,0,29.12,0,16,3716,61.9333,118,1.96667,150,2.5,84.48,0,0,0,0,0.03,0,0,0,183,138,0.003,0.0062,0.008,0.0113,0.0137,0.0172,0.0206,0.0219,71.43,0.06,0
2025-12-25 10:53:06,0,0,29.12,0,16,1003,16.7167,14,0.233333,79,1.31667,111.61,0,0,0,0,0.03,0,0,0,220,161,0.0039,0.0082,0.0106,0.0148,0.0182,0.0226,0.027,0.0291,94.64,0.08,0
2025-12-25 10:54:06,0,0,29.06,0,1,5706,95.1,131,2.18333,373,6.21667,55.87,0,0,0,0,0.02,0,0,0,227,166,0.002,0.004,0.0052,0.0074,0.0091,0.0116,0.0143,0.0155,45.14,0.04,0
2025-12-25 10:55:06,0,0,28.88,0,16,2993,49.8833,85,1.41667,167,2.78333,268.3,0,0,0,0,0.03,0,0,0,195,150,0.0055,0.0119,0.0146,0.0287,0.0398,0.0612,0.0831,0.0542,155.34,0.14,0
2025-12-25 10:56:06,0,0,28.94,0,4,1504,25.0667,19,0.316667,136,2.26667,316.08,0,0,0,0,0.03,0,0,0,196,150,0.0066,0.0142,0.0173,0.0343,0.0464,0.0718,0.0982,0.0629,186.59,0.17,0
2025-12-25 10:57:06,0,0,29.19,0,4,2609,43.4833,48,0.8,181,3.01667,230.33,0,0,0,0,0.03,0,0,0,174,140,0.0052,0.011,0.0136,0.025,0.0347,0.0519,0.0706,0.0498,139.37,0.13,0
2025-12-25 10:58:06,0,0,29.12,0,1,2348,39.1333,56,0.933333,146,2.43333,272.6,0,0,0,0,0.03,0,0,0,193,151,0.006,0.0128,0.0157,0.0299,0.0402,0.0618,0.0851,0.0573,165,0.15,0
2025-12-25 10:59:06,0,0,29.19,0,1,3423,57.05,61,1.01667,250,4.16667,231.49,0,0,0,0,0.03,0,0,0,193,165,0.0051,0.011,0.0136,0.026,0.0341,0.0521,0.0707,0.0475,143.28,0.13,0
2025-12-25 11:00:06,0,0,29.12,0,4,3587,59.7833,73,1.21667,266,4.43333,244.06,0,0,0,0,0.03,0,0,0,175,133,0.0051,0.011,0.0135,0.0261,0.0363,0.0555,0.0751,0.0498,142.83,0.13,0
2025-12-25 11:01:06,0,0,28.94,0,1,650,10.8333,11,0.183333,30,0.5,263.75,0,0,0,0,0.03,0,0,0,195,143,0.0054,0.0117,0.0144,0.0283,0.0391,0.0601,0.082,0.0538,153.07,0.14,0
2025-12-25 11:02:06,0,0,29.31,0,16,2936,48.9333,52,0.866667,248,4.13333,280.35,0,0,0,0,0.04,0,0,0,193,161,0.006,0.013,0.016,0.0307,0.0417,0.0633,0.0859,0.0576,168.51,0.15,0
2025-12-25 11:03:06,0,0,29.19,0,1,733,12.2167,0,0,76,1.26667,246.89,0,0,0,0,0.03,0,0,0,207,167,0.0056,0.0119,0.0147,0.0273,0.0367,0.0554,0.0753,0.0516,153.13,0.14,0
2025-12-25 11:04:06,0,0,29.56,0,16,3210,53.5,66,1.1,254,4.23333,267.73,0,0,0,0,0.03,0,0,0,195,150,0.0057,0.0124,0.0152,0.0292,0.0399,0.0606,0.0819,0.0552,159.56,0.15,0
2025-12-25 11:05:06,0,0,29.69,0,16,4997,83.2833,112,1.86667,328,5.46667,273.97,0,0,0,0,0.04,0,0,0,178,119,0.006,0.0132,0.0163,0.031,0.0406,0.0614,0.0831,0.0563,170.79,0.15,0
2025-12-25 11:06:06,0,0,29.62,0,16,340,5.66667,3,0.05,25,0.416667,390.99,0,0,0,0,0.04,0,0,0,186,156,0.0073,0.0162,0.0197,0.0409,0.0575,0.0901,0.1236,0.0769,215.56,0.2,0
2025-12-25 11:07:06,0,0,29.81,0,16,870,14.5,16,0.266667,64,1.06667,432.36,0,0,0,0,0.04,0,0,0,196,148,0.008,0.0178,0.0216,0.0452,0.0636,0.0998,0.1372,0.0846,236.91,0.22,0
2025-12-25 11:08:06,0,0,29.56,0,16,1203,20.05,15,0.25,89,1.48333,360.57,0,0,0,0,0.04,0,0,0,206,154,0.007,0.0154,0.0189,0.0384,0.0535,0.0826,0.1125,0.0718,203,0.19,0
2025-12-25 11:09:06,0,0,29.81,0,16,322,5.36667,3,0.05,20,0.333333,307.94,0,0,0,0,0.03,0,0,0,200,154,0.0058,0.0129,0.0157,0.0324,0.0456,0.071,0.0966,0.0606,169.61,0.16,0
2025-12-25 11:10:06,0,0,30.12,0,16,291,4.85,0,0,25,0.416667,294.19,0,0,0,0,0.03,0,0,0,177,134,0.0056,0.0124,0.0152,0.0311,0.0436,0.0678,0.0921,0.0583,163.18,0.16,0
2025-12-25 11:11:06,0,0,30.19,0,1,614,10.2333,10,0.166667,44,0.733333,252.18,0,0,0,0,0.03,0,0,0,156,108,0.0048,0.0105,0.0129,0.0265,0.0372,0.0582,0.0798,0.0504,139.41,0.13,0
2025-12-25 11:12:06,0,0,30.38,0,1,602,10.0333,0,0,49,0.816667,205.14,0,0,0,0,0.02,0,0,0,158,111,0.0041,0.0089,0.011,0.0218,0.0304,0.0471,0.064,0.0418,116.83,0.11,0
2025-12-25 11:13:06,0,0,30.25,0,16,2625,43.75,38,0.633333,212,3.53333,303.91,0,0,0,0,0.03,0,0,0,203,150,0.006,0.0131,0.016,0.0322,0.045,0.0697,0.0951,0.0612,171.45,0.16,0
2025-12-25 11:14:06,0,0,30.5,0,16,2799,46.65,29,0.483333,281,4.68333,464.47,0,0,0,0,0.04,0,0,0,162,111,0.0083,0.0184,0.0223,0.048,0.0679,0.1078,0.1494,0.0901,247.9,0.24,0
2025-12-25 11:15:06,0,0,30.62,0,16,757,12.6167,17,0.283333,53,0.883333,425.08,0,0,0,0,0.04,0,0,0,195,148,0.0074,0.0166,0.02,0.0437,0.0621,0.0992,0.1375,0.0821,223.57,0.22,0
2025-12-25 11:16:06,0,0,30.38,0,1,1846,30.7667,21,0.35,142,2.36667,302.69,0,0,0,0,0.05,0,0,0,175,134,0.0077,0.0164,0.0205,0.0354,0.046,0.0661,0.088,0.0672,203.81,0.18,0
2025-12-25 11:17:06,0,0,30.5,0,16,2885,48.0833,57,0.95,216,3.6,383.02,0,0,0,0,0.04,0,0,0,212,160,0.0074,0.0163,0.0199,0.0408,0.0564,0.0878,0.1205,0.0759,215.56,0.2,0
2025-12-25 11:18:06,0,0,30.44,0,1,1487,24.7833,23,0.383333,117,1.95,342.93,0,0,0,0,0.04,0,0,0,195,156,0.0065,0.0143,0.0174,0.0362,0.0503,0.079,0.1092,0.0681,190.11,0.18,0
2025-12-25 11:19:06,0,0,29.88,0,1,561,9.35,9,0.15,44,0.733333,297.76,0,0,0,0,0.03,0,0,0,218,156,0.0056,0.0123,0.0151,0.0312,0.0438,0.0687,0.0946,0.0593,164.04,0.15,0
2025-12-25 11:20:06,0,0,29.75,0,4,1867,31.1167,30,0.5,150,2.5,231.11,0,0,0,0,0.03,0,0,0,227,161,0.0048,0.0102,0.0126,0.0246,0.0344,0.0527,0.0716,0.047,133.88,0.12,0
2025-12-25 11:21:06,0,0,29.81,0,1,1848,30.8,32,0.533333,169,2.81667,87.4,0,0,0,0,0.02,0,0,0,216,157,0.002,0.0042,0.0054,0.0096,0.0133,0.0199,0.0266,0.0201,52.64,0.05,0
2025-12-25 11:22:06,0,0,29.81,0,1,1507,25.1167,12,0.2,116,1.93333,103.46,0,0,0,0,0.02,0,0,0,161,123,0.0022,0.0046,0.0059,0.0112,0.0155,0.0238,0.0321,0.0226,59.41,0.06,0
2025-12-25 11:23:06,0,0,29.88,0,1,1766,29.4333,40,0.666667,130,2.16667,236.45,0,0,0,0,0.03,0,0,0,195,114,0.0048,0.0105,0.013,0.0254,0.0352,0.0539,0.073,0.0483,137.16,0.13,0
2025-12-25 11:24:06,0,0,29.94,0,1,307,5.11667,1,0.0166667,40,0.666667,408.58,0,0,0,0,0.05,0,0,0,166,107,0.0082,0.018,0.0219,0.0438,0.0604,0.0931,0.1275,0.0828,235.25,0.22,0
2025-12-25 11:25:06,0,0,30.12,0,16,954,15.9,2,0.0333333,76,1.26667,378.8,0,0,0,0,0.05,0,0,0,155,108,0.0079,0.0172,0.0211,0.0414,0.0562,0.0858,0.1171,0.0775,223.41,0.21,0
2025-12-25 11:26:06,0,0,29.88,0,16,3461,57.6833,65,1.08333,212,3.53333,196.01,0,0,0,0,0.03,0,0,0,234,164,0.0044,0.0094,0.0117,0.0218,0.0294,0.0439,0.0588,0.0407,121.23,0.11,0
2025-12-25 11:27:06,0,0,30.12,0,1,6918,115.3,210,3.5,386,6.43333,50.45,0,0,0,0,0.01,0,0,0,221,162,0.0023,0.0047,0.0059,0.0075,0.0081,0.0091,0.0106,0.0119,54.26,0.04,0
2025-12-25 11:28:06,0,0,29.88,0,16,2630,43.8333,55,0.916667,164,2.73333,116.53,0,0,0,0,0.03,0,0,0,198,142,0.0047,0.0093,0.0119,0.0157,0.019,0.0216,0.0236,0.0254,112.15,0.07,0
2025-12-25 11:29:06,0,0,30.19,0,1,11410,190.167,311,5.18333,369,6.15,121.85,0,0,0,0,0.03,0,0,0,222,158,0.0052,0.0102,0.0131,0.0166,0.0201,0.0217,0.024,0.0273,122.54,0.08,0
2025-12-25 11:30:06,0,0,30.06,0,1,6450,107.5,214,3.56667,378,6.3,104.52,0,0,0,0,0.02,0,0,0,187,142,0.0053,0.0104,0.0132,0.016,0.0166,0.0171,0.0185,0.0213,126.09,0.07,0
2025-12-25 11:31:06,0,0,30,0,8,3828,63.8,68,1.13333,269,4.48333,106.04,0,0,0,0,0.02,0,0,0,226,162,0.0039,0.0079,0.0098,0.0136,0.0166,0.0209,0.0259,0.0232,94.31,0.07,0
2025-12-25 11:32:06,0,0,30.06,0,1,8856,147.6,257,4.28333,560,9.33333,77.88,0,0,0,0,0.02,0,0,0,213,155,0.0026,0.0054,0.0071,0.01,0.0128,0.016,0.019,0.0205,62.62,0.06,0
2025-12-25 11:33:06,0,0,30.31,0,1,2374,39.5667,61,1.01667,154,2.56667,240.24,0,0,0,0,0.03,0,0,0,226,162,0.005,0.0108,0.0133,0.0259,0.0357,0.0546,0.0743,0.0492,140.36,0.13,0
2025-12-25 11:34:06,0,0,30.19,0,1,2811,46.85,53,0.883333,233,3.88333,244.16,0,0,0,0,0.03,0,0,0,192,128,0.0051,0.0111,0.0137,0.0265,0.0364,0.0556,0.0757,0.0509,142.85,0.13,0
2025-12-25 11:35:06,0,0,30.25,0,16,3556,59.2667,59,0.983333,302,5.03333,385.12,0,0,0,0,0.05,0,0,0,187,128,0.0077,0.0169,0.0208,0.0412,0.0572,0.0879,0.1206,0.0789,220.26,0.21,0
2025-12-25 11:36:06,0,0,30.25,0,16,2756,45.9333,52,0.866667,178,2.96667,340.75,0,0,0,0,0.05,0,0,0,200,138,0.0076,0.0163,0.0202,0.0377,0.0512,0.0764,0.1035,0.0725,208.38,0.19,0
2025-12-25 11:37:06,0,0,30.06,0,16,1516,25.2667,20,0.333333,100,1.66667,396.44,0,0,0,0,0.06,0,0,0,220,156,0.0088,0.0191,0.0235,0.0441,0.0594,0.0886,0.1201,0.0837,243.78,0.22,0
2025-12-25 11:38:06,0,0,30.19,0,16,1149,19.15,11,0.183333,85,1.41667,380.97,0,0,0,0,0.06,0,0,0,193,136,0.0084,0.0182,0.0224,0.0422,0.0571,0.0854,0.1159,0.0805,232.19,0.21,0
2025-12-25 11:39:06,0,0,30.38,0,16,858,14.3,18,0.3,46,0.766667,380.03,0,0,0,0,0.05,0,0,0,195,140,0.0075,0.0165,0.0201,0.0406,0.0562,0.0869,0.1199,0.0774,215.67,0.2,0
2025-12-25 11:40:06,0,0,30.31,0,8,4786,79.7667,114,1.9,306,5.1,206.93,0,0,0,0,0.03,0,0,0,228,166,0.0044,0.0094,0.0116,0.0223,0.0311,0.0471,0.0636,0.0436,120.38,0.11,0
2025-12-25 11:41:06,0,0,30.31,0,8,2830,47.1667,39,0.65,228,3.8,241.93,0,0,0,0,0.04,0,0,0,203,162,0.0056,0.0118,0.0147,0.027,0.0363,0.0542,0.0736,0.0518,150.58,0.14,0
2025-12-25 11:42:06,0,0,30,0,1,411,6.85,8,0.133333,26,0.433333,86.83,0,0,0,0,0.02,0,0,0,216,151,0.002,0.004,0.0051,0.0095,0.0132,0.0201,0.0271,0.02,50.13,0.05,0
2025-12-25 11:43:06,0,0,29.88,0,4,1114,18.5667,15,0.25,64,1.06667,199.07,0,0,0,0,0.03,0,0,0,211,158,0.0043,0.0091,0.0113,0.0216,0.0296,0.0451,0.0616,0.0414,118.38,0.11,0
2025-12-25 11:44:06,0,1,29.94,0,4,1284,21.4,25,0.416667,101,1.68333,220.94,0,0,0,0,0.03,0,0,0,219,175,0.005,0.0107,0.0133,0.0249,0.0328,0.0493,0.067,0.0456,138.78,0.12,0
2025-12-25 11:45:06,0,0,29.25,0,32,361,6.01667,0,0,39,0.65,33.73,0,0,0,0,0.01,0,0,0,237,183,8e-04,0.0017,0.0021,0.0039,0.0052,0.0078,0.0105,0.0084,19.86,0.02,0
2025-12-25 11:46:06,0,0,28.88,0,32,36,0.6,0,0,2,0.0333333,21.09,0,0,0,0,0.01,0,0,0,238,183,6e-04,0.0012,0.0015,0.0026,0.0034,0.0049,0.0063,0.0058,13.1,0.02,0
2025-12-25 11:47:06,0,0,29.12,0,32,82,1.36667,0,0,5,0.0833333,16.02,0,0,0,0,0.01,0,0,0,231,179,6e-04,0.001,0.0013,0.0021,0.0027,0.0037,0.0045,0.0047,10.6,0.01,0
2025-12-25 11:48:06,0,0,29.69,0,32,1826,30.4333,35,0.583333,115,1.91667,33.5,0,0,0,0,0.01,0,0,0,201,150,0.0012,0.0023,0.003,0.0043,0.0055,0.0071,0.0082,0.0087,25.87,0.03,0
2025-12-25 11:49:06,0,0,30.19,0,32,2947,49.1167,75,1.25,215,3.58333,127.93,0,0,0,0,0.04,0,0,0,235,180,0.0055,0.0102,0.0137,0.0186,0.021,0.0241,0.0276,0.033,122.46,0.1,0
2025-12-25 11:50:06,0,0,30.38,0,32,7185,119.75,199,3.31667,385,6.41667,118.45,0,0,0,0,0.05,0,0,0,224,156,0.0048,0.0085,0.0114,0.0161,0.02,0.024,0.0283,0.0352,97.18,0.1,0
2025-12-25 11:51:06,0,0,30.25,0,1,4345,72.4167,93,1.55,287,4.78333,73.19,0,0,0,0,0.03,0,0,0,217,134,0.0029,0.0054,0.0071,0.0099,0.0123,0.0148,0.0174,0.0211,61.28,0.06,0
2025-12-25 11:52:06,0,0,30.38,0,32,1726,28.7667,53,0.883333,100,1.66667,162.41,0,0,0,0,0.05,0,0,0,160,121,0.0066,0.0124,0.0165,0.0225,0.0266,0.0313,0.0358,0.0413,148.92,0.12,0
2025-12-25 11:53:06,0,0,30.62,0,1,2499,41.65,66,1.1,162,2.7,366.52,0,0,0,0,0.1,0,0,0,176,123,0.0169,0.0321,0.0414,0.0531,0.0592,0.0659,0.0738,0.0848,385.19,0.25,0
2025-12-25 11:54:06,0,0,30.38,0,1,2009,33.4833,63,1.05,93,1.55,110.14,0,0,0,0,0.03,0,0,0,224,156,0.0042,0.0082,0.0106,0.0146,0.0181,0.0223,0.0255,0.0277,94.89,0.08,0
2025-12-25 11:55:06,0,0,30.12,0,16,1492,24.8667,44,0.733333,65,1.08333,185.55,0,0,0,0,0.05,0,0,0,215,157,0.0078,0.0152,0.0195,0.0257,0.0299,0.0349,0.0394,0.043,181.45,0.13,0
2025-12-25 11:56:06,0,0,30.12,0,4,3497,58.2833,85,1.41667,183,3.05,88.45,0,0,0,0,0.03,0,0,0,223,156,0.0038,0.0071,0.0092,0.0125,0.0146,0.0172,0.0203,0.0248,81.25,0.07,0
2025-12-25 11:57:06,0,0,29.88,0,1,678,11.3,16,0.266667,31,0.516667,195.62,0,0,0,0,0.05,0,0,0,211,151,0.0088,0.017,0.0218,0.0281,0.0314,0.0356,0.0402,0.0447,202.98,0.13,0
2025-12-25 11:58:06,0,0,29.75,0,1,7381,123.017,236,3.93333,306,5.1,136.71,0,0,0,0,0.04,0,0,0,215,158,0.0059,0.0112,0.0145,0.0191,0.0224,0.0259,0.0297,0.0343,131.46,0.1,0
2025-12-25 11:59:06,0,0,29.75,0,1,1391,23.1833,41,0.683333,80,1.33333,193.69,0,0,0,0,0.05,0,0,0,222,156,0.0083,0.0163,0.0209,0.0271,0.0312,0.0358,0.0404,0.0445,194.16,0.13,0
2025-12-25 12:00:06,0,0,29.94,0,1,2189,36.4833,65,1.08333,108,1.8,148.89,0,0,0,0,0.04,0,0,0,195,128,0.0062,0.0121,0.0157,0.0209,0.024,0.0282,0.0323,0.0361,144.43,0.1,0
2025-12-25 12:01:06,0,0,29.81,0,1,3104,51.7333,78,1.3,152,2.53333,147.36,0,0,0,0,0.04,0,0,0,214,151,0.006,0.0115,0.015,0.0203,0.0242,0.0284,0.033,0.0381,135.55,0.11,0
2025-12-25 12:02:06,0,0,29.88,0,1,338,5.63333,10,0.166667,16,0.266667,116.13,0,0,0,0,0.04,0,0,0,211,150,0.0046,0.0089,0.0115,0.0158,0.019,0.0232,0.0269,0.03,102.73,0.09,0
2025-12-25 12:03:06,0,0,30.56,0,16,1647,27.45,42,0.7,98,1.63333,144.42,0,0,0,0,0.04,0,0,0,174,119,0.0061,0.0119,0.0154,0.0206,0.0229,0.0275,0.031,0.0332,143.78,0.1,0
2025-12-25 12:04:06,0,0,30.62,0,16,1927,32.1167,46,0.766667,86,1.43333,142.73,0,0,0,0,0.04,0,0,0,169,118,0.0056,0.011,0.0142,0.0192,0.023,0.028,0.0315,0.0331,130.95,0.1,0
2025-12-25 12:05:06,0,0,30.56,0,16,3839,63.9833,95,1.58333,136,2.26667,120.59,0,0,0,0,0.03,0,0,0,222,160,0.0044,0.0088,0.0114,0.0158,0.0196,0.0243,0.0277,0.0295,103.28,0.08,0
2025-12-25 12:06:06,0,0,30.25,0,32,3658,60.9667,115,1.91667,157,2.61667,40.56,0,0,0,0,0.02,0,0,0,213,175,0.0018,0.0033,0.0042,0.0058,0.0068,0.0081,0.0096,0.0126,36.08,0.03,0
2025-12-25 12:07:06,0,0,30.06,0,16,4994,83.2333,124,2.06667,262,4.36667,192.33,0,0,0,0,0.05,0,0,0,223,159,0.007,0.0134,0.018,0.025,0.0314,0.0378,0.0432,0.048,164.8,0.13,0
2025-12-25 12:08:06,0,0,30.12,0,8,7029,117.15,176,2.93333,442,7.36667,103.04,0,0,0,0,0.03,0,0,0,198,172,0.0037,0.0069,0.0093,0.0136,0.0171,0.0211,0.0247,0.0286,81.69,0.08,0
2025-12-25 12:09:06,0,0,30,0,1,2457,40.95,26,0.433333,184,3.06667,54.55,0,0,0,0,0.02,0,0,0,211,151,0.0021,0.0039,0.005,0.0074,0.009,0.0116,0.0145,0.0166,42.27,0.05,0
2025-12-25 12:10:06,0,0,29.5,0,32,1741,29.0167,29,0.483333,153,2.55,217.16,0,0,0,0,0.05,0,0,0,223,182,0.0088,0.0164,0.0223,0.0301,0.0354,0.0401,0.0464,0.0556,205.17,0.15,0
2025-12-25 12:11:06,0,0,29.56,0,32,379,6.31667,0,0,22,0.366667,48.7,0,0,0,0,0.02,0,0,0,227,167,0.002,0.0036,0.005,0.0069,0.008,0.0093,0.011,0.0135,44.37,0.04,0
2025-12-25 12:12:06,0,0,29.38,0,32,144,2.4,1,0.0166667,7,0.116667,10.43,0,0,0,0,0.01,0,0,0,232,180,5e-04,8e-04,0.001,0.0016,0.0019,0.0024,0.0029,0.0041,7.54,0.01,0
2025-12-25 12:13:06,0,0,30.25,0,1,2829,47.15,65,1.08333,210,3.5,18.97,0,0,0,0,0.01,0,0,0,171,124,8e-04,0.0015,0.0019,0.0027,0.0033,0.0041,0.0049,0.0062,14.79,0.02,0
2025-12-25 12:14:06,0,0,30.56,0,1,5288,88.1333,124,2.06667,362,6.03333,441.31,0,0,0,0,0.11,0,0,0,177,131,0.0192,0.0361,0.048,0.0639,0.0708,0.0797,0.0904,0.106,449.17,0.3,0
2025-12-25 12:15:06,0,0,30.75,0,1,888,14.8,1,0.0166667,60,1,70.86,0,0,0,0,0.03,0,0,0,170,128,0.0028,0.0054,0.0072,0.01,0.0118,0.0138,0.0163,0.0202,63.01,0.06,0
2025-12-25 12:16:06,0,0,30.69,0,1,341,5.68333,0,0,25,0.416667,57.61,0,0,0,0,0.02,0,0,0,167,120,0.0024,0.0043,0.0058,0.0082,0.0097,0.0114,0.0136,0.0178,49.68,0.05,0
2025-12-25 12:17:06,0,0,30.75,0,1,444,7.4,0,0,38,0.633333,51.33,0,0,0,0,0.02,0,0,0,162,116,0.0021,0.004,0.0053,0.0073,0.0086,0.01,0.0117,0.0152,45.76,0.04,0
2025-12-25 12:18:06,0,0,30.56,0,1,3391,56.5167,69,1.15,205,3.41667,66.72,0,0,0,0,0.02,0,0,0,201,150,0.0025,0.0049,0.0066,0.0092,0.0111,0.013,0.0152,0.0184,58.04,0.05,0
2025-12-25 12:19:06,0,0,30.5,0,1,4441,74.0167,93,1.55,289,4.81667,72.16,0,0,0,0,0.02,0,0,0,209,148,0.0029,0.0054,0.0072,0.01,0.012,0.014,0.0163,0.0196,63.68,0.05,0
2025-12-25 12:20:06,0,0,30.25,0,1,6918,115.3,192,3.2,437,7.28333,71.24,0,0,0,0,0.02,0,0,0,228,160,0.0028,0.0052,0.007,0.01,0.0118,0.0141,0.0167,0.0205,61.37,0.06,0
2025-12-25 12:21:06,0,0,30.31,0,1,8102,135.033,219,3.65,557,9.28333,66.41,0,0,0,0,0.02,0,0,0,228,164,0.0025,0.0047,0.0062,0.0085,0.0115,0.0131,0.0155,0.0197,53.07,0.05,0
2025-12-25 12:22:06,0,0,29.94,0,1,4221,70.35,82,1.36667,291,4.85,87.33,0,0,0,0,0.03,0,0,0,196,141,0.0035,0.0065,0.0088,0.0121,0.0147,0.0165,0.0195,0.0247,77.87,0.07,0
2025-12-25 12:23:06,0,0,30,0,1,10096,168.267,287,4.78333,527,8.78333,126.41,0,0,0,0,0.04,0,0,0,227,160,0.0059,0.0113,0.0149,0.0192,0.0204,0.022,0.025,0.0309,137.29,0.09,0
2025-12-25 12:24:06,0,0,29.75,0,1,2032,33.8667,24,0.4,165,2.75,243.07,0,0,0,0,0.07,0,0,0,212,151,0.0101,0.0187,0.0254,0.0346,0.0399,0.0442,0.0521,0.0672,232.2,0.17,0
2025-12-25 12:25:06,0,0,30.06,0,1,1035,17.25,14,0.233333,81,1.35,44.34,0,0,0,0,0.02,0,0,0,175,122,0.0019,0.0036,0.0046,0.0065,0.0075,0.0087,0.0105,0.0138,39.46,0.04,0
2025-12-25 12:26:06,0,0,29.69,0,1,2176,36.2667,27,0.45,176,2.93333,75.28,0,0,0,0,0.03,0,0,0,216,155,0.0032,0.0059,0.0078,0.0109,0.0126,0.0144,0.0173,0.0233,68.4,0.06,0
2025-12-25 12:27:06,0,0,29.25,0,1,4212,70.2,71,1.18333,283,4.71667,154.99,0,0,0,0,0.05,0,0,0,231,164,0.0069,0.013,0.0175,0.0237,0.0248,0.028,0.0331,0.0416,159.86,0.12,0
2025-12-25 12:28:06,0,0,29.31,0,1,10108,168.467,336,5.6,510,8.5,36.11,0,0,0,0,0.02,0,0,0,198,154,0.0015,0.0027,0.0036,0.0052,0.0061,0.0073,0.0089,0.0118,30.07,0.03,0
2025-12-25 12:29:06,0,0,29.31,0,1,3240,54,55,0.916667,239,3.98333,84.2,0,0,0,0,0.03,0,0,0,193,147,0.0035,0.0062,0.0084,0.0119,0.0143,0.0169,0.0205,0.0273,70.16,0.07,0
2025-12-25 12:30:06,0,0,29.5,0,1,669,11.15,0,0,47,0.783333,27.39,0,0,0,0,0.02,0,0,0,168,118,0.0013,0.0022,0.0028,0.004,0.0048,0.0059,0.0071,0.0103,21.74,0.03,0
2025-12-25 12:31:06,0,0,29.5,0,1,1044,17.4,16,0.266667,78,1.3,14.17,0,0,0,0,0.01,0,0,0,179,129,6e-04,0.001,0.0013,0.002,0.0025,0.003,0.0037,0.0052,10.58,0.01,0
2025-12-25 12:32:06,0,0,29.5,0,1,8724,145.4,285,4.75,463,7.71667,31.8,0,0,0,0,0.05,0,0,0,180,132,0.0019,0.0031,0.0039,0.0055,0.0059,0.0071,0.0082,0.0114,26.72,0.04,0
2025-12-25 12:33:06,0,0,29.19,0,1,4343,72.3833,97,1.61667,285,4.75,3.57,0,0,0,0,0.25,0,0,0,232,178,0.004,0.005,0.0046,0.0058,0.0042,0.0077,0.0059,0.0061,0,0.08,0
2025-12-25 12:34:06,0,0,29.31,0,1,7802,130.033,260,4.33333,386,6.43333,0,0,0,0,0,0.03,0,0,0,201,143,4e-04,5e-04,4e-04,5e-04,3e-04,7e-04,4e-04,4e-04,0,0.01,0
2025-12-25 12:35:06,0,0,28.88,0,1,11092,184.867,369,6.15,518,8.63333,0.09,0,0,0,0,0.21,0,0,0,214,145,0.0032,0.0039,0.0035,0.0045,0.0029,0.0057,0.0041,0.0037,0,0.06,0
2025-12-25 12:36:06,0,0,29.12,0,1,7996,133.267,244,4.06667,511,8.51667,0.73,0,0,0,0,0.12,0,0,0,176,117,0.0019,0.0023,0.0021,0.0027,0.0018,0.0034,0.0025,0.0027,0,0.04,0
2025-12-25 12:37:06,0,0,28.94,0,1,3602,60.0333,68,1.13333,228,3.8,0,0,0,0,0,0.11,0,0,0,212,151,0.0016,0.002,0.0018,0.0023,0.0015,0.0029,0.002,0.0019,0,0.03,0
2025-12-25 12:38:06,0,0,28.88,0,1,3474,57.9,74,1.23333,246,4.1,0,0,0,0,0,0.1,0,0,0,201,141,0.0015,0.0018,0.0016,0.0021,0.0014,0.0027,0.0019,0.0017,0,0.03,0
2025-12-25 12:39:06,0,0,28.88,0,1,6418,106.967,197,3.28333,429,7.15,0,0,0,0,0,0.1,0,0,0,227,173,0.0015,0.0019,0.0017,0.0022,0.0015,0.0029,0.002,0.0019,0,0.03,0
2025-12-25 12:40:06,0,0,28.81,0,1,4432,73.8667,97,1.61667,291,4.85,0,0,0,0,0,0.11,0,0,0,186,123,0.0017,0.0021,0.0019,0.0024,0.0015,0.0029,0.002,0.0018,0,0.03,0
2025-12-25 12:41:06,0,0,28.19,0,8,2072,34.5333,7,0.116667,171,2.85,0.28,0,0,0,0,0.1,0,0,0,206,161,0.0016,0.0019,0.0017,0.0023,0.0014,0.0027,0.002,0.0018,0,0.03,0
2025-12-25 12:42:06,0,0,27.94,0,8,4231,70.5167,118,1.96667,205,3.41667,0.31,0,0,0,0,0.16,0,0,0,221,155,0.0023,0.0028,0.0025,0.0033,0.0022,0.0044,0.0032,0.0028,0,0.05,0
2025-12-25 12:43:06,0,0,27.5,0,8,2661,44.35,47,0.783333,136,2.26667,0,0,0,0,0,0.09,0,0,0,223,159,0.0013,0.0016,0.0014,0.0019,0.0012,0.0024,0.0017,0.0018,0,0.03,0
2025-12-25 12:44:06,0,0,26.81,0,8,8233,137.217,210,3.5,364,6.06667,0.02,0,0,0,0,0.12,0,0,0,185,128,0.0018,0.0022,0.002,0.0026,0.0017,0.0033,0.0024,0.0021,0,0.04,0
2025-12-25 12:45:06,0,0,26.81,0,8,9389,156.483,290,4.83333,510,8.5,0,0,0,0,0,0.02,0,0,0,191,159,3e-04,4e-04,3e-04,5e-04,3e-04,6e-04,4e-04,4e-04,0,0.01,0
2025-12-25 12:46:06,0,0,26.88,0,1,8255,137.583,272,4.53333,442,7.36667,0,0,0,0,0,0.01,0,0,0,178,135,1e-04,1e-04,1e-04,2e-04,1e-04,2e-04,1e-04,1e-04,0,0,0
2025-12-25 12:47:06,0,0,26.12,0,1,10812,180.2,398,6.63333,519,8.65,0.06,0,0,0,0,0.06,0,0,0,174,149,9e-04,0.0011,9e-04,0.0012,8e-04,0.0015,0.0011,0.001,0,0.02,0
2025-12-25 12:48:06,0,0,25,0,1,12745,212.417,483,8.05,607,10.1167,564.45,0,0,0,0,0.35,0,0,0,219,169,0.0304,0.0509,0.0644,0.085,0.0982,0.1105,0.1305,0.1746,533.23,0.52,0
2025-12-25 12:49:06,0,0,23.12,0,1,9422,157.033,292,4.86667,528,8.8,68.15,0,0,0,0,0.06,0,0,0,221,164,0.0034,0.0056,0.0065,0.008,0.0135,0.0153,0.0173,0.0233,44.3,0.07,0
2025-12-25 12:50:06,0,0,22.12,0,1,10805,180.083,369,6.15,518,8.63333,7.85,0,0,0,0,0.44,0,0,0,229,172,0.0101,0.013,0.0114,0.0146,0.0096,0.0159,0.0135,0.0146,3.71,0.22,0
2025-12-25 12:51:06,0,0,21.44,0,8,10602,176.7,328,5.46667,573,9.55,20.94,0,0,0,0,0.39,0,0,0,227,171,0.0093,0.0121,0.0111,0.0144,0.0109,0.017,0.0156,0.0191,11.66,0.2,0
2025-12-25 12:52:06,0,0,21.12,0,1,7463,124.383,212,3.53333,447,7.45,0.35,0,0,0,0,0.62,0,0,0,209,164,0.0126,0.016,0.0139,0.0176,0.0117,0.0205,0.0163,0.015,0,0.28,0
2025-12-25 12:53:06,0,0,20.94,0,8,8436,140.6,261,4.35,472,7.86667,0,0,0,0,0,0.83,0,0,0,165,130,0.0174,0.0222,0.0193,0.0243,0.0155,0.0268,0.0214,0.0201,0,0.39,0
2025-12-25 12:54:06,0,0,21.38,0,1,10522,175.367,337,5.61667,545,9.08333,0,0,0,0,0,1.77,0,0,0,227,165,0.0367,0.0468,0.0406,0.0512,0.0325,0.0561,0.0448,0.0422,0,0.83,0
2025-12-25 12:55:06,0,0,21.94,0,1,10404,173.4,291,4.85,533,8.88333,0,0,0,0,0,0.67,0,0,0,177,120,0.0132,0.0168,0.0146,0.0183,0.012,0.021,0.0166,0.0154,0,0.31,0
2025-12-25 12:56:06,0,0,22.19,0,1,11404,190.067,411,6.85,490,8.16667,0.86,0,0,0,0,0.29,0,0,0,171,118,0.0062,0.008,0.0068,0.0086,0.006,0.0103,0.0082,0.0077,0,0.14,0
2025-12-25 12:57:06,0,0,22.31,0,1,9084,151.4,229,3.81667,419,6.98333,0,0,0,0,0,0.07,0,0,0,161,113,0.0016,0.0021,0.0017,0.0022,0.0014,0.0024,0.0019,0.0018,0,0.04,0
2025-12-25 12:58:06,0,0,22.06,0,1,7959,132.65,220,3.66667,402,6.7,0,0,0,0,0,0,0,0,0,222,155,0,0,0,0,0,0,0,0,0,0,0
2025-12-25 12:59:06,0,0,21.88,0,8,9026,150.433,284,4.73333,439,7.31667,20.67,0,0,0,0,0.01,0,0,0,214,153,8e-04,0.0015,0.0021,0.0029,0.0035,0.004,0.0048,0.0061,18.02,0.02,0
2025-12-25 13:00:06,0,0,21.81,0,32,2397,39.95,52,0.866667,131,2.18333,18.53,0,0,0,0,0.01,0,0,0,227,167,8e-04,0.0014,0.0019,0.0027,0.0033,0.0039,0.0047,0.0071,14.61,0.02,0
2025-12-25 13:01:06,0,0,22.12,0,32,8159,135.983,235,3.91667,381,6.35,78.07,0,0,0,0,0.03,0,0,0,229,161,0.0035,0.0068,0.009,0.0119,0.0128,0.0141,0.0164,0.0217,80.73,0.06,0
2025-12-25 13:02:06,0,0,22.56,0,1,3755,62.5833,76,1.26667,230,3.83333,55.21,0,0,0,0,0.02,0,0,0,212,151,0.0025,0.0047,0.0062,0.0083,0.0092,0.0103,0.0122,0.0167,54.06,0.05,0
2025-12-25 13:03:06,0,0,22.56,0,1,154,2.56667,0,0,9,0.15,22.51,0,0,0,0,0.01,0,0,0,179,115,0.001,0.0018,0.0023,0.0033,0.0039,0.0047,0.0057,0.0083,18.39,0.02,0
2025-12-25 13:04:06,0,0,23.31,0,1,87,1.45,0,0,5,0.0833333,22.21,0,0,0,0,0.01,0,0,0,168,114,0.001,0.0017,0.0023,0.0032,0.0039,0.0046,0.0056,0.0082,18.03,0.02,0
2025-12-25 13:05:06,0,0,24.25,0,1,109,1.81667,0,0,7,0.116667,22.9,0,0,0,0,0.01,0,0,0,168,115,0.001,0.0018,0.0023,0.0033,0.004,0.0047,0.0057,0.0083,18.62,0.02,0
2025-12-25 13:06:06,0,0,25.19,0,1,35,0.583333,0,0,2,0.0333333,22.1,0,0,0,0,0.01,0,0,0,163,115,0.001,0.0017,0.0023,0.0032,0.0039,0.0046,0.0056,0.0081,18.01,0.02,0
2025-12-25 13:07:06,0,0,26.12,0,1,56,0.933333,0,0,2,0.0333333,20.98,0,0,0,0,0.01,0,0,0,163,123,9e-04,0.0016,0.0022,0.0031,0.0037,0.0043,0.0053,0.0077,17.04,0.02,0
2025-12-25 13:08:06,0,0,26.94,0,1,22,0.366667,0,0,1,0.0166667,20.05,0,0,0,0,0.01,0,0,0,165,121,9e-04,0.0016,0.0021,0.003,0.0035,0.0042,0.0051,0.0075,16.21,0.02,0
2025-12-25 13:09:06,0,0,27.75,0,1,155,2.58333,0,0,12,0.2,20.59,0,0,0,0,0.01,0,0,0,163,118,9e-04,0.0016,0.0021,0.003,0.0036,0.0043,0.0052,0.0076,16.67,0.02,0
2025-12-25 13:10:06,0,0,28.12,0,1,1113,18.55,26,0.433333,63,1.05,19.22,0,0,0,0,0.01,0,0,0,179,114,9e-04,0.0015,0.002,0.0029,0.0034,0.004,0.0048,0.007,15.91,0.02,0
2025-12-25 13:11:06,0,0,28.81,0,32,61,1.01667,0,0,1,0.0166667,0.47,0,0,0,0,0,0,0,0,177,110,0,0,0,1e-04,1e-04,1e-04,1e-04,3e-04,0.22,0,0
2025-12-25 13:12:06,0,0,29.12,0,1,289,4.81667,0,0,23,0.383333,11.39,0,0,0,0,0.01,0,0,0,178,109,5e-04,9e-04,0.0012,0.0017,0.002,0.0024,0.0029,0.0044,9.2,0.01,0
2025-12-25 13:13:06,0,0,29.62,0,1,66,1.1,0,0,4,0.0666667,13.98,0,0,0,0,0.01,0,0,0,182,110,7e-04,0.0011,0.0015,0.0021,0.0025,0.003,0.0035,0.0053,11.35,0.01,0
2025-12-25 13:14:06,0,0,30.44,0,1,165,2.75,0,0,15,0.25,12.25,0,0,0,0,0.01,0,0,0,193,106,6e-04,0.001,0.0013,0.0019,0.0022,0.0026,0.0031,0.0047,9.92,0.01,0
2025-12-25 13:15:06,0,0,30.69,0,1,0,0,0,0,0,0,8.13,0,0,0,0,0.01,0,0,0,186,105,4e-04,7e-04,9e-04,0.0013,0.0015,0.0018,0.0021,0.0032,6.54,0.01,0
2025-12-25 13:16:06,0,0,30.81,0,1,3,0.05,0,0,0,0,7.04,0,0,0,0,0,0,0,0,187,106,3e-04,6e-04,7e-04,0.001,0.0012,0.0015,0.0018,0.0027,5.61,0.01,0
2025-12-25 13:17:06,0,0,31,0,1,65,1.08333,0,0,3,0.05,2.24,0,0,0,0,0,0,0,0,186,105,1e-04,2e-04,2e-04,4e-04,4e-04,5e-04,5e-04,0.001,1.75,0,0
2025-12-25 13:18:06,0,0,31.19,0,1,21,0.35,0,0,1,0.0166667,0.98,0,0,0,0,0,0,0,0,182,104,0,1e-04,1e-04,2e-04,2e-04,2e-04,2e-04,4e-04,0.53,0,0
2025-12-25 13:19:06,0,0,31.44,0,1,319,5.31667,2,0.0333333,23,0.383333,17.94,0,0,0,0,0.01,0,0,0,179,108,8e-04,0.0014,0.0019,0.0027,0.0032,0.0037,0.0045,0.0066,14.63,0.02,0
2025-12-25 13:20:06,0,0,31.5,0,1,289,4.81667,4,0.0666667,30,0.5,21.35,0,0,0,0,0.01,0,0,0,197,105,9e-04,0.0016,0.0022,0.0031,0.0037,0.0044,0.0054,0.0079,17.28,0.02,0
2025-12-25 13:21:06,0,0,31.31,0,1,0,0,0,0,0,0,20.76,0,0,0,0,0.01,0,0,0,193,104,9e-04,0.0016,0.0021,0.003,0.0036,0.0043,0.0053,0.0078,16.48,0.02,0
2025-12-25 13:22:06,0,0,31.19,0,1,64,1.06667,0,0,4,0.0666667,21.73,0,0,0,0,0.01,0,0,0,187,104,0.001,0.0016,0.0022,0.0032,0.0038,0.0045,0.0056,0.0081,17.26,0.02,0
2025-12-25 13:23:06,0,0,31.19,0,1,2584,43.0667,55,0.916667,168,2.8,19.17,0,0,0,0,0.01,0,0,0,165,107,9e-04,0.0014,0.0019,0.0028,0.0034,0.004,0.0049,0.0073,15.24,0.02,0
2025-12-25 13:24:06,0,0,31.25,0,1,5520,92,131,2.18333,371,6.18333,66.43,0,0,0,0,0.02,0,0,0,212,152,0.0031,0.006,0.0078,0.0098,0.011,0.0115,0.013,0.0164,71.39,0.05,0
2025-12-25 13:25:06,0,0,30.88,0,1,2082,34.7,36,0.6,118,1.96667,75.24,0,0,0,0,0.03,0,0,0,153,115,0.0031,0.0059,0.0079,0.0109,0.0126,0.0139,0.0166,0.0218,70.31,0.06,0
2025-12-25 13:26:06,0,0,30.81,0,1,7135,118.917,233,3.88333,411,6.85,57.89,0,0,0,0,0.01,0,0,0,208,151,0.0033,0.0065,0.0082,0.0098,0.0088,0.0089,0.0097,0.0114,79.06,0.04,0
2025-12-25 13:27:06,0,0,30.62,0,1,4452,74.2,105,1.75,275,4.58333,40.05,0,0,0,0,0.02,0,0,0,211,148,0.0019,0.0035,0.0046,0.0061,0.0067,0.0073,0.0084,0.0111,40.48,0.03,0
2025-12-25 13:28:06,0,0,30.69,0,8,1352,22.5333,28,0.466667,105,1.75,55.46,0,0,0,0,0.02,0,0,0,209,143,0.0025,0.0049,0.0063,0.0084,0.0093,0.0103,0.012,0.0165,54.93,0.05,0
2025-12-25 13:29:06,0,0,30.44,0,1,1023,17.05,14,0.233333,72,1.2,48,0,0,0,0,0.02,0,0,0,206,143,0.0022,0.0042,0.0055,0.0073,0.0081,0.0089,0.0104,0.0144,47.33,0.04,0
2025-12-25 13:30:06,0,0,30.19,0,1,259,4.31667,1,0.0166667,18,0.3,86.25,0,0,0,0,0.02,0,0,0,216,164,0.004,0.0078,0.0102,0.0131,0.0141,0.0148,0.0167,0.0213,94.16,0.06,0
2025-12-25 13:31:06,0,0,30.44,0,1,2954,49.2333,50,0.833333,215,3.58333,48.36,0,0,0,0,0.02,0,0,0,209,155,0.0021,0.004,0.0052,0.0071,0.0082,0.0092,0.011,0.0151,44.76,0.04,0
2025-12-25 13:32:06,0,0,30.56,0,1,3212,53.5333,26,0.433333,289,4.81667,43.79,0,0,0,0,0.02,0,0,0,192,139,0.0019,0.0036,0.0047,0.0065,0.0074,0.0084,0.0102,0.0141,40.12,0.04,0
2025-12-25 13:33:06,0,0,31.06,0,1,2760,46,43,0.716667,228,3.8,48.79,0,0,0,0,0.02,0,0,0,210,146,0.0021,0.004,0.0053,0.0072,0.0083,0.0093,0.0111,0.0152,45.41,0.04,0
2025-12-25 13:34:06,0,0,30.75,0,16,2594,43.2333,36,0.6,226,3.76667,62.02,0,0,0,0,0.02,0,0,0,216,156,0.0027,0.0054,0.0069,0.0093,0.0103,0.0112,0.0133,0.0172,61.97,0.05,0
2025-12-25 13:35:06,0,0,30.69,0,1,2322,38.7,43,0.716667,187,3.11667,63.83,0,0,0,0,0.02,0,0,0,215,156,0.0026,0.0055,0.0067,0.0094,0.0106,0.0113,0.0139,0.0168,62.44,0.05,0
2025-12-25 13:36:06,0,0,30.88,0,16,564,9.4,1,0.0166667,44,0.733333,60.46,0,0,0,0,0.02,0,0,0,211,153,0.0027,0.0052,0.0068,0.009,0.0101,0.011,0.0129,0.0172,60.47,0.05,0
2025-12-25 13:37:06,0,0,30.94,0,16,760,12.6667,4,0.0666667,62,1.03333,60,0,0,0,0,0.02,0,0,0,216,153,0.0026,0.0051,0.0067,0.0089,0.01,0.011,0.0129,0.0172,59.56,0.05,0
2025-12-25 13:38:06,0,0,31.06,0,16,530,8.83333,4,0.0666667,34,0.566667,57.37,0,0,0,0,0.02,0,0,0,214,156,0.0025,0.0049,0.0064,0.0085,0.0096,0.0106,0.0124,0.0167,56.42,0.05,0
2025-12-25 13:39:06,0,0,30.94,0,1,5280,88,109,1.81667,362,6.03333,61.87,0,0,0,0,0.02,0,0,0,224,153,0.0026,0.0049,0.0064,0.009,0.0103,0.0117,0.0142,0.0186,56.61,0.05,0
2025-12-25 13:40:06,0,0,31.19,0,1,14561,242.683,438,7.3,550,9.16667,88.88,0,0,0,0,0.03,0,0,0,221,160,0.0035,0.0077,0.0093,0.0132,0.0149,0.0162,0.0204,0.0247,84.19,0.07,0
2025-12-25 13:41:06,0,0,31.19,0,1,4719,78.65,94,1.56667,321,5.35,104.86,0,0,0,0,0.04,0,0,0,196,131,0.0043,0.0092,0.0112,0.0155,0.0175,0.0189,0.0234,0.0286,101.65,0.08,0
2025-12-25 13:42:06,0,0,31.19,0,1,5957,99.2833,117,1.95,425,7.08333,90.58,0,0,0,0,0.03,0,0,0,167,133,0.0037,0.008,0.0097,0.0135,0.0151,0.0162,0.0204,0.0244,88.34,0.07,0
2025-12-25 13:43:06,0,0,31.19,0,1,9385,156.417,286,4.76667,458,7.63333,112.54,0,0,0,0,0.04,0,0,0,226,160,0.0047,0.0096,0.0122,0.0165,0.0189,0.0211,0.0255,0.0331,106.84,0.09,0
2025-12-25 13:44:06,0,0,31.31,0,1,2243,37.3833,7,0.116667,177,2.95,86.6,0,0,0,0,0.03,0,0,0,171,116,0.0034,0.0073,0.0091,0.0127,0.0145,0.0161,0.0201,0.0253,81.02,0.07,0
2025-12-25 13:45:06,0,0,31.06,0,1,2510,41.8333,28,0.466667,191,3.18333,80.97,0,0,0,0,0.03,0,0,0,214,155,0.0032,0.0068,0.0085,0.0118,0.0136,0.015,0.0186,0.0235,75.75,0.07,0
2025-12-25 13:46:06,0,0,30.94,0,1,1700,28.3333,15,0.25,151,2.51667,77.67,0,0,0,0,0.03,0,0,0,228,160,0.0031,0.0064,0.0081,0.0112,0.0132,0.0147,0.0183,0.0236,70.14,0.06,0
2025-12-25 13:47:06,0,0,30.94,0,1,3532,58.8667,49,0.816667,269,4.48333,78.1,0,0,0,0,0.03,0,0,0,209,146,0.003,0.0066,0.008,0.0114,0.0131,0.0145,0.0184,0.0226,71.72,0.06,0
2025-12-25 13:48:06,0,0,30.88,0,1,4439,73.9833,49,0.816667,365,6.08333,101.05,0,0,0,0,0.04,0,0,0,181,124,0.0042,0.0089,0.0109,0.0151,0.0168,0.0185,0.0228,0.0286,98.51,0.08,0
2025-12-25 13:49:06,0,0,30.81,0,1,6305,105.083,162,2.7,473,7.88333,112.49,0,0,0,0,0.04,0,0,0,178,128,0.0048,0.0097,0.0125,0.0166,0.0188,0.0208,0.0249,0.0323,109.68,0.09,0
2025-12-25 13:50:06,0,0,30.69,0,1,4232,70.5333,65,1.08333,359,5.98333,96.82,0,0,0,0,0.04,0,0,0,214,158,0.0041,0.0084,0.0106,0.0144,0.0162,0.0179,0.022,0.0281,93.61,0.08,0
2025-12-25 13:51:06,0,0,30.5,0,1,4210,70.1667,69,1.15,332,5.53333,80.25,0,0,0,0,0.03,0,0,0,172,134,0.0033,0.0069,0.0086,0.0119,0.0134,0.0147,0.0181,0.0229,77.36,0.06,0
2025-12-25 13:52:06,0,0,30.62,0,1,3309,55.15,56,0.933333,236,3.93333,101.17,0,0,0,0,0.04,0,0,0,180,119,0.0041,0.0087,0.0108,0.0149,0.0169,0.0186,0.0231,0.0287,96.65,0.08,0
2025-12-25 13:53:06,0,0,30.56,0,1,2740,45.6667,40,0.666667,186,3.1,133.5,0,0,0,0,0.05,0,0,0,192,134,0.0054,0.0115,0.0144,0.0197,0.0222,0.0244,0.03,0.0373,129.23,0.1,0
2025-12-25 13:54:06,0,0,30.5,0,1,4902,81.7,105,1.75,307,5.11667,118.07,0,0,0,0,0.04,0,0,0,196,117,0.0049,0.0105,0.0131,0.0179,0.0195,0.0215,0.0263,0.0331,117.67,0.09,0
2025-12-25 13:55:06,0,0,30.31,0,1,2805,46.75,21,0.35,214,3.56667,125.14,0,0,0,0,0.05,0,0,0,198,128,0.0054,0.0109,0.0141,0.0186,0.0208,0.023,0.0274,0.0356,124.53,0.1,0
2025-12-25 13:56:06,0,0,30.44,0,1,2812,46.8667,38,0.633333,223,3.71667,78.96,0,0,0,0,0.03,0,0,0,197,125,0.0034,0.0069,0.0088,0.0118,0.0132,0.0147,0.0178,0.0234,77,0.07,0
2025-12-25 13:57:06,0,0,30.31,0,1,2356,39.2667,26,0.433333,215,3.58333,90.36,0,0,0,0,0.03,0,0,0,184,118,0.0038,0.0078,0.01,0.0133,0.0151,0.0168,0.0203,0.0264,87.65,0.07,0
2025-12-25 13:58:06,0,0,30.38,0,1,3296,54.9333,34,0.566667,243,4.05,64.33,0,0,0,0,0.03,0,0,0,169,128,0.0027,0.0054,0.007,0.0095,0.0109,0.0122,0.015,0.0197,59.75,0.05,0
2025-12-25 13:59:06,0,0,30.38,0,32,11155,185.917,368,6.13333,600,10,27.52,0,0,0,0,0,0,0,0,172,124,6e-04,0.0012,0.0015,0.0026,0.0044,0.0065,0.0073,0.0059,14.7,0.02,0
2025-12-25 14:00:06,0,0,30.44,0,1,7265,121.083,250,4.16667,391,6.51667,64,0,0,0,0,0.01,0,0,0,225,160,0.0011,0.0023,0.0029,0.0055,0.0102,0.0154,0.0169,0.0121,30.33,0.03,0
2025-12-25 14:01:06,0,0,30.56,0,8,2487,41.45,44,0.733333,171,2.85,26.84,0,0,0,0,0.01,0,0,0,182,124,0.0012,0.0023,0.003,0.0041,0.0046,0.0053,0.0064,0.0092,24.82,0.03,0
2025-12-25 14:02:06,0,0,30.69,0,8,27,0.45,0,0,0,0,27.65,0,0,0,0,0.01,0,0,0,174,113,0.0012,0.0023,0.003,0.0041,0.0047,0.0054,0.0065,0.0093,25.18,0.02,0
2025-12-25 14:03:06,0,0,30.62,0,8,4,0.0666667,0,0,0,0,27.85,0,0,0,0,0.01,0,0,0,169,110,0.0012,0.0023,0.003,0.0042,0.0048,0.0054,0.0066,0.0094,25.33,0.03,0
2025-12-25 14:04:06,0,0,30.62,0,8,18,0.3,0,0,0,0,27.94,0,0,0,0,0.01,0,0,0,166,108,0.0012,0.0024,0.0031,0.0042,0.0048,0.0055,0.0067,0.0095,25.24,0.03,0
2025-12-25 14:05:06,0,0,30.69,0,8,121,2.01667,2,0.0333333,3,0.05,28.73,0,0,0,0,0.02,0,0,0,165,106,0.0013,0.0024,0.0032,0.0043,0.005,0.0057,0.0069,0.01,25.65,0.03,0
2025-12-25 14:06:06,0,0,30.56,0,8,7053,117.55,202,3.36667,451,7.51667,59.96,0,0,0,0,0.01,0,0,0,211,145,0.003,0.0059,0.0076,0.0094,0.0095,0.0098,0.0111,0.0137,71.29,0.04,0
2025-12-25 14:07:06,0,0,30.44,0,1,5463,91.05,139,2.31667,316,5.26667,87.23,0,0,0,0,0.03,0,0,0,211,151,0.004,0.0078,0.0101,0.0129,0.0145,0.0154,0.0177,0.0225,91.39,0.06,0
2025-12-25 14:08:06,0,0,30.5,0,1,3838,63.9667,63,1.05,292,4.86667,121.39,0,0,0,0,0.03,0,0,0,211,153,0.0057,0.0112,0.0145,0.0177,0.0198,0.02,0.0222,0.0267,136.89,0.08,0
2025-12-25 14:09:06,0,0,30.06,0,1,4962,82.7,107,1.78333,310,5.16667,261.17,0,0,0,0,0.05,0,0,0,226,161,0.0133,0.026,0.0335,0.0407,0.0413,0.0417,0.0459,0.0549,319.23,0.17,0
2025-12-25 14:10:06,0,0,30.31,0,1,5073,84.55,110,1.83333,329,5.48333,111.58,0,0,0,0,0.03,0,0,0,156,147,0.0054,0.0105,0.0137,0.0171,0.0179,0.0186,0.021,0.026,128.02,0.08,0
2025-12-25 14:11:06,0,0,30.19,0,8,4560,76,100,1.66667,332,5.53333,141.56,0,0,0,0,0.03,0,0,0,184,135,0.0068,0.0134,0.0174,0.0212,0.0228,0.0228,0.0248,0.0293,165.62,0.09,0
2025-12-25 14:12:06,0,0,30.56,0,8,1369,22.8167,35,0.583333,92,1.53333,86.15,0,0,0,0,0.02,0,0,0,159,116,0.0042,0.0084,0.0109,0.0133,0.0138,0.0136,0.0148,0.0174,104.2,0.05,0
2025-12-25 14:13:06,0,0,30.56,0,16,4658,77.6333,75,1.25,343,5.71667,98.31,0,0,0,0,0.02,0,0,0,196,118,0.0048,0.0095,0.0123,0.0152,0.0158,0.016,0.0176,0.0213,116.44,0.07,0
2025-12-25 14:14:06,0,0,30.56,0,1,3884,64.7333,62,1.03333,362,6.03333,32.57,0,0,0,0,0.01,0,0,0,194,136,0.0014,0.0028,0.0037,0.0049,0.0055,0.0062,0.0075,0.0102,31.18,0.03,0
2025-12-25 14:15:06,0,0,30.44,0,1,6719,111.983,166,2.76667,400,6.66667,56.02,0,0,0,0,0.03,0,0,0,224,160,0.0024,0.0047,0.0062,0.0084,0.0094,0.011,0.0132,0.0173,52.29,0.05,0
2025-12-25 14:16:06,0,0,30.38,0,1,307,5.11667,0,0,21,0.35,12.42,0,0,0,0,0.01,0,0,0,195,140,6e-04,0.0011,0.0014,0.002,0.0022,0.0026,0.0032,0.005,10.48,0.01,0
2025-12-25 14:17:06,0,0,30.44,0,1,156,2.6,0,0,14,0.233333,12.75,0,0,0,0,0.01,0,0,0,189,136,6e-04,0.0011,0.0014,0.002,0.0023,0.0026,0.0033,0.005,10.87,0.01,0
2025-12-25 14:18:06,0,0,30.62,0,1,278,4.63333,0,0,20,0.333333,11.62,0,0,0,0,0.01,0,0,0,198,140,6e-04,0.001,0.0013,0.0018,0.0021,0.0024,0.0029,0.0046,10.02,0.01,0
2025-12-25 14:19:06,0,0,30.62,0,1,2529,42.15,46,0.766667,169,2.81667,17.44,0,0,0,0,0.01,0,0,0,225,160,5e-04,0.001,0.0013,0.002,0.0029,0.004,0.0046,0.0049,10.97,0.01,0
2025-12-25 14:20:06,0,0,30.94,0,1,1263,21.05,36,0.6,92,1.53333,17.84,0,0,0,0,0,0,0,0,203,148,2e-04,4e-04,5e-04,0.0014,0.0027,0.0046,0.0051,0.0032,6.15,0.01,0
2025-12-25 14:21:06,0,0,31.06,0,8,7964,132.733,272,4.53333,385,6.41667,19.83,0,0,0,0,0,0,0,0,200,152,2e-04,5e-04,6e-04,0.0014,0.0031,0.0051,0.0055,0.0034,6.87,0.01,0
2025-12-25 14:22:06,0,0,31.06,0,1,7850,130.833,200,3.33333,462,7.7,22.64,0,0,0,0,0,0,0,0,186,132,5e-04,0.001,0.0013,0.0023,0.0036,0.0053,0.006,0.005,12.44,0.01,0
2025-12-25 14:23:06,0,0,31.06,0,16,2835,47.25,73,1.21667,188,3.13333,16.76,0,0,0,0,0.01,0,0,0,192,142,7e-04,0.0014,0.0018,0.0026,0.0029,0.0034,0.0041,0.0061,14.66,0.02,0
2025-12-25 14:24:06,0,0,30.31,0,16,340,5.66667,10,0.166667,12,0.2,25.53,0,0,0,0,0.01,0,0,0,180,128,0.0011,0.0022,0.0028,0.0039,0.0044,0.0051,0.0062,0.0089,22.83,0.02,0
2025-12-25 14:25:06,0,0,30,0,1,732,12.2,18,0.3,47,0.783333,31.33,0,0,0,0,0.02,0,0,0,203,154,0.0014,0.0028,0.0036,0.0049,0.0054,0.0061,0.0074,0.0106,29.42,0.03,0
2025-12-25 14:26:06,0,0,30,0,16,886,14.7667,13,0.216667,61,1.01667,29.64,0,0,0,0,0.02,0,0,0,208,155,0.0013,0.0026,0.0033,0.0045,0.0051,0.0058,0.0071,0.01,27.03,0.03,0
2025-12-25 14:27:06,0,0,30.12,0,16,1896,31.6,38,0.633333,140,2.33333,22.67,0,0,0,0,0.01,0,0,0,211,156,0.001,0.002,0.0026,0.0035,0.004,0.0045,0.0055,0.008,20.38,0.02,0
2025-12-25 14:28:06,0,0,30.31,0,1,254,4.23333,3,0.05,12,0.2,20.16,0,0,0,0,0.01,0,0,0,192,142,9e-04,0.0018,0.0022,0.0031,0.0035,0.004,0.0048,0.007,18.33,0.02,0
2025-12-25 14:29:06,0,0,30.75,0,1,45,0.75,0,0,2,0.0333333,11.09,0,0,0,0,0.01,0,0,0,179,130,5e-04,0.001,0.0012,0.0017,0.002,0.0023,0.0028,0.0041,9.59,0.01,0
2025-12-25 14:30:06,0,0,31,0,1,81,1.35,0,0,6,0.1,9.59,0,0,0,0,0.01,0,0,0,176,128,5e-04,9e-04,0.0011,0.0015,0.0017,0.002,0.0024,0.0037,8.26,0.01,0
2025-12-25 14:31:06,0,0,31,0,1,290,4.83333,0,0,22,0.366667,8.47,0,0,0,0,0.01,0,0,0,197,149,4e-04,8e-04,0.001,0.0013,0.0015,0.0018,0.0022,0.0034,7.26,0.01,0
2025-12-25 14:32:06,0,0,31.25,0,1,624,10.4,0,0,59,0.983333,7.31,0,0,0,0,0.01,0,0,0,187,136,3e-04,7e-04,8e-04,0.0012,0.0013,0.0015,0.0019,0.003,6.19,0.01,0
2025-12-25 14:33:06,0,0,31.25,0,1,217,3.61667,0,0,20,0.333333,8.56,0,0,0,0,0.01,0,0,0,211,162,4e-04,7e-04,9e-04,0.0014,0.0015,0.0018,0.0021,0.0033,7.24,0.01,0
2025-12-25 14:34:06,0,0,31.31,0,1,318,5.3,0,0,32,0.533333,8.51,0,0,0,0,0.01,0,0,0,194,133,4e-04,8e-04,0.001,0.0014,0.0015,0.0017,0.0021,0.0033,7.34,0.01,0
2025-12-25 14:35:06,0,0,31.5,0,1,1145,19.0833,20,0.333333,70,1.16667,12.2,0,0,0,0,0.01,0,0,0,207,152,6e-04,0.0011,0.0014,0.0019,0.0021,0.0024,0.003,0.0044,10.8,0.01,0
2025-12-25 14:36:06,0,0,31.56,0,1,3259,54.3167,71,1.18333,188,3.13333,17.06,0,0,0,0,0.01,0,0,0,205,143,7e-04,0.0016,0.0019,0.0026,0.0029,0.0032,0.0039,0.0056,16.39,0.02,0
2025-12-25 14:37:06,0,0,31.56,0,1,3095,51.5833,57,0.95,234,3.9,12.26,0,0,0,0,0.01,0,0,0,216,163,5e-04,0.0011,0.0014,0.0019,0.0021,0.0023,0.0028,0.0041,11.84,0.01,0
2025-12-25 14:38:06,0,0,31.19,0,2,2036,33.9333,54,0.9,121,2.01667,44.64,0,0,0,0,0.03,0,0,0,200,137,0.0021,0.004,0.0052,0.007,0.0077,0.0087,0.0106,0.0149,41.98,0.04,0
2025-12-25 14:39:06,0,0,31.25,0,16,84,1.4,0,0,10,0.166667,41.79,0,0,0,0,0.02,0,0,0,205,130,0.0019,0.0036,0.0047,0.0064,0.0072,0.0082,0.0101,0.0143,38.3,0.04,0
2025-12-25 14:40:06,0,0,31.31,0,16,1130,18.8333,42,0.7,55,0.916667,36.53,0,0,0,0,0.03,0,0,0,183,128,0.0018,0.0032,0.0041,0.0057,0.0064,0.0075,0.0093,0.0135,32.09,0.04,0
2025-12-25 14:41:06,0,0,30.94,0,1,2941,49.0167,77,1.28333,208,3.46667,25.06,0,0,0,0,0.02,0,0,0,215,169,0.0013,0.0023,0.0028,0.004,0.0045,0.0054,0.0067,0.0099,21.13,0.03,0
2025-12-25 14:42:06,0,0,30.94,0,1,152,2.53333,0,0,12,0.2,20.87,0,0,0,0,0.02,0,0,0,179,140,0.0011,0.002,0.0024,0.0034,0.0038,0.0046,0.0058,0.0087,17.26,0.03,0
2025-12-25 14:43:06,0,0,30.5,0,8,217,3.61667,4,0.0666667,16,0.266667,24.35,0,0,0,0,0.03,0,0,0,226,169,0.0014,0.0024,0.0029,0.0041,0.0046,0.0055,0.007,0.0107,19.47,0.03,0
2025-12-25 14:44:06,0,0,30.69,0,8,2515,41.9167,65,1.08333,141,2.35,31.49,0,0,0,0,0.04,0,0,0,204,164,0.0018,0.0031,0.0037,0.0053,0.0059,0.0072,0.0091,0.014,25.04,0.04,0
2025-12-25 14:45:06,0,0,30.69,0,8,269,4.48333,1,0.0166667,16,0.266667,35.28,0,0,0,0,0.04,0,0,0,202,162,0.0019,0.0033,0.004,0.0057,0.0065,0.0079,0.01,0.0152,28.11,0.04,0
2025-12-25 14:46:06,0,0,30.69,0,16,99,1.65,0,0,5,0.0833333,27.08,0,0,0,0,0.02,0,0,0,203,148,0.0014,0.0024,0.0031,0.0043,0.0049,0.0058,0.0074,0.011,22.44,0.03,0
2025-12-25 14:47:06,0,0,30.75,0,2,1449,24.15,26,0.433333,91,1.51667,33.86,0,0,0,0,0.03,0,0,0,231,165,0.0017,0.0031,0.0039,0.0055,0.0061,0.0072,0.009,0.0132,29.1,0.04,0
2025-12-25 14:48:06,0,0,30.38,0,2,467,7.78333,13,0.216667,22,0.366667,21.38,0,0,0,0,0.02,0,0,0,224,160,0.0011,0.0019,0.0025,0.0034,0.0038,0.0044,0.0055,0.0081,18.69,0.02,0
2025-12-25 14:49:06,0,0,30.5,0,16,1915,31.9167,22,0.366667,148,2.46667,27.33,0,0,0,0,0.01,0,0,0,236,166,0.0012,0.0024,0.0032,0.0043,0.0046,0.0051,0.0063,0.0088,26.82,0.02,0
2025-12-25 14:50:06,0,0,30.69,0,16,1920,32,32,0.533333,117,1.95,32.01,0,0,0,0,0.02,0,0,0,227,162,0.0013,0.0026,0.0034,0.0046,0.0055,0.0062,0.0075,0.0106,28.43,0.03,0
2025-12-25 14:51:06,0,0,30.5,0,16,1758,29.3,51,0.85,94,1.56667,15.21,0,0,0,0,0.01,0,0,0,208,149,7e-04,0.0014,0.0017,0.0024,0.0027,0.003,0.0037,0.0054,13.91,0.02,0
2025-12-25 14:52:06,0,0,30.56,0,8,1604,26.7333,38,0.633333,89,1.48333,12.55,0,0,0,0,0.01,0,0,0,183,142,6e-04,0.0011,0.0014,0.002,0.0022,0.0026,0.0033,0.005,10.5,0.01,0
2025-12-25 14:53:06,0,0,30.5,0,1,724,12.0667,24,0.4,38,0.633333,7.86,0,0,0,0,0.01,0,0,0,185,150,4e-04,7e-04,9e-04,0.0013,0.0014,0.0017,0.0021,0.0032,6.4,0.01,0
2025-12-25 14:54:06,0,0,30.56,0,16,533,8.88333,17,0.283333,23,0.383333,8.63,0,0,0,0,0.01,0,0,0,172,130,4e-04,8e-04,0.001,0.0014,0.0016,0.0019,0.0024,0.0036,6.93,0.01,0
2025-12-25 14:55:06,0,0,30.62,0,16,8,0.133333,0,0,0,0,8.96,0,0,0,0,0.01,0,0,0,168,131,5e-04,8e-04,0.001,0.0015,0.0017,0.002,0.0025,0.0039,7,0.01,0
2025-12-25 14:56:06,0,0,30.31,0,16,884,14.7333,17,0.283333,53,0.883333,22.45,0,0,0,0,0.02,0,0,0,194,160,0.0011,0.002,0.0026,0.0036,0.004,0.0047,0.0059,0.0087,19.67,0.02,0
2025-12-25 14:57:06,0,0,30.62,0,1,21,0.35,0,0,2,0.0333333,33.84,0,0,0,0,0.03,0,0,0,172,135,0.0019,0.0031,0.0039,0.0055,0.0062,0.0074,0.0094,0.0141,28.16,0.04,0
2025-12-25 14:58:06,0,0,30.56,0,8,1262,21.0333,26,0.433333,68,1.13333,25.56,0,0,0,0,0.02,0,0,0,194,150,0.0013,0.0023,0.003,0.0041,0.0046,0.0055,0.0069,0.0103,21.69,0.03,0
2025-12-25 14:59:06,0,0,30.44,0,16,2193,36.55,69,1.15,136,2.26667,19.36,0,0,0,0,0.02,0,0,0,204,147,0.001,0.0018,0.0023,0.0032,0.0035,0.0041,0.0051,0.0078,16.72,0.02,0
2025-12-25 15:00:06,0,0,30.56,0,16,3117,51.95,58,0.966667,195,3.25,13.27,0,0,0,0,0.01,0,0,0,205,154,6e-04,0.0012,0.0015,0.0021,0.0024,0.0028,0.0034,0.0052,11.55,0.01,0
2025-12-25 15:01:06,0,0,30,0,1,11003,183.383,380,6.33333,465,7.75,0.15,0,0,0,0,0,0,0,0,225,156,0,0,0,0,0,0,0,1e-04,0.17,0,0
2025-12-25 15:02:06,0,0,29.62,0,1,3991,66.5167,77,1.28333,349,5.81667,0,0,0,0,0,0,0,0,0,232,166,0,0,0,0,0,0,0,0,0,0,0
2025-12-25 15:03:06,0,0,29.25,0,4,844,14.0667,22,0.366667,51,0.85,0,0,0,0,0,0,0,0,0,227,162,0,0,0,0,0,0,0,0,0,0,0
2025-12-25 15:04:06,0,0,29.5,0,16,3646,60.7667,137,2.28333,174,2.9,0,0,0,0,0,0,0,0,0,196,151,0,0,0,0,0,0,0,0,0,0,0
2025-12-25 15:05:06,0,0,29.31,0,16,1166,19.4333,41,0.683333,63,1.05,0,0,0,0,0,0,0,0,0,199,164,0,0,0,0,0,0,0,0,0,0,0
2025-12-25 15:06:06,0,1,28.88,0,16,407,6.78333,7,0.116667,30,0.5,0,0,0,0,0,0,0,0,0,216,172,0,0,0,0,0,0,0,0,0,0,0
2025-12-25 15:07:06,0,0,28.75,0,16,47,0.783333,0,0,2,0.0333333,0,0,0,0,0,0,0,0,0,211,167,0,0,0,0,0,0,0,0,0,0,0
2025-12-25 15:08:06,0,0,28.75,0,16,0,0,0,0,0,0,0,0,0,0,0,0,0,0,0,218,172,0,0,0,0,0,0,0,0,0,0,0
2025-12-25 15:09:06,0,0,28.75,0,16,7,0.116667,0,0,2,0.0333333,0,0,0,0,0,0,0,0,0,221,174,0,0,0,0,0,0,0,0,0,0,0
2025-12-25 15:10:06,0,0,28.81,0,16,45,0.75,0,0,8,0.133333,0,0,0,0,0,0,0,0,0,219,173,0,0,0,0,0,0,0,0,0,0,0
2025-12-25 15:11:06,0,0,28.75,0,16,16,0.266667,0,0,3,0.05,0,0,0,0,0,0,0,0,0,222,174,0,0,0,0,0,0,0,0,0,0,0
2025-12-25 15:12:06,0,0,28.69,0,16,22,0.366667,0,0,2,0.0333333,0,0,0,0,0,0,0,0,0,224,176,0,0,0,0,0,0,0,0,0,0,0
2025-12-25 15:13:06,0,0,28.75,0,16,0,0,0,0,0,0,0,0,0,0,0,0,0,0,0,225,176,0,0,0,0,0,0,0,0,0,0,0
2025-12-25 15:14:06,0,0,28.75,0,16,7,0.116667,0,0,0,0,0,0,0,0,0,0,0,0,0,222,174,0,0,0,0,0,0,0,0,0,0,0
2025-12-25 15:15:06,0,0,28.81,0,16,0,0,0,0,0,0,0,0,0,0,0,0,0,0,0,226,176,0,0,0,0,0,0,0,0,0,0,0
2025-12-25 15:16:06,0,0,28.88,0,16,4,0.0666667,0,0,0,0,0,0,0,0,0,0,0,0,0,227,177,0,0,0,0,0,0,0,0,0,0,0
2025-12-25 15:17:06,0,0,28.94,0,16,0,0,0,0,0,0,0,0,0,0,0,0,0,0,0,226,176,0,0,0,0,0,0,0,0,0,0,0
2025-12-25 15:18:06,0,0,29,0,16,4,0.0666667,0,0,0,0,0,0,0,0,0,0,0,0,0,224,175,0,0,0,0,0,0,0,0,0,0,0
2025-12-25 15:19:06,0,0,29.06,0,16,255,4.25,9,0.15,14,0.233333,0,0,0,0,0,0,0,0,0,224,175,0,0,0,0,0,0,0,0,0,0,0
2025-12-25 15:20:06,0,0,29.12,0,16,435,7.25,14,0.233333,21,0.35,0,0,0,0,0,0,0,0,0,217,168,0,0,0,0,0,0,0,0,0,0,0
2025-12-25 15:21:06,0,0,29.12,0,16,0,0,0,0,0,0,0,0,0,0,0,0,0,0,0,215,167,0,0,0,0,0,0,0,0,0,0,0
2025-12-25 15:22:06,0,0,29.06,0,16,0,0,0,0,0,0,0,0,0,0,0,0,0,0,0,215,167,0,0,0,0,0,0,0,0,0,0,0
2025-12-25 15:23:06,0,0,29,0,16,13,0.216667,0,0,2,0.0333333,0,0,0,0,0,0,0,0,0,217,169,0,0,0,0,0,0,0,0,0,0,0
2025-12-25 15:24:06,0,0,29,0,16,0,0,0,0,0,0,0,0,0,0,0,0,0,0,0,216,169,0,0,0,0,0,0,0,0,0,0,0
2025-12-25 15:25:06,0,0,29,0,16,0,0,0,0,0,0,0,0,0,0,0,0,0,0,0,215,167,0,0,0,0,0,0,0,0,0,0,0
2025-12-25 15:26:06,0,1,29.38,0,16,3398,56.6333,110,1.83333,226,3.76667,0,0,0,0,0,0,0,0,0,188,163,0,0,0,0,0,0,0,0,0,0,0
2025-12-25 15:27:06,0,0,29.44,0,4,5023,83.7167,130,2.16667,354,5.9,0,0,0,0,0,0,0,0,0,190,146,0,0,0,0,0,0,0,0,0,0,0
2025-12-25 15:28:06,0,0,29.69,0,16,7166,119.433,203,3.38333,392,6.53333,35.04,0,0,0,0,0,0,0,0,183,143,4e-04,0.001,0.0011,0.0028,0.0054,0.0088,0.0097,0.006,13.62,0.01,0
2025-12-25 15:29:06,0,0,29.69,0,1,2932,48.8667,66,1.1,173,2.88333,42.5,0,0,0,0,0,0,0,0,185,145,9e-04,0.0023,0.0026,0.0045,0.0067,0.0094,0.0106,0.0088,27.16,0.02,0
2025-12-25 15:30:06,0,0,29.69,0,1,5163,86.05,110,1.83333,389,6.48333,7.66,0,0,0,0,0,0,0,0,180,139,2e-04,6e-04,7e-04,0.0011,0.0013,0.0015,0.0018,0.0023,6.41,0.01,0
2025-12-25 15:31:06,0,0,29.56,0,1,6026,100.433,144,2.4,431,7.18333,3.79,0,0,0,0,0,0,0,0,204,166,1e-04,3e-04,3e-04,6e-04,7e-04,7e-04,0.001,0.0015,2.93,0,0
2025-12-25 15:32:06,0,0,29.62,0,1,4537,75.6167,96,1.6,302,5.03333,3.14,0,0,0,0,0,0,0,0,186,143,1e-04,2e-04,4e-04,5e-04,6e-04,6e-04,8e-04,0.0014,2.56,0,0
2025-12-25 15:33:06,0,0,29.69,0,1,3981,66.35,78,1.3,283,4.71667,2.59,0,0,0,0,0,0,0,0,181,139,1e-04,2e-04,3e-04,4e-04,5e-04,5e-04,7e-04,0.0012,2.13,0,0
2025-12-25 15:34:06,0,0,29.62,0,1,3728,62.1333,66,1.1,229,3.81667,5.39,0,0,0,0,0,0,0,0,181,139,2e-04,5e-04,6e-04,8e-04,0.001,0.001,0.0013,0.002,4.86,0.01,0
2025-12-25 15:35:06,0,0,29.56,0,1,8558,142.633,236,3.93333,384,6.4,5.63,0,0,0,0,0,0,0,0,192,148,2e-04,5e-04,6e-04,9e-04,0.001,0.001,0.0013,0.0019,5.46,0.01,0
2025-12-25 15:36:06,0,0,28.94,0,1,2085,34.75,75,1.25,105,1.75,0,0,0,0,0,0,0,0,0,232,173,0,0,0,0,0,0,0,0,0,0,0
2025-12-25 15:37:06,0,0,29.06,0,1,76,1.26667,0,0,5,0.0833333,0,0,0,0,0,0,0,0,0,219,167,0,0,0,0,0,0,0,0,0,0,0
2025-12-25 15:38:06,0,0,29.25,0,1,45,0.75,0,0,2,0.0333333,0,0,0,0,0,0,0,0,0,217,167,0,0,0,0,0,0,0,0,0,0,0
2025-12-25 15:39:06,0,0,29.62,0,1,2140,35.6667,35,0.583333,143,2.38333,0,0,0,0,0,0,0,0,0,227,172,0,0,0,0,0,0,0,0,0,0,0
2025-12-25 15:40:06,0,0,29.5,0,1,314,5.23333,0,0,17,0.283333,0,0,0,0,0,0,0,0,0,218,169,0,0,0,0,0,0,0,0,0,0,0
2025-12-25 15:41:06,0,0,30.25,0,8,3427,57.1167,73,1.21667,226,3.76667,14.65,0,0,0,0,0,0,0,0,156,118,2e-04,4e-04,5e-04,0.0011,0.0023,0.0037,0.004,0.0025,5.54,0.01,0
2025-12-25 15:42:06,0,0,30.38,0,1,13309,221.817,454,7.56667,604,10.0667,22.21,0,0,0,0,0,0,0,0,221,161,2e-04,5e-04,7e-04,0.0017,0.0035,0.0057,0.0061,0.0038,8.05,0.01,0
2025-12-25 15:43:06,0,0,30.25,0,1,4364,72.7333,125,2.08333,223,3.71667,1.44,0,0,0,0,0,0,0,0,219,154,0,1e-04,1e-04,2e-04,3e-04,3e-04,5e-04,9e-04,0.7,0,0
2025-12-25 15:44:06,0,0,30.25,0,1,1534,25.5667,25,0.416667,112,1.86667,0.48,0,0,0,0,0,0,0,0,226,154,0,0,0,1e-04,1e-04,1e-04,2e-04,4e-04,0.14,0,0
2025-12-25 15:45:06,0,0,30.12,0,1,9412,156.867,331,5.51667,441,7.35,0.03,0,0,0,0,0,0,0,0,208,164,0,0,0,0,0,0,0,1e-04,0,0,0
2025-12-25 15:46:06,0,0,30,0,1,7626,127.1,211,3.51667,486,8.1,0,0,0,0,0,0,0,0,0,217,164,0,0,0,0,0,0,0,0,0,0,0
2025-12-25 15:47:06,0,0,30,0,1,9815,163.583,309,5.15,467,7.78333,0,0,0,0,0,0,0,0,0,227,173,0,0,0,1e-04,0,0,0,0,0,0,0
2025-12-25 15:48:06,0,0,30.06,0,8,12226,203.767,468,7.8,473,7.88333,0,0,0,0,0,0.01,0,0,0,226,162,2e-04,2e-04,2e-04,2e-04,1e-04,2e-04,2e-04,2e-04,0,0.01,0
2025-12-25 15:49:06,0,0,30.25,0,1,2273,37.8833,56,0.933333,151,2.51667,0,0,0,0,0,0,0,0,0,222,168,0,0,0,0,0,0,0,0,0,0,0
2025-12-25 15:50:06,0,0,30.06,0,32,2829,47.15,34,0.566667,312,5.2,0,0,0,0,0,0,0,0,0,181,119,0,0,0,0,0,0,0,0,0,0,0
2025-12-25 15:51:06,0,0,29.44,0,1,3258,54.3,24,0.4,351,5.85,0,0,0,0,0,0,0,0,0,231,170,0,0,0,0,0,0,0,0,0,0,0
2025-12-25 15:52:06,0,0,29.12,0,1,2597,43.2833,6,0.1,294,4.9,0,0,0,0,0,0,0,0,0,231,172,0,0,0,0,0,0,0,0,0,0,0
2025-12-25 15:53:06,0,0,29,0,32,3543,59.05,28,0.466667,392,6.53333,0,0,0,0,0,0,0,0,0,220,163,0,0,0,0,0,0,0,0,0,0,0
2025-12-25 15:54:06,0,0,29.25,0,1,2483,41.3833,5,0.0833333,260,4.33333,0,0,0,0,0,0,0,0,0,209,155,0,0,0,0,0,0,0,0,0,0,0
2025-12-25 15:55:06,0,0,29.5,0,1,4382,73.0333,61,1.01667,420,7,0,0,0,0,0,0,0,0,0,203,158,0,0,0,0,0,0,0,0,0,0,0
2025-12-25 15:56:06,0,0,29.5,0,1,3285,54.75,48,0.8,271,4.51667,0,0,0,0,0,0,0,0,0,186,140,0,0,0,0,0,0,0,0,0,0,0
2025-12-25 15:57:06,0,0,29.69,0,1,2016,33.6,2,0.0333333,202,3.36667,0,0,0,0,0,0,0,0,0,181,133,0,0,0,0,0,0,0,0,0,0,0
2025-12-25 15:58:06,0,0,29.75,0,32,1706,28.4333,9,0.15,150,2.5,0,0,0,0,0,0,0,0,0,177,130,0,0,0,0,0,0,0,0,0,0,0
2025-12-25 15:59:06,0,0,29.75,0,1,842,14.0333,0,0,74,1.23333,0,0,0,0,0,0,0,0,0,190,142,0,0,0,0,0,0,0,0,0,0,0
2025-12-25 16:00:06,0,0,29.38,0,1,1361,22.6833,0,0,110,1.83333,0,0,0,0,0,0,0,0,0,212,158,0,0,0,0,0,0,0,0,0,0,0
2025-12-25 16:01:06,0,0,29.5,0,1,610,10.1667,0,0,35,0.583333,0,0,0,0,0,0,0,0,0,212,156,0,0,0,0,0,0,0,0,0,0,0
2025-12-25 16:02:06,0,0,29.25,0,1,2749,45.8167,19,0.316667,307,5.11667,1.87,0,0,0,0,0,0,0,0,237,182,1e-04,2e-04,2e-04,3e-04,3e-04,3e-04,5e-04,8e-04,1.85,0,0
2025-12-25 16:03:06,0,0,28.44,0,1,3010,50.1667,18,0.3,305,5.08333,6.09,0,0,0,0,0,0,0,0,238,179,3e-04,7e-04,9e-04,0.0011,0.001,9e-04,0.0013,0.0021,7.86,0.01,0
2025-12-25 16:04:06,0,0,28,0,1,2519,41.9833,1,0.0166667,243,4.05,3.69,0,0,0,0,0,0,0,0,242,177,2e-04,4e-04,6e-04,7e-04,6e-04,6e-04,8e-04,0.0013,4.88,0,0
2025-12-25 16:05:06,0,0,27.75,0,1,1468,24.4667,0,0,140,2.33333,1.83,0,0,0,0,0,0,0,0,239,169,1e-04,2e-04,3e-04,4e-04,3e-04,3e-04,4e-04,7e-04,2.46,0,0
2025-12-25 16:06:06,0,0,27.75,0,1,1494,24.9,28,0.466667,92,1.53333,5.64,0,0,0,0,0,0,0,0,227,169,3e-04,6e-04,8e-04,0.001,9e-04,9e-04,0.0012,0.002,7.19,0.01,0
2025-12-25 16:07:06,0,0,27.69,0,32,1030,17.1667,2,0.0333333,71,1.18333,0.14,0,0,0,0,0,0,0,0,232,166,0,0,0,1e-04,1e-04,1e-04,1e-04,2e-04,0,0,0
2025-12-25 16:08:06,0,0,27.75,0,32,1030,17.1667,3,0.05,89,1.48333,0,0,0,0,0,0,0,0,0,232,167,0,0,0,0,0,0,0,1e-04,0,0,0
2025-12-25 16:09:06,0,0,27.88,0,32,1361,22.6833,1,0.0166667,130,2.16667,0,0,0,0,0,0,0,0,0,235,169,0,0,0,0,0,0,0,1e-04,0,0,0
2025-12-25 16:10:06,0,0,28.38,0,1,3507,58.45,62,1.03333,269,4.48333,23.87,0,0,0,0,0.01,0,0,0,208,139,0.0015,0.0029,0.0038,0.0043,0.0038,0.0038,0.0057,0.0095,32.5,0.02,0
2025-12-25 16:11:06,0,0,28.38,0,1,2022,33.7,7,0.116667,185,3.08333,16.69,0,0,0,0,0.01,0,0,0,207,167,0.0011,0.0021,0.0027,0.003,0.0026,0.0026,0.0038,0.0064,23.19,0.02,0
2025-12-25 16:12:06,0,0,27.81,0,1,2686,44.7667,7,0.116667,261,4.35,9.12,0,0,0,0,0,0,0,0,217,175,6e-04,0.0011,0.0014,0.0016,0.0014,0.0014,0.0021,0.0036,12.64,0.01,0
2025-12-25 16:13:06,0,0,27.75,0,1,2540,42.3333,10,0.166667,237,3.95,10.7,0,0,0,0,0,0,0,0,195,151,7e-04,0.0014,0.0017,0.0019,0.0017,0.0017,0.0026,0.0044,14.84,0.01,0
2025-12-25 16:14:06,0,0,27.75,0,1,2590,43.1667,7,0.116667,237,3.95,8.28,0,0,0,0,0,0,0,0,189,137,5e-04,0.0011,0.0014,0.0016,0.0013,0.0013,0.0019,0.0034,11.78,0.01,0
2025-12-25 16:15:06,0,0,27.88,0,1,2561,42.6833,5,0.0833333,272,4.53333,10.35,0,0,0,0,0,0,0,0,187,121,7e-04,0.0013,0.0017,0.0019,0.0017,0.0017,0.0025,0.0045,14.34,0.01,0
2025-12-25 16:16:06,0,0,27.75,0,1,2526,42.1,4,0.0666667,274,4.56667,6.76,0,0,0,0,0,0,0,0,196,142,5e-04,9e-04,0.0011,0.0013,0.0011,0.0011,0.0017,0.003,9.51,0.01,0
2025-12-25 16:17:06,0,0,27.81,0,1,1905,31.75,0,0,180,3,4.63,0,0,0,0,0,0,0,0,187,134,3e-04,6e-04,7e-04,9e-04,8e-04,7e-04,0.0011,0.002,6.38,0.01,0
2025-12-25 16:18:06,0,0,27.94,0,1,1741,29.0167,5,0.0833333,158,2.63333,4.89,0,0,0,0,0,0,0,0,189,123,3e-04,7e-04,8e-04,9e-04,8e-04,7e-04,0.0012,0.0022,7.04,0.01,0
2025-12-25 16:19:06,0,0,28.12,0,1,959,15.9833,3,0.05,63,1.05,8.83,0,0,0,0,0.01,0,0,0,185,117,6e-04,0.0012,0.0015,0.0017,0.0015,0.0015,0.0023,0.0044,12.05,0.01,0
2025-12-25 16:20:06,0,0,28.25,0,1,918,15.3,2,0.0333333,58,0.966667,7.62,0,0,0,0,0,0,0,0,185,118,6e-04,0.001,0.0013,0.0015,0.0012,0.0013,0.002,0.0036,10.57,0.01,0
2025-12-25 16:21:06,0,0,28.06,0,1,2124,35.4,0,0,195,3.25,5.38,0,0,0,0,0,0,0,0,212,161,4e-04,8e-04,0.001,0.001,9e-04,9e-04,0.0014,0.0025,7.67,0.01,0
2025-12-25 16:22:06,0,0,28,0,1,2506,41.7667,10,0.166667,227,3.78333,3.4,0,0,0,0,0,0,0,0,218,173,2e-04,5e-04,6e-04,7e-04,6e-04,5e-04,9e-04,0.0016,4.69,0,0
2025-12-25 16:23:06,0,0,28.25,0,1,1579,26.3167,1,0.0166667,141,2.35,4.77,0,0,0,0,0,0,0,0,204,162,3e-04,7e-04,8e-04,9e-04,8e-04,8e-04,0.0013,0.0024,6.4,0.01,0
2025-12-25 16:24:06,0,0,28.56,0,1,2314,38.5667,12,0.2,210,3.5,5.51,0,0,0,0,0,0,0,0,197,163,2e-04,4e-04,5e-04,8e-04,9e-04,0.0012,0.0013,0.0019,4.57,0,0
2025-12-25 16:25:06,0,0,28.25,0,1,2032,33.8667,5,0.0833333,197,3.28333,6.3,0,0,0,0,0,0,0,0,212,173,2e-04,3e-04,4e-04,6e-04,0.001,0.0019,0.0012,0.0013,3.57,0,0
2025-12-25 16:26:06,0,0,28.69,0,1,1700,28.3333,1,0.0166667,168,2.8,2.12,0,0,0,0,0,0,0,0,190,170,1e-04,2e-04,2e-04,3e-04,4e-04,4e-04,6e-04,0.0011,1.73,0,0
2025-12-25 16:27:06,0,0,29.25,0,1,1839,30.65,2,0.0333333,191,3.18333,4.19,0,0,0,0,0,0,0,0,183,128,1e-04,3e-04,3e-04,5e-04,7e-04,0.001,0.001,0.0012,2.96,0,0
2025-12-25 16:28:06,0,0,29.31,0,1,2292,38.2,5,0.0833333,186,3.1,5.14,0,0,0,0,0,0,0,0,198,140,2e-04,3e-04,4e-04,5e-04,8e-04,0.0015,0.0011,0.0014,3.22,0,0
2025-12-25 16:29:06,0,0,29.62,0,1,740,12.3333,0,0,37,0.616667,3.04,0,0,0,0,0,0,0,0,199,138,1e-04,2e-04,3e-04,4e-04,5e-04,8e-04,7e-04,0.001,2.19,0,0
2025-12-25 16:30:06,0,0,29.81,0,1,670,11.1667,3,0.05,50,0.833333,2.4,0,0,0,0,0,0,0,0,204,150,1e-04,2e-04,2e-04,3e-04,4e-04,6e-04,6e-04,9e-04,1.89,0,0
2025-12-25 16:31:06,0,0,30,0,1,7371,122.85,245,4.08333,373,6.21667,0.97,0,0,0,0,0,0,0,0,220,153,1e-04,1e-04,2e-04,2e-04,2e-04,3e-04,4e-04,8e-04,0.6,0,0
2025-12-25 16:32:06,0,0,30.06,0,1,9794,163.233,351,5.85,464,7.73333,0,0,0,0,0,0,0,0,0,203,142,0,0,0,0,0,0,0,0,0,0,0
2025-12-25 16:33:06,0,0,30.19,0,1,10082,168.033,338,5.63333,452,7.53333,0,0,0,0,0,0,0,0,0,216,152,0,0,0,0,0,0,0,0,0,0,0
2025-12-25 16:34:06,0,0,30.25,0,1,8243,137.383,248,4.13333,373,6.21667,0,0,0,0,0,0,0,0,0,198,148,0,0,0,0,0,0,0,0,0,0,0
2025-12-25 16:35:06,0,0,30.25,0,1,10029,167.15,325,5.41667,507,8.45,0,0,0,0,0,0,0,0,0,170,124,0,0,0,0,0,0,0,0,0,0,0
2025-12-25 16:36:06,0,0,30.12,0,8,13298,221.633,492,8.2,570,9.5,0,0,0,0,0,0,0,0,0,188,123,0,0,0,0,0,0,0,0,0,0,0
2025-12-25 16:37:06,0,0,30,0,1,15708,261.8,569,9.48333,567,9.45,3.42,0,0,0,0,0,0,0,0,204,150,0,1e-04,1e-04,3e-04,5e-04,9e-04,0.001,7e-04,1.08,0,0
2025-12-25 16:38:06,0,0,29.75,0,1,5355,89.25,152,2.53333,309,5.15,20.11,0,0,0,0,0,0,0,0,233,167,2e-04,5e-04,8e-04,0.0018,0.003,0.0048,0.0066,0.005,8.52,0.01,0
2025-12-25 16:39:06,0,0,29.44,0,2,5107,85.1167,141,2.35,258,4.3,21.28,0,0,0,0,0,0,0,0,199,142,2e-04,4e-04,7e-04,0.0016,0.0032,0.0054,0.007,0.0052,7.2,0.01,0
2025-12-25 16:40:06,0,0,29.12,0,1,6155,102.583,200,3.33333,309,5.15,9.8,0,0,0,0,0,0,0,0,228,167,1e-04,2e-04,3e-04,8e-04,0.0015,0.0025,0.0028,0.0018,3.55,0,0
2025-12-25 16:41:06,0,0,29.06,0,1,2662,44.3667,81,1.35,137,2.28333,2.29,0,0,0,0,0,0,0,0,222,155,0,0,1e-04,2e-04,4e-04,6e-04,7e-04,7e-04,0.63,0,0
2025-12-25 16:42:06,0,0,29.19,0,1,52,0.866667,0,0,4,0.0666667,0.08,0,0,0,0,0,0,0,0,194,135,0,0,0,0,0,0,0,1e-04,0,0,0
2025-12-25 16:43:06,0,0,29.31,0,16,5594,93.2333,156,2.6,347,5.78333,11.5,0,0,0,0,0,0,0,0,214,150,1e-04,2e-04,4e-04,0.001,0.0017,0.0028,0.0037,0.0029,4.47,0.01,0
2025-12-25 16:44:06,0,0,29.19,0,1,2677,44.6167,51,0.85,224,3.73333,10.3,0,0,0,0,0,0,0,0,230,161,1e-04,2e-04,4e-04,9e-04,0.0015,0.0026,0.0035,0.0027,3.82,0.01,0
2025-12-25 16:45:06,0,0,29.19,0,1,4221,70.35,77,1.28333,318,5.3,12.62,0,0,0,0,0,0,0,0,227,162,1e-04,3e-04,5e-04,0.0011,0.0019,0.0031,0.0042,0.0033,4.93,0.01,0
2025-12-25 16:46:06,0,0,29.25,0,16,4670,77.8333,129,2.15,276,4.6,15.18,0,0,0,0,0,0,0,0,217,136,2e-04,3e-04,6e-04,0.0013,0.0023,0.0037,0.0049,0.0038,6.08,0.01,0
2025-12-25 16:47:06,0,0,29.38,0,16,4003,66.7167,102,1.7,313,5.21667,14.11,0,0,0,0,0,0,0,0,212,153,1e-04,3e-04,5e-04,0.0012,0.0021,0.0035,0.0046,0.0036,5.53,0.01,0
2025-12-25 16:48:06,0,0,29.31,0,1,2714,45.2333,54,0.9,205,3.41667,11.47,0,0,0,0,0,0,0,0,227,159,1e-04,2e-04,4e-04,0.001,0.0017,0.0028,0.0038,0.003,4.27,0.01,0
2025-12-25 16:49:06,0,0,29.38,0,1,4664,77.7333,83,1.38333,381,6.35,12.14,0,0,0,0,0,0,0,0,226,159,1e-04,2e-04,4e-04,0.001,0.0018,0.003,0.004,0.0031,4.44,0.01,0
2025-12-25 16:50:06,0,0,29.69,0,1,1995,33.25,38,0.633333,127,2.11667,10.99,0,0,0,0,0,0,0,0,207,150,1e-04,2e-04,4e-04,0.001,0.0016,0.0027,0.0036,0.0028,4.12,0.01,0
2025-12-25 16:51:06,0,0,29.69,0,1,2485,41.4167,29,0.483333,224,3.73333,7.61,0,0,0,0,0,0,0,0,192,152,1e-04,2e-04,3e-04,7e-04,0.0011,0.0019,0.0025,0.002,3.02,0,0
2025-12-25 16:52:06,0,0,29.75,0,1,355,5.91667,0,0,33,0.55,3.91,0,0,0,0,0,0,0,0,214,150,0,0,1e-04,3e-04,6e-04,0.001,0.0014,0.0012,0.92,0,0
2025-12-25 16:53:06,0,0,29.88,0,16,1454,24.2333,27,0.45,99,1.65,15.47,0,0,0,0,0,0,0,0,214,142,2e-04,3e-04,6e-04,0.0014,0.0023,0.0038,0.005,0.0038,6.37,0.01,0
2025-12-25 16:54:06,0,0,29.94,0,1,2116,35.2667,30,0.5,182,3.03333,8.88,0,0,0,0,0,0,0,0,190,135,1e-04,2e-04,4e-04,8e-04,0.0013,0.0022,0.0028,0.0022,3.82,0,0
2025-12-25 16:55:06,0,0,30.06,0,1,4142,69.0333,81,1.35,304,5.06667,1.33,0,0,0,0,0,0,0,0,174,128,0,0,0,1e-04,2e-04,3e-04,4e-04,3e-04,0.44,0,0
2025-12-25 16:56:06,0,0,30.06,0,1,2246,37.4333,57,0.95,163,2.71667,3.77,0,0,0,0,0,0,0,0,204,150,0,3e-04,2e-04,5e-04,6e-04,4e-04,0.0012,1e-04,2.82,0,0
2025-12-25 16:57:06,0,0,30.06,0,16,2355,39.25,61,1.01667,137,2.28333,4.86,0,0,0,0,0,0,0,0,227,156,0,3e-04,2e-04,7e-04,8e-04,5e-04,0.0017,2e-04,3.28,0,0
2025-12-25 16:58:06,0,0,30,0,16,7237,120.617,211,3.51667,426,7.1,8.37,0,0,0,0,0,0,0,0,220,158,0,4e-04,3e-04,0.0011,0.0014,0.0011,0.0028,5e-04,5.28,0,0
2025-12-25 16:59:06,0,0,29.69,0,1,1586,26.4333,26,0.433333,122,2.03333,8.42,0,0,0,0,0,0,0,0,207,151,0,5e-04,3e-04,0.0012,0.0014,9e-04,0.0029,3e-04,5.64,0,0
2025-12-25 17:00:06,0,0,29.88,0,1,2064,34.4,31,0.516667,163,2.71667,8.34,0,0,0,0,0,0,0,0,186,132,1e-04,5e-04,3e-04,0.0011,0.0014,9e-04,0.0029,3e-04,5.5,0,0
2025-12-25 17:01:06,0,0,30.25,0,1,1473,24.55,8,0.133333,129,2.15,7.41,0,0,0,0,0,0,0,0,171,109,0,4e-04,3e-04,0.0011,0.0012,8e-04,0.0026,2e-04,4.88,0,0
2025-12-25 17:02:06,0,0,30.19,0,1,2081,34.6833,37,0.616667,187,3.11667,6.65,0,0,0,0,0,0,0,0,208,156,0,4e-04,3e-04,9e-04,0.0011,7e-04,0.0023,2e-04,4.43,0,0
2025-12-25 17:03:06,0,0,30.12,0,16,1157,19.2833,8,0.133333,121,2.01667,4.21,0,0,0,0,0,0,0,0,201,148,0,2e-04,1e-04,6e-04,7e-04,5e-04,0.0014,1e-04,2.58,0,0
2025-12-25 17:04:06,0,0,30.06,0,16,713,11.8833,5,0.0833333,83,1.38333,4.03,0,0,0,0,0,0,0,0,211,160,0,2e-04,1e-04,5e-04,7e-04,5e-04,0.0014,1e-04,2.48,0,0
2025-12-25 17:05:06,0,0,29.75,0,16,326,5.43333,1,0.0166667,41,0.683333,5.05,0,0,0,0,0,0,0,0,206,155,0,3e-04,2e-04,7e-04,8e-04,6e-04,0.0017,2e-04,3.35,0,0
2025-12-25 17:06:06,0,0,30.12,0,16,583,9.71667,0,0,56,0.933333,3.78,0,0,0,0,0,0,0,0,176,126,0,2e-04,1e-04,5e-04,6e-04,5e-04,0.0013,1e-04,2.24,0,0
2025-12-25 17:07:06,0,0,30.5,0,16,1832,30.5333,22,0.366667,189,3.15,3.92,0,0,0,0,0,0,0,0,206,148,0,1e-04,2e-04,5e-04,7e-04,5e-04,0.0013,1e-04,2.37,0,0
2025-12-25 17:08:06,0,0,30.06,0,16,1035,17.25,12,0.2,120,2,3.87,0,0,0,0,0,0,0,0,213,166,0,2e-04,1e-04,5e-04,6e-04,5e-04,0.0013,1e-04,2.35,0,0
2025-12-25 17:09:06,0,0,30.31,0,16,1715,28.5833,16,0.266667,168,2.8,3.48,0,0,0,0,0,0,0,0,215,153,0,2e-04,1e-04,5e-04,6e-04,4e-04,0.0012,1e-04,2.08,0,0
2025-12-25 17:10:06,0,0,30.19,0,16,71,1.18333,0,0,4,0.0666667,3.9,0,0,0,0,0,0,0,0,205,152,0,2e-04,2e-04,5e-04,7e-04,5e-04,0.0013,1e-04,2.27,0,0
2025-12-25 17:11:06,0,0,30.38,0,16,1015,16.9167,12,0.2,83,1.38333,2.69,0,0,0,0,0,0,0,0,179,118,0,1e-04,1e-04,4e-04,5e-04,3e-04,9e-04,1e-04,1.59,0,0
2025-12-25 17:12:06,0,0,30.56,0,1,1073,17.8833,15,0.25,95,1.58333,0,0,0,0,0,0,0,0,0,211,114,0,0,0,0,0,0,0,0,0,0,0
2025-12-25 17:13:06,0,0,30.19,0,1,39,0.65,0,0,2,0.0333333,0,0,0,0,0,0,0,0,0,217,110,0,0,0,0,0,0,0,0,0,0,0
2025-12-25 17:14:06,0,0,30.69,0,1,394,6.56667,1,0.0166667,27,0.45,0,0,0,0,0,0,0,0,0,178,116,0,0,0,0,0,0,0,0,0,0,0
2025-12-25 17:15:06,0,0,30.88,0,1,66,1.1,0,0,2,0.0333333,0,0,0,0,0,0,0,0,0,178,115,0,0,0,0,0,0,0,0,0,0,0
2025-12-25 17:16:06,0,0,30.69,0,1,1203,20.05,12,0.2,90,1.5,0,0,0,0,0,0,0,0,0,221,158,0,0,0,0,0,0,0,0,0,0,0
2025-12-25 17:17:06,0,0,31,0,1,943,15.7167,14,0.233333,76,1.26667,0,0,0,0,0,0,0,0,0,163,111,0,0,0,0,0,0,0,0,0,0,0
2025-12-25 17:18:06,0,0,30.69,0,16,2064,34.4,44,0.733333,125,2.08333,0.4,0,0,0,0,0,0,0,0,228,170,0,0,0,1e-04,1e-04,0,1e-04,0,0.08,0,0
2025-12-25 17:19:06,0,0,29.81,0,2,701,11.6833,9,0.15,61,1.01667,1.02,0,0,0,0,0,0,0,0,232,166,0,0,0,1e-04,2e-04,1e-04,4e-04,0,0.35,0,0
2025-12-25 17:20:06,0,0,29.75,0,2,587,9.78333,15,0.25,40,0.666667,1.61,0,0,0,0,0,0,0,0,233,170,0,0,0,2e-04,3e-04,2e-04,6e-04,1e-04,0.8,0,0
2025-12-25 17:21:06,0,0,30.19,0,2,305,5.08333,7,0.116667,17,0.283333,0.63,0,0,0,0,0,0,0,0,206,152,0,0,0,1e-04,1e-04,1e-04,2e-04,0,0.18,0,0
2025-12-25 17:22:06,0,0,30.44,0,1,4,0.0666667,0,0,0,0,0,0,0,0,0,0,0,0,0,199,148,0,0,0,0,0,0,0,0,0,0,0
2025-12-25 17:23:06,0,0,30.62,0,16,262,4.36667,6,0.1,13,0.216667,2.53,0,0,0,0,0,0,0,0,192,116,0,1e-04,1e-04,2e-04,4e-04,7e-04,8e-04,5e-04,0.87,0,0
2025-12-25 17:24:06,0,0,30.75,0,16,2182,36.3667,37,0.616667,115,1.91667,16.48,0,0,0,0,0,0,0,0,175,118,2e-04,4e-04,5e-04,0.0014,0.0025,0.0042,0.0049,0.003,6.13,0.01,0
2025-12-25 17:25:06,0,0,30.5,0,16,2426,40.4333,55,0.916667,129,2.15,11.76,0,0,0,0,0,0,0,0,207,152,1e-04,3e-04,3e-04,0.001,0.0018,0.003,0.0035,0.0022,4.28,0.01,0
2025-12-25 17:26:06,0,0,30.88,0,16,426,7.1,8,0.133333,24,0.4,12.26,0,0,0,0,0,0,0,0,172,123,1e-04,3e-04,3e-04,0.001,0.0018,0.0032,0.0037,0.0024,4.22,0.01,0
2025-12-25 17:27:06,0,0,30.88,0,1,111,1.85,1,0.0166667,7,0.116667,9.5,0,0,0,0,0,0,0,0,169,120,1e-04,2e-04,2e-04,8e-04,0.0014,0.0025,0.0029,0.0019,3.11,0,0
2025-12-25 17:28:06,0,0,30.88,0,1,5,0.0833333,0,0,0,0,9.99,0,0,0,0,0,0,0,0,166,116,1e-04,2e-04,2e-04,8e-04,0.0015,0.0026,0.0031,0.0019,3.29,0,0
2025-12-25 17:29:06,0,0,30.88,0,1,9,0.15,0,0,0,0,9.84,0,0,0,0,0,0,0,0,164,116,1e-04,2e-04,2e-04,8e-04,0.0015,0.0025,0.003,0.0019,3.28,0,0
2025-12-25 17:30:06,0,0,30.94,0,16,55,0.916667,0,0,1,0.0166667,9.96,0,0,0,0,0,0,0,0,163,114,1e-04,2e-04,2e-04,8e-04,0.0015,0.0026,0.0031,0.0019,3.31,0,0
2025-12-25 17:31:06,0,0,31,0,16,0,0,0,0,0,0,10.5,0,0,0,0,0,0,0,0,163,114,1e-04,2e-04,3e-04,9e-04,0.0015,0.0027,0.0032,0.002,3.58,0,0
2025-12-25 17:32:06,0,0,31.06,0,16,0,0,0,0,0,0,10.55,0,0,0,0,0,0,0,0,163,114,1e-04,2e-04,3e-04,9e-04,0.0016,0.0027,0.0032,0.002,3.73,0,0
2025-12-25 17:33:06,0,0,31.12,0,1,1319,21.9833,28,0.466667,96,1.6,29.54,0,0,0,0,0,0,0,0,158,112,3e-04,8e-04,9e-04,0.0026,0.0043,0.0074,0.0089,0.0052,12.16,0.01,0
2025-12-25 17:34:06,0,0,31.06,0,1,65,1.08333,0,0,6,0.1,36.81,0,0,0,0,0,0,0,0,158,114,4e-04,0.0011,0.0012,0.0033,0.0054,0.0092,0.0111,0.0064,15.44,0.02,0
2025-12-25 17:35:06,0,0,30.5,0,1,259,4.31667,4,0.0666667,17,0.283333,33.34,0,0,0,0,0,0,0,0,222,138,4e-04,0.001,0.0011,0.0029,0.0049,0.0083,0.0101,0.0058,13.83,0.01,0
2025-12-25 17:36:06,0,0,30.25,0,1,595,9.91667,18,0.3,25,0.416667,28.3,0,0,0,0,0,0,0,0,221,143,3e-04,8e-04,9e-04,0.0025,0.0042,0.0071,0.0086,0.005,11.52,0.01,0
2025-12-25 17:37:06,0,0,30.5,0,1,1142,19.0333,26,0.433333,71,1.18333,16.94,0,0,0,0,0,0,0,0,199,116,2e-04,5e-04,5e-04,0.0015,0.0025,0.0042,0.0052,0.0031,6.82,0.01,0
2025-12-25 17:38:06,0,0,30.62,0,1,2712,45.2,42,0.7,169,2.81667,38.14,0,0,0,0,0,0,0,0,224,158,4e-04,0.0011,0.0013,0.0034,0.0056,0.0094,0.0115,0.0065,16.34,0.02,0
2025-12-25 17:39:06,0,0,30.38,0,1,2135,35.5833,39,0.65,136,2.26667,30.54,0,0,0,0,0,0,0,0,230,164,3e-04,9e-04,0.001,0.0027,0.0045,0.0076,0.0093,0.0054,12.65,0.01,0
2025-12-25 17:40:06,0,0,30.25,0,1,677,11.2833,11,0.183333,54,0.9,26.33,0,0,0,0,0,0,0,0,221,158,3e-04,7e-04,9e-04,0.0023,0.0039,0.0066,0.0081,0.0047,10.9,0.01,0
2025-12-25 17:41:06,0,0,30,0,1,143,2.38333,0,0,18,0.3,27.52,0,0,0,0,0,0,0,0,227,162,3e-04,8e-04,9e-04,0.0024,0.004,0.0069,0.0084,0.0048,11.21,0.01,0
2025-12-25 17:42:06,0,0,29.94,0,1,1030,17.1667,40,0.666667,45,0.75,23.92,0,0,0,0,0,0,0,0,241,167,3e-04,7e-04,7e-04,0.0021,0.0035,0.006,0.0074,0.0042,9.69,0.01,0
2025-12-25 17:43:06,0,0,29.62,0,2,383,6.38333,5,0.0833333,24,0.4,2.7,0,0,0,0,0,0,0,0,232,166,0,0,0,2e-04,4e-04,7e-04,9e-04,6e-04,0.46,0,0
2025-12-25 17:44:06,0,0,31,0,16,2544,42.4,59,0.983333,161,2.68333,27.02,0,0,0,0,0,0,0,0,177,128,3e-04,8e-04,9e-04,0.0024,0.004,0.0067,0.0083,0.0047,11.21,0.01,0
2025-12-25 17:45:06,0,0,30.69,0,16,539,8.98333,3,0.05,55,0.916667,24.02,0,0,0,0,0,0,0,0,204,152,3e-04,8e-04,8e-04,0.0022,0.0036,0.0057,0.0074,0.0038,10.77,0.01,0
2025-12-25 17:46:06,0,0,30.88,0,16,1463,24.3833,11,0.183333,152,2.53333,23.82,0,0,0,0,0,0,0,0,190,136,2e-04,7e-04,8e-04,0.0022,0.0035,0.0057,0.0074,0.0038,10.44,0.01,0
2025-12-25 17:47:06,0,0,30.5,0,16,672,11.2,6,0.1,55,0.916667,23.04,0,0,0,0,0,0,0,0,211,162,2e-04,7e-04,8e-04,0.0022,0.0034,0.0055,0.0071,0.0037,10.11,0.01,0
2025-12-25 17:48:06,0,0,30.56,0,16,249,4.15,0,0,23,0.383333,23.01,0,0,0,0,0,0,0,0,208,158,2e-04,7e-04,8e-04,0.0022,0.0034,0.0055,0.0071,0.0037,10.33,0.01,0
2025-12-25 17:49:06,0,0,30.69,0,16,229,3.81667,0,0,21,0.35,20.55,0,0,0,0,0,0,0,0,208,154,2e-04,6e-04,7e-04,0.0019,0.003,0.0048,0.0064,0.0033,9.2,0.01,0
2025-12-25 17:50:06,0,0,30.94,0,16,1419,23.65,30,0.5,107,1.78333,9.68,0,0,0,0,0,0,0,0,158,110,1e-04,3e-04,3e-04,9e-04,0.0014,0.0022,0.0031,0.0014,4.29,0,0
2025-12-25 17:51:06,0,0,30.88,0,16,477,7.95,6,0.1,36,0.6,1.48,0,0,0,0,0,0,0,0,175,119,0,1e-04,0,2e-04,2e-04,2e-04,6e-04,1e-04,0.65,0,0
2025-12-25 17:52:06,0,0,30.69,0,16,82,1.36667,0,0,5,0.0833333,1.36,0,0,0,0,0,0,0,0,204,152,0,0,0,2e-04,2e-04,2e-04,5e-04,0,0.51,0,0
2025-12-25 17:53:06,0,0,30.69,0,16,210,3.5,0,0,15,0.25,1.33,0,0,0,0,0,0,0,0,211,156,0,0,0,2e-04,2e-04,1e-04,5e-04,1e-04,0.55,0,0
2025-12-25 17:54:06,0,0,30.69,0,16,179,2.98333,0,0,16,0.266667,1.86,0,0,0,0,0,0,0,0,210,156,0,1e-04,0,2e-04,3e-04,2e-04,7e-04,1e-04,0.95,0,0
2025-12-25 17:55:06,0,0,30.81,0,16,893,14.8833,7,0.116667,101,1.68333,1.78,0,0,0,0,0,0,0,0,208,154,0,1e-04,0,3e-04,3e-04,2e-04,6e-04,1e-04,0.99,0,0
2025-12-25 17:56:06,0,0,31.06,0,16,1117,18.6167,1,0.0166667,131,2.18333,1.37,0,0,0,0,0,0,0,0,175,119,0,1e-04,0,2e-04,2e-04,2e-04,5e-04,1e-04,0.69,0,0
2025-12-25 17:57:06,0,0,31.12,0,16,7259,120.983,228,3.8,382,6.36667,0.67,0,0,0,0,0,0,0,0,231,162,0,0,0,1e-04,1e-04,1e-04,3e-04,0,0.17,0,0
2025-12-25 17:58:06,0,0,30.94,0,1,5899,98.3167,197,3.28333,331,5.51667,32.83,0,0,0,0,0,0,0,0,227,169,2e-04,5e-04,7e-04,0.0018,0.0053,0.0087,0.0095,0.0057,7.89,0.01,0
2025-12-25 17:59:06,0,0,30.62,0,1,6373,106.217,141,2.35,404,6.73333,13.52,0,0,0,0,0,0,0,0,207,150,2e-04,3e-04,4e-04,0.0011,0.0021,0.0034,0.0041,0.0029,4.96,0.01,0
2025-12-25 18:00:06,0,0,30.69,0,1,6267,104.45,174,2.9,366,6.1,12.84,0,0,0,0,0,0,0,0,190,142,1e-04,3e-04,5e-04,0.0011,0.0019,0.0032,0.0042,0.0033,5.14,0.01,0
2025-12-25 18:01:06,0,0,30.31,0,1,801,13.35,12,0.2,31,0.516667,13.99,0,0,0,0,0,0,0,0,199,139,2e-04,3e-04,5e-04,0.0012,0.0021,0.0035,0.0046,0.0038,5.39,0.01,0
2025-12-25 18:02:06,0,0,30.06,0,16,3870,64.5,106,1.76667,222,3.7,32.14,0,0,0,0,0,0,0,0,199,156,4e-04,8e-04,0.0014,0.0028,0.0048,0.0078,0.0102,0.0076,13.94,0.02,0
2025-12-25 18:03:06,0,0,30.19,0,2,4754,79.2333,104,1.73333,337,5.61667,16.28,0,0,0,0,0,0,0,0,197,134,2e-04,4e-04,6e-04,0.0014,0.0024,0.004,0.0052,0.0041,6.44,0.01,0
2025-12-25 18:04:06,0,0,30.25,0,16,5238,87.3,113,1.88333,366,6.1,17.38,0,0,0,0,0,0,0,0,196,144,2e-04,4e-04,7e-04,0.0015,0.0026,0.0043,0.0055,0.0042,7.32,0.01,0
2025-12-25 18:05:06,0,0,30.44,0,8,2649,44.15,55,0.916667,169,2.81667,13.13,0,0,0,0,0,0,0,0,172,110,1e-04,4e-04,5e-04,0.0012,0.002,0.0031,0.0041,0.0032,5.86,0.01,0
2025-12-25 18:06:06,0,0,30.44,0,8,379,6.31667,2,0.0333333,32,0.533333,12.6,0,0,0,0,0,0,0,0,179,122,1e-04,5e-04,5e-04,0.0011,0.0019,0.003,0.0039,0.0031,5.87,0.01,0
2025-12-25 18:07:06,0,0,30.5,0,1,1412,23.5333,18,0.3,98,1.63333,13.51,0,0,0,0,0,0,0,0,181,121,2e-04,4e-04,6e-04,0.0012,0.002,0.0033,0.0043,0.0034,6.05,0.01,0
2025-12-25 18:08:06,0,0,30.81,0,8,2280,38,51,0.85,160,2.66667,11.91,0,0,0,0,0,0,0,0,188,125,1e-04,3e-04,5e-04,0.0011,0.0018,0.0029,0.0038,0.003,4.96,0.01,0
2025-12-25 18:09:06,0,0,30.81,0,8,351,5.85,0,0,41,0.683333,12.63,0,0,0,0,0,0,0,0,186,117,2e-04,3e-04,5e-04,0.0011,0.0019,0.0031,0.0041,0.0033,5.17,0.01,0
2025-12-25 18:10:06,0,0,30.88,0,8,2048,34.1333,66,1.1,112,1.86667,14.03,0,0,0,0,0,0,0,0,193,138,2e-04,4e-04,6e-04,0.0013,0.0021,0.0034,0.0045,0.0035,6.19,0.01,0
2025-12-25 18:11:06,0,0,30.56,0,1,1051,17.5167,19,0.316667,62,1.03333,16.62,0,0,0,0,0,0,0,0,212,166,2e-04,4e-04,7e-04,0.0015,0.0025,0.004,0.0052,0.004,7.21,0.01,0
2025-12-25 18:12:06,0,0,30.81,0,16,1344,22.4,15,0.25,109,1.81667,17.98,0,0,0,0,0,0,0,0,185,121,2e-04,4e-04,8e-04,0.0016,0.0027,0.0044,0.0057,0.0043,7.7,0.01,0
2025-12-25 18:13:06,0,0,30.69,0,1,3702,61.7,97,1.61667,217,3.61667,11.61,0,0,0,0,0,0,0,0,219,160,1e-04,3e-04,4e-04,9e-04,0.0018,0.0029,0.0034,0.0024,4.19,0.01,0
2025-12-25 18:14:06,0,0,30.44,0,8,2972,49.5333,90,1.5,179,2.98333,13.1,0,0,0,0,0,0,0,0,222,155,1e-04,3e-04,5e-04,0.0011,0.002,0.0032,0.0041,0.0031,5.1,0.01,0
2025-12-25 18:15:06,0,0,30.31,0,8,2023,33.7167,34,0.566667,122,2.03333,12.71,0,0,0,0,0,0,0,0,225,160,1e-04,3e-04,5e-04,0.0011,0.0019,0.0031,0.0041,0.0032,5.15,0.01,0
2025-12-25 18:16:06,0,0,30.5,0,1,234,3.9,6,0.1,7,0.116667,7.23,0,0,0,0,0,0,0,0,194,138,1e-04,1e-04,2e-04,6e-04,0.0011,0.0018,0.0025,0.0023,2.24,0,0
2025-12-25 18:17:06,0,0,29.69,0,1,515,8.58333,10,0.166667,32,0.533333,10.72,0,0,0,0,0,0,0,0,222,162,1e-04,2e-04,4e-04,9e-04,0.0016,0.0027,0.0036,0.0029,4.3,0.01,0
2025-12-25 18:18:06,0,0,29.38,0,16,4,0.0666667,0,0,0,0,14.73,0,0,0,0,0,0,0,0,217,160,2e-04,3e-04,6e-04,0.0013,0.0022,0.0037,0.0048,0.0038,5.94,0.01,0
2025-12-25 18:19:06,0,0,29.38,0,16,0,0,0,0,0,0,18.14,0,0,0,0,0,0,0,0,215,158,2e-04,4e-04,7e-04,0.0016,0.0027,0.0045,0.0058,0.0044,7.19,0.01,0
2025-12-25 18:20:06,0,0,29.31,0,16,27,0.45,0,0,0,0,18.13,0,0,0,0,0,0,0,0,218,162,2e-04,4e-04,7e-04,0.0015,0.0027,0.0046,0.0058,0.0044,7.03,0.01,0
2025-12-25 18:21:06,0,0,29.31,0,16,37,0.616667,0,0,0,0,15.45,0,0,0,0,0,0,0,0,223,162,2e-04,3e-04,6e-04,0.0013,0.0023,0.0039,0.005,0.0038,5.81,0.01,0
2025-12-25 18:22:06,0,0,29.38,0,1,663,11.05,15,0.25,32,0.533333,10.07,0,0,0,0,0,0,0,0,220,156,1e-04,2e-04,4e-04,8e-04,0.0015,0.0026,0.0034,0.0028,3.23,0.01,0
2025-12-25 18:23:06,0,0,29.62,0,1,0,0,0,0,0,0,9.68,0,0,0,0,0,0,0,0,210,149,1e-04,2e-04,3e-04,8e-04,0.0014,0.0025,0.0032,0.0027,3.19,0,0
2025-12-25 18:24:06,0,0,29.81,0,1,1351,22.5167,32,0.533333,70,1.16667,7.9,0,0,0,0,0,0,0,0,187,147,1e-04,1e-04,3e-04,7e-04,0.0012,0.002,0.0028,0.0024,2.52,0,0
2025-12-25 18:25:06,0,0,29.88,0,1,301,5.01667,0,0,19,0.316667,8.24,0,0,0,0,0,0,0,0,184,123,1e-04,1e-04,3e-04,7e-04,0.0012,0.0021,0.0029,0.0026,2.62,0,0
2025-12-25 18:26:06,0,0,30.69,0,1,34,0.566667,0,0,1,0.0166667,7.28,0,0,0,0,0,0,0,0,170,118,1e-04,1e-04,2e-04,6e-04,0.0011,0.0018,0.0026,0.0025,2.28,0,0
2025-12-25 18:27:06,0,0,31.06,0,1,0,0,0,0,0,0,7.2,0,0,0,0,0,0,0,0,167,116,1e-04,1e-04,2e-04,6e-04,0.0011,0.0018,0.0026,0.0025,2.12,0,0
2025-12-25 18:28:06,0,0,31.38,0,1,0,0,0,0,0,0,7.23,0,0,0,0,0,0,0,0,166,118,1e-04,1e-04,2e-04,6e-04,0.0011,0.0018,0.0026,0.0025,2.27,0,0
2025-12-25 18:29:06,0,0,31.56,0,1,0,0,0,0,0,0,7.2,0,0,0,0,0,0,0,0,164,116,1e-04,1e-04,2e-04,6e-04,0.0011,0.0018,0.0026,0.0025,2.11,0,0
2025-12-25 18:30:06,0,0,31.69,0,1,0,0,0,0,0,0,7.15,0,0,0,0,0,0,0,0,168,120,1e-04,1e-04,2e-04,5e-04,0.0011,0.0018,0.0026,0.0025,2.01,0,0
2025-12-25 18:31:06,0,0,31.19,0,1,640,10.6667,6,0.1,53,0.883333,8.51,0,0,0,0,0,0,0,0,212,168,1e-04,1e-04,3e-04,7e-04,0.0013,0.0021,0.0029,0.0027,2.85,0,0
2025-12-25 18:32:06,0,0,31,0,1,803,13.3833,22,0.366667,52,0.866667,9.69,0,0,0,0,0,0,0,0,177,130,1e-04,2e-04,4e-04,8e-04,0.0014,0.0024,0.0033,0.0028,3.44,0.01,0
2025-12-25 18:33:06,0,0,31.44,0,1,242,4.03333,0,0,23,0.383333,5.82,0,0,0,0,0,0,0,0,180,147,1e-04,1e-04,2e-04,5e-04,9e-04,0.0015,0.002,0.002,1.85,0,0
2025-12-25 18:34:06,0,0,31.44,0,1,266,4.43333,0,0,21,0.35,7.4,0,0,0,0,0,0,0,0,186,150,1e-04,1e-04,3e-04,6e-04,0.0011,0.0019,0.0026,0.0026,2.4,0,0
2025-12-25 18:35:06,0,0,31.62,0,1,238,3.96667,0,0,17,0.283333,7.02,0,0,0,0,0,0,0,0,178,142,1e-04,1e-04,2e-04,6e-04,0.001,0.0018,0.0025,0.0024,2.31,0,0
2025-12-25 18:36:06,0,0,31.75,0,1,133,2.21667,0,0,12,0.2,6.48,0,0,0,0,0,0,0,0,182,147,1e-04,1e-04,2e-04,6e-04,0.001,0.0016,0.0022,0.0022,1.98,0,0
2025-12-25 18:37:06,0,0,31.88,0,1,125,2.08333,0,0,9,0.15,6.88,0,0,0,0,0,0,0,0,183,143,1e-04,1e-04,2e-04,6e-04,0.001,0.0018,0.0024,0.0024,2.03,0,0
2025-12-25 18:38:06,0,0,31.81,0,1,67,1.11667,0,0,6,0.1,7.56,0,0,0,0,0,0,0,0,176,132,1e-04,1e-04,2e-04,6e-04,0.0011,0.0019,0.0027,0.0026,2.35,0,0
2025-12-25 18:39:06,0,0,31.62,0,1,1521,25.35,46,0.766667,76,1.26667,6.82,0,0,0,0,0,0,0,0,224,162,1e-04,1e-04,2e-04,6e-04,0.001,0.0017,0.0024,0.0023,2.15,0,0
2025-12-25 18:40:06,0,0,31.31,0,1,291,4.85,0,0,28,0.466667,5.55,0,0,0,0,0,0,0,0,215,160,1e-04,1e-04,1e-04,5e-04,8e-04,0.0014,0.002,0.0019,1.54,0,0
2025-12-25 18:41:06,0,0,31.06,0,1,420,7,0,0,36,0.6,5.82,0,0,0,0,0,0,0,0,216,158,1e-04,1e-04,2e-04,5e-04,9e-04,0.0015,0.0021,0.0019,1.62,0,0
2025-12-25 18:42:06,0,0,30.94,0,1,43,0.716667,0,0,1,0.0166667,5.59,0,0,0,0,0,0,0,0,217,162,0,1e-04,2e-04,5e-04,8e-04,0.0015,0.002,0.0018,1.61,0,0
2025-12-25 18:43:06,0,0,30.94,0,1,338,5.63333,0,0,15,0.25,5.59,0,0,0,0,0,0,0,0,198,142,1e-04,1e-04,1e-04,4e-04,8e-04,0.0015,0.002,0.0018,1.45,0,0
2025-12-25 18:44:06,0,0,30.81,0,1,470,7.83333,0,0,38,0.633333,5.52,0,0,0,0,0,0,0,0,204,146,1e-04,1e-04,2e-04,4e-04,8e-04,0.0014,0.002,0.0018,1.53,0,0
2025-12-25 18:45:06,0,0,30.62,0,1,93,1.55,0,0,2,0.0333333,5.72,0,0,0,0,0,0,0,0,227,165,0,1e-04,2e-04,5e-04,9e-04,0.0015,0.002,0.0019,1.57,0,0
2025-12-25 18:46:06,0,0,30.38,0,1,19,0.316667,0,0,0,0,5.76,0,0,0,0,0,0,0,0,215,160,1e-04,1e-04,2e-04,5e-04,9e-04,0.0015,0.0021,0.0019,1.63,0,0
2025-12-25 18:47:06,0,0,30.44,0,1,0,0,0,0,0,0,5.98,0,0,0,0,0,0,0,0,206,150,1e-04,1e-04,2e-04,5e-04,9e-04,0.0015,0.0021,0.0019,1.68,0,0
2025-12-25 18:48:06,0,0,30.5,0,1,1008,16.8,16,0.266667,78,1.3,6.57,0,0,0,0,0,0,0,0,204,146,1e-04,1e-04,2e-04,6e-04,0.001,0.0017,0.0022,0.002,2.17,0,0
2025-12-25 18:49:06,0,0,30.94,0,1,198,3.3,0,0,13,0.216667,11.3,0,0,0,0,0,0,0,0,177,133,1e-04,3e-04,4e-04,0.001,0.0017,0.0028,0.0036,0.0029,4.47,0.01,0
2025-12-25 18:50:06,0,0,30.94,0,1,736,12.2667,4,0.0666667,67,1.11667,10.37,0,0,0,0,0,0,0,0,172,118,1e-04,3e-04,4e-04,9e-04,0.0015,0.0025,0.0033,0.0026,4.37,0.01,0
2025-12-25 18:51:06,0,0,31.12,0,1,1134,18.9,2,0.0333333,109,1.81667,7.82,0,0,0,0,0,0,0,0,157,110,1e-04,1e-04,3e-04,7e-04,0.0012,0.0019,0.0026,0.0021,2.85,0,0
2025-12-25 18:52:06,0,0,31.12,0,1,573,9.55,0,0,49,0.816667,6.32,0,0,0,0,0,0,0,0,163,110,1e-04,1e-04,2e-04,5e-04,0.001,0.0016,0.0021,0.0018,1.97,0,0
2025-12-25 18:53:06,0,0,30.88,0,1,1196,19.9333,3,0.05,110,1.83333,13.48,0,0,0,0,0,0,0,0,168,126,1e-04,3e-04,6e-04,0.0012,0.002,0.0033,0.0044,0.0034,5.4,0.01,0
2025-12-25 18:54:06,0,0,30.75,0,8,365,6.08333,4,0.0666667,25,0.416667,11.64,0,0,0,0,0,0,0,0,186,152,1e-04,3e-04,4e-04,0.001,0.0017,0.0028,0.0037,0.0029,4.84,0.01,0
2025-12-25 18:55:06,0,0,31,0,8,571,9.51667,3,0.05,57,0.95,10.03,0,0,0,0,0,0,0,0,159,120,1e-04,3e-04,4e-04,9e-04,0.0015,0.0024,0.0032,0.0025,4.09,0,0
2025-12-25 18:56:06,0,0,31,0,8,245,4.08333,2,0.0333333,15,0.25,10.53,0,0,0,0,0,0,0,0,173,121,1e-04,2e-04,4e-04,9e-04,0.0016,0.0026,0.0034,0.0027,4.18,0.01,0
2025-12-25 18:57:06,0,0,30.94,0,8,45,0.75,0,0,2,0.0333333,11.17,0,0,0,0,0,0,0,0,155,118,1e-04,2e-04,4e-04,0.001,0.0017,0.0027,0.0036,0.0028,4.41,0.01,0
2025-12-25 18:58:06,0,0,30.62,0,16,1770,29.5,46,0.766667,114,1.9,17.19,0,0,0,0,0,0,0,0,201,151,2e-04,4e-04,7e-04,0.0015,0.0026,0.0042,0.0055,0.0043,7.31,0.01,0
2025-12-25 18:59:06,0,0,30.44,0,1,15,0.25,0,0,1,0.0166667,15.32,0,0,0,0,0,0,0,0,170,128,2e-04,3e-04,6e-04,0.0013,0.0023,0.0037,0.0049,0.0038,6.33,0.01,0
2025-12-25 19:00:06,0,0,30.44,0,1,4,0.0666667,0,0,0,0,15.07,0,0,0,0,0,0,0,0,161,118,2e-04,3e-04,6e-04,0.0013,0.0023,0.0036,0.0048,0.0037,6.37,0.01,0
2025-12-25 19:01:06,0,0,30.25,0,1,57,0.95,0,0,3,0.05,11.13,0,0,0,0,0,0,0,0,173,128,1e-04,3e-04,4e-04,0.001,0.0017,0.0027,0.0036,0.0028,4.64,0.01,0
2025-12-25 19:02:06,0,0,30.44,0,8,846,14.1,26,0.433333,51,0.85,11.74,0,0,0,0,0,0,0,0,160,116,1e-04,3e-04,4e-04,0.0011,0.0017,0.0029,0.0037,0.003,4.87,0.01,0
2025-12-25 19:03:06,0,0,30.5,0,1,27,0.45,0,0,0,0,11.72,0,0,0,0,0,0,0,0,162,117,1e-04,3e-04,4e-04,0.001,0.0018,0.0029,0.0038,0.0029,4.68,0.01,0
2025-12-25 19:04:06,0,0,30.5,0,1,811,13.5167,19,0.316667,75,1.25,13.18,0,0,0,0,0,0,0,0,157,114,1e-04,3e-04,5e-04,0.0011,0.002,0.0033,0.0043,0.0033,5.24,0.01,0
2025-12-25 19:05:06,0,0,30.31,0,1,6659,110.983,152,2.53333,545,9.08333,16.46,0,0,0,0,0,0,0,0,185,123,2e-04,4e-04,5e-04,0.0013,0.0026,0.0041,0.0048,0.0032,6.06,0.01,0
2025-12-25 19:06:06,0,0,30.12,0,1,5935,98.9167,148,2.46667,310,5.16667,9.23,0,0,0,0,0,0,0,0,209,151,1e-04,2e-04,4e-04,8e-04,0.0014,0.0023,0.003,0.0024,3.62,0,0
2025-12-25 19:07:06,0,0,30,0,1,1673,27.8833,1,0.0166667,104,1.73333,12.19,0,0,0,0,0,0,0,0,211,154,1e-04,2e-04,5e-04,0.001,0.0018,0.003,0.0039,0.0031,4.69,0.01,0
2025-12-25 19:08:06,0,0,30,0,1,4600,76.6667,96,1.6,313,5.21667,12.54,0,0,0,0,0,0,0,0,192,134,1e-04,3e-04,5e-04,0.0011,0.0019,0.0031,0.004,0.0032,5.06,0.01,0
2025-12-25 19:09:06,0,0,29.81,0,1,4288,71.4667,107,1.78333,258,4.3,9.52,0,0,0,0,0,0,0,0,220,162,1e-04,2e-04,4e-04,8e-04,0.0014,0.0024,0.0031,0.0025,3.49,0,0
2025-12-25 19:10:06,0,0,29.44,0,1,621,10.35,2,0.0333333,63,1.05,9.5,0,0,0,0,0.01,0,0,0,216,138,2e-04,3e-04,4e-04,0.001,0.0015,0.0024,0.0032,0.0028,3.81,0.01,0
2025-12-25 19:11:06,0,0,29.12,0,1,416,6.93333,0,0,35,0.583333,10.21,0,0,0,0,0,0,0,0,210,121,1e-04,3e-04,4e-04,0.001,0.0015,0.0025,0.0032,0.0029,4.36,0.01,0
2025-12-25 19:12:06,0,0,28.94,0,1,1492,24.8667,31,0.516667,100,1.66667,8.38,0,0,0,0,0,0,0,0,221,156,1e-04,2e-04,3e-04,7e-04,0.0013,0.0021,0.0027,0.0023,3.05,0,0
2025-12-25 19:13:06,0,0,28.75,0,1,1327,22.1167,22,0.366667,85,1.41667,8.86,0,0,0,0,0,0,0,0,208,149,1e-04,2e-04,3e-04,7e-04,0.0013,0.0022,0.0029,0.0023,3.35,0,0
2025-12-25 19:14:06,0,0,28.69,0,1,807,13.45,1,0.0166667,68,1.13333,1.97,0,0,0,0,0,0,0,0,192,115,0,0,0,1e-04,3e-04,5e-04,7e-04,6e-04,0.21,0,0
2025-12-25 19:15:06,0,0,28.75,0,1,1162,19.3667,9,0.15,80,1.33333,10.23,0,0,0,0,0,0,0,0,199,119,1e-04,2e-04,3e-04,8e-04,0.0016,0.0026,0.003,0.0021,3.44,0,0
2025-12-25 19:16:06,0,0,28.69,0,1,728,12.1333,0,0,59,0.983333,17.58,0,0,0,0,0,0,0,0,193,112,2e-04,4e-04,5e-04,0.0013,0.0027,0.0046,0.0051,0.0032,6,0.01,0
2025-12-25 19:17:06,0,0,28.62,0,1,85,1.41667,0,0,4,0.0666667,17.22,0,0,0,0,0,0,0,0,183,113,2e-04,4e-04,5e-04,0.0013,0.0027,0.0045,0.005,0.0031,5.76,0.01,0
2025-12-25 19:18:06,0,0,28.62,0,1,766,12.7667,12,0.2,53,0.883333,17.04,0,0,0,0,0,0,0,0,183,111,2e-04,4e-04,5e-04,0.0013,0.0026,0.0044,0.0049,0.0031,5.86,0.01,0
2025-12-25 19:19:06,0,0,28.81,0,1,1354,22.5667,33,0.55,73,1.21667,16.98,0,0,0,0,0,0,0,0,229,158,2e-04,4e-04,5e-04,0.0013,0.0026,0.0044,0.0049,0.0031,5.89,0.01,0
2025-12-25 19:20:06,0,0,28.81,0,1,931,15.5167,2,0.0333333,103,1.71667,35.32,0,0,0,0,0,0,0,0,193,107,4e-04,9e-04,0.0012,0.0028,0.0055,0.0089,0.0095,0.0058,14.06,0.01,0
2025-12-25 19:21:06,0,0,29,0,1,1337,22.2833,8,0.133333,114,1.9,26.3,0,0,0,0,0,0,0,0,200,133,3e-04,7e-04,9e-04,0.0021,0.004,0.0066,0.0072,0.0046,10.46,0.01,0
2025-12-25 19:22:06,0,0,29,0,1,3565,59.4167,104,1.73333,133,2.21667,5.81,0,0,0,0,0,0,0,0,224,160,1e-04,1e-04,2e-04,5e-04,9e-04,0.0015,0.002,0.0018,1.93,0,0
2025-12-25 19:23:06,0,0,29.38,0,1,8022,133.7,227,3.78333,421,7.01667,0.77,0,0,0,0,0,0,0,0,222,149,0,0,0,0,1e-04,2e-04,3e-04,2e-04,0.02,0,0
2025-12-25 19:24:06,0,0,29.5,0,1,11201,186.683,375,6.25,620,10.3333,8.01,0,0,0,0,0,0,0,0,198,142,1e-04,1e-04,3e-04,6e-04,0.0012,0.002,0.0024,0.0018,2.71,0,0
2025-12-25 19:25:06,0,0,29.56,0,1,11805,196.75,418,6.96667,579,9.65,0.85,0,0,0,0,0,0,0,0,216,153,0,0,0,1e-04,1e-04,2e-04,3e-04,2e-04,0.15,0,0
2025-12-25 19:26:06,0,0,29.44,0,1,6381,106.35,178,2.96667,355,5.91667,65.67,0,0,0,0,0,0,0,0,184,141,8e-04,0.0025,0.0023,0.0056,0.0105,0.0152,0.0161,0.0101,30.66,0.03,0
2025-12-25 19:27:06,0,0,29.31,0,1,4861,81.0167,144,2.4,243,4.05,53.83,0,0,0,0,0,0,0,0,197,151,7e-04,0.0021,0.002,0.0047,0.0086,0.0124,0.0132,0.0085,25.63,0.02,0
2025-12-25 19:28:06,0,0,29.5,0,1,3476,57.9333,58,0.966667,242,4.03333,2.76,0,0,0,0,0,0,0,0,171,128,0,1e-04,1e-04,3e-04,4e-04,6e-04,7e-04,5e-04,1.2,0,0
2025-12-25 19:29:06,0,0,29.62,0,1,9981,166.35,330,5.5,491,8.18333,0,0,0,0,0,0,0,0,0,164,123,0,0,0,0,0,0,0,0,0,0,0
2025-12-25 19:30:06,0,0,29.75,0,1,6474,107.9,140,2.33333,388,6.46667,0,0,0,0,0,0,0,0,0,167,123,0,0,0,0,0,0,0,0,0,0,0
2025-12-25 19:31:06,0,0,29.56,0,8,5178,86.3,88,1.46667,285,4.75,0,0,0,0,0,0,0,0,0,177,132,0,0,0,0,0,0,0,0,0,0,0
2025-12-25 19:32:06,0,0,29.12,0,1,6019,100.317,110,1.83333,397,6.61667,0,0,0,0,0,0,0,0,0,182,139,0,0,0,0,0,0,0,0,0,0,0
2025-12-25 19:33:06,0,0,29.12,0,1,7273,121.217,195,3.25,357,5.95,0,0,0,0,0,0,0,0,0,162,117,0,0,0,0,0,0,0,0,0,0,0
2025-12-25 19:34:06,0,0,28.81,0,8,10034,167.233,374,6.23333,413,6.88333,0,0,0,0,0,0,0,0,0,152,109,0,0,0,0,0,0,0,0,0,0,0
2025-12-25 19:35:06,0,0,28.56,0,1,7435,123.917,159,2.65,398,6.63333,0,0,0,0,0,0,0,0,0,156,116,0,0,0,0,0,0,0,0,0,0,0
2025-12-25 19:36:06,0,0,28.19,0,1,10387,173.117,330,5.5,554,9.23333,0,0,0,0,0,0,0,0,0,166,123,0,0,0,0,0,0,0,0,0,0,0
2025-12-25 19:37:06,0,0,28.12,0,1,12017,200.283,436,7.26667,513,8.55,3.09,0,0,0,0,0,0,0,0,147,111,0,1e-04,1e-04,2e-04,5e-04,8e-04,0.001,7e-04,0.85,0,0
2025-12-25 19:38:06,0,0,28,0,1,2890,48.1667,40,0.666667,209,3.48333,11.33,0,0,0,0,0,0,0,0,156,113,1e-04,2e-04,5e-04,0.001,0.0017,0.0028,0.0037,0.0029,4.67,0.01,0
2025-12-25 19:39:06,0,0,27.69,0,1,305,5.08333,0,0,29,0.483333,8.82,0,0,0,0,0,0,0,0,173,107,1e-04,3e-04,3e-04,8e-04,0.0014,0.0021,0.0026,0.0022,3.8,0,0
2025-12-25 19:40:06,0,0,28,0,1,9,0.15,0,0,0,0,6.39,0,0,0,0,0,0,0,0,164,103,1e-04,3e-04,2e-04,6e-04,0.001,0.0015,0.0019,0.0017,2.95,0,0
2025-12-25 19:41:06,0,0,28.75,0,1,696,11.6,2,0.0333333,57,0.95,5.47,0,0,0,0,0,0,0,0,154,115,1e-04,2e-04,2e-04,5e-04,8e-04,0.0013,0.0017,0.0016,2.22,0,0
2025-12-25 19:42:06,0,0,29.12,0,1,127,2.11667,2,0.0333333,10,0.166667,6.81,0,0,0,0,0,0,0,0,205,103,1e-04,4e-04,2e-04,8e-04,0.0011,0.0014,0.0017,0.0015,3.92,0,0
2025-12-25 19:43:06,0,0,28.88,0,1,1295,21.5833,39,0.65,71,1.18333,19.99,0,0,0,0,0,0,0,0,187,135,2e-04,5e-04,8e-04,0.0018,0.003,0.0048,0.0064,0.0049,8.68,0.01,0
2025-12-25 19:44:06,0,0,28.69,0,16,285,4.75,10,0.166667,20,0.333333,26.12,0,0,0,0,0,0,0,0,195,161,3e-04,6e-04,0.0011,0.0023,0.0039,0.0064,0.0083,0.0064,11.31,0.01,0
2025-12-25 19:45:06,0,0,29.62,0,1,593,9.88333,6,0.1,30,0.5,7,0,0,0,0,0,0,0,0,214,144,1e-04,1e-04,3e-04,6e-04,0.001,0.0017,0.0023,0.0019,2.59,0,0
2025-12-25 19:46:06,0,0,29.69,0,1,705,11.75,17,0.283333,30,0.5,8.65,0,0,0,0,0,0,0,0,231,178,1e-04,4e-04,3e-04,9e-04,0.0013,0.0019,0.0024,0.002,4.51,0,0
2025-12-25 19:47:06,0,0,29.56,0,16,1880,31.3333,53,0.883333,130,2.16667,20.38,0,0,0,0,0,0,0,0,216,156,2e-04,5e-04,8e-04,0.0018,0.003,0.005,0.0065,0.0051,8.42,0.01,0
2025-12-25 19:48:06,0,0,29.31,0,16,0,0,0,0,0,0,24.89,0,0,0,0,0,0,0,0,218,158,3e-04,6e-04,0.0011,0.0023,0.0037,0.006,0.0078,0.0059,11.02,0.01,0
2025-12-25 19:49:06,0,0,29.62,0,16,17,0.283333,0,0,1,0.0166667,24.42,0,0,0,0,0,0,0,0,214,154,3e-04,6e-04,0.0011,0.0022,0.0036,0.0059,0.0077,0.0058,10.81,0.01,0
2025-12-25 19:50:06,0,0,29.81,0,16,19,0.316667,0,0,2,0.0333333,24.43,0,0,0,0,0,0,0,0,214,151,3e-04,6e-04,0.0011,0.0022,0.0036,0.0059,0.0077,0.0058,10.86,0.01,0
2025-12-25 19:51:06,0,0,29.88,0,16,0,0,0,0,0,0,24.42,0,0,0,0,0,0,0,0,212,151,3e-04,6e-04,0.0011,0.0022,0.0036,0.0059,0.0077,0.0058,10.75,0.01,0
2025-12-25 19:52:06,0,0,30,0,16,0,0,0,0,0,0,25.01,0,0,0,0,0,0,0,0,212,152,3e-04,6e-04,0.0011,0.0023,0.0037,0.006,0.0078,0.0059,11.21,0.01,0
2025-12-25 19:53:06,0,0,30.06,0,16,0,0,0,0,0,0,25.08,0,0,0,0,0,0,0,0,211,152,3e-04,6e-04,0.0011,0.0023,0.0037,0.0061,0.0079,0.006,11.04,0.01,0
2025-12-25 19:54:06,0,0,30.12,0,16,0,0,0,0,0,0,25.04,0,0,0,0,0,0,0,0,212,152,3e-04,6e-04,0.0011,0.0022,0.0037,0.0061,0.008,0.006,10.82,0.01,0
2025-12-25 19:55:06,0,0,30.25,0,16,5,0.0833333,0,0,0,0,25.4,0,0,0,0,0,0,0,0,213,151,3e-04,6e-04,0.0011,0.0023,0.0038,0.0062,0.0081,0.0061,11.05,0.01,0
2025-12-25 19:56:06,0,0,30.06,0,16,5,0.0833333,0,0,0,0,26.04,0,0,0,0,0,0,0,0,219,155,3e-04,6e-04,0.0011,0.0023,0.0039,0.0063,0.0082,0.0062,11.49,0.01,0
2025-12-25 19:57:06,0,0,30.12,0,16,0,0,0,0,0,0,25.98,0,0,0,0,0,0,0,0,215,153,3e-04,6e-04,0.0011,0.0023,0.0039,0.0063,0.0082,0.0062,11.38,0.01,0
2025-12-25 19:58:06,0,0,30.12,0,16,248,4.13333,10,0.166667,11,0.183333,26.34,0,0,0,0,0,0,0,0,215,154,3e-04,6e-04,0.0011,0.0024,0.0039,0.0064,0.0083,0.0063,11.56,0.01,0
2025-12-25 19:59:06,0,0,30.94,0,8,1341,22.35,44,0.733333,88,1.46667,8.35,0,0,0,0,0,0,0,0,147,114,1e-04,2e-04,3e-04,8e-04,0.0012,0.002,0.0026,0.0022,3.53,0,0
2025-12-25 20:00:06,0,0,30.81,0,8,8,0.133333,0,0,1,0.0166667,6.6,0,0,0,0,0,0,0,0,145,114,1e-04,3e-04,2e-04,7e-04,0.001,0.0015,0.002,0.0017,3.07,0,0
2025-12-25 20:01:06,0,0,30.56,0,8,353,5.88333,7,0.116667,31,0.516667,6.21,0,0,0,0,0,0,0,0,151,116,1e-04,2e-04,2e-04,6e-04,0.001,0.0014,0.0019,0.0017,2.87,0,0
2025-12-25 20:02:06,0,0,30.19,0,8,1027,17.1167,28,0.466667,62,1.03333,8.03,0,0,0,0,0,0,0,0,196,138,1e-04,2e-04,3e-04,7e-04,0.0012,0.002,0.0026,0.0022,3.37,0,0
2025-12-25 20:03:06,0,0,29.19,0,16,1339,22.3167,45,0.75,58,0.966667,29.59,0,0,0,0,0,0,0,0,230,178,4e-04,7e-04,0.0013,0.0026,0.0044,0.0072,0.0095,0.0072,12.86,0.01,0
2025-12-25 20:04:06,0,0,28.88,0,16,0,0,0,0,0,0,28.96,0,0,0,0,0,0,0,0,225,175,4e-04,7e-04,0.0013,0.0025,0.0043,0.0071,0.0093,0.0071,12.55,0.01,0
2025-12-25 20:05:06,0,0,28.94,0,16,48,0.8,0,0,7,0.116667,29.04,0,0,0,0,0,0,0,0,219,172,3e-04,7e-04,0.0012,0.0026,0.0043,0.0071,0.0093,0.0071,12.48,0.01,0
2025-12-25 20:06:06,0,0,28.69,0,16,0,0,0,0,0,0,28.45,0,0,0,0,0,0,0,0,234,182,3e-04,6e-04,0.0012,0.0025,0.0042,0.007,0.0091,0.0069,12.28,0.01,0
2025-12-25 20:07:06,0,0,30.06,0,16,233,3.88333,7,0.116667,12,0.2,18.42,0,0,0,0,0,0,0,0,202,131,2e-04,4e-04,8e-04,0.0016,0.0027,0.0045,0.0059,0.0046,7.79,0.01,0
2025-12-25 20:08:06,0,0,30.19,0,1,0,0,0,0,0,0,15.16,0,0,0,0,0,0,0,0,195,116,2e-04,3e-04,6e-04,0.0013,0.0022,0.0037,0.0049,0.0039,6.32,0.01,0
2025-12-25 20:09:06,0,0,30.12,0,1,0,0,0,0,0,0,15.06,0,0,0,0,0,0,0,0,197,110,2e-04,3e-04,6e-04,0.0013,0.0022,0.0037,0.0048,0.0038,6.23,0.01,0
2025-12-25 20:10:06,0,0,29.94,0,1,1037,17.2833,33,0.55,49,0.816667,15.08,0,0,0,0,0,0,0,0,214,154,2e-04,3e-04,6e-04,0.0013,0.0022,0.0037,0.0048,0.0038,6.16,0.01,0
2025-12-25 20:11:06,0,0,29.81,0,1,26,0.433333,0,0,0,0,3.69,0,0,0,0,0,0,0,0,182,121,0,1e-04,1e-04,3e-04,6e-04,9e-04,0.0013,0.0012,1.07,0,0
2025-12-25 20:12:06,0,0,29.81,0,1,23,0.383333,0,0,0,0,4.61,0,0,0,0,0,0,0,0,191,132,0,2e-04,1e-04,4e-04,7e-04,0.0011,0.0014,0.0013,1.8,0,0
2025-12-25 20:13:06,0,0,30,0,8,1200,20,44,0.733333,79,1.31667,7.57,0,0,0,0,0,0,0,0,158,114,1e-04,2e-04,3e-04,7e-04,0.0011,0.0019,0.0025,0.0021,2.85,0,0
2025-12-25 20:14:06,0,0,29.94,0,8,0,0,0,0,0,0,4.72,0,0,0,0,0,0,0,0,151,110,0,1e-04,1e-04,4e-04,7e-04,0.0012,0.0017,0.0016,1.25,0,0
2025-12-25 20:15:06,0,0,29.81,0,8,0,0,0,0,0,0,5.54,0,0,0,0,0,0,0,0,150,109,1e-04,2e-04,2e-04,5e-04,8e-04,0.0014,0.0019,0.0017,2.03,0,0
2025-12-25 20:16:06,0,0,29.56,0,8,0,0,0,0,0,0,5.47,0,0,0,0,0,0,0,0,150,112,1e-04,1e-04,2e-04,5e-04,8e-04,0.0013,0.0018,0.0017,1.96,0,0
2025-12-25 20:17:06,0,0,29.38,0,8,0,0,0,0,0,0,5.4,0,0,0,0,0,0,0,0,149,113,1e-04,1e-04,2e-04,5e-04,8e-04,0.0013,0.0018,0.0017,1.84,0,0
2025-12-25 20:18:06,0,0,29,0,8,300,5,5,0.0833333,26,0.433333,5.67,0,0,0,0,0,0,0,0,214,170,1e-04,1e-04,2e-04,5e-04,9e-04,0.0014,0.0019,0.0017,1.99,0,0
2025-12-25 20:19:06,0,0,28.38,0,8,0,0,0,0,0,0,5.84,0,0,0,0,0,0,0,0,206,167,1e-04,1e-04,2e-04,5e-04,9e-04,0.0014,0.0019,0.0017,2.06,0,0
2025-12-25 20:20:06,0,0,28.25,0,8,0,0,0,0,0,0,5.8,0,0,0,0,0,0,0,0,167,147,1e-04,1e-04,2e-04,5e-04,9e-04,0.0014,0.0019,0.0017,2.09,0,0
2025-12-25 20:21:06,0,0,28.12,0,8,0,0,0,0,0,0,5.31,0,0,0,0,0,0,0,0,180,147,1e-04,1e-04,1e-04,4e-04,8e-04,0.0014,0.0018,0.0017,1.73,0,0
2025-12-25 20:22:06,0,0,28.12,0,8,2676,44.6,101,1.68333,136,2.26667,5.22,0,0,0,0,0,0,0,0,205,131,0,1e-04,1e-04,4e-04,8e-04,0.0013,0.0018,0.0016,1.68,0,0
2025-12-25 20:23:06,0,0,28.44,0,1,1084,18.0667,35,0.583333,39,0.65,2.88,0,0,0,0,0,0,0,0,157,122,0,1e-04,1e-04,3e-04,4e-04,7e-04,9e-04,8e-04,1,0,0
2025-12-25 20:24:06,0,0,28.69,0,1,31,0.516667,0,0,2,0.0333333,1.47,0,0,0,0,0,0,0,0,157,122,0,0,0,1e-04,2e-04,4e-04,5e-04,5e-04,0.15,0,0
2025-12-25 20:25:06,0,0,28.88,0,1,103,1.71667,0,0,8,0.133333,1.4,0,0,0,0,0,0,0,0,177,147,0,0,0,1e-04,2e-04,3e-04,5e-04,5e-04,0.07,0,0
2025-12-25 20:26:06,0,0,29.19,0,1,870,14.5,17,0.283333,38,0.633333,3.64,0,0,0,0,0,0,0,0,171,109,0,1e-04,1e-04,3e-04,6e-04,9e-04,0.0012,0.001,1.31,0,0
2025-12-25 20:27:06,0,0,29.44,0,1,247,4.11667,4,0.0666667,15,0.25,1.67,0,0,0,0,0,0,0,0,197,115,0,0,0,1e-04,3e-04,4e-04,6e-04,5e-04,0.35,0,0
2025-12-25 20:28:06,0,0,29.69,0,1,19,0.316667,0,0,0,0,0,0,0,0,0,0,0,0,0,195,115,0,0,0,0,0,0,0,0,0,0,0
2025-12-25 20:29:06,0,0,29.69,0,1,2404,40.0667,58,0.966667,142,2.36667,5.43,0,0,0,0,0,0,0,0,225,161,0,1e-04,2e-04,5e-04,8e-04,0.0014,0.0018,0.0015,2.01,0,0
2025-12-25 20:30:06,0,0,29.44,0,1,346,5.76667,0,0,22,0.366667,7.11,0,0,0,0,0,0,0,0,217,155,1e-04,1e-04,3e-04,6e-04,0.0011,0.0018,0.0024,0.0021,2.5,0,0
2025-12-25 20:31:06,0,0,29.69,0,1,626,10.4333,12,0.2,40,0.666667,14.86,0,0,0,0,0,0,0,0,208,147,2e-04,3e-04,6e-04,0.0013,0.0022,0.0036,0.0048,0.0038,6.36,0.01,0
2025-12-25 20:32:06,0,0,29.69,0,16,136,2.26667,0,0,4,0.0666667,28.11,0,0,0,0,0,0,0,0,202,149,3e-04,7e-04,0.0013,0.0025,0.0042,0.0068,0.0089,0.0066,12.65,0.01,0
2025-12-25 20:33:06,0,0,29.62,0,16,117,1.95,0,0,12,0.2,29.38,0,0,0,0,0,0,0,0,211,151,4e-04,7e-04,0.0013,0.0026,0.0044,0.0071,0.0093,0.0069,12.86,0.01,0
2025-12-25 20:34:06,0,0,29.56,0,16,583,9.71667,12,0.2,31,0.516667,26.2,0,0,0,0,0,0,0,0,208,151,3e-04,6e-04,0.0011,0.0023,0.0039,0.0064,0.0083,0.0062,11.27,0.01,0
2025-12-25 20:35:06,0,0,29.31,0,1,1273,21.2167,25,0.416667,80,1.33333,12.3,0,0,0,0,0,0,0,0,211,153,1e-04,2e-04,5e-04,0.001,0.0018,0.0031,0.0041,0.0032,4.57,0.01,0
2025-12-25 20:36:06,0,0,29.31,0,1,117,1.95,0,0,4,0.0666667,9.65,0,0,0,0,0,0,0,0,191,128,1e-04,2e-04,4e-04,8e-04,0.0014,0.0025,0.0033,0.0027,3.45,0,0
2025-12-25 20:37:06,0,0,29.44,0,1,0,0,0,0,0,0,10.94,0,0,0,0,0,0,0,0,168,107,1e-04,2e-04,4e-04,9e-04,0.0016,0.0027,0.0037,0.003,4.09,0.01,0
2025-12-25 20:38:06,0,0,29.56,0,1,22,0.366667,0,0,1,0.0166667,11.2,0,0,0,0,0,0,0,0,165,106,1e-04,3e-04,4e-04,0.001,0.0017,0.0028,0.0037,0.003,4.37,0.01,0
2025-12-25 20:39:06,0,0,29.69,0,1,0,0,0,0,0,0,10.95,0,0,0,0,0,0,0,0,162,104,1e-04,2e-04,4e-04,9e-04,0.0016,0.0027,0.0036,0.003,4.13,0.01,0
2025-12-25 20:40:06,0,0,29.88,0,1,0,0,0,0,0,0,10.7,0,0,0,0,0,0,0,0,163,103,1e-04,2e-04,4e-04,9e-04,0.0016,0.0027,0.0036,0.0029,4,0.01,0
2025-12-25 20:41:06,0,0,30,0,1,0,0,0,0,0,0,10.99,0,0,0,0,0,0,0,0,164,103,1e-04,2e-04,4e-04,9e-04,0.0016,0.0028,0.0036,0.003,4.22,0.01,0
2025-12-25 20:42:06,0,0,30,0,1,0,0,0,0,0,0,11.21,0,0,0,0,0,0,0,0,163,103,1e-04,2e-04,4e-04,0.001,0.0016,0.0028,0.0037,0.003,4.39,0.01,0
2025-12-25 20:43:06,0,0,30,0,1,0,0,0,0,0,0,11.21,0,0,0,0,0,0,0,0,161,103,1e-04,2e-04,4e-04,0.001,0.0017,0.0028,0.0037,0.003,4.33,0.01,0
2025-12-25 20:44:06,0,0,29.88,0,16,318,5.3,4,0.0666667,24,0.4,12.28,0,0,0,0,0,0,0,0,160,103,2e-04,2e-04,5e-04,0.001,0.0018,0.0031,0.0041,0.0033,4.71,0.01,0
2025-12-25 20:45:06,0,0,29.88,0,16,33,0.55,0,0,2,0.0333333,13.73,0,0,0,0,0,0,0,0,154,103,2e-04,3e-04,6e-04,0.0012,0.002,0.0034,0.0045,0.0035,5.63,0.01,0
2025-12-25 20:46:06,0,0,29.81,0,16,1787,29.7833,38,0.633333,107,1.78333,13.27,0,0,0,0,0,0,0,0,226,162,2e-04,3e-04,6e-04,0.0011,0.002,0.0033,0.0043,0.0034,5.44,0.01,0
2025-12-25 20:47:06,0,0,29.56,0,1,6771,112.85,181,3.01667,420,7,18.1,0,0,0,0,0,0,0,0,211,151,2e-04,0.0017,9e-04,0.0018,0.0029,0.0038,0.0039,0.0025,13.64,0.01,0
2025-12-25 20:48:06,0,0,29.75,0,1,5100,85,136,2.26667,318,5.3,15.52,0,0,0,0,0,0,0,0,174,103,2e-04,4e-04,4e-04,0.0012,0.0024,0.0039,0.0044,0.003,5.4,0.01,0
2025-12-25 20:49:06,0,0,29.81,0,1,6229,103.817,123,2.05,418,6.96667,26.04,0,0,0,0,0,0,0,0,190,130,3e-04,9e-04,9e-04,0.0021,0.0041,0.0064,0.007,0.0045,11.04,0.01,0
2025-12-25 20:50:06,0,0,29.56,0,1,5587,93.1167,100,1.66667,385,6.41667,10.09,0,0,0,0,0,0,0,0,213,150,1e-04,4e-04,4e-04,9e-04,0.0016,0.0024,0.0028,0.0018,4.46,0,0
2025-12-25 20:51:06,0,0,29.62,0,1,2783,46.3833,25,0.416667,171,2.85,12.74,0,0,0,0,0,0,0,0,215,158,1e-04,3e-04,5e-04,0.001,0.0019,0.0032,0.0039,0.0028,4.89,0.01,0
2025-12-25 20:52:06,0,0,29.62,0,1,1378,22.9667,9,0.15,83,1.38333,12.06,0,0,0,0,0,0,0,0,177,113,1e-04,2e-04,4e-04,0.001,0.0018,0.003,0.0038,0.0028,4.4,0.01,0
2025-12-25 20:53:06,0,0,29.5,0,1,1226,20.4333,1,0.0166667,71,1.18333,12.64,0,0,0,0,0,0,0,0,226,160,1e-04,2e-04,4e-04,0.001,0.0019,0.0032,0.004,0.003,4.61,0.01,0
2025-12-25 20:54:06,0,0,29.44,0,1,4296,71.6,59,0.983333,296,4.93333,9.55,0,0,0,0,0,0,0,0,193,135,1e-04,2e-04,3e-04,8e-04,0.0015,0.0024,0.0029,0.002,3.44,0,0
2025-12-25 20:55:06,0,0,29.38,0,1,8031,133.85,224,3.73333,510,8.5,2.14,0,0,0,0,0,0,0,0,225,158,0,0,0,1e-04,3e-04,6e-04,7e-04,6e-04,0.39,0,0
2025-12-25 20:56:06,0,0,29.62,0,1,5672,94.5333,162,2.7,308,5.13333,20.26,0,0,0,0,0,0,0,0,197,147,2e-04,5e-04,6e-04,0.0016,0.0031,0.0052,0.0058,0.0036,7.49,0.01,0
2025-12-25 20:57:06,0,0,29.62,0,1,4880,81.3333,107,1.78333,303,5.05,13.88,0,0,0,0,0,0,0,0,233,162,2e-04,3e-04,6e-04,0.0012,0.0021,0.0034,0.0045,0.0036,5.77,0.01,0
2025-12-25 20:58:06,0,0,29.75,0,1,1489,24.8167,46,0.766667,80,1.33333,7.1,0,0,0,0,0,0,0,0,199,130,1e-04,2e-04,3e-04,7e-04,0.0011,0.0017,0.0023,0.002,3.1,0,0
2025-12-25 20:59:06,0,0,29.56,0,1,80,1.33333,0,0,3,0.05,2.53,0,0,0,0,0,0,0,0,212,142,0,0,0,2e-04,4e-04,7e-04,0.001,0.0011,0.37,0,0
2025-12-25 21:00:06,0,0,29.69,0,1,2699,44.9833,45,0.75,165,2.75,15.14,0,0,0,0,0,0,0,0,225,171,2e-04,3e-04,6e-04,0.0013,0.0023,0.0037,0.0049,0.004,6.24,0.01,0
2025-12-25 21:01:06,0,0,29.38,0,16,4360,72.6667,130,2.16667,198,3.3,34.65,0,0,0,0,0,0,0,0,199,152,4e-04,8e-04,0.0016,0.0031,0.0051,0.0084,0.0109,0.008,15.81,0.02,0
2025-12-25 21:02:06,0,0,29.44,0,1,6032,100.533,176,2.93333,276,4.6,16.73,0,0,0,0,0,0,0,0,208,151,2e-04,4e-04,7e-04,0.0015,0.0025,0.0041,0.0054,0.0042,7.2,0.01,0
2025-12-25 21:03:06,0,0,29.56,0,1,108,1.8,0,0,4,0.0666667,3.34,0,0,0,0,0,0,0,0,181,132,0,0,1e-04,2e-04,5e-04,9e-04,0.0014,0.0015,0.66,0,0
2025-12-25 21:04:06,0,0,29.88,0,1,10,0.166667,0,0,0,0,2.92,0,0,0,0,0,0,0,0,173,128,0,0,1e-04,2e-04,4e-04,8e-04,0.0012,0.0014,0.49,0,0
2025-12-25 21:05:06,0,0,30.31,0,1,45,0.75,0,0,3,0.05,3.17,0,0,0,0,0,0,0,0,168,121,0,0,1e-04,2e-04,5e-04,9e-04,0.0013,0.0014,0.52,0,0
2025-12-25 21:06:06,0,0,30.75,0,1,0,0,0,0,0,0,3.36,0,0,0,0,0,0,0,0,163,118,0,0,1e-04,2e-04,5e-04,9e-04,0.0014,0.0014,0.59,0,0
2025-12-25 21:07:06,0,0,31.06,0,1,6,0.1,0,0,0,0,3.38,0,0,0,0,0,0,0,0,162,116,0,1e-04,1e-04,3e-04,5e-04,9e-04,0.0013,0.0014,0.73,0,0
2025-12-25 21:08:06,0,0,31.38,0,1,0,0,0,0,0,0,3.18,0,0,0,0,0,0,0,0,159,117,0,0,1e-04,3e-04,5e-04,8e-04,0.0012,0.0013,0.7,0,0
2025-12-25 21:09:06,0,0,31.5,0,1,1095,18.25,31,0.516667,65,1.08333,5.64,0,0,0,0,0,0,0,0,177,108,1e-04,2e-04,2e-04,5e-04,8e-04,0.0014,0.0018,0.0017,2.41,0,0
2025-12-25 21:10:06,0,0,31.38,0,1,703,11.7167,13,0.216667,41,0.683333,9.28,0,0,0,0,0,0,0,0,220,159,1e-04,2e-04,4e-04,8e-04,0.0014,0.0023,0.0031,0.0026,3.52,0,0
2025-12-25 21:11:06,0,0,31.44,0,1,1368,22.8,32,0.533333,76,1.26667,22.28,0,0,0,0,0,0,0,0,197,129,2e-04,6e-04,9e-04,0.002,0.0033,0.0053,0.007,0.0053,9.93,0.01,0
2025-12-25 21:12:06,0,0,31.38,0,1,67,1.11667,2,0.0333333,8,0.133333,19.73,0,0,0,0,0,0,0,0,186,118,2e-04,6e-04,8e-04,0.0019,0.0029,0.0046,0.006,0.0045,9.47,0.01,0
2025-12-25 21:13:06,0,0,31.19,0,1,791,13.1833,31,0.516667,32,0.533333,20.2,0,0,0,0,0,0,0,0,206,150,2e-04,6e-04,8e-04,0.0017,0.0031,0.0048,0.0063,0.0049,8.74,0.01,0
2025-12-25 21:14:06,0,0,31.06,0,2,561,9.35,2,0.0333333,43,0.716667,18.78,0,0,0,0,0,0,0,0,195,146,2e-04,4e-04,8e-04,0.0017,0.0028,0.0046,0.006,0.0046,7.98,0.01,0
2025-12-25 21:15:06,0,0,31.25,0,2,749,12.4833,14,0.233333,68,1.13333,23.2,0,0,0,0,0,0,0,0,203,149,3e-04,6e-04,0.001,0.0021,0.0035,0.0056,0.0073,0.0056,10.28,0.01,0
2025-12-25 21:16:06,0,0,31.5,0,1,1534,25.5667,28,0.466667,101,1.68333,21.91,0,0,0,0,0,0,0,0,185,122,2e-04,5e-04,0.001,0.002,0.0033,0.0053,0.0069,0.0053,9.75,0.01,0
2025-12-25 21:17:06,0,0,31.62,0,1,4,0.0666667,0,0,0,0,16.64,0,0,0,0,0,0,0,0,180,115,2e-04,4e-04,7e-04,0.0015,0.0025,0.004,0.0052,0.004,7.21,0.01,0
2025-12-25 21:18:06,0,0,31.62,0,1,12,0.2,0,0,0,0,16.47,0,0,0,0,0,0,0,0,178,115,2e-04,4e-04,7e-04,0.0014,0.0024,0.004,0.0053,0.0041,7.02,0.01,0
2025-12-25 21:19:06,0,0,31.81,0,1,312,5.2,0,0,31,0.516667,16.81,0,0,0,0,0,0,0,0,172,109,2e-04,5e-04,7e-04,0.0016,0.0025,0.0039,0.0051,0.004,7.83,0.01,0
2025-12-25 21:20:06,0,0,31.75,0,1,129,2.15,0,0,12,0.2,18.07,0,0,0,0,0,0,0,0,170,108,2e-04,5e-04,8e-04,0.0017,0.0027,0.0043,0.0056,0.0043,8.37,0.01,0
2025-12-25 21:21:06,0,0,31.38,0,1,1129,18.8167,20,0.333333,64,1.06667,10.36,0,0,0,0,0,0,0,0,228,161,1e-04,3e-04,4e-04,0.001,0.0016,0.0024,0.0032,0.0026,4.73,0.01,0
2025-12-25 21:22:06,0,0,31.19,0,2,2357,39.2833,34,0.566667,190,3.16667,12.95,0,0,0,0,0,0,0,0,200,150,1e-04,3e-04,5e-04,0.0011,0.0019,0.0032,0.0041,0.0032,5.33,0.01,0
2025-12-25 21:23:06,0,0,30.75,0,2,1659,27.65,62,1.03333,64,1.06667,11.98,0,0,0,0,0,0,0,0,200,165,1e-04,2e-04,4e-04,9e-04,0.0018,0.003,0.0039,0.003,3.97,0.01,0
2025-12-25 21:24:06,0,0,30.56,0,8,7622,127.033,216,3.6,375,6.25,7.99,0,0,0,0,0,0,0,0,207,158,1e-04,2e-04,3e-04,7e-04,0.0012,0.002,0.0026,0.002,3.21,0,0
2025-12-25 21:25:06,0,0,30.62,0,1,4601,76.6833,108,1.8,235,3.91667,6.47,0,0,0,0,0,0,0,0,222,154,1e-04,1e-04,2e-04,5e-04,0.001,0.0016,0.0021,0.0016,2.38,0,0
2025-12-25 21:26:06,0,0,30.38,0,1,2531,42.1833,33,0.55,181,3.01667,8.88,0,0,0,0,0,0,0,0,229,166,1e-04,2e-04,3e-04,7e-04,0.0014,0.0022,0.0026,0.0018,3.19,0,0
2025-12-25 21:27:06,0,0,30.38,0,1,4526,75.4333,94,1.56667,306,5.1,16.37,0,0,0,0,0,0,0,0,194,132,2e-04,4e-04,5e-04,0.0013,0.0026,0.0041,0.0046,0.0029,6.02,0.01,0
2025-12-25 21:28:06,0,0,30.38,0,1,6112,101.867,135,2.25,383,6.38333,14.33,0,0,0,0,0,0,0,0,172,120,1e-04,3e-04,4e-04,0.001,0.0023,0.0037,0.0041,0.0027,4.53,0.01,0
2025-12-25 21:29:06,0,0,30,0,1,4577,76.2833,60,1,311,5.18333,9.81,0,0,0,0,0,0,0,0,222,156,1e-04,2e-04,3e-04,8e-04,0.0015,0.0025,0.003,0.0023,3.5,0,0
2025-12-25 21:30:06,0,0,29.81,0,1,5312,88.5333,86,1.43333,311,5.18333,8.63,0,0,0,0,0,0,0,0,187,122,1e-04,2e-04,3e-04,7e-04,0.0013,0.0022,0.0027,0.002,3.07,0,0
2025-12-25 21:31:06,0,0,29.38,0,1,3494,58.2333,47,0.783333,264,4.4,14.13,0,0,0,0,0,0,0,0,220,156,1e-04,3e-04,5e-04,0.0011,0.0022,0.0035,0.0041,0.0029,5.28,0.01,0
2025-12-25 21:32:06,0,0,29.69,0,1,4791,79.85,102,1.7,323,5.38333,18.45,0,0,0,0,0,0,0,0,227,161,2e-04,4e-04,7e-04,0.0016,0.0028,0.0045,0.0056,0.0041,7.61,0.01,0
2025-12-25 21:33:06,0,0,29.56,0,1,3273,54.55,37,0.616667,275,4.58333,15.64,0,0,0,0,0,0,0,0,193,126,2e-04,4e-04,6e-04,0.0013,0.0024,0.0038,0.0047,0.0034,6.13,0.01,0
2025-12-25 21:34:06,0,0,29.44,0,1,4913,81.8833,107,1.78333,314,5.23333,10.01,0,0,0,0,0,0,0,0,233,170,1e-04,2e-04,4e-04,8e-04,0.0015,0.0025,0.0031,0.0023,3.86,0,0
2025-12-25 21:35:06,0,0,29.38,0,8,6319,105.317,158,2.63333,341,5.68333,9.2,0,0,0,0,0,0,0,0,217,149,1e-04,2e-04,4e-04,8e-04,0.0014,0.0023,0.0029,0.0023,3.71,0,0
2025-12-25 21:36:06,0,0,29.12,0,1,2121,35.35,66,1.1,102,1.7,6.55,0,0,0,0,0,0,0,0,224,158,0,1e-04,2e-04,5e-04,0.001,0.0016,0.0022,0.0018,2.09,0,0
2025-12-25 21:37:06,0,0,29.38,0,4,3672,61.2,117,1.95,170,2.83333,3.72,0,0,0,0,0,0,0,0,157,106,0,0,1e-04,3e-04,5e-04,0.001,0.0013,0.0011,0.96,0,0
2025-12-25 21:38:06,0,0,29.56,0,4,5169,86.15,163,2.71667,269,4.48333,5.88,0,0,0,0,0,0,0,0,177,107,0,1e-04,2e-04,5e-04,9e-04,0.0015,0.002,0.0016,1.8,0,0
2025-12-25 21:39:06,0,0,29,0,2,1364,22.7333,18,0.3,68,1.13333,3.4,0,0,0,0,0,0,0,0,214,175,0,0,1e-04,3e-04,5e-04,9e-04,0.0013,0.0011,0.78,0,0
2025-12-25 21:40:06,0,0,29,0,2,1377,22.95,12,0.2,99,1.65,3.77,0,0,0,0,0,0,0,0,225,161,0,0,1e-04,3e-04,6e-04,0.001,0.0014,0.0012,0.9,0,0
2025-12-25 21:41:06,0,0,29.44,0,16,459,7.65,5,0.0833333,31,0.516667,5.21,0,0,0,0,0,0,0,0,225,176,1e-04,1e-04,2e-04,4e-04,8e-04,0.0014,0.0019,0.0015,1.53,0,0
2025-12-25 21:42:06,0,0,29.69,0,2,273,4.55,0,0,14,0.233333,4.75,0,0,0,0,0,0,0,0,210,148,0,1e-04,2e-04,4e-04,7e-04,0.0012,0.0017,0.0014,1.44,0,0
2025-12-25 21:43:06,0,0,29.75,0,16,1195,19.9167,16,0.266667,69,1.15,5.91,0,0,0,0,0,0,0,0,221,160,0,1e-04,2e-04,5e-04,9e-04,0.0015,0.002,0.0017,1.71,0,0
2025-12-25 21:44:06,0,0,29.81,0,2,1005,16.75,9,0.15,67,1.11667,3.35,0,0,0,0,0,0,0,0,220,158,0,0,0,3e-04,5e-04,9e-04,0.0012,0.0011,0.49,0,0
2025-12-25 21:45:06,0,0,29.69,0,4,271,4.51667,1,0.0166667,21,0.35,5.58,0,0,0,0,0,0,0,0,222,161,0,1e-04,2e-04,5e-04,8e-04,0.0014,0.0019,0.0015,1.73,0,0
2025-12-25 21:46:06,0,0,29.75,0,4,259,4.31667,0,0,14,0.233333,6.72,0,0,0,0,0,0,0,0,220,157,1e-04,1e-04,2e-04,6e-04,0.001,0.0017,0.0022,0.0017,2.17,0,0
2025-12-25 21:47:06,0,0,29.75,0,4,92,1.53333,0,0,5,0.0833333,5.92,0,0,0,0,0,0,0,0,224,160,0,1e-04,2e-04,5e-04,9e-04,0.0015,0.002,0.0015,1.94,0,0
2025-12-25 21:48:06,0,0,29.88,0,4,1322,22.0333,14,0.233333,77,1.28333,3.67,0,0,0,0,0,0,0,0,224,160,0,0,1e-04,3e-04,5e-04,0.001,0.0013,0.0011,0.79,0,0
2025-12-25 21:49:06,0,0,29.88,0,4,2342,39.0333,52,0.866667,128,2.13333,8.09,0,0,0,0,0,0,0,0,192,134,1e-04,1e-04,3e-04,7e-04,0.0012,0.002,0.0027,0.0021,2.89,0,0
2025-12-25 21:50:06,0,0,29.94,0,8,2368,39.4667,57,0.95,147,2.45,7.73,0,0,0,0,0,0,0,0,224,161,1e-04,1e-04,3e-04,6e-04,0.0012,0.002,0.0026,0.0022,2.63,0,0
2025-12-25 21:51:06,0,0,30.19,0,16,2098,34.9667,61,1.01667,155,2.58333,26.42,0,0,0,0,0,0,0,0,188,107,3e-04,6e-04,0.0012,0.0023,0.0039,0.0064,0.0084,0.0063,11.73,0.01,0
2025-12-25 21:52:06,0,0,30.25,0,16,1684,28.0667,31,0.516667,109,1.81667,14.64,0,0,0,0,0,0,0,0,166,106,2e-04,3e-04,6e-04,0.0013,0.0022,0.0036,0.0047,0.0037,6.08,0.01,0
2025-12-25 21:53:06,0,0,30.12,0,1,1095,18.25,14,0.233333,72,1.2,19.2,0,0,0,0,0,0,0,0,164,118,2e-04,4e-04,8e-04,0.0017,0.0029,0.0046,0.0061,0.0046,8.28,0.01,0
2025-12-25 21:54:06,0,0,30.25,0,8,674,11.2333,11,0.183333,42,0.7,15.78,0,0,0,0,0,0,0,0,170,128,2e-04,3e-04,6e-04,0.0014,0.0024,0.0039,0.0051,0.0039,6.37,0.01,0
2025-12-25 21:55:06,0,0,30.25,0,8,2035,33.9167,26,0.433333,177,2.95,15.51,0,0,0,0,0,0,0,0,192,122,2e-04,3e-04,6e-04,0.0014,0.0023,0.0038,0.005,0.0039,6.41,0.01,0
2025-12-25 21:56:06,0,0,30.19,0,8,3471,57.85,102,1.7,196,3.26667,23.51,0,0,0,0,0,0,0,0,199,166,3e-04,5e-04,0.001,0.0021,0.0035,0.0057,0.0075,0.0057,9.99,0.01,0
2025-12-25 21:57:06,0,0,29.88,0,8,2506,41.7667,48,0.8,184,3.06667,20.66,0,0,0,0,0,0,0,0,208,156,2e-04,5e-04,9e-04,0.0019,0.003,0.0051,0.0066,0.0051,8.87,0.01,0
2025-12-25 21:58:06,0,0,30.06,0,8,2653,44.2167,33,0.55,178,2.96667,16.5,0,0,0,0,0,0,0,0,220,160,2e-04,4e-04,7e-04,0.0015,0.0024,0.0041,0.0053,0.0041,6.91,0.01,0
2025-12-25 21:59:06,0,0,29.81,0,1,4168,69.4667,84,1.4,285,4.75,15.36,0,0,0,0,0,0,0,0,223,161,2e-04,4e-04,5e-04,0.0013,0.0024,0.0038,0.0043,0.0028,5.95,0.01,0
2025-12-25 22:00:06,0,0,29.75,0,1,2764,46.0667,49,0.816667,223,3.71667,21.01,0,0,0,0,0,0,0,0,223,156,2e-04,5e-04,6e-04,0.0017,0.0033,0.0052,0.0058,0.0038,7.77,0.01,0
2025-12-25 22:01:06,0,0,29.5,0,1,4796,79.9333,116,1.93333,218,3.63333,27.67,0,0,0,0,0,0,0,0,208,164,3e-04,8e-04,9e-04,0.0023,0.0043,0.0069,0.0076,0.0049,10.94,0.01,0
2025-12-25 22:02:06,0,0,30,0,8,62,1.03333,0,0,2,0.0333333,25.23,0,0,0,0,0,0,0,0,153,110,3e-04,7e-04,8e-04,0.002,0.0039,0.0063,0.0071,0.0045,9.46,0.01,0
2025-12-25 22:03:06,0,0,29.94,0,1,2276,37.9333,33,0.55,174,2.9,23.08,0,0,0,0,0,0,0,0,223,156,3e-04,6e-04,7e-04,0.0018,0.0036,0.0058,0.0064,0.0041,8.65,0.01,0
2025-12-25 22:04:06,0,0,29.62,0,1,3775,62.9167,106,1.76667,181,3.01667,18.36,0,0,0,0,0,0,0,0,208,155,2e-04,5e-04,5e-04,0.0014,0.0029,0.0046,0.0051,0.0033,6.74,0.01,0
2025-12-25 22:05:06,0,0,29.44,0,16,2114,35.2333,55,0.916667,101,1.68333,36.98,0,0,0,0,0,0,0,0,203,114,4e-04,0.001,0.0012,0.0029,0.0058,0.0092,0.0101,0.0065,14.2,0.02,0
2025-12-25 22:06:06,0,0,29.5,0,1,6788,113.133,200,3.33333,332,5.53333,21.87,0,0,0,0,0,0,0,0,171,117,2e-04,6e-04,7e-04,0.0017,0.0034,0.0055,0.006,0.0039,8.2,0.01,0
2025-12-25 22:07:06,0,0,29.31,0,1,5770,96.1667,211,3.51667,293,4.88333,18.14,0,0,0,0,0,0,0,0,219,160,2e-04,5e-04,6e-04,0.0014,0.0028,0.0046,0.0051,0.0033,6.71,0.01,0
2025-12-25 22:08:06,0,0,29.62,0,1,1029,17.15,14,0.233333,77,1.28333,15.7,0,0,0,0,0,0,0,0,225,150,2e-04,4e-04,5e-04,0.0012,0.0025,0.0039,0.0043,0.003,5.72,0.01,0
2025-12-25 22:09:06,0,0,29.69,0,1,563,9.38333,1,0.0166667,38,0.633333,17.14,0,0,0,0,0,0,0,0,230,153,2e-04,4e-04,5e-04,0.0013,0.0027,0.0043,0.0047,0.0032,6.37,0.01,0
2025-12-25 22:10:06,0,0,29.94,0,1,4107,68.45,96,1.6,236,3.93333,17.79,0,0,0,0,0,0,0,0,150,132,2e-04,5e-04,5e-04,0.0014,0.0028,0.0044,0.0049,0.0032,6.61,0.01,0
2025-12-25 22:11:06,0,0,29.94,0,8,462,7.7,5,0.0833333,42,0.7,21.63,0,0,0,0,0,0,0,0,183,142,2e-04,6e-04,7e-04,0.0017,0.0034,0.0054,0.006,0.0039,7.98,0.01,0
2025-12-25 22:12:06,0,0,30.12,0,8,1203,20.05,36,0.6,79,1.31667,20.63,0,0,0,0,0,0,0,0,154,104,2e-04,5e-04,7e-04,0.0016,0.0032,0.0052,0.0057,0.0037,7.8,0.01,0
2025-12-25 22:13:06,0,0,30.25,0,8,24,0.4,0,0,1,0.0166667,22.41,0,0,0,0,0,0,0,0,154,102,2e-04,6e-04,7e-04,0.0017,0.0035,0.0056,0.0061,0.0039,8.55,0.01,0
2025-12-25 22:14:06,0,0,30.19,0,8,1964,32.7333,60,1,85,1.41667,21.34,0,0,0,0,0,0,0,0,224,158,3e-04,7e-04,8e-04,0.0019,0.0033,0.0052,0.0056,0.0036,9.77,0.01,0
2025-12-25 22:15:06,0,0,30.19,0,8,3352,55.8667,78,1.3,180,3,30.65,0,0,0,0,0,0,0,0,215,156,4e-04,8e-04,0.001,0.0024,0.0048,0.0077,0.0083,0.0053,11.82,0.01,0
2025-12-25 22:16:06,0,0,30.12,0,1,3223,53.7167,86,1.43333,158,2.63333,27.58,0,0,0,0,0,0,0,0,189,129,3e-04,8e-04,9e-04,0.0021,0.0043,0.0069,0.0075,0.0048,10.65,0.01,0
2025-12-25 22:17:06,0,0,30,0,8,2994,49.9,82,1.36667,142,2.36667,23.02,0,0,0,0,0,0,0,0,182,133,3e-04,6e-04,8e-04,0.0018,0.0036,0.0058,0.0063,0.0041,8.9,0.01,0
2025-12-25 22:18:06,0,0,30.56,0,1,1858,30.9667,17,0.283333,123,2.05,18.27,0,0,0,0,0,0,0,0,162,110,2e-04,5e-04,6e-04,0.0014,0.0029,0.0046,0.005,0.0033,6.85,0.01,0
2025-12-25 22:19:06,0,0,30.81,0,1,1653,27.55,6,0.1,158,2.63333,19.42,0,0,0,0,0,0,0,0,177,112,2e-04,5e-04,6e-04,0.0015,0.003,0.0048,0.0053,0.0035,7.43,0.01,0
2025-12-25 22:20:06,0,0,30.94,0,1,3003,50.05,59,0.983333,158,2.63333,26.47,0,0,0,0,0,0,0,0,144,110,3e-04,7e-04,9e-04,0.0021,0.0041,0.0066,0.0072,0.0046,10.23,0.01,0
2025-12-25 22:21:06,0,0,30.81,0,8,14,0.233333,0,0,1,0.0166667,15.17,0,0,0,0,0,0,0,0,142,108,2e-04,4e-04,4e-04,0.0012,0.0024,0.0038,0.0041,0.0027,5.37,0.01,0
2025-12-25 22:22:06,0,0,30.56,0,8,1509,25.15,55,0.916667,50,0.833333,14.01,0,0,0,0,0,0,0,0,175,116,1e-04,3e-04,4e-04,0.0011,0.0022,0.0035,0.0039,0.0025,4.96,0.01,0
2025-12-25 22:23:06,0,0,30.5,0,16,5630,93.8333,197,3.28333,213,3.55,17.25,0,0,0,0,0,0,0,0,146,107,2e-04,5e-04,6e-04,0.0014,0.0027,0.0043,0.0046,0.0029,6.79,0.01,0
2025-12-25 22:24:06,0,0,30.88,0,1,1194,19.9,39,0.65,60,1,19.5,0,0,0,0,0,0,0,0,170,133,2e-04,5e-04,6e-04,0.0015,0.0031,0.0049,0.0053,0.0034,7.28,0.01,0
2025-12-25 22:25:06,0,0,31,0,8,2075,34.5833,59,0.983333,121,2.01667,22.56,0,0,0,0,0,0,0,0,151,136,2e-04,6e-04,8e-04,0.0018,0.0035,0.0056,0.0061,0.004,8.72,0.01,0
2025-12-25 22:26:06,0,0,31,0,8,1801,30.0167,44,0.733333,82,1.36667,12.82,0,0,0,0,0,0,0,0,150,120,1e-04,3e-04,4e-04,0.001,0.002,0.0032,0.0036,0.0023,4.55,0.01,0
2025-12-25 22:27:06,0,0,30.94,0,8,0,0,0,0,0,0,2.38,0,0,0,0,0,0,0,0,151,118,0,0,0,2e-04,4e-04,6e-04,8e-04,5e-04,0.15,0,0
2025-12-25 22:28:06,0,0,31.06,0,8,232,3.86667,3,0.05,13,0.216667,9.77,0,0,0,0,0,0,0,0,144,112,1e-04,2e-04,3e-04,7e-04,0.0015,0.0025,0.0027,0.0018,3.33,0,0
2025-12-25 22:29:06,0,0,30.5,0,8,2989,49.8167,92,1.53333,167,2.78333,17.98,0,0,0,0,0,0,0,0,169,110,2e-04,4e-04,5e-04,0.0014,0.0028,0.0045,0.0049,0.0032,6.5,0.01,0
2025-12-25 22:30:06,0,0,30.31,0,1,5087,84.7833,138,2.3,269,4.48333,14.05,0,0,0,0,0,0,0,0,185,130,1e-04,3e-04,4e-04,0.001,0.0022,0.0036,0.0039,0.0025,4.71,0.01,0
2025-12-25 22:31:06,0,0,30.19,0,1,5529,92.15,153,2.55,266,4.43333,20.05,0,0,0,0,0,0,0,0,190,128,2e-04,5e-04,6e-04,0.0016,0.0032,0.005,0.0054,0.0035,7.52,0.01,0
2025-12-25 22:32:06,0,0,30.38,0,8,2419,40.3167,55,0.916667,204,3.4,23.45,0,0,0,0,0,0,0,0,164,119,3e-04,6e-04,8e-04,0.0018,0.0037,0.0059,0.0064,0.0042,9,0.01,0
2025-12-25 22:33:06,0,0,30.44,0,8,6726,112.1,162,2.7,375,6.25,12.72,0,0,0,0,0,0,0,0,221,159,1e-04,3e-04,5e-04,0.0011,0.0019,0.0032,0.0038,0.0027,5.03,0.01,0
2025-12-25 22:34:06,0,0,30.12,0,1,4997,83.2833,146,2.43333,254,4.23333,37.11,0,0,0,0,0,0,0,0,214,154,4e-04,9e-04,0.0011,0.0027,0.0058,0.0095,0.0103,0.0061,12.82,0.01,0
2025-12-25 22:35:06,0,0,29.75,0,16,7143,119.05,198,3.3,438,7.3,26.5,0,0,0,0,0,0,0,0,211,148,4e-04,8e-04,0.0012,0.0028,0.0039,0.0063,0.0072,0.0047,13.7,0.01,0
2025-12-25 22:36:06,0,0,29.69,0,16,15885,264.75,624,10.4,631,10.5167,17.3,0,0,0,0,0,0,0,0,220,156,2e-04,4e-04,6e-04,0.0014,0.0026,0.0043,0.0052,0.0035,6.64,0.01,0
2025-12-25 22:37:06,0,0,29.69,0,1,19025,317.083,759,12.65,656,10.9333,93.87,0,0,0,0,0,0,0,0,216,156,0.0011,0.0026,0.0035,0.0074,0.0144,0.0235,0.0254,0.0152,39.06,0.04,0
2025-12-25 22:38:06,0,0,29.12,0,1,67,1.11667,0,0,3,0.05,4.22,0,0,0,0,0,0,0,0,213,155,0,1e-04,1e-04,4e-04,7e-04,0.0011,0.0015,0.0016,1.05,0,0
2025-12-25 22:39:06,0,0,29,0,1,31,0.516667,0,0,1,0.0166667,4.4,0,0,0,0,0,0,0,0,211,155,0,1e-04,1e-04,3e-04,7e-04,0.0011,0.0016,0.0016,1.11,0,0
2025-12-25 22:40:06,0,0,29.31,0,1,1281,21.35,34,0.566667,65,1.08333,4.33,0,0,0,0,0,0,0,0,227,161,0,1e-04,1e-04,3e-04,7e-04,0.0011,0.0015,0.0015,1.12,0,0
2025-12-25 22:41:06,0,0,29.5,0,1,586,9.76667,9,0.15,50,0.833333,7.8,0,0,0,0,0,0,0,0,187,133,1e-04,1e-04,3e-04,7e-04,0.0012,0.002,0.0026,0.0021,2.68,0,0
2025-12-25 22:42:06,0,0,29.75,0,1,1177,19.6167,28,0.466667,70,1.16667,4.66,0,0,0,0,0,0,0,0,176,106,0,1e-04,1e-04,4e-04,7e-04,0.0012,0.0016,0.0014,1.41,0,0
2025-12-25 22:43:06,0,0,30,0,16,1739,28.9833,30,0.5,142,2.36667,26.44,0,0,0,0,0,0,0,0,175,107,3e-04,6e-04,0.0012,0.0023,0.0039,0.0064,0.0084,0.0064,11.48,0.01,0
2025-12-25 22:44:06,0,0,30.31,0,16,155,2.58333,0,0,7,0.116667,18.7,0,0,0,0,0,0,0,0,156,103,2e-04,4e-04,8e-04,0.0017,0.0028,0.0045,0.006,0.0046,7.9,0.01,0
2025-12-25 22:45:06,0,0,30.5,0,1,12,0.2,0,0,0,0,14.49,0,0,0,0,0,0,0,0,155,103,2e-04,3e-04,6e-04,0.0013,0.0022,0.0035,0.0047,0.0036,5.89,0.01,0
2025-12-25 22:46:06,0,0,30.62,0,16,132,2.2,0,0,8,0.133333,16.39,0,0,0,0,0,0,0,0,153,100,2e-04,3e-04,7e-04,0.0014,0.0024,0.004,0.0053,0.004,6.84,0.01,0
2025-12-25 22:47:06,0,0,30.69,0,16,13,0.216667,0,0,0,0,20.57,0,0,0,0,0,0,0,0,152,100,2e-04,4e-04,9e-04,0.0018,0.003,0.005,0.0065,0.005,8.74,0.01,0
2025-12-25 22:48:06,0,0,30.69,0,16,640,10.6667,5,0.0833333,43,0.716667,21.62,0,0,0,0,0,0,0,0,163,102,2e-04,5e-04,0.001,0.0019,0.0032,0.0053,0.0069,0.0053,9.36,0.01,0
2025-12-25 22:49:06,0,0,30.81,0,16,99,1.65,0,0,9,0.15,26.43,0,0,0,0,0,0,0,0,152,100,3e-04,6e-04,0.0012,0.0023,0.0039,0.0064,0.0084,0.0064,11.57,0.01,0
2025-12-25 22:50:06,0,0,30.94,0,16,0,0,0,0,0,0,26.31,0,0,0,0,0,0,0,0,152,101,3e-04,6e-04,0.0012,0.0023,0.0039,0.0064,0.0084,0.0064,11.37,0.01,0
2025-12-25 22:51:06,0,0,30.69,0,16,900,15,6,0.1,85,1.41667,25.14,0,0,0,0,0,0,0,0,168,111,3e-04,5e-04,0.0011,0.0022,0.0037,0.0061,0.008,0.006,10.92,0.01,0
2025-12-25 22:52:06,0,0,30.81,0,16,520,8.66667,2,0.0333333,38,0.633333,24.83,0,0,0,0,0,0,0,0,169,124,3e-04,6e-04,0.0011,0.0022,0.0037,0.006,0.0079,0.006,10.78,0.01,0
2025-12-25 22:53:06,0,0,31.06,0,16,942,15.7,22,0.366667,76,1.26667,17.62,0,0,0,0,0,0,0,0,204,160,2e-04,4e-04,7e-04,0.0015,0.0026,0.0043,0.0056,0.0043,7.38,0.01,0
2025-12-25 22:54:06,0,0,31.38,0,16,509,8.48333,6,0.1,40,0.666667,19.23,0,0,0,0,0,0,0,0,162,106,2e-04,4e-04,8e-04,0.0017,0.0029,0.0047,0.0062,0.0047,8.14,0.01,0
2025-12-25 22:55:06,0,0,31,0,16,452,7.53333,0,0,36,0.6,26.77,0,0,0,0,0,0,0,0,186,108,3e-04,6e-04,0.0012,0.0023,0.004,0.0065,0.0086,0.0065,11.52,0.01,0
2025-12-25 22:56:06,0,0,31.25,0,16,999,16.65,5,0.0833333,96,1.6,24.76,0,0,0,0,0,0,0,0,174,108,3e-04,5e-04,0.0011,0.0022,0.0037,0.006,0.0079,0.0059,10.82,0.01,0
2025-12-25 22:57:06,0,0,31.12,0,16,3650,60.8333,107,1.78333,218,3.63333,26.16,0,0,0,0,0,0,0,0,198,143,3e-04,6e-04,0.0011,0.0023,0.0039,0.0063,0.0083,0.0063,11.37,0.01,0
2025-12-25 22:58:06,0,0,31.25,0,8,2796,46.6,46,0.766667,243,4.05,15.03,0,0,0,0,0,0,0,0,195,149,2e-04,3e-04,7e-04,0.0013,0.0022,0.0037,0.0048,0.0037,6.34,0.01,0
2025-12-25 22:59:06,0,0,31.44,0,8,2149,35.8167,24,0.4,164,2.73333,17.89,0,0,0,0,0,0,0,0,178,138,2e-04,4e-04,7e-04,0.0015,0.0027,0.0044,0.0058,0.0045,6.94,0.01,0
2025-12-25 23:00:06,0,0,31.31,0,16,2207,36.7833,30,0.5,154,2.56667,31.75,0,0,0,0,0,0,0,0,197,156,4e-04,7e-04,0.0014,0.0029,0.0047,0.0077,0.01,0.0075,14.06,0.01,0
2025-12-25 23:01:06,0,0,31,0,1,4570,76.1667,105,1.75,277,4.61667,11.37,0,0,0,0,0,0,0,0,237,168,1e-04,2e-04,4e-04,9e-04,0.0017,0.0029,0.0038,0.0031,3.92,0.01,0
2025-12-25 23:02:06,0,0,31.12,0,1,1659,27.65,43,0.716667,76,1.26667,3.72,0,0,0,0,0,0,0,0,202,116,0,1e-04,1e-04,3e-04,6e-04,9e-04,0.0013,0.0012,1.07,0,0
2025-12-25 23:03:06,0,0,31.12,0,1,86,1.43333,0,0,5,0.0833333,3.7,0,0,0,0,0,0,0,0,196,108,0,0,1e-04,3e-04,6e-04,9e-04,0.0013,0.0013,0.77,0,0
2025-12-25 23:04:06,0,0,31.12,0,1,94,1.56667,0,0,11,0.183333,3.16,0,0,0,0,0,0,0,0,192,104,0,0,1e-04,3e-04,5e-04,8e-04,0.0011,0.0011,0.74,0,0
2025-12-25 23:05:06,0,0,31.19,0,1,652,10.8667,0,0,86,1.43333,3.25,0,0,0,0,0,0,0,0,192,104,0,0,1e-04,3e-04,5e-04,9e-04,0.0012,0.0011,0.77,0,0
2025-12-25 23:06:06,0,0,31.25,0,1,232,3.86667,0,0,21,0.35,2.52,0,0,0,0,0,0,0,0,178,104,0,0,0,2e-04,4e-04,7e-04,9e-04,9e-04,0.33,0,0
2025-12-25 23:07:06,0,0,31.31,0,1,532,8.86667,0,0,56,0.933333,2.39,0,0,0,0,0,0,0,0,184,103,0,0,0,2e-04,4e-04,6e-04,9e-04,9e-04,0.31,0,0
2025-12-25 23:08:06,0,0,31.38,0,1,715,11.9167,1,0.0166667,73,1.21667,2.61,0,0,0,0,0,0,0,0,190,102,0,0,0,2e-04,4e-04,7e-04,0.001,9e-04,0.44,0,0
2025-12-25 23:09:06,0,0,31.38,0,1,216,3.6,0,0,27,0.45,3.17,0,0,0,0,0,0,0,0,186,105,0,0,1e-04,2e-04,5e-04,9e-04,0.0012,0.0012,0.64,0,0
2025-12-25 23:10:06,0,0,31.5,0,1,589,9.81667,0,0,59,0.983333,3.11,0,0,0,0,0,0,0,0,183,104,0,0,1e-04,2e-04,5e-04,8e-04,0.0011,0.0011,0.58,0,0
2025-12-25 23:11:06,0,0,31.56,0,1,1209,20.15,29,0.483333,94,1.56667,4.85,0,0,0,0,0,0,0,0,176,101,0,0,1e-04,4e-04,7e-04,0.0012,0.0017,0.0015,1.24,0,0
2025-12-25 23:12:06,0,0,31.62,0,1,180,3,0,0,15,0.25,2.66,0,0,0,0,0,0,0,0,176,107,0,0,1e-04,2e-04,4e-04,7e-04,9e-04,0.001,0.59,0,0
2025-12-25 23:13:06,0,0,31.75,0,1,286,4.76667,0,0,26,0.433333,2.87,0,0,0,0,0,0,0,0,178,105,0,0,1e-04,2e-04,4e-04,7e-04,0.001,0.001,0.57,0,0
2025-12-25 23:14:06,0,0,31.81,0,1,665,11.0833,1,0.0166667,78,1.3,3.47,0,0,0,0,0,0,0,0,175,109,0,0,1e-04,3e-04,5e-04,9e-04,0.0013,0.0012,0.77,0,0
2025-12-25 23:15:06,0,0,31.94,0,1,334,5.56667,0,0,34,0.566667,5.32,0,0,0,0,0,0,0,0,171,105,0,1e-04,2e-04,4e-04,8e-04,0.0014,0.0018,0.0017,1.6,0,0
2025-12-25 23:16:06,0,0,32.06,0,1,1017,16.95,1,0.0166667,128,2.13333,4.22,0,0,0,0,0,0,0,0,175,105,0,0,1e-04,3e-04,6e-04,0.0011,0.0015,0.0014,0.98,0,0
2025-12-25 23:17:06,0,0,32.12,0,1,377,6.28333,0,0,47,0.783333,4.66,0,0,0,0,0,0,0,0,179,107,0,1e-04,2e-04,4e-04,7e-04,0.0012,0.0016,0.0015,1.41,0,0
2025-12-25 23:18:06,0,0,32.25,0,1,127,2.11667,0,0,8,0.133333,3.83,0,0,0,0,0,0,0,0,174,107,0,0,1e-04,3e-04,6e-04,0.001,0.0013,0.0013,0.93,0,0
2025-12-25 23:19:06,0,0,32,0,1,2588,43.1333,58,0.966667,157,2.61667,15.45,0,0,0,0,0,0,0,0,236,172,2e-04,3e-04,6e-04,0.0013,0.0023,0.0038,0.005,0.0038,6.28,0.01,0
2025-12-25 23:20:06,0,0,31.81,0,1,1107,18.45,18,0.3,60,1,5.52,0,0,0,0,0,0,0,0,170,107,0,1e-04,2e-04,5e-04,8e-04,0.0014,0.002,0.0017,1.59,0,0
2025-12-25 23:21:06,0,0,31.81,0,1,124,2.06667,0,0,8,0.133333,5.18,0,0,0,0,0,0,0,0,164,109,0,1e-04,2e-04,4e-04,8e-04,0.0013,0.0018,0.0017,1.51,0,0
2025-12-25 23:22:06,0,0,31.75,0,1,3925,65.4167,121,2.01667,235,3.91667,13.77,0,0,0,0,0,0,0,0,199,102,2e-04,4e-04,6e-04,0.0013,0.002,0.0033,0.0044,0.0034,6.33,0.01,0
2025-12-25 23:23:06,0,0,31.75,0,1,678,11.3,5,0.0833333,69,1.15,4.6,0,0,0,0,0,0,0,0,188,101,0,1e-04,1e-04,4e-04,7e-04,0.0012,0.0016,0.0015,1.45,0,0
2025-12-25 23:24:06,0,0,31.75,0,1,807,13.45,0,0,101,1.68333,3.84,0,0,0,0,0,0,0,0,180,100,0,1e-04,1e-04,3e-04,6e-04,0.001,0.0014,0.0014,0.82,0,0
2025-12-25 23:25:06,0,0,31.75,0,1,772,12.8667,0,0,88,1.46667,2.72,0,0,0,0,0,0,0,0,181,101,0,0,1e-04,2e-04,4e-04,7e-04,0.001,0.001,0.62,0,0
2025-12-25 23:26:06,0,0,31.75,0,1,366,6.1,0,0,44,0.733333,2.82,0,0,0,0,0,0,0,0,183,101,0,0,1e-04,2e-04,4e-04,7e-04,0.001,0.0011,0.58,0,0
2025-12-25 23:27:06,0,0,31.75,0,1,780,13,0,0,91,1.51667,2.22,0,0,0,0,0,0,0,0,183,100,0,0,0,2e-04,3e-04,6e-04,8e-04,9e-04,0.35,0,0
2025-12-25 23:28:06,0,0,31.81,0,1,1108,18.4667,1,0.0166667,131,2.18333,3.97,0,0,0,0,0,0,0,0,190,101,0,0,1e-04,3e-04,6e-04,0.0011,0.0014,0.0014,0.84,0,0
2025-12-25 23:29:06,0,0,31.69,0,1,3135,52.25,57,0.95,190,3.16667,8.2,0,0,0,0,0,0,0,0,176,100,1e-04,2e-04,3e-04,7e-04,0.0012,0.002,0.0027,0.0022,3.03,0,0
2025-12-25 23:30:06,0,0,31.81,0,16,868,14.4667,17,0.283333,51,0.85,20.39,0,0,0,0,0,0,0,0,174,141,2e-04,4e-04,9e-04,0.0017,0.003,0.005,0.0065,0.005,8.44,0.01,0
2025-12-25 23:31:06,0,0,31.69,0,16,0,0,0,0,0,0,18.64,0,0,0,0,0,0,0,0,172,140,2e-04,4e-04,8e-04,0.0016,0.0028,0.0046,0.006,0.0046,8.01,0.01,0
2025-12-25 23:32:06,0,0,31.56,0,16,0,0,0,0,0,0,17.48,0,0,0,0,0,0,0,0,166,128,2e-04,4e-04,7e-04,0.0015,0.0026,0.0043,0.0056,0.0043,7.21,0.01,0
2025-12-25 23:33:06,0,0,31.69,0,1,0,0,0,0,0,0,15.97,0,0,0,0,0,0,0,0,164,121,2e-04,3e-04,7e-04,0.0014,0.0024,0.0039,0.0052,0.004,6.51,0.01,0
2025-12-25 23:34:06,0,0,31.5,0,16,99,1.65,1,0.0166667,3,0.05,22.04,0,0,0,0,0,0,0,0,160,105,3e-04,5e-04,9e-04,0.0019,0.0033,0.0054,0.007,0.0053,9.47,0.01,0
2025-12-25 23:35:06,0,0,31.81,0,1,292,4.86667,5,0.0833333,15,0.25,8.93,0,0,0,0,0,0,0,0,192,102,1e-04,2e-04,4e-04,8e-04,0.0013,0.0022,0.0029,0.0023,3.56,0,0
2025-12-25 23:36:06,0,0,31.94,0,1,25,0.416667,0,0,2,0.0333333,0.53,0,0,0,0,0,0,0,0,188,101,0,0,0,0,1e-04,1e-04,2e-04,2e-04,0,0,0
2025-12-25 23:37:06,0,0,32.06,0,1,41,0.683333,0,0,2,0.0333333,0.21,0,0,0,0,0,0,0,0,180,99,0,0,0,0,0,1e-04,1e-04,2e-04,0,0,0
2025-12-25 23:38:06,0,0,32.31,0,1,6,0.1,0,0,0,0,0.21,0,0,0,0,0,0,0,0,169,99,0,0,0,0,0,1e-04,1e-04,2e-04,0,0,0
2025-12-25 23:39:06,0,0,32.5,0,1,9,0.15,0,0,0,0,0.21,0,0,0,0,0,0,0,0,164,99,0,0,0,0,0,1e-04,1e-04,2e-04,0,0,0
2025-12-25 23:40:06,0,0,32.69,0,1,18,0.3,0,0,0,0,0.46,0,0,0,0,0,0,0,0,157,99,0,0,0,0,1e-04,1e-04,2e-04,2e-04,0,0,0
2025-12-25 23:41:06,0,0,32.88,0,1,86,1.43333,0,0,4,0.0666667,0.28,0,0,0,0,0,0,0,0,158,99,0,0,0,0,1e-04,1e-04,1e-04,2e-04,0,0,0
2025-12-25 23:42:06,0,0,32.5,0,1,8022,133.7,249,4.15,402,6.7,6.49,0,0,0,0,0,0,0,0,144,99,1e-04,1e-04,2e-04,5e-04,0.001,0.0016,0.0021,0.0017,2.2,0,0
2025-12-25 23:43:06,0,0,31.94,0,1,12745,212.417,419,6.98333,592,9.86667,6.15,0,0,0,0,0,0,0,0,142,112,1e-04,1e-04,2e-04,5e-04,0.001,0.0015,0.0017,0.0011,2.09,0,0
2025-12-25 23:44:06,0,0,31.44,0,1,6540,109,144,2.4,422,7.03333,0,0,0,0,0,0,0,0,0,139,101,0,0,0,0,0,0,0,0,0,0,0
2025-12-25 23:45:06,0,0,31.5,0,1,6089,101.483,108,1.8,347,5.78333,0,0,0,0,0,0,0,0,0,143,101,0,0,0,0,0,0,0,0,0,0,0
2025-12-25 23:46:06,0,0,31.38,0,1,3940,65.6667,28,0.466667,260,4.33333,0,0,0,0,0,0,0,0,0,149,102,0,0,0,0,0,0,0,0,0,0,0
2025-12-25 23:47:06,0,0,31.19,0,1,2244,37.4,13,0.216667,166,2.76667,0,0,0,0,0,0,0,0,0,141,102,0,0,0,0,0,0,0,0,0,0,0
2025-12-25 23:48:06,0,0,31.12,0,8,3491,58.1833,51,0.85,235,3.91667,0,0,0,0,0,0,0,0,0,148,104,0,0,0,0,0,0,0,0,0,0,0
2025-12-25 23:49:06,0,0,30.81,0,1,10951,182.517,414,6.9,487,8.11667,0,0,0,0,0,0,0,0,0,151,102,0,0,0,0,0,0,0,0,0,0,0
2025-12-25 23:50:06,0,0,30.62,0,1,4249,70.8167,57,0.95,282,4.7,0,0,0,0,0,0,0,0,0,145,102,0,0,0,0,0,0,0,0,0,0,0
2025-12-25 23:51:06,0,0,30.25,0,1,6550,109.167,204,3.4,333,5.55,0,0,0,0,0,0,0,0,0,166,114,0,0,0,0,0,0,0,0,0,0,0
2025-12-25 23:52:06,0,0,29.69,0,1,8440,140.667,229,3.81667,443,7.38333,8.2,0,0,0,0,0,0,0,0,180,120,1e-04,2e-04,3e-04,6e-04,0.0013,0.002,0.0021,0.0013,3.11,0,0
2025-12-25 23:53:06,0,0,29.75,0,8,8915,148.583,290,4.83333,447,7.45,7.79,0,0,0,0,0,0,0,0,188,102,1e-04,2e-04,3e-04,6e-04,0.0012,0.002,0.0021,0.0013,2.97,0,0
2025-12-25 23:54:06,0,0,29.44,0,8,5973,99.55,173,2.88333,302,5.03333,17.55,0,0,0,0,0,0,0,0,166,116,2e-04,5e-04,6e-04,0.0013,0.0027,0.0045,0.0048,0.0029,6.58,0.01,0
2025-12-25 23:55:06,0,0,29.44,0,8,8160,136,242,4.03333,391,6.51667,0,0,0,0,0,0,0,0,0,210,168,0,0,0,0,0,0,0,0,0,0,0
2025-12-25 23:56:06,0,0,29.5,0,8,10627,177.117,332,5.53333,562,9.36667,2.29,0,0,0,0,0,0,0,0,141,101,0,0,1e-04,2e-04,4e-04,6e-04,7e-04,4e-04,0.77,0,0
2025-12-25 23:57:06,0,0,29.38,0,1,2990,49.8333,95,1.58333,150,2.5,1.16,0,0,0,0,0,0,0,0,152,103,0,0,0,1e-04,2e-04,3e-04,4e-04,3e-04,0,0,0
2025-12-25 23:58:06,0,0,29.12,0,1,4508,75.1333,124,2.06667,283,4.71667,1.67,0,0,0,0,0,0,0,0,146,111,0,0,0,1e-04,3e-04,5e-04,6e-04,5e-04,0,0,0
2025-12-25 23:59:06,0,0,29,0,16,770,12.8333,5,0.0833333,58,0.966667,1.97,0,0,0,0,0,0,0,0,154,124,0,0,0,1e-04,3e-04,6e-04,7e-04,6e-04,0.06,0,0
2025-12-26 00:00:06,0,0,29.31,0,16,870,14.5,9,0.15,66,1.1,1.99,0,0,0,0,0,0,0,0,187,146,0,0,0,1e-04,3e-04,6e-04,7e-04,6e-04,0.04,0,0
2025-12-26 00:01:06,0,0,29.31,0,1,651,10.85,13,0.216667,51,0.85,1.99,0,0,0,0,0,0,0,0,148,113,0,0,0,1e-04,3e-04,6e-04,7e-04,6e-04,0.01,0,0
2025-12-26 00:02:06,0,0,29.62,0,16,804,13.4,16,0.266667,49,0.816667,2.13,0,0,0,0,0,0,0,0,160,132,0,0,0,1e-04,3e-04,6e-04,8e-04,6e-04,0,0,0
2025-12-26 00:03:06,0,0,29.94,0,1,454,7.56667,1,0.0166667,20,0.333333,2.16,0,0,0,0,0,0,0,0,146,105,0,0,0,1e-04,4e-04,6e-04,7e-04,6e-04,0.03,0,0
2025-12-26 00:04:06,0,0,30.31,0,16,996,16.6,3,0.05,66,1.1,2.19,0,0,0,0,0,0,0,0,174,114,0,0,0,1e-04,4e-04,6e-04,7e-04,6e-04,0.11,0,0
2025-12-26 00:05:06,0,0,30.38,0,16,851,14.1833,0,0,58,0.966667,1.97,0,0,0,0,0,0,0,0,167,108,0,0,0,1e-04,3e-04,6e-04,7e-04,6e-04,0.04,0,0
2025-12-26 00:06:06,0,0,30.5,0,16,993,16.55,2,0.0333333,65,1.08333,2.05,0,0,0,0,0,0,0,0,193,126,0,0,0,1e-04,3e-04,6e-04,7e-04,6e-04,0.05,0,0
2025-12-26 00:07:06,0,0,30.12,0,1,1663,27.7167,39,0.65,94,1.56667,2.67,0,0,0,0,0,0,0,0,201,146,0,0,0,2e-04,4e-04,7e-04,9e-04,7e-04,0.26,0,0
2025-12-26 00:08:06,0,0,30.06,0,1,1200,20,11,0.183333,86,1.43333,1.72,0,0,0,0,0,0,0,0,212,168,0,0,0,1e-04,3e-04,5e-04,6e-04,5e-04,0,0,0
2025-12-26 00:09:06,0,0,30.31,0,1,837,13.95,8,0.133333,55,0.916667,1.86,0,0,0,0,0,0,0,0,208,152,0,0,0,1e-04,3e-04,5e-04,6e-04,5e-04,0.03,0,0
2025-12-26 00:10:06,0,0,30.44,0,16,7545,125.75,242,4.03333,344,5.73333,1.74,0,0,0,0,0,0,0,0,206,147,0,0,0,1e-04,3e-04,5e-04,6e-04,5e-04,0.01,0,0
2025-12-26 00:11:06,0,0,30.5,0,1,4886,81.4333,141,2.35,282,4.7,2.31,0,0,0,0,0,0,0,0,154,123,0,0,0,1e-04,4e-04,6e-04,8e-04,6e-04,0,0,0
2025-12-26 00:12:06,0,0,30.56,0,2,4802,80.0333,118,1.96667,229,3.81667,1.78,0,0,0,0,0,0,0,0,210,145,0,0,0,1e-04,3e-04,5e-04,6e-04,5e-04,0.05,0,0
2025-12-26 00:13:06,0,0,30.31,0,16,8850,147.5,304,5.06667,399,6.65,2.13,0,0,0,0,0,0,0,0,211,151,0,0,0,1e-04,4e-04,6e-04,8e-04,6e-04,0.01,0,0
2025-12-26 00:14:06,0,0,30.31,0,1,8318,138.633,241,4.01667,440,7.33333,0.66,0,0,0,0,0,0,0,0,204,144,0,0,0,0,1e-04,2e-04,2e-04,2e-04,0.01,0,0
2025-12-26 00:15:06,0,0,29.81,0,16,1829,30.4833,59,0.983333,86,1.43333,2,0,0,0,0,0,0,0,0,154,134,0,0,0,1e-04,3e-04,5e-04,7e-04,5e-04,0.02,0,0
2025-12-26 00:16:06,0,0,30,0,1,332,5.53333,8,0.133333,20,0.333333,1.39,0,0,0,0,0,0,0,0,178,128,0,0,0,1e-04,2e-04,4e-04,5e-04,4e-04,0,0,0
2025-12-26 00:17:06,0,0,30.19,0,1,6528,108.8,198,3.3,347,5.78333,1.65,0,0,0,0,0,0,0,0,184,116,0,0,0,1e-04,3e-04,4e-04,6e-04,3e-04,0.12,0,0
2025-12-26 00:18:06,0,0,30.25,0,16,2317,38.6167,39,0.65,176,2.93333,1.56,0,0,0,0,0,0,0,0,157,114,0,0,0,1e-04,2e-04,5e-04,6e-04,4e-04,0.03,0,0
2025-12-26 00:19:06,0,0,30.25,0,16,0,0,0,0,0,0,1.61,0,0,0,0,0,0,0,0,174,120,0,0,0,1e-04,2e-04,5e-04,5e-04,4e-04,0.07,0,0
2025-12-26 00:20:06,0,0,30.31,0,16,4,0.0666667,0,0,0,0,1.51,0,0,0,0,0,0,0,0,178,122,0,0,0,1e-04,2e-04,5e-04,6e-04,4e-04,0.03,0,0
2025-12-26 00:21:06,0,0,30.44,0,16,0,0,0,0,0,0,1.52,0,0,0,0,0,0,0,0,174,122,0,0,0,1e-04,2e-04,5e-04,5e-04,4e-04,0,0,0
2025-12-26 00:22:06,0,0,30.5,0,16,514,8.56667,13,0.216667,39,0.65,1.44,0,0,0,0,0,0,0,0,183,144,0,0,0,1e-04,2e-04,4e-04,5e-04,4e-04,0.05,0,0
2025-12-26 00:23:06,0,0,30.75,0,1,408,6.8,7,0.116667,34,0.566667,0.49,0,0,0,0,0,0,0,0,168,102,0,0,0,0,1e-04,1e-04,2e-04,2e-04,0,0,0
2025-12-26 00:24:06,0,0,30.81,0,1,241,4.01667,8,0.133333,9,0.15,0.18,0,0,0,0,0,0,0,0,178,104,0,0,0,0,0,1e-04,1e-04,1e-04,0,0,0
2025-12-26 00:25:06,0,0,30.81,0,1,43,0.716667,0,0,3,0.05,0.34,0,0,0,0,0,0,0,0,171,108,0,0,0,0,1e-04,1e-04,2e-04,1e-04,0,0,0
2025-12-26 00:26:06,0,0,30.81,0,1,40,0.666667,0,0,1,0.0166667,0.33,0,0,0,0,0,0,0,0,166,101,0,0,0,0,1e-04,1e-04,2e-04,2e-04,0,0,0
2025-12-26 00:27:06,0,0,30.94,0,1,1151,19.1833,39,0.65,62,1.03333,0.45,0,0,0,0,0,0,0,0,167,113,0,0,0,0,1e-04,2e-04,2e-04,2e-04,0,0,0
2025-12-26 00:28:06,0,0,30.88,0,8,1159,19.3167,24,0.4,67,1.11667,2.54,0,0,0,0,0,0,0,0,192,144,0,0,0,2e-04,4e-04,7e-04,9e-04,7e-04,0.15,0,0
2025-12-26 00:29:06,0,0,30.69,0,8,439,7.31667,14,0.233333,24,0.4,1.56,0,0,0,0,0,0,0,0,143,117,0,0,0,1e-04,3e-04,5e-04,6e-04,4e-04,0,0,0
2025-12-26 00:30:06,0,0,31.19,0,16,86,1.43333,0,0,6,0.1,0,0,0,0,0,0,0,0,0,189,117,0,0,0,0,0,0,0,0,0,0,0
2025-12-26 00:31:06,0,0,31.25,0,1,1041,17.35,36,0.6,53,0.883333,0,0,0,0,0,0,0,0,0,209,108,0,0,0,0,0,0,0,0,0,0,0
2025-12-26 00:32:06,0,0,31.44,0,1,2101,35.0167,75,1.25,117,1.95,1.97,0,0,0,0,0,0,0,0,181,134,0,0,0,1e-04,3e-04,5e-04,7e-04,5e-04,0.12,0,0
2025-12-26 00:33:06,0,0,31.31,0,8,688,11.4667,21,0.35,29,0.483333,2.94,0,0,0,0,0,0,0,0,172,130,0,0,0,2e-04,5e-04,8e-04,0.001,8e-04,0.12,0,0
2025-12-26 00:34:06,0,0,30.81,0,1,6736,112.267,199,3.31667,378,6.3,1.1,0,0,0,0,0,0,0,0,213,132,0,0,0,1e-04,2e-04,3e-04,4e-04,3e-04,0.08,0,0
2025-12-26 00:35:06,0,0,30.56,0,16,7245,120.75,210,3.5,374,6.23333,2.99,0,0,0,0,0,0,0,0,215,151,0,0,1e-04,2e-04,5e-04,8e-04,9e-04,7e-04,0.56,0,0
2025-12-26 00:36:06,0,0,30.5,0,16,2535,42.25,52,0.866667,152,2.53333,3.38,0,0,0,0,0,0,0,0,234,167,0,0,0,2e-04,5e-04,9e-04,0.0011,8e-04,0.56,0,0
2025-12-26 00:37:06,0,0,30.5,0,16,2592,43.2,62,1.03333,153,2.55,2.49,0,0,0,0,0,0,0,0,201,150,0,0,0,2e-04,4e-04,7e-04,8e-04,6e-04,0.32,0,0
2025-12-26 00:38:06,0,0,30.25,0,16,1425,23.75,5,0.0833333,107,1.78333,0,0,0,0,0,0,0,0,0,199,148,0,0,0,0,0,0,0,0,0,0,0
2025-12-26 00:39:06,0,0,30.25,0,16,1687,28.1167,32,0.533333,96,1.6,0,0,0,0,0,0,0,0,0,194,140,0,0,0,0,0,0,0,0,0,0,0
2025-12-26 00:40:06,0,0,30.38,0,16,2642,44.0333,40,0.666667,171,2.85,0,0,0,0,0,0,0,0,0,163,122,0,0,0,0,0,0,0,0,0,0,0
2025-12-26 00:41:06,0,0,30.38,0,16,1420,23.6667,25,0.416667,98,1.63333,0,0,0,0,0,0,0,0,0,203,150,0,0,0,0,0,0,0,0,0,0,0
2025-12-26 00:42:06,0,0,30.25,0,1,8378,139.633,270,4.5,427,7.11667,0,0,0,0,0,0,0,0,0,204,154,0,0,0,0,0,0,0,0,0,0,0
2025-12-26 00:43:06,0,1,30,0,16,4386,73.1,112,1.86667,254,4.23333,0,0,0,0,0,0,0,0,0,217,158,0,0,0,0,0,0,0,0,0,0,0
2025-12-26 00:44:06,0,0,29.56,0,16,1393,23.2167,23,0.383333,79,1.31667,0,0,0,0,0,0,0,0,0,198,162,0,0,0,0,0,0,0,0,0,0,0
2025-12-26 00:45:06,0,0,29.44,0,16,394,6.56667,10,0.166667,18,0.3,0,0,0,0,0,0,0,0,0,216,163,0,0,0,0,0,0,0,0,0,0,0
2025-12-26 00:46:06,0,0,29.19,0,16,0,0,0,0,0,0,0,0,0,0,0,0,0,0,0,218,164,0,0,0,0,0,0,0,0,0,0,0
2025-12-26 00:47:06,0,0,29.25,0,16,0,0,0,0,0,0,0,0,0,0,0,0,0,0,11,219,165,0,0,0,0,0,0,0,0,0,0,0
2025-12-26 00:48:06,0,0,29.56,0,16,1499,24.9833,57,0.95,87,1.45,0,0,0,0,0,0,0,0,11,193,143,0,0,0,0,0,0,0,0,0,0,0
2025-12-26 00:49:06,0,0,30.31,0,1,2270,37.8333,61,1.01667,137,2.28333,0,0,0,0,0,0,0,0,11,199,143,0,0,0,0,0,0,0,0,0,0,0
2025-12-26 00:50:06,0,0,30.56,0,1,196,3.26667,3,0.05,21,0.35,0,0,0,0,0,0,0,0,11,185,128,0,0,0,0,0,0,0,0,0,0,0
2025-12-26 00:51:06,0,0,30.25,0,1,299,4.98333,6,0.1,19,0.316667,0,0,0,0,0,0,0,0,11,199,146,0,0,0,0,0,0,0,0,0,0,0
2025-12-26 00:52:06,0,0,29.94,0,16,0,0,0,0,0,0,0,0,0,0,0,0,0,0,11,200,140,0,0,0,0,0,0,0,0,0,0,0
2025-12-26 00:53:06,0,0,30.06,0,16,0,0,0,0,0,0,0,0,0,0,0,0,0,0,1,195,132,0,0,0,0,0,0,0,0,0,0,1
2025-12-26 00:54:06,0,0,30.12,0,16,0,0,0,0,0,0,0,0,0,0,0,0,0,0,1,196,131,0,0,0,0,0,0,0,0,0,0,1
2025-12-26 00:55:06,0,0,30.5,0,1,127,2.11667,2,0.0333333,12,0.2,0,0,0,0,0,0,0,0,1,207,147,0,0,0,0,0,0,0,0,0,0,1
2025-12-26 00:56:06,0,0,30.56,0,1,0,0,0,0,0,0,0,0,0,0,0,0,0,0,1,206,146,0,0,0,0,0,0,0,0,0,0,1
2025-12-26 00:57:06,0,0,30.5,0,1,0,0,0,0,0,0,0,0,0,0,0,0,0,0,1,206,146,0,0,0,0,0,0,0,0,0,0,1
2025-12-26 00:58:06,0,0,30.5,0,1,0,0,0,0,0,0,0,0,0,0,0,0,0,0,1,206,146,0,0,0,0,0,0,0,0,0,0,1
2025-12-26 00:59:06,0,0,30.5,0,1,0,0,0,0,0,0,0,0,0,0,0,0,0,0,1,206,145,0,0,0,0,0,0,0,0,0,0,1
2025-12-26 01:00:06,0,0,30.44,0,1,0,0,0,0,0,0,0,0,0,0,0,0,0,0,1,206,145,0,0,0,0,0,0,0,0,0,0,1
2025-12-26 01:01:06,0,0,30.38,0,1,0,0,0,0,0,0,0,0,0,0,0,0,0,0,1,206,146,0,0,0,0,0,0,0,0,0,0,1
2025-12-26 01:02:06,0,0,30.38,0,1,0,0,0,0,0,0,0,0,0,0,0,0,0,0,1,204,144,0,0,0,0,0,0,0,0,0,0,1
2025-12-26 01:03:06,0,0,30.44,0,1,0,0,0,0,0,0,0,0,0,0,0,0,0,0,1,204,143,0,0,0,0,0,0,0,0,0,0,1
2025-12-26 01:04:06,0,0,30.44,0,1,0,0,0,0,0,0,0,0,0,0,0,0,0,0,1,204,143,0,0,0,0,0,0,0,0,0,0,1
2025-12-26 01:05:06,0,0,30.44,0,1,0,0,0,0,0,0,0,0,0,0,0,0,0,0,1,205,144,0,0,0,0,0,0,0,0,0,0,1
2025-12-26 01:06:06,0,0,30.44,0,1,0,0,0,0,0,0,0,0,0,0,0,0,0,0,1,203,142,0,0,0,0,0,0,0,0,0,0,1
2025-12-26 01:07:06,0,0,30.44,0,1,0,0,0,0,0,0,0,0,0,0,0,0,0,0,1,202,140,0,0,0,0,0,0,0,0,0,0,1
2025-12-26 01:08:06,0,0,29.75,0,16,120,2,0,0,4,0.0666667,0,0,0,0,0,0,0,0,1,211,156,0,0,0,0,0,0,0,0,0,0,1
2025-12-26 01:09:06,0,0,29.75,0,16,0,0,0,0,0,0,0,0,0,0,0,0,0,0,1,206,153,0,0,0,0,0,0,0,0,0,0,1
2025-12-26 01:10:06,0,0,29.94,0,16,0,0,0,0,0,0,0,0,0,0,0,0,0,0,1,206,153,0,0,0,0,0,0,0,0,0,0,1
2025-12-26 01:11:06,0,0,30.06,0,16,0,0,0,0,0,0,0,0,0,0,0,0,0,0,1,206,152,0,0,0,0,0,0,0,0,0,0,1
2025-12-26 01:12:06,0,0,30.12,0,16,5,0.0833333,0,0,1,0.0166667,0,0,0,0,0,0,0,0,1,209,154,0,0,0,0,0,0,0,0,0,0,1
2025-12-26 01:13:06,0,0,30.19,0,16,0,0,0,0,0,0,0,0,0,0,0,0,0,0,1,207,153,0,0,0,0,0,0,0,0,0,0,1
2025-12-26 01:14:06,0,0,30.25,0,16,0,0,0,0,0,0,0,0,0,0,0,0,0,0,1,207,153,0,0,0,0,0,0,0,0,0,0,1
2025-12-26 01:15:06,0,0,30.31,0,16,0,0,0,0,0,0,0,0,0,0,0,0,0,0,1,207,153,0,0,0,0,0,0,0,0,0,0,1
2025-12-26 01:16:06,0,0,30.31,0,16,0,0,0,0,0,0,0,0,0,0,0,0,0,0,1,207,153,0,0,0,0,0,0,0,0,0,0,1
2025-12-26 01:17:06,0,0,30.31,0,16,0,0,0,0,0,0,0,0,0,0,0,0,0,0,1,208,153,0,0,0,0,0,0,0,0,0,0,1
2025-12-26 01:18:06,0,0,30.31,0,16,0,0,0,0,0,0,0,0,0,0,0,0,0,0,1,208,153,0,0,0,0,0,0,0,0,0,0,1
2025-12-26 01:19:06,0,0,30.31,0,16,0,0,0,0,0,0,0,0,0,0,0,0,0,0,1,209,154,0,0,0,0,0,0,0,0,0,0,1
2025-12-26 01:20:06,0,0,30.25,0,16,0,0,0,0,0,0,0,0,0,0,0,0,0,0,1,210,156,0,0,0,0,0,0,0,0,0,0,1
2025-12-26 01:21:06,0,0,30.31,0,16,156,2.6,3,0.05,17,0.283333,0,0,0,0,0,0,0,0,1,195,146,0,0,0,0,0,0,0,0,0,0,1
2025-12-26 01:22:06,0,0,29.94,0,16,0,0,0,0,0,0,0,0,0,0,0,0,0,0,1,227,163,0,0,0,0,0,0,0,0,0,0,1
2025-12-26 01:23:06,0,0,29.81,0,16,0,0,0,0,0,0,0,0,0,0,0,0,0,0,1,230,164,0,0,0,0,0,0,0,0,0,0,1
2025-12-26 01:24:06,0,0,29.75,0,16,0,0,0,0,0,0,0,0,0,0,0,0,0,0,1,224,160,0,0,0,0,0,0,0,0,0,0,1
2025-12-26 01:25:06,0,0,29.69,0,16,7,0.116667,0,0,1,0.0166667,0,0,0,0,0,0,0,0,1,227,162,0,0,0,0,0,0,0,0,0,0,1
2025-12-26 01:26:06,0,0,29.88,0,16,2804,46.7333,83,1.38333,116,1.93333,0,0,0,0,0,0,0,0,2,202,155,0,0,0,0,0,0,0,0,0,0,1
2025-12-26 01:27:06,0,0,29.94,0,16,683,11.3833,12,0.2,42,0.7,0,0,0,0,0,0,0,0,2,199,150,0,0,0,0,0,0,0,0,0,0,1
2025-12-26 01:28:06,0,0,29.94,0,16,0,0,0,0,0,0,0,0,0,0,0,0,0,0,1,198,148,0,0,0,0,0,0,0,0,0,0,1
2025-12-26 01:29:06,0,0,29.94,0,16,799,13.3167,19,0.316667,56,0.933333,0,0,0,0,0,0,0,0,2,185,123,0,0,0,0,0,0,0,0,0,0,1
2025-12-26 01:30:06,0,0,29.69,0,4,380,6.33333,5,0.0833333,33,0.55,0,0,0,0,0,0,0,0,2,207,154,0,0,0,0,0,0,0,0,0,0,1
2025-12-26 01:31:06,0,0,29.5,0,4,0,0,0,0,0,0,0,0,0,0,0,0,0,0,1,203,152,0,0,0,0,0,0,0,0,0,0,1
2025-12-26 01:32:06,0,0,29.44,0,4,0,0,0,0,0,0,0,0,0,0,0,0,0,0,1,203,151,0,0,0,0,0,0,0,0,0,0,1
2025-12-26 01:33:06,0,0,29.38,0,4,0,0,0,0,0,0,0,0,0,0,0,0,0,0,1,202,151,0,0,0,0,0,0,0,0,0,0,1
2025-12-26 01:34:06,0,0,29.38,0,4,0,0,0,0,0,0,0,0,0,0,0,0,0,0,1,202,151,0,0,0,0,0,0,0,0,0,0,1
2025-12-26 01:35:06,0,0,29.31,0,4,0,0,0,0,0,0,0,0,0,0,0,0,0,0,1,202,151,0,0,0,0,0,0,0,0,0,0,1
2025-12-26 01:36:06,0,0,29.31,0,4,0,0,0,0,0,0,0,0,0,0,0,0,0,0,1,202,151,0,0,0,0,0,0,0,0,0,0,1
2025-12-26 01:37:06,0,0,29.25,0,4,0,0,0,0,0,0,0,0,0,0,0,0,0,0,1,203,151,0,0,0,0,0,0,0,0,0,0,1
2025-12-26 01:38:06,0,0,29.19,0,4,0,0,0,0,0,0,0,0,0,0,0,0,0,0,1,204,153,0,0,0,0,0,0,0,0,0,0,1
2025-12-26 01:39:06,0,0,29.12,0,4,0,0,0,0,0,0,0,0,0,0,0,0,0,0,1,204,152,0,0,0,0,0,0,0,0,0,0,1
2025-12-26 01:40:06,0,0,29.06,0,4,0,0,0,0,0,0,0,0,0,0,0,0,0,0,1,204,152,0,0,0,0,0,0,0,0,0,0,1
2025-12-26 01:41:06,0,0,29.06,0,4,0,0,0,0,0,0,0,0,0,0,0,0,0,0,1,204,153,0,0,0,0,0,0,0,0,0,0,1
2025-12-26 01:42:06,0,0,29,0,4,0,0,0,0,0,0,0,0,0,0,0,0,0,0,1,203,151,0,0,0,0,0,0,0,0,0,0,1
2025-12-26 01:43:06,0,0,28.94,0,4,0,0,0,0,0,0,0,0,0,0,0,0,0,0,1,203,151,0,0,0,0,0,0,0,0,0,0,1
2025-12-26 01:44:06,0,0,28.94,0,4,0,0,0,0,0,0,0,0,0,0,0,0,0,0,1,203,151,0,0,0,0,0,0,0,0,0,0,1
2025-12-26 01:45:06,0,0,28.88,0,4,0,0,0,0,0,0,0,0,0,0,0,0,0,0,1,205,153,0,0,0,0,0,0,0,0,0,0,1
2025-12-26 01:46:06,0,0,28.88,0,4,0,0,0,0,0,0,0,0,0,0,0,0,0,0,1,206,153,0,0,0,0,0,0,0,0,0,0,1
2025-12-26 01:47:06,0,0,28.81,0,4,0,0,0,0,0,0,0,0,0,0,0,0,0,0,1,205,153,0,0,0,0,0,0,0,0,0,0,1
2025-12-26 01:48:06,0,0,28.81,0,4,0,0,0,0,0,0,0,0,0,0,0,0,0,0,1,204,151,0,0,0,0,0,0,0,0,0,0,1
2025-12-26 01:49:06,0,0,28.69,0,4,6,0.1,0,0,1,0.0166667,0,0,0,0,0,0,0,0,1,204,151,0,0,0,0,0,0,0,0,0,0,1
2025-12-26 01:50:06,0,0,28.69,0,4,0,0,0,0,0,0,0,0,0,0,0,0,0,0,1,204,151,0,0,0,0,0,0,0,0,0,0,1
2025-12-26 01:51:06,0,0,28.56,0,4,0,0,0,0,0,0,0,0,0,0,0,0,0,0,1,213,158,0,0,0,0,0,0,0,0,0,0,1
2025-12-26 01:52:06,0,0,28.44,0,4,0,0,0,0,0,0,0,0,0,0,0,0,0,0,1,208,155,0,0,0,0,0,0,0,0,0,0,1
2025-12-26 01:53:06,0,0,28.38,0,4,0,0,0,0,0,0,0,0,0,0,0,0,0,0,1,209,155,0,0,0,0,0,0,0,0,0,0,1
2025-12-26 01:54:06,0,0,28.31,0,4,0,0,0,0,0,0,0,0,0,0,0,0,0,0,1,208,155,0,0,0,0,0,0,0,0,0,0,1
2025-12-26 01:55:06,0,0,28.19,0,4,0,0,0,0,0,0,0,0,0,0,0,0,0,0,1,209,155,0,0,0,0,0,0,0,0,0,0,1
2025-12-26 01:56:06,0,0,28.12,0,4,49,0.816667,0,0,4,0.0666667,0,0,0,0,0,0,0,0,1,207,153,0,0,0,0,0,0,0,0,0,0,1
2025-12-26 01:57:06,0,0,28.12,0,4,0,0,0,0,0,0,0,0,0,0,0,0,0,0,1,204,151,0,0,0,0,0,0,0,0,0,0,1
2025-12-26 01:58:06,0,0,28.06,0,4,0,0,0,0,0,0,0,0,0,0,0,0,0,0,1,207,153,0,0,0,0,0,0,0,0,0,0,1
2025-12-26 01:59:06,0,0,28,0,4,0,0,0,0,0,0,0,0,0,0,0,0,0,0,1,205,152,0,0,0,0,0,0,0,0,0,0,1
2025-12-26 02:00:06,0,0,27.94,0,4,0,0,0,0,0,0,0,0,0,0,0,0,0,0,1,206,153,0,0,0,0,0,0,0,0,0,0,1
2025-12-26 02:01:06,0,0,27.88,0,4,0,0,0,0,0,0,0,0,0,0,0,0,0,0,1,207,153,0,0,0,0,0,0,0,0,0,0,1
2025-12-26 02:02:06,0,0,27.81,0,4,0,0,0,0,0,0,0,0,0,0,0,0,0,0,1,205,152,0,0,0,0,0,0,0,0,0,0,1
2025-12-26 02:03:06,0,0,27.81,0,4,0,0,0,0,0,0,0,0,0,0,0,0,0,0,1,203,151,0,0,0,0,0,0,0,0,0,0,1
2025-12-26 02:04:06,0,0,27.81,0,4,0,0,0,0,0,0,0,0,0,0,0,0,0,0,1,203,151,0,0,0,0,0,0,0,0,0,0,1
2025-12-26 02:05:06,0,0,27.81,0,4,0,0,0,0,0,0,0,0,0,0,0,0,0,0,1,199,150,0,0,0,0,0,0,0,0,0,0,1
2025-12-26 02:06:06,0,0,27.81,0,4,0,0,0,0,0,0,0,0,0,0,0,0,0,0,1,204,151,0,0,0,0,0,0,0,0,0,0,1
2025-12-26 02:07:06,0,0,27.75,0,4,0,0,0,0,0,0,0,0,0,0,0,0,0,0,1,205,153,0,0,0,0,0,0,0,0,0,0,1
2025-12-26 02:08:06,0,0,27.69,0,4,0,0,0,0,0,0,0,0,0,0,0,0,0,0,1,207,153,0,0,0,0,0,0,0,0,0,0,1
2025-12-26 02:09:06,0,0,27.69,0,4,3,0.05,0,0,0,0,0,0,0,0,0,0,0,0,1,203,151,0,0,0,0,0,0,0,0,0,0,1
2025-12-26 02:10:06,0,0,27.69,0,2,455,7.58333,5,0.0833333,35,0.583333,0,0,0,0,0,0,0,0,1,201,151,0,0,0,0,0,0,0,0,0,0,1
2025-12-26 02:11:06,0,0,27.81,0,2,0,0,0,0,0,0,0,0,0,0,0,0,0,0,1,199,151,0,0,0,0,0,0,0,0,0,0,1
2025-12-26 02:12:06,0,0,27.94,0,2,0,0,0,0,0,0,0,0,0,0,0,0,0,0,1,199,150,0,0,0,0,0,0,0,0,0,0,1
2025-12-26 02:13:06,0,0,28.06,0,2,0,0,0,0,0,0,0,0,0,0,0,0,0,0,1,199,150,0,0,0,0,0,0,0,0,0,0,1
2025-12-26 02:14:06,0,0,28.19,0,2,392,6.53333,11,0.183333,24,0.4,0,0,0,0,0,0,0,0,1,184,141,0,0,0,0,0,0,0,0,0,0,1
2025-12-26 02:15:06,0,0,28.38,0,1,382,6.36667,7,0.116667,30,0.5,0,0,0,0,0,0,0,0,1,180,136,0,0,0,0,0,0,0,0,0,0,1
2025-12-26 02:16:06,0,0,28.56,0,16,221,3.68333,3,0.05,14,0.233333,0,0,0,0,0,0,0,0,1,163,113,0,0,0,0,0,0,0,0,0,0,1
2025-12-26 02:17:06,0,0,28.56,0,16,0,0,0,0,0,0,0,0,0,0,0,0,0,0,1,161,111,0,0,0,0,0,0,0,0,0,0,1
2025-12-26 02:18:06,0,0,28.56,0,16,0,0,0,0,0,0,0,0,0,0,0,0,0,0,1,159,109,0,0,0,0,0,0,0,0,0,0,1
2025-12-26 02:19:06,0,0,28.62,0,16,0,0,0,0,0,0,0,0,0,0,0,0,0,0,1,158,108,0,0,0,0,0,0,0,0,0,0,1
2025-12-26 02:20:06,0,0,28.62,0,16,0,0,0,0,0,0,0,0,0,0,0,0,0,0,1,157,107,0,0,0,0,0,0,0,0,0,0,1
2025-12-26 02:21:06,0,0,28.62,0,16,0,0,0,0,0,0,0,0,0,0,0,0,0,0,1,157,107,0,0,0,0,0,0,0,0,0,0,1
2025-12-26 02:22:06,0,0,28.69,0,16,0,0,0,0,0,0,0,0,0,0,0,0,0,0,1,156,106,0,0,0,0,0,0,0,0,0,0,1
2025-12-26 02:23:06,0,0,28.75,0,16,0,0,0,0,0,0,0,0,0,0,0,0,0,0,1,156,106,0,0,0,0,0,0,0,0,0,0,1
2025-12-26 02:24:06,0,0,28.75,0,16,0,0,0,0,0,0,0,0,0,0,0,0,0,0,1,156,105,0,0,0,0,0,0,0,0,0,0,1
2025-12-26 02:25:06,0,0,28.81,0,16,0,0,0,0,0,0,0,0,0,0,0,0,0,0,1,155,105,0,0,0,0,0,0,0,0,0,0,1
2025-12-26 02:26:06,0,0,28.88,0,16,0,0,0,0,0,0,0,0,0,0,0,0,0,0,1,155,105,0,0,0,0,0,0,0,0,0,0,1
2025-12-26 02:27:06,0,0,28.94,0,16,0,0,0,0,0,0,0,0,0,0,0,0,0,0,1,155,105,0,0,0,0,0,0,0,0,0,0,1
2025-12-26 02:28:06,0,0,28.94,0,16,0,0,0,0,0,0,0,0,0,0,0,0,0,0,1,155,104,0,0,0,0,0,0,0,0,0,0,1
2025-12-26 02:29:06,0,0,29,0,16,0,0,0,0,0,0,0,0,0,0,0,0,0,0,1,155,104,0,0,0,0,0,0,0,0,0,0,1
2025-12-26 02:30:06,0,0,29,0,16,0,0,0,0,0,0,0,0,0,0,0,0,0,0,1,156,104,0,0,0,0,0,0,0,0,0,0,1
2025-12-26 02:31:06,0,0,29,0,16,0,0,0,0,0,0,0,0,0,0,0,0,0,0,1,154,103,0,0,0,0,0,0,0,0,0,0,1
2025-12-26 02:32:06,0,0,29.06,0,16,0,0,0,0,0,0,0,0,0,0,0,0,0,0,1,155,104,0,0,0,0,0,0,0,0,0,0,1
2025-12-26 02:33:06,0,0,29.12,0,16,0,0,0,0,0,0,0,0,0,0,0,0,0,0,1,155,103,0,0,0,0,0,0,0,0,0,0,1
2025-12-26 02:34:06,0,0,29.19,0,16,0,0,0,0,0,0,0,0,0,0,0,0,0,0,1,155,103,0,0,0,0,0,0,0,0,0,0,1
2025-12-26 02:35:06,0,0,29.19,0,16,0,0,0,0,0,0,0,0,0,0,0,0,0,0,1,154,103,0,0,0,0,0,0,0,0,0,0,1
2025-12-26 02:36:06,0,0,29.25,0,16,0,0,0,0,0,0,0,0,0,0,0,0,0,0,1,154,103,0,0,0,0,0,0,0,0,0,0,1
2025-12-26 02:37:06,0,0,29.25,0,16,840,14,19,0.316667,55,0.916667,0,0,0,0,0,0,0,0,1,183,128,0,0,0,0,0,0,0,0,0,0,1
2025-12-26 02:38:06,0,0,29.25,0,16,41,0.683333,0,0,2,0.0333333,0,0,0,0,0,0,0,0,1,153,107,0,0,0,0,0,0,0,0,0,0,1
2025-12-26 02:39:06,0,0,29.44,0,16,0,0,0,0,0,0,0,0,0,0,0,0,0,0,1,152,107,0,0,0,0,0,0,0,0,0,0,1
2025-12-26 02:40:06,0,0,29.5,0,16,0,0,0,0,0,0,0,0,0,0,0,0,0,0,1,152,106,0,0,0,0,0,0,0,0,0,0,1
2025-12-26 02:41:06,0,0,29.5,0,16,0,0,0,0,0,0,0,0,0,0,0,0,0,0,1,152,106,0,0,0,0,0,0,0,0,0,0,1
2025-12-26 02:42:06,0,0,29.56,0,16,0,0,0,0,0,0,0,0,0,0,0,0,0,0,1,152,106,0,0,0,0,0,0,0,0,0,0,1
2025-12-26 02:43:06,0,0,29.56,0,16,0,0,0,0,0,0,0,0,0,0,0,0,0,0,1,151,106,0,0,0,0,0,0,0,0,0,0,1
2025-12-26 02:44:06,0,0,29.62,0,16,0,0,0,0,0,0,0,0,0,0,0,0,0,0,1,152,106,0,0,0,0,0,0,0,0,0,0,1
2025-12-26 02:45:06,0,0,29.62,0,16,14,0.233333,0,0,0,0,0,0,0,0,0,0,0,0,1,153,106,0,0,0,0,0,0,0,0,0,0,1
2025-12-26 02:46:06,0,0,29.56,0,16,0,0,0,0,0,0,0,0,0,0,0,0,0,0,1,151,104,0,0,0,0,0,0,0,0,0,0,1
2025-12-26 02:47:06,0,0,29.56,0,16,0,0,0,0,0,0,0,0,0,0,0,0,0,0,1,151,105,0,0,0,0,0,0,0,0,0,0,1
2025-12-26 02:48:06,0,0,29.56,0,16,0,0,0,0,0,0,0,0,0,0,0,0,0,0,1,151,104,0,0,0,0,0,0,0,0,0,0,1
2025-12-26 02:49:06,0,0,29.56,0,16,0,0,0,0,0,0,0,0,0,0,0,0,0,0,1,150,104,0,0,0,0,0,0,0,0,0,0,1
2025-12-26 02:50:06,0,0,29.56,0,16,0,0,0,0,0,0,0,0,0,0,0,0,0,0,1,151,104,0,0,0,0,0,0,0,0,0,0,1
2025-12-26 02:51:06,0,0,29.56,0,16,0,0,0,0,0,0,0,0,0,0,0,0,0,0,1,151,103,0,0,0,0,0,0,0,0,0,0,1
2025-12-26 02:52:06,0,0,29.56,0,16,0,0,0,0,0,0,0,0,0,0,0,0,0,0,1,150,103,0,0,0,0,0,0,0,0,0,0,1
2025-12-26 02:53:06,0,0,29.56,0,16,0,0,0,0,0,0,0,0,0,0,0,0,0,0,1,150,103,0,0,0,0,0,0,0,0,0,0,1
2025-12-26 02:54:06,0,0,29.56,0,16,0,0,0,0,0,0,0,0,0,0,0,0,0,0,1,151,102,0,0,0,0,0,0,0,0,0,0,1
2025-12-26 02:55:06,0,0,29.56,0,16,0,0,0,0,0,0,0,0,0,0,0,0,0,0,1,150,102,0,0,0,0,0,0,0,0,0,0,1
2025-12-26 02:56:06,0,0,29.56,0,16,0,0,0,0,0,0,0,0,0,0,0,0,0,0,1,150,102,0,0,0,0,0,0,0,0,0,0,1
2025-12-26 02:57:06,0,0,29.56,0,16,0,0,0,0,0,0,0,0,0,0,0,0,0,0,1,149,102,0,0,0,0,0,0,0,0,0,0,1
2025-12-26 02:58:06,0,0,29.62,0,16,0,0,0,0,0,0,0,0,0,0,0,0,0,0,1,149,102,0,0,0,0,0,0,0,0,0,0,1
2025-12-26 02:59:06,0,0,29.62,0,16,0,0,0,0,0,0,0,0,0,0,0,0,0,0,1,149,102,0,0,0,0,0,0,0,0,0,0,1
2025-12-26 03:00:06,0,0,29.62,0,16,519,8.65,14,0.233333,33,0.55,0,0,0,0,0,0,0,0,1,145,102,0,0,0,0,0,0,0,0,0,0,1
2025-12-26 03:01:06,0,0,29.5,0,1,0,0,0,0,0,0,0,0,0,0,0,0,0,0,1,162,100,0,0,0,0,0,0,0,0,0,0,1
2025-12-26 03:02:06,0,0,29.31,0,1,0,0,0,0,0,0,0,0,0,0,0,0,0,0,1,161,101,0,0,0,0,0,0,0,0,0,0,1
2025-12-26 03:03:06,0,0,29.25,0,1,0,0,0,0,0,0,0,0,0,0,0,0,0,0,1,161,100,0,0,0,0,0,0,0,0,0,0,1
2025-12-26 03:04:06,0,0,29.19,0,1,0,0,0,0,0,0,0,0,0,0,0,0,0,0,1,161,101,0,0,0,0,0,0,0,0,0,0,1
2025-12-26 03:05:06,0,0,29.12,0,16,67,1.11667,1,0.0166667,5,0.0833333,0,0,0,0,0,0,0,0,1,152,99,0,0,0,0,0,0,0,0,0,0,1
2025-12-26 03:06:06,0,0,29.06,0,16,1204,20.0667,32,0.533333,77,1.28333,0,0,0,0,0,0,0,0,2,155,99,0,0,0,0,0,0,0,0,0,0,1
2025-12-26 03:07:06,0,0,29.06,0,16,46,0.766667,0,0,2,0.0333333,0,0,0,0,0,0,0,0,1,155,99,0,0,0,0,0,0,0,0,0,0,1
2025-12-26 03:08:06,0,0,29,0,1,1727,28.7833,51,0.85,117,1.95,0,0,0,0,0,0,0,0,2,151,99,0,0,0,0,0,0,0,0,0,0,1
2025-12-26 03:09:06,0,0,29.06,0,1,552,9.2,15,0.25,41,0.683333,0,0,0,0,0,0,0,0,2,151,100,0,0,0,0,0,0,0,0,0,0,1
2025-12-26 03:10:06,0,0,29.12,0,16,3,0.05,0,0,0,0,0,0,0,0,0,0,0,0,1,151,99,0,0,0,0,0,0,0,0,0,0,1
2025-12-26 03:11:06,0,0,29.19,0,16,5,0.0833333,0,0,0,0,0,0,0,0,0,0,0,0,1,147,99,0,0,0,0,0,0,0,0,0,0,1
2025-12-26 03:12:06,0,0,29.25,0,16,0,0,0,0,0,0,0,0,0,0,0,0,0,0,1,147,99,0,0,0,0,0,0,0,0,0,0,1
2025-12-26 03:13:06,0,0,29.31,0,16,0,0,0,0,0,0,0,0,0,0,0,0,0,0,1,147,99,0,0,0,0,0,0,0,0,0,0,1
2025-12-26 03:14:06,0,0,29.38,0,16,0,0,0,0,0,0,0,0,0,0,0,0,0,0,1,146,99,0,0,0,0,0,0,0,0,0,0,1
2025-12-26 03:15:06,0,0,29.5,0,16,0,0,0,0,0,0,0,0,0,0,0,0,0,0,1,147,99,0,0,0,0,0,0,0,0,0,0,1
2025-12-26 03:16:06,0,0,29.5,0,16,0,0,0,0,0,0,0,0,0,0,0,0,0,0,1,147,99,0,0,0,0,0,0,0,0,0,0,1
2025-12-26 03:17:06,0,0,29.62,0,16,214,3.56667,8,0.133333,15,0.25,0,0,0,0,0,0,0,0,2,148,99,0,0,0,0,0,0,0,0,0,0,1
2025-12-26 03:18:06,0,0,29.69,0,16,1540,25.6667,36,0.6,99,1.65,0,0,0,0,0,0,0,0,2,143,100,0,0,0,0,0,0,0,0,0,0,1
2025-12-26 03:19:06,0,0,29.75,0,1,5869,97.8167,164,2.73333,333,5.55,0,0,0,0,0,0,0,0,2,147,100,0,0,0,0,0,0,0,0,0,0,1
2025-12-26 03:20:06,0,0,29.81,0,8,1819,30.3167,32,0.533333,134,2.23333,0,0,0,0,0,0,0,0,2,141,99,0,0,0,0,0,0,0,0,0,0,1
2025-12-26 03:21:06,0,0,29.88,0,8,5534,92.2333,136,2.26667,331,5.51667,0,0,0,0,0,0,0,0,2,152,102,0,0,0,0,0,0,0,0,0,0,1
2025-12-26 03:22:06,0,0,30.31,0,16,587,9.78333,19,0.316667,34,0.566667,0,0,0,0,0,0,0,0,2,178,122,0,0,0,0,0,0,0,0,0,0,1
2025-12-26 03:23:06,0,0,30.5,0,16,6,0.1,0,0,1,0.0166667,0,0,0,0,0,0,0,0,2,172,116,0,0,0,0,0,0,0,0,0,0,1
2025-12-26 03:24:06,0,0,30.88,0,16,0,0,0,0,0,0,0,0,0,0,0,0,0,0,2,169,112,0,0,0,0,0,0,0,0,0,0,1
2025-12-26 03:25:06,0,0,31.12,0,16,0,0,0,0,0,0,0,0,0,0,0,0,0,0,2,167,110,0,0,0,0,0,0,0,0,0,0,1
2025-12-26 03:26:06,0,0,31.25,0,16,6,0.1,0,0,1,0.0166667,0,0,0,0,0,0,0,0,1,172,112,0,0,0,0,0,0,0,0,0,0,1
2025-12-26 03:27:06,0,0,31.31,0,16,0,0,0,0,0,0,0,0,0,0,0,0,0,0,1,166,109,0,0,0,0,0,0,0,0,0,0,1
2025-12-26 03:28:06,0,0,31.44,0,16,0,0,0,0,0,0,0,0,0,0,0,0,0,0,1,164,108,0,0,0,0,0,0,0,0,0,0,1
2025-12-26 03:29:06,0,0,31.56,0,16,0,0,0,0,0,0,0,0,0,0,0,0,0,0,1,163,107,0,0,0,0,0,0,0,0,0,0,1
2025-12-26 03:30:06,0,0,31.69,0,16,0,0,0,0,0,0,0,0,0,0,0,0,0,0,1,162,107,0,0,0,0,0,0,0,0,0,0,1
2025-12-26 03:31:06,0,0,31.69,0,16,148,2.46667,4,0.0666667,12,0.2,0,0,0,0,0,0,0,0,1,168,105,0,0,0,0,0,0,0,0,0,0,1
2025-12-26 03:32:06,0,0,31.69,0,16,0,0,0,0,0,0,0,0,0,0,0,0,0,0,1,163,105,0,0,0,0,0,0,0,0,0,0,1
2025-12-26 03:33:06,0,0,31.75,0,16,59,0.983333,0,0,4,0.0666667,0,0,0,0,0,0,0,0,1,163,104,0,0,0,0,0,0,0,0,0,0,1
2025-12-26 03:34:06,0,0,31.56,0,16,141,2.35,2,0.0333333,9,0.15,0,0,0,0,0,0,0,0,1,148,147,0,0,0,0,0,0,0,0,0,0,1
2025-12-26 03:35:06,0,0,31.5,0,16,0,0,0,0,0,0,0,0,0,0,0,0,0,0,1,146,147,0,0,0,0,0,0,0,0,0,0,1
2025-12-26 03:36:06,0,0,31.5,0,16,0,0,0,0,0,0,0,0,0,0,0,0,0,0,1,145,146,0,0,0,0,0,0,0,0,0,0,1
2025-12-26 03:37:06,0,0,31.31,0,16,2025,33.75,58,0.966667,78,1.3,0,0,0,0,0,0,0,0,2,233,167,0,0,0,0,0,0,0,0,0,0,1
2025-12-26 03:38:06,0,0,31.12,0,16,0,0,0,0,0,0,0,0,0,0,0,0,0,0,1,227,163,0,0,0,0,0,0,0,0,0,0,1
2025-12-26 03:39:06,0,0,31.06,0,16,1994,33.2333,40,0.666667,138,2.3,0,0,0,0,0,0,0,0,2,151,128,0,0,0,0,0,0,0,0,0,0,1
2025-12-26 03:40:06,0,0,30.88,0,16,8,0.133333,0,0,1,0.0166667,0,0,0,0,0,0,0,0,1,141,120,0,0,0,0,0,0,0,0,0,0,1
2025-12-26 03:41:06,0,0,30.94,0,16,0,0,0,0,0,0,0,0,0,0,0,0,0,0,2,140,119,0,0,0,0,0,0,0,0,0,0,1
2025-12-26 03:42:06,0,0,31.06,0,16,0,0,0,0,0,0,0,0,0,0,0,0,0,0,1,139,117,0,0,0,0,0,0,0,0,0,0,1
2025-12-26 03:43:06,0,0,31.19,0,16,0,0,0,0,0,0,0,0,0,0,0,0,0,0,1,138,115,0,0,0,0,0,0,0,0,0,0,1
2025-12-26 03:44:06,0,0,31.31,0,16,0,0,0,0,0,0,0,0,0,0,0,0,0,0,1,138,115,0,0,0,0,0,0,0,0,0,0,1
2025-12-26 03:45:06,0,0,31.44,0,16,0,0,0,0,0,0,0,0,0,0,0,0,0,0,1,137,115,0,0,0,0,0,0,0,0,0,0,1
2025-12-26 03:46:06,0,0,31.56,0,16,0,0,0,0,0,0,0,0,0,0,0,0,0,0,1,137,114,0,0,0,0,0,0,0,0,0,0,1
2025-12-26 03:47:06,0,0,31.81,0,16,342,5.7,10,0.166667,21,0.35,0,0,0,0,0,0,0,0,1,139,101,0,0,0,0,0,0,0,0,0,0,1
2025-12-26 03:48:06,0,0,32.06,0,16,0,0,0,0,0,0,0,0,0,0,0,0,0,0,1,138,100,0,0,0,0,0,0,0,0,0,0,1
2025-12-26 03:49:06,0,0,32.19,0,16,0,0,0,0,0,0,0,0,0,0,0,0,0,0,1,137,100,0,0,0,0,0,0,0,0,0,0,1
2025-12-26 03:50:06,0,0,32.31,0,16,0,0,0,0,0,0,0,0,0,0,0,0,0,0,1,137,100,0,0,0,0,0,0,0,0,0,0,1
2025-12-26 03:51:06,0,0,32.38,0,16,0,0,0,0,0,0,0,0,0,0,0,0,0,0,1,137,100,0,0,0,0,0,0,0,0,0,0,1
2025-12-26 03:52:06,0,0,32.5,0,16,1169,19.4833,29,0.483333,62,1.03333,0,0,0,0,0,0,0,0,2,152,102,0,0,0,0,0,0,0,0,0,0,1
2025-12-26 03:53:06,0,0,32.5,0,16,1704,28.4,59,0.983333,94,1.56667,0,0,0,0,0,0,0,0,2,228,156,0,0,0,0,0,0,0,0,0,0,1
2025-12-26 03:54:06,0,0,32.69,0,16,0,0,0,0,0,0,0,0,0,0,0,0,0,0,2,227,154,0,0,0,0,0,0,0,0,0,0,1
2025-12-26 03:55:06,0,0,32.88,0,16,1895,31.5833,57,0.95,131,2.18333,0,0,0,0,0,0,0,0,2,201,152,0,0,0,0,0,0,0,0,0,0,1
2025-12-26 03:56:06,0,0,32.94,0,16,0,0,0,0,0,0,0,0,0,0,0,0,0,0,2,147,105,0,0,0,0,0,0,0,0,0,0,1
2025-12-26 03:57:06,0,0,32.69,0,16,0,0,0,0,0,0,0,0,0,0,0,0,0,0,2,145,103,0,0,0,0,0,0,0,0,0,0,1
2025-12-26 03:58:06,0,0,32.5,0,16,0,0,0,0,0,0,0,0,0,0,0,0,0,0,1,144,102,0,0,0,0,0,0,0,0,0,0,1
2025-12-26 03:59:06,0,0,32.19,0,16,0,0,0,0,0,0,0,0,0,0,0,0,0,0,1,143,102,0,0,0,0,0,0,0,0,0,0,1
2025-12-26 04:00:06,0,0,32,0,16,0,0,0,0,0,0,0,0,0,0,0,0,0,0,1,143,102,0,0,0,0,0,0,0,0,0,0,1
2025-12-26 04:01:06,0,0,31.75,0,16,17,0.283333,0,0,2,0.0333333,0,0,0,0,0,0,0,0,1,143,102,0,0,0,0,0,0,0,0,0,0,1
2025-12-26 04:02:06,0,0,31.56,0,16,0,0,0,0,0,0,0,0,0,0,0,0,0,0,1,143,102,0,0,0,0,0,0,0,0,0,0,1
2025-12-26 04:03:06,0,0,31.38,0,16,0,0,0,0,0,0,0,0,0,0,0,0,0,0,1,143,102,0,0,0,0,0,0,0,0,0,0,1
2025-12-26 04:04:06,0,0,31.19,0,16,0,0,0,0,0,0,0,0,0,0,0,0,0,0,1,142,101,0,0,0,0,0,0,0,0,0,0,1
2025-12-26 04:05:06,0,0,31.06,0,16,0,0,0,0,0,0,0,0,0,0,0,0,0,0,1,143,101,0,0,0,0,0,0,0,0,0,0,1
2025-12-26 04:06:06,0,0,30.94,0,16,0,0,0,0,0,0,0,0,0,0,0,0,0,0,1,142,101,0,0,0,0,0,0,0,0,0,0,1
2025-12-26 04:07:06,0,0,30.81,0,16,0,0,0,0,0,0,0,0,0,0,0,0,0,0,1,142,101,0,0,0,0,0,0,0,0,0,0,1
2025-12-26 04:08:06,0,0,30.75,0,16,0,0,0,0,0,0,0,0,0,0,0,0,0,0,1,142,100,0,0,0,0,0,0,0,0,0,0,1
2025-12-26 04:09:06,0,0,30.62,0,16,79,1.31667,0,0,3,0.05,0,0,0,0,0,0,0,0,1,141,100,0,0,0,0,0,0,0,0,0,0,1
2025-12-26 04:10:06,0,0,30.56,0,16,0,0,0,0,0,0,0,0,0,0,0,0,0,0,1,141,100,0,0,0,0,0,0,0,0,0,0,1
2025-12-26 04:11:06,0,0,30.5,0,16,0,0,0,0,0,0,0,0,0,0,0,0,0,0,1,142,100,0,0,0,0,0,0,0,0,0,0,1
2025-12-26 04:12:06,0,0,30.44,0,16,536,8.93333,6,0.1,48,0.8,0,0,0,0,0,0,0,0,2,141,100,0,0,0,0,0,0,0,0,0,0,1
2025-12-26 04:13:06,0,0,29.94,0,16,1657,27.6167,60,1,66,1.1,0,0,0,0,0,0,0,0,2,156,108,0,0,0,0,0,0,0,0,0,0,1
2025-12-26 04:14:06,0,0,30.31,0,16,1623,27.05,38,0.633333,116,1.93333,0,0,0,0,0,0,0,0,2,187,121,0,0,0,0,0,0,0,0,0,0,1
2025-12-26 04:15:06,0,0,30.56,0,16,0,0,0,0,0,0,0,0,0,0,0,0,0,0,1,177,110,0,0,0,0,0,0,0,0,0,0,1
2025-12-26 04:16:06,0,0,30.75,0,16,0,0,0,0,0,0,0,0,0,0,0,0,0,0,1,176,108,0,0,0,0,0,0,0,0,0,0,1
2025-12-26 04:17:06,0,0,31,0,16,7,0.116667,0,0,1,0.0166667,0,0,0,0,0,0,0,0,2,169,105,0,0,0,0,0,0,0,0,0,0,1
2025-12-26 04:18:06,0,0,31.19,0,16,0,0,0,0,0,0,0,0,0,0,0,0,0,0,1,173,105,0,0,0,0,0,0,0,0,0,0,1
2025-12-26 04:19:06,0,0,31.38,0,16,0,0,0,0,0,0,0,0,0,0,0,0,0,0,1,171,105,0,0,0,0,0,0,0,0,0,0,1
2025-12-26 04:20:06,0,0,31.56,0,16,0,0,0,0,0,0,0,0,0,0,0,0,0,0,1,171,105,0,0,0,0,0,0,0,0,0,0,1
2025-12-26 04:21:06,0,0,31.75,0,16,0,0,0,0,0,0,0,0,0,0,0,0,0,0,1,174,106,0,0,0,0,0,0,0,0,0,0,1
2025-12-26 04:22:06,0,0,31.88,0,16,0,0,0,0,0,0,0,0,0,0,0,0,0,0,1,173,105,0,0,0,0,0,0,0,0,0,0,1
2025-12-26 04:23:06,0,0,32,0,16,0,0,0,0,0,0,0,0,0,0,0,0,0,0,1,170,105,0,0,0,0,0,0,0,0,0,0,1
2025-12-26 04:24:06,0,0,32.19,0,16,0,0,0,0,0,0,0,0,0,0,0,0,0,0,1,172,105,0,0,0,0,0,0,0,0,0,0,1
2025-12-26 04:25:06,0,0,32.31,0,16,0,0,0,0,0,0,0,0,0,0,0,0,0,0,1,171,104,0,0,0,0,0,0,0,0,0,0,1
2025-12-26 04:26:06,0,0,32.44,0,16,0,0,0,0,0,0,0,0,0,0,0,0,0,0,1,170,104,0,0,0,0,0,0,0,0,0,0,1
2025-12-26 04:27:06,0,0,32.56,0,16,0,0,0,0,0,0,0,0,0,0,0,0,0,0,1,175,104,0,0,0,0,0,0,0,0,0,0,1
2025-12-26 04:28:06,0,0,32.69,0,16,0,0,0,0,0,0,0,0,0,0,0,0,0,0,1,176,105,0,0,0,0,0,0,0,0,0,0,1
2025-12-26 04:29:06,0,0,32.75,0,16,0,0,0,0,0,0,0,0,0,0,0,0,0,0,1,171,104,0,0,0,0,0,0,0,0,0,0,1
2025-12-26 04:30:06,0,0,32.88,0,16,0,0,0,0,0,0,0,0,0,0,0,0,0,0,1,175,104,0,0,0,0,0,0,0,0,0,0,1
2025-12-26 04:31:06,0,0,33,0,16,0,0,0,0,0,0,0,0,0,0,0,0,0,0,1,172,105,0,0,0,0,0,0,0,0,0,0,1
2025-12-26 04:32:06,0,0,33.06,0,16,0,0,0,0,0,0,0,0,0,0,0,0,0,0,1,176,105,0,0,0,0,0,0,0,0,0,0,1
2025-12-26 04:33:06,0,0,33.19,0,16,0,0,0,0,0,0,0,0,0,0,0,0,0,0,1,176,105,0,0,0,0,0,0,0,0,0,0,1
2025-12-26 04:34:06,0,0,33.25,0,16,0,0,0,0,0,0,0,0,0,0,0,0,0,0,1,172,105,0,0,0,0,0,0,0,0,0,0,1
2025-12-26 04:35:06,0,0,33.19,0,1,914,15.2333,25,0.416667,38,0.633333,0,0,0,0,0,0,0,0,1,151,109,0,0,0,0,0,0,0,0,0,0,1
2025-12-26 04:36:06,0,0,32.94,0,1,0,0,0,0,0,0,0,0,0,0,0,0,0,0,1,148,106,0,0,0,0,0,0,0,0,0,0,1
2025-12-26 04:37:06,0,0,32.62,0,1,0,0,0,0,0,0,0,0,0,0,0,0,0,0,1,147,106,0,0,0,0,0,0,0,0,0,0,1
2025-12-26 04:38:06,0,0,32.31,0,1,0,0,0,0,0,0,0,0,0,0,0,0,0,0,1,146,106,0,0,0,0,0,0,0,0,0,0,1
2025-12-26 04:39:06,0,0,31.94,0,1,0,0,0,0,0,0,0,0,0,0,0,0,0,0,1,146,106,0,0,0,0,0,0,0,0,0,0,1
2025-12-26 04:40:06,0,0,31.69,0,1,0,0,0,0,0,0,0,0,0,0,0,0,0,0,1,145,106,0,0,0,0,0,0,0,0,0,0,1
2025-12-26 04:41:06,0,0,31.44,0,1,0,0,0,0,0,0,0,0,0,0,0,0,0,0,1,145,106,0,0,0,0,0,0,0,0,0,0,1
2025-12-26 04:42:06,0,0,31.19,0,1,0,0,0,0,0,0,0,0,0,0,0,0,0,0,1,145,106,0,0,0,0,0,0,0,0,0,0,1
2025-12-26 04:43:06,0,0,30.94,0,1,0,0,0,0,0,0,0,0,0,0,0,0,0,0,1,145,105,0,0,0,0,0,0,0,0,0,0,1
2025-12-26 04:44:06,0,0,30.75,0,1,9,0.15,0,0,0,0,0,0,0,0,0,0,0,0,1,145,105,0,0,0,0,0,0,0,0,0,0,1
2025-12-26 04:45:06,0,0,30.56,0,1,0,0,0,0,0,0,0,0,0,0,0,0,0,0,1,146,105,0,0,0,0,0,0,0,0,0,0,1
2025-12-26 04:46:06,0,0,30.38,0,1,0,0,0,0,0,0,0,0,0,0,0,0,0,0,1,145,105,0,0,0,0,0,0,0,0,0,0,1
2025-12-26 04:47:06,0,0,30.19,0,1,0,0,0,0,0,0,0,0,0,0,0,0,0,0,1,145,105,0,0,0,0,0,0,0,0,0,0,1
2025-12-26 04:48:06,0,0,30.06,0,1,0,0,0,0,0,0,0,0,0,0,0,0,0,0,1,145,105,0,0,0,0,0,0,0,0,0,0,1
2025-12-26 04:49:06,0,0,29.94,0,1,0,0,0,0,0,0,0,0,0,0,0,0,0,0,1,146,105,0,0,0,0,0,0,0,0,0,0,1
2025-12-26 04:50:06,0,0,29.81,0,1,0,0,0,0,0,0,0,0,0,0,0,0,0,0,1,145,105,0,0,0,0,0,0,0,0,0,0,1
2025-12-26 04:51:06,0,0,29.69,0,1,0,0,0,0,0,0,0,0,0,0,0,0,0,0,1,146,105,0,0,0,0,0,0,0,0,0,0,1
2025-12-26 04:52:06,0,0,29.56,0,1,0,0,0,0,0,0,0,0,0,0,0,0,0,0,1,147,106,0,0,0,0,0,0,0,0,0,0,1
2025-12-26 04:53:06,0,0,29.5,0,1,0,0,0,0,0,0,0,0,0,0,0,0,0,0,1,145,105,0,0,0,0,0,0,0,0,0,0,1
2025-12-26 04:54:06,0,0,29.38,0,1,0,0,0,0,0,0,0,0,0,0,0,0,0,0,1,145,105,0,0,0,0,0,0,0,0,0,0,1
2025-12-26 04:55:06,0,0,29.31,0,1,0,0,0,0,0,0,0,0,0,0,0,0,0,0,1,145,105,0,0,0,0,0,0,0,0,0,0,1
2025-12-26 04:56:06,0,0,29.25,0,1,0,0,0,0,0,0,0,0,0,0,0,0,0,0,1,145,106,0,0,0,0,0,0,0,0,0,0,1
2025-12-26 04:57:06,0,0,29.12,0,1,0,0,0,0,0,0,0,0,0,0,0,0,0,0,1,144,105,0,0,0,0,0,0,0,0,0,0,1
2025-12-26 04:58:06,0,0,29.06,0,1,0,0,0,0,0,0,0,0,0,0,0,0,0,0,1,144,106,0,0,0,0,0,0,0,0,0,0,1
2025-12-26 04:59:06,0,0,29,0,1,0,0,0,0,0,0,0,0,0,0,0,0,0,0,1,144,105,0,0,0,0,0,0,0,0,0,0,1
2025-12-26 05:00:06,0,0,29,0,1,0,0,0,0,0,0,0,0,0,0,0,0,0,0,1,145,106,0,0,0,0,0,0,0,0,0,0,1
2025-12-26 05:01:06,0,0,29.12,0,16,1304,21.7333,50,0.833333,66,1.1,0,0,0,0,0,0,0,0,2,141,100,0,0,0,0,0,0,0,0,0,0,1
2025-12-26 05:02:06,0,0,29.31,0,16,536,8.93333,12,0.2,45,0.75,0,0,0,0,0,0,0,0,2,144,100,0,0,0,0,0,0,0,0,0,0,1
2025-12-26 05:03:06,0,0,29.56,0,1,0,0,0,0,0,0,0,0,0,0,0,0,0,0,2,143,100,0,0,0,0,0,0,0,0,0,0,1
2025-12-26 05:04:06,0,0,29.81,0,16,1555,25.9167,58,0.966667,78,1.3,0,0,0,0,0,0,0,0,2,139,100,0,0,0,0,0,0,0,0,0,0,1
2025-12-26 05:05:06,0,0,30.12,0,16,1488,24.8,35,0.583333,93,1.55,0,0,0,0,0,0,0,0,2,185,120,0,0,0,0,0,0,0,0,0,0,1
2025-12-26 05:06:06,0,0,30.12,0,16,0,0,0,0,0,0,0,0,0,0,0,0,0,0,1,168,104,0,0,0,0,0,0,0,0,0,0,1
2025-12-26 05:07:06,0,0,30,0,16,5,0.0833333,0,0,1,0.0166667,0,0,0,0,0,0,0,0,1,166,104,0,0,0,0,0,0,0,0,0,0,1
2025-12-26 05:08:06,0,0,29.94,0,16,0,0,0,0,0,0,0,0,0,0,0,0,0,0,1,164,103,0,0,0,0,0,0,0,0,0,0,1
2025-12-26 05:09:06,0,0,29.88,0,16,0,0,0,0,0,0,0,0,0,0,0,0,0,0,1,164,104,0,0,0,0,0,0,0,0,0,0,1
2025-12-26 05:10:06,0,0,29.81,0,16,7,0.116667,0,0,2,0.0333333,0,0,0,0,0,0,0,0,1,164,103,0,0,0,0,0,0,0,0,0,0,1
2025-12-26 05:11:06,0,0,29.75,0,16,0,0,0,0,0,0,0,0,0,0,0,0,0,0,1,165,103,0,0,0,0,0,0,0,0,0,0,1
2025-12-26 05:12:06,0,0,29.62,0,16,4,0.0666667,0,0,0,0,0,0,0,0,0,0,0,0,1,171,103,0,0,0,0,0,0,0,0,0,0,1
2025-12-26 05:13:06,0,0,29.62,0,16,0,0,0,0,0,0,0,0,0,0,0,0,0,0,1,166,103,0,0,0,0,0,0,0,0,0,0,1
2025-12-26 05:14:06,0,0,29.5,0,16,0,0,0,0,0,0,0,0,0,0,0,0,0,0,1,167,103,0,0,0,0,0,0,0,0,0,0,1
2025-12-26 05:15:06,0,0,29.44,0,16,0,0,0,0,0,0,0,0,0,0,0,0,0,0,1,169,103,0,0,0,0,0,0,0,0,0,0,1
2025-12-26 05:16:06,0,0,29.38,0,16,0,0,0,0,0,0,0,0,0,0,0,0,0,0,1,168,103,0,0,0,0,0,0,0,0,0,0,1
2025-12-26 05:17:06,0,0,29.31,0,16,0,0,0,0,0,0,0,0,0,0,0,0,0,0,1,172,103,0,0,0,0,0,0,0,0,0,0,1
2025-12-26 05:18:06,0,0,29.25,0,16,0,0,0,0,0,0,0,0,0,0,0,0,0,0,1,171,104,0,0,0,0,0,0,0,0,0,0,1
2025-12-26 05:19:06,0,0,29.12,0,16,286,4.76667,3,0.05,24,0.4,0,0,0,0,0,0,0,0,1,168,105,0,0,0,0,0,0,0,0,0,0,1
2025-12-26 05:20:06,0,0,29.19,0,16,0,0,0,0,0,0,0,0,0,0,0,0,0,0,1,159,103,0,0,0,0,0,0,0,0,0,0,1
2025-12-26 05:21:06,0,0,29.25,0,16,0,0,0,0,0,0,0,0,0,0,0,0,0,0,1,159,102,0,0,0,0,0,0,0,0,0,0,1
2025-12-26 05:22:06,0,0,29.25,0,16,21,0.35,0,0,0,0,0,0,0,0,0,0,0,0,1,157,102,0,0,0,0,0,0,0,0,0,0,1
2025-12-26 05:23:06,0,0,29.25,0,16,87,1.45,2,0.0333333,10,0.166667,0,0,0,0,0,0,0,0,1,160,115,0,0,0,0,0,0,0,0,0,0,1
2025-12-26 05:24:06,0,0,29.31,0,16,0,0,0,0,0,0,0,0,0,0,0,0,0,0,1,156,112,0,0,0,0,0,0,0,0,0,0,1
2025-12-26 05:25:06,0,0,29.38,0,16,4,0.0666667,0,0,0,0,0,0,0,0,0,0,0,0,1,156,111,0,0,0,0,0,0,0,0,0,0,1
2025-12-26 05:26:06,0,0,29.5,0,16,0,0,0,0,0,0,0,0,0,0,0,0,0,0,1,154,106,0,0,0,0,0,0,0,0,0,0,1
2025-12-26 05:27:06,0,0,29.56,0,16,832,13.8667,20,0.333333,47,0.783333,0,0,0,0,0,0,0,0,1,147,104,0,0,0,0,0,0,0,0,0,0,1
2025-12-26 05:28:06,0,0,29.5,0,1,0,0,0,0,0,0,0,0,0,0,0,0,0,0,1,143,102,0,0,0,0,0,0,0,0,0,0,1
2025-12-26 05:29:06,0,0,29.31,0,1,0,0,0,0,0,0,0,0,0,0,0,0,0,0,1,143,102,0,0,0,0,0,0,0,0,0,0,1
2025-12-26 05:30:06,0,0,29.12,0,1,271,4.51667,3,0.05,24,0.4,0,0,0,0,0,0,0,0,1,144,102,0,0,0,0,0,0,0,0,0,0,1
2025-12-26 05:31:06,0,0,28.94,0,1,6,0.1,0,0,0,0,0,0,0,0,0,0,0,0,1,143,102,0,0,0,0,0,0,0,0,0,0,1
2025-12-26 05:32:06,0,0,28.75,0,1,0,0,0,0,0,0,0,0,0,0,0,0,0,0,1,143,102,0,0,0,0,0,0,0,0,0,0,1
2025-12-26 05:33:06,0,0,28.56,0,1,0,0,0,0,0,0,0,0,0,0,0,0,0,0,1,143,102,0,0,0,0,0,0,0,0,0,0,1
2025-12-26 05:34:06,0,0,28.38,0,1,18,0.3,0,0,1,0.0166667,0,0,0,0,0,0,0,0,1,143,102,0,0,0,0,0,0,0,0,0,0,1
2025-12-26 05:35:06,0,0,28.25,0,1,10,0.166667,0,0,0,0,0,0,0,0,0,0,0,0,1,142,101,0,0,0,0,0,0,0,0,0,0,1
2025-12-26 05:36:06,0,0,28.12,0,1,49,0.816667,0,0,3,0.05,0,0,0,0,0,0,0,0,1,143,102,0,0,0,0,0,0,0,0,0,0,1
2025-12-26 05:37:06,0,0,28,0,1,0,0,0,0,0,0,0,0,0,0,0,0,0,0,1,143,101,0,0,0,0,0,0,0,0,0,0,1
2025-12-26 05:38:06,0,0,27.88,0,1,0,0,0,0,0,0,0,0,0,0,0,0,0,0,1,143,101,0,0,0,0,0,0,0,0,0,0,1
2025-12-26 05:39:06,0,0,27.81,0,1,0,0,0,0,0,0,0,0,0,0,0,0,0,0,1,142,101,0,0,0,0,0,0,0,0,0,0,1
2025-12-26 05:40:06,0,0,27.69,0,1,0,0,0,0,0,0,0,0,0,0,0,0,0,0,1,143,101,0,0,0,0,0,0,0,0,0,0,1
2025-12-26 05:41:06,0,0,27.81,0,16,946,15.7667,18,0.3,68,1.13333,0,0,0,0,0,0,0,0,1,140,99,0,0,0,0,0,0,0,0,0,0,1
2025-12-26 05:42:06,0,0,28,0,16,0,0,0,0,0,0,0,0,0,0,0,0,0,0,1,139,100,0,0,0,0,0,0,0,0,0,0,1
2025-12-26 05:43:06,0,0,28.25,0,16,0,0,0,0,0,0,0,0,0,0,0,0,0,0,1,138,99,0,0,0,0,0,0,0,0,0,0,1
2025-12-26 05:44:06,0,0,28.44,0,16,0,0,0,0,0,0,0,0,0,0,0,0,0,0,1,138,100,0,0,0,0,0,0,0,0,0,0,1
2025-12-26 05:45:06,0,0,28.62,0,16,0,0,0,0,0,0,0,0,0,0,0,0,0,0,1,138,99,0,0,0,0,0,0,0,0,0,0,1
2025-12-26 05:46:06,0,0,28.81,0,16,0,0,0,0,0,0,0,0,0,0,0,0,0,0,1,137,99,0,0,0,0,0,0,0,0,0,0,1
2025-12-26 05:47:06,0,0,29,0,16,0,0,0,0,0,0,0,0,0,0,0,0,0,0,1,137,100,0,0,0,0,0,0,0,0,0,0,1
2025-12-26 05:48:06,0,0,29.19,0,16,0,0,0,0,0,0,0,0,0,0,0,0,0,0,1,137,100,0,0,0,0,0,0,0,0,0,0,1
2025-12-26 05:49:06,0,0,29.38,0,16,0,0,0,0,0,0,0,0,0,0,0,0,0,0,1,137,100,0,0,0,0,0,0,0,0,0,0,1
2025-12-26 05:50:06,0,0,29.5,0,16,0,0,0,0,0,0,0,0,0,0,0,0,0,0,1,137,100,0,0,0,0,0,0,0,0,0,0,1
2025-12-26 05:51:06,0,0,29.62,0,16,0,0,0,0,0,0,0,0,0,0,0,0,0,0,1,137,99,0,0,0,0,0,0,0,0,0,0,1
2025-12-26 05:52:06,0,0,29.81,0,16,0,0,0,0,0,0,0,0,0,0,0,0,0,0,1,137,99,0,0,0,0,0,0,0,0,0,0,1
2025-12-26 05:53:06,0,0,29.94,0,16,0,0,0,0,0,0,0,0,0,0,0,0,0,0,1,137,99,0,0,0,0,0,0,0,0,0,0,1
2025-12-26 05:54:06,0,0,30.06,0,16,0,0,0,0,0,0,0,0,0,0,0,0,0,0,1,137,99,0,0,0,0,0,0,0,0,0,0,1
2025-12-26 05:55:06,0,0,30.19,0,16,0,0,0,0,0,0,0,0,0,0,0,0,0,0,1,137,99,0,0,0,0,0,0,0,0,0,0,1
2025-12-26 05:56:06,0,0,30.25,0,16,0,0,0,0,0,0,0,0,0,0,0,0,0,0,1,137,99,0,0,0,0,0,0,0,0,0,0,1
2025-12-26 05:57:06,0,0,30.38,0,16,0,0,0,0,0,0,0,0,0,0,0,0,0,0,1,137,99,0,0,0,0,0,0,0,0,0,0,1
2025-12-26 05:58:06,0,0,30.5,0,16,0,0,0,0,0,0,0,0,0,0,0,0,0,0,1,137,99,0,0,0,0,0,0,0,0,0,0,1
2025-12-26 05:59:06,0,0,30.56,0,16,759,12.65,22,0.366667,42,0.7,0,0,0,0,0,0,0,0,1,168,103,0,0,0,0,0,0,0,0,0,0,1
2025-12-26 06:00:06,0,0,30.5,0,16,9,0.15,0,0,1,0.0166667,0,0,0,0,0,0,0,0,1,165,103,0,0,0,0,0,0,0,0,0,0,1
2025-12-26 06:01:06,0,0,30.38,0,16,0,0,0,0,0,0,0,0,0,0,0,0,0,0,1,166,101,0,0,0,0,0,0,0,0,0,0,1
2025-12-26 06:02:06,0,0,30.25,0,16,0,0,0,0,0,0,0,0,0,0,0,0,0,0,1,164,101,0,0,0,0,0,0,0,0,0,0,1
2025-12-26 06:03:06,0,0,30,0,16,0,0,0,0,0,0,0,0,0,0,0,0,0,0,1,164,101,0,0,0,0,0,0,0,0,0,0,1
2025-12-26 06:04:06,0,0,29.81,0,16,0,0,0,0,0,0,0,0,0,0,0,0,0,0,1,164,102,0,0,0,0,0,0,0,0,0,0,1
2025-12-26 06:05:06,0,0,29.62,0,16,0,0,0,0,0,0,0,0,0,0,0,0,0,0,1,165,102,0,0,0,0,0,0,0,0,0,0,1
2025-12-26 06:06:06,0,0,29.44,0,16,0,0,0,0,0,0,0,0,0,0,0,0,0,0,1,167,102,0,0,0,0,0,0,0,0,0,0,1
2025-12-26 06:07:06,0,0,29.31,0,16,0,0,0,0,0,0,0,0,0,0,0,0,0,0,1,164,102,0,0,0,0,0,0,0,0,0,0,1
2025-12-26 06:08:06,0,0,29.12,0,16,0,0,0,0,0,0,0,0,0,0,0,0,0,0,1,165,102,0,0,0,0,0,0,0,0,0,0,1
2025-12-26 06:09:06,0,0,29,0,16,0,0,0,0,0,0,0,0,0,0,0,0,0,0,1,165,102,0,0,0,0,0,0,0,0,0,0,1
2025-12-26 06:10:06,0,0,28.88,0,16,0,0,0,0,0,0,0,0,0,0,0,0,0,0,1,165,102,0,0,0,0,0,0,0,0,0,0,1
2025-12-26 06:11:06,0,0,28.75,0,16,0,0,0,0,0,0,0,0,0,0,0,0,0,0,1,163,102,0,0,0,0,0,0,0,0,0,0,1
2025-12-26 06:12:06,0,0,28.69,0,16,0,0,0,0,0,0,0,0,0,0,0,0,0,0,1,164,101,0,0,0,0,0,0,0,0,0,0,1
2025-12-26 06:13:06,0,0,28.56,0,16,0,0,0,0,0,0,0,0,0,0,0,0,0,0,1,163,102,0,0,0,0,0,0,0,0,0,0,1
2025-12-26 06:14:06,0,0,28.5,0,16,0,0,0,0,0,0,0,0,0,0,0,0,0,0,1,166,101,0,0,0,0,0,0,0,0,0,0,1
2025-12-26 06:15:06,0,0,28.44,0,16,0,0,0,0,0,0,0,0,0,0,0,0,0,0,1,164,102,0,0,0,0,0,0,0,0,0,0,1
2025-12-26 06:16:06,0,0,28.38,0,16,0,0,0,0,0,0,0,0,0,0,0,0,0,0,1,164,101,0,0,0,0,0,0,0,0,0,0,1
2025-12-26 06:17:06,0,0,28.31,0,16,0,0,0,0,0,0,0,0,0,0,0,0,0,0,1,163,101,0,0,0,0,0,0,0,0,0,0,1
2025-12-26 06:18:06,0,0,28.31,0,16,0,0,0,0,0,0,0,0,0,0,0,0,0,0,1,167,101,0,0,0,0,0,0,0,0,0,0,1
2025-12-26 06:19:06,0,0,28.25,0,16,0,0,0,0,0,0,0,0,0,0,0,0,0,0,1,164,101,0,0,0,0,0,0,0,0,0,0,1
2025-12-26 06:20:06,0,0,28.19,0,16,0,0,0,0,0,0,0,0,0,0,0,0,0,0,1,164,101,0,0,0,0,0,0,0,0,0,0,1
2025-12-26 06:21:06,0,0,28.19,0,16,3,0.05,0,0,0,0,0,0,0,0,0,0,0,0,1,166,101,0,0,0,0,0,0,0,0,0,0,1
2025-12-26 06:22:06,0,0,28.12,0,16,0,0,0,0,0,0,0,0,0,0,0,0,0,0,1,165,101,0,0,0,0,0,0,0,0,0,0,1
2025-12-26 06:23:06,0,0,28.12,0,16,0,0,0,0,0,0,0,0,0,0,0,0,0,0,1,165,101,0,0,0,0,0,0,0,0,0,0,1
2025-12-26 06:24:06,0,0,28.12,0,16,0,0,0,0,0,0,0,0,0,0,0,0,0,0,1,170,101,0,0,0,0,0,0,0,0,0,0,1
2025-12-26 06:25:06,0,0,28.12,0,16,0,0,0,0,0,0,0,0,0,0,0,0,0,0,1,164,101,0,0,0,0,0,0,0,0,0,0,1
2025-12-26 06:26:06,0,0,28.12,0,16,0,0,0,0,0,0,0,0,0,0,0,0,0,0,1,166,101,0,0,0,0,0,0,0,0,0,0,1
2025-12-26 06:27:06,0,0,28.12,0,16,0,0,0,0,0,0,0,0,0,0,0,0,0,0,1,165,101,0,0,0,0,0,0,0,0,0,0,1
2025-12-26 06:28:06,0,0,28.12,0,16,0,0,0,0,0,0,0,0,0,0,0,0,0,0,1,165,101,0,0,0,0,0,0,0,0,0,0,1
2025-12-26 06:29:06,0,0,28.19,0,16,0,0,0,0,0,0,0,0,0,0,0,0,0,0,1,165,102,0,0,0,0,0,0,0,0,0,0,1
2025-12-26 06:30:06,0,0,28.19,0,16,0,0,0,0,0,0,0,0,0,0,0,0,0,0,1,165,101,0,0,0,0,0,0,0,0,0,0,1
2025-12-26 06:31:06,0,0,28.19,0,16,0,0,0,0,0,0,0,0,0,0,0,0,0,0,1,164,101,0,0,0,0,0,0,0,0,0,0,1
2025-12-26 06:32:06,0,0,28.25,0,16,0,0,0,0,0,0,0,0,0,0,0,0,0,0,1,165,100,0,0,0,0,0,0,0,0,0,0,1
2025-12-26 06:33:06,0,0,28.25,0,16,0,0,0,0,0,0,0,0,0,0,0,0,0,0,1,165,100,0,0,0,0,0,0,0,0,0,0,1
2025-12-26 06:34:06,0,0,28.31,0,16,0,0,0,0,0,0,0,0,0,0,0,0,0,0,1,165,100,0,0,0,0,0,0,0,0,0,0,1
2025-12-26 06:35:06,0,0,28.19,0,16,2665,44.4167,87,1.45,172,2.86667,0,0,0,0,0,0,0,0,2,144,101,0,0,0,0,0,0,0,0,0,0,1
2025-12-26 06:36:06,0,0,28.44,0,16,0,0,0,0,0,0,0,0,0,0,0,0,0,0,1,140,100,0,0,0,0,0,0,0,0,0,0,1
2025-12-26 06:37:06,0,0,28.81,0,16,0,0,0,0,0,0,0,0,0,0,0,0,0,0,1,140,100,0,0,0,0,0,0,0,0,0,0,1
2025-12-26 06:38:06,0,0,29.25,0,16,0,0,0,0,0,0,0,0,0,0,0,0,0,0,1,140,100,0,0,0,0,0,0,0,0,0,0,1
2025-12-26 06:39:06,0,0,29.62,0,16,0,0,0,0,0,0,0,0,0,0,0,0,0,0,2,140,100,0,0,0,0,0,0,0,0,0,0,1
2025-12-26 06:40:06,0,0,30.06,0,16,0,0,0,0,0,0,0,0,0,0,0,0,0,0,1,140,99,0,0,0,0,0,0,0,0,0,0,1
2025-12-26 06:41:06,0,0,30.38,0,16,0,0,0,0,0,0,0,0,0,0,0,0,0,0,1,140,99,0,0,0,0,0,0,0,0,0,0,1
2025-12-26 06:42:06,0,0,30.75,0,16,0,0,0,0,0,0,0,0,0,0,0,0,0,0,1,140,100,0,0,0,0,0,0,0,0,0,0,1
2025-12-26 06:43:06,0,0,31.12,0,16,1917,31.95,80,1.33333,119,1.98333,0,0,0,0,0,0,0,0,2,144,100,0,0,0,0,0,0,0,0,0,0,1
2025-12-26 06:44:06,0,0,31.38,0,16,0,0,0,0,0,0,0,0,0,0,0,0,0,0,2,142,100,0,0,0,0,0,0,0,0,0,0,1
2025-12-26 06:45:06,0,0,31.62,0,16,1454,24.2333,41,0.683333,96,1.6,0,0,0,0,0,0,0,0,2,146,99,0,0,0,0,0,0,0,0,0,0,1
2025-12-26 06:46:06,0,0,31.88,0,16,0,0,0,0,0,0,0,0,0,0,0,0,0,0,1,144,100,0,0,0,0,0,0,0,0,0,0,1
2025-12-26 06:47:06,0,0,32.06,0,16,0,0,0,0,0,0,0,0,0,0,0,0,0,0,2,144,100,0,0,0,0,0,0,0,0,0,0,1
2025-12-26 06:48:06,0,0,32.19,0,16,0,0,0,0,0,0,0,0,0,0,0,0,0,0,1,144,100,0,0,0,0,0,0,0,0,0,0,1
2025-12-26 06:49:06,0,0,32.31,0,16,0,0,0,0,0,0,0,0,0,0,0,0,0,0,1,144,100,0,0,0,0,0,0,0,0,0,0,1
2025-12-26 06:50:06,0,0,32.44,0,16,0,0,0,0,0,0,0,0,0,0,0,0,0,0,1,145,100,0,0,0,0,0,0,0,0,0,0,1
2025-12-26 06:51:06,0,0,32.5,0,16,0,0,0,0,0,0,0,0,0,0,0,0,0,0,1,145,100,0,0,0,0,0,0,0,0,0,0,1
2025-12-26 06:52:06,0,0,32.62,0,16,0,0,0,0,0,0,0,0,0,0,0,0,0,0,1,144,99,0,0,0,0,0,0,0,0,0,0,1
2025-12-26 06:53:06,0,0,32.75,0,16,0,0,0,0,0,0,0,0,0,0,0,0,0,0,1,144,100,0,0,0,0,0,0,0,0,0,0,1
2025-12-26 06:54:06,0,0,32.81,0,16,0,0,0,0,0,0,0,0,0,0,0,0,0,0,1,145,100,0,0,0,0,0,0,0,0,0,0,1
2025-12-26 06:55:06,0,0,32.88,0,16,0,0,0,0,0,0,0,0,0,0,0,0,0,0,1,145,100,0,0,0,0,0,0,0,0,0,0,1
2025-12-26 06:56:06,0,0,32.94,0,16,0,0,0,0,0,0,0,0,0,0,0,0,0,0,1,145,100,0,0,0,0,0,0,0,0,0,0,1
2025-12-26 06:57:06,0,0,33.06,0,16,0,0,0,0,0,0,0,0,0,0,0,0,0,0,1,145,100,0,0,0,0,0,0,0,0,0,0,1
2025-12-26 06:58:06,0,0,33.12,0,16,0,0,0,0,0,0,0,0,0,0,0,0,0,0,1,145,100,0,0,0,0,0,0,0,0,0,0,1
2025-12-26 06:59:06,0,0,33.19,0,16,0,0,0,0,0,0,0,0,0,0,0,0,0,0,1,145,100,0,0,0,0,0,0,0,0,0,0,1
2025-12-26 07:00:06,0,0,33.19,0,16,0,0,0,0,0,0,0,0,0,0,0,0,0,0,1,145,100,0,0,0,0,0,0,0,0,0,0,1
2025-12-26 07:01:06,0,0,33.31,0,16,0,0,0,0,0,0,0,0,0,0,0,0,0,0,1,145,99,0,0,0,0,0,0,0,0,0,0,1
2025-12-26 07:02:06,0,0,33.31,0,16,0,0,0,0,0,0,0,0,0,0,0,0,0,0,1,145,99,0,0,0,0,0,0,0,0,0,0,1
2025-12-26 07:03:06,0,0,33.38,0,16,0,0,0,0,0,0,0,0,0,0,0,0,0,0,1,145,100,0,0,0,0,0,0,0,0,0,0,1
2025-12-26 07:04:06,0,0,33.44,0,16,0,0,0,0,0,0,0,0,0,0,0,0,0,0,1,145,100,0,0,0,0,0,0,0,0,0,0,1
2025-12-26 07:05:06,0,0,33.5,0,16,0,0,0,0,0,0,0,0,0,0,0,0,0,0,1,145,100,0,0,0,0,0,0,0,0,0,0,1
2025-12-26 07:06:06,0,0,33.56,0,16,0,0,0,0,0,0,0,0,0,0,0,0,0,0,1,145,100,0,0,0,0,0,0,0,0,0,0,1
2025-12-26 07:07:06,0,0,33.62,0,16,0,0,0,0,0,0,0,0,0,0,0,0,0,0,1,145,99,0,0,0,0,0,0,0,0,0,0,1
2025-12-26 07:08:06,0,0,33.69,0,16,0,0,0,0,0,0,0,0,0,0,0,0,0,0,1,145,99,0,0,0,0,0,0,0,0,0,0,1
2025-12-26 07:09:06,0,0,33.69,0,16,1963,32.7167,68,1.13333,109,1.81667,0,0,0,0,0,0,0,0,2,151,102,0,0,0,0,0,0,0,0,0,0,1
2025-12-26 07:10:06,0,0,33.75,0,1,0,0,0,0,0,0,0,0,0,0,0,0,0,0,1,157,101,0,0,0,0,0,0,0,0,0,0,1
2025-12-26 07:11:06,0,0,33.81,0,16,616,10.2667,25,0.416667,35,0.583333,0,0,0,0,0,0,0,0,2,146,101,0,0,0,0,0,0,0,0,0,0,1
2025-12-26 07:12:06,0,0,33.88,0,16,0,0,0,0,0,0,0,0,0,0,0,0,0,0,1,144,100,0,0,0,0,0,0,0,0,0,0,1
2025-12-26 07:13:06,0,0,33.88,0,16,0,0,0,0,0,0,0,0,0,0,0,0,0,0,2,144,101,0,0,0,0,0,0,0,0,0,0,1
2025-12-26 07:14:06,0,0,33.94,0,16,0,0,0,0,0,0,0,0,0,0,0,0,0,0,1,144,100,0,0,0,0,0,0,0,0,0,0,1
2025-12-26 07:15:06,0,0,34,0,16,0,0,0,0,1,0.0166667,0,0,0,0,0,0,0,0,2,144,100,0,0,0,0,0,0,0,0,0,0,1
2025-12-26 07:16:06,0,0,34,0,16,2607,43.45,83,1.38333,165,2.75,0,0,0,0,0,0,0,0,2,162,101,0,0,0,0,0,0,0,0,0,0,1
2025-12-26 07:17:06,0,0,33.94,0,1,0,0,0,0,0,0,0,0,0,0,0,0,0,0,1,158,101,0,0,0,0,0,0,0,0,0,0,1
2025-12-26 07:18:06,0,0,33.94,0,1,0,0,0,0,0,0,0,0,0,0,0,0,0,0,1,160,102,0,0,0,0,0,0,0,0,0,0,1
2025-12-26 07:19:06,0,0,33.94,0,1,0,0,0,0,0,0,0,0,0,0,0,0,0,0,1,161,101,0,0,0,0,0,0,0,0,0,0,1
2025-12-26 07:20:06,0,0,33.94,0,1,0,0,0,0,0,0,0,0,0,0,0,0,0,0,2,160,101,0,0,0,0,0,0,0,0,0,0,1
2025-12-26 07:21:06,0,0,34,0,16,113,1.88333,1,0.0166667,16,0.266667,0,0,0,0,0,0,0,0,1,161,101,0,0,0,0,0,0,0,0,0,0,1
2025-12-26 07:22:06,0,0,34,0,1,0,0,0,0,0,0,0,0,0,0,0,0,0,0,1,160,101,0,0,0,0,0,0,0,0,0,0,1
2025-12-26 07:23:06,0,0,34,0,1,0,0,0,0,0,0,0,0,0,0,0,0,0,0,1,160,101,0,0,0,0,0,0,0,0,0,0,1
2025-12-26 07:24:06,0,0,34,0,1,0,0,0,0,0,0,0,0,0,0,0,0,0,0,1,160,101,0,0,0,0,0,0,0,0,0,0,1
2025-12-26 07:25:06,0,0,34.06,0,1,0,0,0,0,0,0,0,0,0,0,0,0,0,0,1,158,101,0,0,0,0,0,0,0,0,0,0,1
2025-12-26 07:26:06,0,0,34.06,0,1,0,0,0,0,0,0,0,0,0,0,0,0,0,0,1,160,101,0,0,0,0,0,0,0,0,0,0,1
2025-12-26 07:27:06,0,0,34.06,0,1,20,0.333333,0,0,4,0.0666667,0,0,0,0,0,0,0,0,1,160,101,0,0,0,0,0,0,0,0,0,0,1
2025-12-26 07:28:06,0,0,34,0,16,1313,21.8833,49,0.816667,85,1.41667,0,0,0,0,0,0,0,0,2,160,102,0,0,0,0,0,0,0,0,0,0,1
2025-12-26 07:29:06,0,0,34.06,0,16,5,0.0833333,0,0,0,0,0,0,0,0,0,0,0,0,1,157,102,0,0,0,0,0,0,0,0,0,0,1
2025-12-26 07:30:06,0,0,34.12,0,16,0,0,0,0,0,0,0,0,0,0,0,0,0,0,1,158,102,0,0,0,0,0,0,0,0,0,0,1
2025-12-26 07:31:06,0,0,34.19,0,16,0,0,0,0,0,0,0,0,0,0,0,0,0,0,1,156,102,0,0,0,0,0,0,0,0,0,0,1
2025-12-26 07:32:06,0,0,34.31,0,16,1838,30.6333,64,1.06667,85,1.41667,0,0,0,0,0,0,0,0,2,143,102,0,0,0,0,0,0,0,0,0,0,1
2025-12-26 07:33:06,0,0,34.38,0,16,4,0.0666667,0,0,0,0,0,0,0,0,0,0,0,0,1,142,102,0,0,0,0,0,0,0,0,0,0,1
2025-12-26 07:34:06,0,0,34.38,0,16,0,0,0,0,0,0,0,0,0,0,0,0,0,0,1,141,101,0,0,0,0,0,0,0,0,0,0,1
2025-12-26 07:35:06,0,0,34.44,0,16,0,0,0,0,0,0,0,0,0,0,0,0,0,0,1,141,101,0,0,0,0,0,0,0,0,0,0,1
2025-12-26 07:36:06,0,0,34.44,0,16,0,0,0,0,0,0,0,0,0,0,0,0,0,0,1,141,101,0,0,0,0,0,0,0,0,0,0,1
2025-12-26 07:37:06,0,0,34.44,0,16,0,0,0,0,0,0,0,0,0,0,0,0,0,0,1,140,101,0,0,0,0,0,0,0,0,0,0,1
2025-12-26 07:38:06,0,0,34.44,0,16,0,0,0,0,0,0,0,0,0,0,0,0,0,0,1,140,101,0,0,0,0,0,0,0,0,0,0,1
2025-12-26 07:39:06,0,0,34.5,0,16,0,0,0,0,0,0,0,0,0,0,0,0,0,0,1,140,100,0,0,0,0,0,0,0,0,0,0,1
2025-12-26 07:40:06,0,0,34.5,0,16,0,0,0,0,0,0,0,0,0,0,0,0,0,0,1,140,100,0,0,0,0,0,0,0,0,0,0,1
2025-12-26 07:41:06,0,0,34.5,0,16,0,0,0,0,0,0,0,0,0,0,0,0,0,0,1,140,101,0,0,0,0,0,0,0,0,0,0,1
2025-12-26 07:42:06,0,0,34.5,0,16,0,0,0,0,0,0,0,0,0,0,0,0,0,0,1,140,100,0,0,0,0,0,0,0,0,0,0,1
2025-12-26 07:43:06,0,0,34.44,0,16,2011,33.5167,50,0.833333,133,2.21667,0,0,0,0,0,0,0,0,2,176,103,0,0,0,0,0,0,0,0,0,0,1
2025-12-26 07:44:06,0,0,34.38,0,16,677,11.2833,26,0.433333,44,0.733333,0,0,0,0,0,0,0,0,2,145,101,0,0,0,0,0,0,0,0,0,0,1
2025-12-26 07:45:06,0,0,34.31,0,16,0,0,0,0,0,0,0,0,0,0,0,0,0,0,1,144,101,0,0,0,0,0,0,0,0,0,0,1
2025-12-26 07:46:06,0,0,34.31,0,16,0,0,0,0,0,0,0,0,0,0,0,0,0,0,12,143,100,0,0,0,0,0,0,0,0,0,0,0
2025-12-26 07:47:06,0,0,34.31,0,16,875,14.5833,26,0.433333,62,1.03333,0,0,0,0,0,0,0,0,0,174,101,0,0,0,0,0,0,0,0,0,0,0
2025-12-26 07:48:06,0,0,34.25,0,16,40,0.666667,0,0,4,0.0666667,0,0,0,0,0,0,0,0,0,167,101,0,0,0,0,0,0,0,0,0,0,0
2025-12-26 07:49:06,0,0,34.19,0,1,72,1.2,0,0,8,0.133333,0,0,0,0,0,0,0,0,0,166,101,0,0,0,0,0,0,0,0,0,0,0
2025-12-26 07:50:06,0,0,34.19,0,16,1416,23.6,35,0.583333,94,1.56667,0,0,0,0,0,0,0,0,0,158,103,0,0,0,0,0,0,0,0,0,0,0
2025-12-26 07:51:06,0,0,34,0,16,1217,20.2833,38,0.633333,54,0.9,0,0,0,0,0,0,0,0,0,149,101,0,0,0,0,0,0,0,0,0,0,0
2025-12-26 07:52:06,0,0,33.81,0,16,13,0.216667,0,0,0,0,0,0,0,0,0,0,0,0,0,148,101,0,0,0,0,0,0,0,0,0,0,0
2025-12-26 07:53:06,0,0,33.56,0,16,2390,39.8333,75,1.25,149,2.48333,0,0,0,0,0,0,0,0,0,150,105,0,0,0,0,0,0,0,0,0,0,0
2025-12-26 07:54:06,0,1,33.25,0,1,5294,88.2333,95,1.58333,375,6.25,0,0,0,0,0,0,0,0,0,213,169,0,0,0,0,0,0,0,0,0,0,0
2025-12-26 07:55:06,0,0,32.81,0,1,2143,35.7167,52,0.866667,137,2.28333,0,0,0,0,0,0,0,0,0,149,115,0,0,0,0,0,0,0,0,0,0,0
2025-12-26 07:56:06,0,0,32.44,0,1,9603,160.05,298,4.96667,476,7.93333,0,0,0,0,0,0,0,0,0,160,108,0,0,0,0,0,0,0,0,0,0,0
2025-12-26 07:57:06,0,0,32,0,16,4622,77.0333,126,2.1,251,4.18333,0,0,0,0,0,0,0,0,0,173,113,0,0,0,0,0,0,0,0,0,0,0
2025-12-26 07:58:06,0,0,31.81,0,1,4471,74.5167,81,1.35,326,5.43333,0,0,0,0,0,0,0,0,0,221,178,0,0,0,0,0,0,0,0,0,0,0
2025-12-26 07:59:06,0,0,31.62,0,1,1967,32.7833,16,0.266667,167,2.78333,0,0,0,0,0,0,0,0,0,192,145,0,0,0,0,0,0,0,0,0,0,0
2025-12-26 08:00:06,0,0,31.5,0,1,2206,36.7667,18,0.3,179,2.98333,0,0,0,0,0,0,0,0,0,160,111,0,0,0,0,0,0,0,0,0,0,0
2025-12-26 08:01:06,0,0,31.38,0,1,1082,18.0333,12,0.2,76,1.26667,0,0,0,0,0,0,0,0,0,198,144,0,0,0,0,0,0,0,0,0,0,0
2025-12-26 08:02:06,0,0,31.31,0,1,4122,68.7,79,1.31667,293,4.88333,0,0,0,0,0,0,0,0,0,180,128,0,0,0,0,0,0,0,0,0,0,0
2025-12-26 08:03:06,0,0,31.25,0,1,4845,80.75,82,1.36667,348,5.8,0,0,0,0,0,0,0,0,0,146,102,0,0,0,0,0,0,0,0,0,0,0
2025-12-26 08:04:06,0,0,31.19,0,1,3741,62.35,47,0.783333,285,4.75,0,0,0,0,0,0,0,0,0,147,101,0,0,0,0,0,0,0,0,0,0,0
2025-12-26 08:05:06,0,0,31.06,0,1,1335,22.25,17,0.283333,78,1.3,0,0,0,0,0,0,0,0,0,161,103,0,0,0,0,0,0,0,0,0,0,0
2025-12-26 08:06:06,0,0,30.81,0,1,359,5.98333,8,0.133333,28,0.466667,0,0,0,0,0,0,0,0,0,156,104,0,0,0,0,0,0,0,0,0,0,0
2025-12-26 08:07:06,0,0,30.75,0,1,3958,65.9667,62,1.03333,305,5.08333,0,0,0,0,0,0,0,0,0,166,102,0,0,0,0,0,0,0,0,0,0,0
2025-12-26 08:08:06,0,0,30.69,0,1,473,7.88333,6,0.1,27,0.45,0,0,0,0,0,0,0,0,0,176,101,0,0,0,0,0,0,0,0,0,0,0
2025-12-26 08:09:06,0,0,30.5,0,1,103,1.71667,0,0,5,0.0833333,0,0,0,0,0,0,0,0,0,162,101,0,0,0,0,0,0,0,0,0,0,0
2025-12-26 08:10:06,0,0,30.25,0,1,81,1.35,0,0,3,0.05,0,0,0,0,0,0,0,0,0,207,165,0,0,0,0,0,0,0,0,0,0,0
2025-12-26 08:11:06,0,0,30.44,0,1,4209,70.15,108,1.8,259,4.31667,0.76,0,0,0,0,0,0,0,0,150,103,0,0,0,0,1e-04,2e-04,2e-04,2e-04,0,0,0
2025-12-26 08:12:06,0,0,30.56,0,16,3183,53.05,62,1.03333,167,2.78333,14.63,0,0,0,0,0,0,0,0,145,101,2e-04,4e-04,5e-04,0.0011,0.0023,0.0037,0.004,0.0025,5.65,0.01,0
2025-12-26 08:13:06,0,0,30.62,0,8,7278,121.3,225,3.75,332,5.53333,7.96,0,0,0,0,0,0,0,0,156,104,1e-04,2e-04,3e-04,7e-04,0.0012,0.002,0.0022,0.0013,3.2,0,0
2025-12-26 08:14:06,0,0,30.62,0,1,6670,111.167,185,3.08333,381,6.35,48.64,0,0,0,0,0,0,0,0,159,102,6e-04,0.0013,0.0016,0.0038,0.0075,0.0122,0.0131,0.0077,19.25,0.02,0
2025-12-26 08:15:06,0,0,30.38,0,1,1051,17.5167,17,0.283333,76,1.26667,0,0,0,0,0,0,0,0,0,156,104,0,0,0,0,0,0,0,1e-04,0,0,0
2025-12-26 08:16:06,0,0,30.12,0,1,573,9.55,2,0.0333333,57,0.95,0,0,0,0,0,0,0,0,0,153,102,0,0,0,0,0,0,0,1e-04,0,0,0
2025-12-26 08:17:06,0,0,29.94,0,1,406,6.76667,0,0,42,0.7,0,0,0,0,0,0,0,0,0,148,101,0,0,0,0,0,0,0,0,0,0,0
2025-12-26 08:18:06,0,0,29.88,0,1,35,0.583333,0,0,3,0.05,0,0,0,0,0,0,0,0,0,146,101,0,0,0,0,0,0,0,1e-04,0,0,0
2025-12-26 08:19:06,0,0,29.75,0,1,222,3.7,0,0,20,0.333333,0,0,0,0,0,0,0,0,0,148,102,0,0,0,0,0,0,0,1e-04,0,0,0
2025-12-26 08:20:06,0,0,29.69,0,1,386,6.43333,0,0,37,0.616667,0,0,0,0,0,0,0,0,0,148,102,0,0,0,0,0,0,0,1e-04,0,0,0
2025-12-26 08:21:06,0,0,29.75,0,1,325,5.41667,0,0,29,0.483333,0,0,0,0,0,0,0,0,0,147,101,0,0,0,0,0,0,0,0,0,0,0
2025-12-26 08:22:06,0,0,29.88,0,1,397,6.61667,0,0,25,0.416667,0,0,0,0,0,0,0,0,0,146,101,0,0,0,0,0,0,0,0,0,0,0
2025-12-26 08:23:06,0,0,29.88,0,1,193,3.21667,0,0,16,0.266667,0,0,0,0,0,0,0,0,0,152,103,0,0,0,0,0,0,0,0,0,0,0
2025-12-26 08:24:06,0,0,29.88,0,1,0,0,0,0,0,0,0,0,0,0,0,0,0,0,0,149,102,0,0,0,0,0,0,0,0,0,0,0
2025-12-26 08:25:06,0,0,30,0,1,0,0,0,0,0,0,0,0,0,0,0,0,0,0,0,148,102,0,0,0,0,0,0,0,1e-04,0,0,0
2025-12-26 08:26:06,0,0,29.88,0,1,34,0.566667,0,0,2,0.0333333,0,0,0,0,0,0,0,0,0,151,108,0,0,0,0,0,0,0,1e-04,0,0,0
2025-12-26 08:27:06,0,0,30.19,0,1,1116,18.6,11,0.183333,82,1.36667,0,0,0,0,0,0,0,0,0,174,102,0,0,0,0,0,0,0,1e-04,0,0,0
2025-12-26 08:28:06,0,0,30.31,0,1,646,10.7667,8,0.133333,36,0.6,0.06,0,0,0,0,0,0,0,0,194,102,0,0,0,0,0,0,0,1e-04,0,0,0
2025-12-26 08:29:06,0,0,30.31,0,1,347,5.78333,0,0,22,0.366667,0.17,0,0,0,0,0,0,0,0,185,102,0,0,0,0,1e-04,1e-04,1e-04,3e-04,0,0,0
2025-12-26 08:30:06,0,0,30.38,0,1,415,6.91667,0,0,26,0.433333,0.25,0,0,0,0,0,0,0,0,175,102,0,0,0,1e-04,1e-04,1e-04,1e-04,2e-04,0,0,0
2025-12-26 08:31:06,0,0,30.44,0,1,404,6.73333,0,0,21,0.35,0.16,0,0,0,0,0,0,0,0,184,101,0,0,0,0,1e-04,1e-04,1e-04,3e-04,0,0,0
2025-12-26 08:32:06,0,0,30.5,0,1,0,0,0,0,0,0,0.26,0,0,0,0,0,0,0,0,176,102,0,0,0,1e-04,1e-04,1e-04,1e-04,3e-04,0,0,0
2025-12-26 08:33:06,0,0,30.62,0,1,0,0,0,0,0,0,0.27,0,0,0,0,0,0,0,0,178,102,0,0,0,1e-04,1e-04,1e-04,1e-04,4e-04,0,0,0
2025-12-26 08:34:06,0,0,30.69,0,1,0,0,0,0,0,0,0.28,0,0,0,0,0,0,0,0,173,102,0,0,0,1e-04,1e-04,1e-04,2e-04,3e-04,0,0,0
2025-12-26 08:35:06,0,0,30.81,0,1,711,11.85,17,0.283333,50,0.833333,0.37,0,0,0,0,0,0,0,0,172,102,0,0,0,1e-04,1e-04,1e-04,1e-04,4e-04,0,0,0
2025-12-26 08:36:06,0,0,31.06,0,8,30,0.5,0,0,2,0.0333333,1.09,0,0,0,0,0,0,0,0,148,104,0,1e-04,1e-04,2e-04,2e-04,2e-04,3e-04,6e-04,0.52,0,0
2025-12-26 08:37:06,0,0,30.94,0,8,2105,35.0833,86,1.43333,100,1.66667,1.67,0,0,0,0,0,0,0,0,159,100,0,1e-04,1e-04,3e-04,3e-04,3e-04,5e-04,8e-04,1.05,0,0
2025-12-26 08:38:06,0,0,30.88,0,1,436,7.26667,0,0,17,0.283333,1.98,0,0,0,0,0,0,0,0,162,100,1e-04,2e-04,2e-04,3e-04,4e-04,4e-04,5e-04,9e-04,1.51,0,0
2025-12-26 08:39:06,0,0,30.81,0,1,838,13.9667,8,0.133333,75,1.25,1.59,0,0,0,0,0,0,0,0,183,102,1e-04,1e-04,1e-04,3e-04,3e-04,3e-04,4e-04,8e-04,0.97,0,0
2025-12-26 08:40:06,0,0,30.69,0,1,4871,81.1833,139,2.31667,339,5.65,1.42,0,0,0,0,0,0,0,0,158,102,1e-04,1e-04,1e-04,2e-04,3e-04,3e-04,4e-04,7e-04,0.91,0,0
2025-12-26 08:41:06,0,0,30.56,0,16,3580,59.6667,48,0.8,291,4.85,0.27,0,0,0,0,0,0,0,0,172,114,0,0,0,0,1e-04,1e-04,1e-04,3e-04,0,0,0
2025-12-26 08:42:06,0,0,30.5,0,1,3477,57.95,32,0.533333,288,4.8,24.12,0,0,0,0,0,0,0,0,152,102,3e-04,7e-04,8e-04,0.0022,0.0036,0.006,0.0071,0.0047,10.26,0.01,0
2025-12-26 08:43:06,0,0,30.5,0,16,2707,45.1167,20,0.333333,252,4.2,18.84,0,0,0,0,0,0,0,0,155,103,2e-04,6e-04,6e-04,0.0016,0.0028,0.0047,0.0056,0.0037,7.66,0.01,0
2025-12-26 08:44:06,0,0,30.19,0,1,2673,44.55,20,0.333333,236,3.93333,13.39,0,0,0,0,0,0,0,0,206,152,2e-04,4e-04,4e-04,0.0012,0.002,0.0034,0.004,0.0027,5.42,0.01,0
2025-12-26 08:45:06,0,0,30.25,0,1,4109,68.4833,73,1.21667,300,5,6.21,0,0,0,0,0,0,0,0,148,102,1e-04,3e-04,4e-04,7e-04,0.001,0.0014,0.0017,0.0016,3.8,0,0
2025-12-26 08:46:06,0,0,30.12,0,1,1502,25.0333,18,0.3,109,1.81667,2.55,0,0,0,0,0,0,0,0,152,106,1e-04,2e-04,3e-04,4e-04,5e-04,5e-04,6e-04,0.001,2.07,0,0
2025-12-26 08:47:06,0,0,30.12,0,16,3933,65.55,51,0.85,329,5.48333,0,0,0,0,0,0,0,0,0,164,106,0,0,0,0,0,0,0,0,0,0,0
2025-12-26 08:48:06,0,0,30.12,0,1,4648,77.4667,111,1.85,267,4.45,1.02,0,0,0,0,0,0,0,0,170,103,1e-04,1e-04,1e-04,2e-04,2e-04,2e-04,2e-04,4e-04,0.95,0,0
2025-12-26 08:49:06,0,0,30,0,1,88,1.46667,0,0,10,0.166667,1.3,0,0,0,0,0,0,0,0,164,102,1e-04,1e-04,1e-04,2e-04,3e-04,3e-04,3e-04,6e-04,0.97,0,0
2025-12-26 08:50:06,0,0,29.88,0,1,185,3.08333,0,0,11,0.183333,1.06,0,0,0,0,0,0,0,0,160,102,0,1e-04,1e-04,2e-04,2e-04,2e-04,3e-04,5e-04,0.61,0,0
2025-12-26 08:51:06,0,0,29.94,0,1,258,4.3,0,0,11,0.183333,1.05,0,0,0,0,0,0,0,0,157,102,0,1e-04,1e-04,2e-04,2e-04,2e-04,3e-04,5e-04,0.6,0,0
2025-12-26 08:52:06,0,0,29.94,0,1,9,0.15,0,0,0,0,1.13,0,0,0,0,0,0,0,0,157,102,0,1e-04,1e-04,2e-04,2e-04,2e-04,3e-04,5e-04,0.56,0,0
2025-12-26 08:53:06,0,0,30,0,1,94,1.56667,0,0,5,0.0833333,1.1,0,0,0,0,0,0,0,0,152,101,0,1e-04,1e-04,2e-04,2e-04,2e-04,2e-04,5e-04,0.6,0,0
2025-12-26 08:54:06,0,0,30.06,0,1,50,0.833333,0,0,0,0,1,0,0,0,0,0,0,0,0,157,102,0,1e-04,1e-04,2e-04,2e-04,2e-04,2e-04,4e-04,0.71,0,0
2025-12-26 08:55:06,0,0,30.19,0,1,399,6.65,0,0,26,0.433333,1.27,0,0,0,0,0,0,0,0,158,101,0,1e-04,1e-04,2e-04,2e-04,3e-04,3e-04,6e-04,0.97,0,0
2025-12-26 08:56:06,0,0,30.19,0,1,353,5.88333,0,0,23,0.383333,1.47,0,0,0,0,0,0,0,0,159,102,0,1e-04,1e-04,3e-04,3e-04,3e-04,3e-04,6e-04,1.06,0,0
2025-12-26 08:57:06,0,0,30.25,0,1,434,7.23333,0,0,30,0.5,2.14,0,0,0,0,0,0,0,0,156,102,1e-04,2e-04,2e-04,4e-04,4e-04,4e-04,5e-04,8e-04,1.74,0,0
2025-12-26 08:58:06,0,0,30.19,0,1,9,0.15,0,0,0,0,1.52,0,0,0,0,0,0,0,0,161,101,1e-04,1e-04,1e-04,2e-04,3e-04,3e-04,4e-04,7e-04,1.03,0,0
2025-12-26 08:59:06,0,0,30.25,0,1,3,0.05,0,0,0,0,1.6,0,0,0,0,0,0,0,0,156,101,1e-04,1e-04,2e-04,3e-04,3e-04,3e-04,4e-04,6e-04,1.25,0,0
2025-12-26 09:00:06,0,0,30.31,0,1,3,0.05,0,0,0,0,1.61,0,0,0,0,0,0,0,0,153,100,1e-04,1e-04,2e-04,3e-04,3e-04,3e-04,4e-04,7e-04,1.41,0,0
2025-12-26 09:01:06,0,0,30.31,0,1,49,0.816667,0,0,3,0.05,1.72,0,0,0,0,0,0,0,0,157,101,1e-04,1e-04,2e-04,3e-04,3e-04,3e-04,4e-04,7e-04,1.3,0,0
2025-12-26 09:02:06,0,0,30.19,0,1,1309,21.8167,29,0.483333,89,1.48333,2.34,0,0,0,0,0,0,0,0,220,162,1e-04,1e-04,2e-04,4e-04,4e-04,4e-04,5e-04,7e-04,2,0,0
2025-12-26 09:03:06,0,0,30.31,0,1,365,6.08333,0,0,25,0.416667,2.57,0,0,0,0,0,0,0,0,176,107,1e-04,2e-04,2e-04,4e-04,4e-04,5e-04,5e-04,8e-04,2.12,0,0
2025-12-26 09:04:06,0,0,30.19,0,1,424,7.06667,0,0,28,0.466667,2.8,0,0,0,0,0,0,0,0,209,154,1e-04,2e-04,3e-04,4e-04,5e-04,5e-04,6e-04,9e-04,2.25,0,0
2025-12-26 09:05:06,0,0,30.31,0,1,817,13.6167,17,0.283333,42,0.7,3.35,0,0,0,0,0,0,0,0,184,128,1e-04,2e-04,3e-04,5e-04,6e-04,6e-04,7e-04,0.001,2.95,0,0
2025-12-26 09:06:06,0,0,30.25,0,1,0,0,0,0,0,0,4.22,0,0,0,0,0,0,0,0,174,118,1e-04,3e-04,5e-04,7e-04,7e-04,7e-04,9e-04,0.0012,4.05,0,0
2025-12-26 09:07:06,0,0,30.19,0,1,0,0,0,0,0,0,4.32,0,0,0,0,0,0,0,0,174,116,2e-04,3e-04,5e-04,7e-04,7e-04,7e-04,9e-04,0.0012,4.12,0,0
2025-12-26 09:08:06,0,0,30.12,0,1,330,5.5,6,0.1,28,0.466667,4.43,0,0,0,0,0,0,0,0,212,164,1e-04,3e-04,5e-04,7e-04,8e-04,8e-04,9e-04,0.0013,4.14,0,0
2025-12-26 09:09:06,0,0,30.12,0,1,671,11.1833,11,0.183333,55,0.916667,4.57,0,0,0,0,0,0,0,0,184,137,1e-04,3e-04,5e-04,7e-04,8e-04,7e-04,9e-04,0.0013,4.3,0,0
2025-12-26 09:10:06,0,0,30.19,0,1,588,9.8,11,0.183333,54,0.9,5.38,0,0,0,0,0,0,0,0,142,102,2e-04,4e-04,6e-04,8e-04,9e-04,9e-04,0.0011,0.0015,5.03,0,0
2025-12-26 09:11:06,0,0,30.19,0,16,341,5.68333,2,0.0333333,42,0.7,7.87,0,0,0,0,0,0,0,0,147,102,3e-04,6e-04,8e-04,0.0012,0.0013,0.0013,0.0016,0.0022,7.7,0.01,0
2025-12-26 09:12:06,0,0,30.25,0,16,374,6.23333,1,0.0166667,43,0.716667,8.75,0,0,0,0,0,0,0,0,142,100,3e-04,7e-04,9e-04,0.0013,0.0015,0.0016,0.002,0.0027,8.07,0.01,0
2025-12-26 09:13:06,0,0,30.25,0,16,97,1.61667,0,0,11,0.183333,9.57,0,0,0,0,0,0,0,0,142,100,4e-04,7e-04,0.001,0.0014,0.0016,0.0018,0.0022,0.0032,8.63,0.01,0
2025-12-26 09:14:06,0,0,30.31,0,8,6111,101.85,173,2.88333,384,6.4,5.45,0,0,0,0,0,0,0,0,146,100,1e-04,3e-04,4e-04,7e-04,9e-04,0.0011,0.0014,0.0018,3.65,0,0
2025-12-26 09:15:06,0,0,30.25,0,1,4400,73.3333,122,2.03333,220,3.66667,19.02,0,0,0,0,0,0,0,0,147,100,2e-04,5e-04,6e-04,0.0015,0.0029,0.0049,0.0053,0.0033,6.84,0.01,0
2025-12-26 09:16:06,0,0,30.31,0,8,2751,45.85,51,0.85,193,3.21667,12.74,0,0,0,0,0,0,0,0,137,102,1e-04,3e-04,4e-04,0.0011,0.0019,0.0032,0.0036,0.0023,4.94,0.01,0
2025-12-26 09:17:06,0,0,30.31,0,1,12367,206.117,441,7.35,581,9.68333,65.91,0,0,0,0,0,0,0,0,150,104,7e-04,0.0016,0.0021,0.0048,0.0103,0.0167,0.0177,0.0104,24.44,0.03,0
2025-12-26 09:18:06,0,0,30.44,0,1,14413,240.217,416,6.93333,487,8.11667,17.02,0,0,0,0,0,0,0,0,205,152,2e-04,4e-04,6e-04,0.0013,0.0027,0.0043,0.0045,0.0028,6.5,0.01,0
2025-12-26 09:19:06,0,0,30.44,0,1,2566,42.7667,66,1.1,148,2.46667,0,0,0,0,0,0,0,0,0,219,152,0,0,0,0,0,0,0,0,0,0,0
2025-12-26 09:20:06,0,0,29.81,0,1,6533,108.883,164,2.73333,469,7.81667,6.4,0,0,0,0,0,0,0,0,212,152,3e-04,5e-04,7e-04,0.001,0.0011,0.0013,0.0016,0.0026,5.38,0.01,0
2025-12-26 09:21:06,0,0,29.56,0,1,10055,167.583,302,5.03333,624,10.4,9.62,0,0,0,0,0,0,0,0,231,166,3e-04,6e-04,9e-04,0.0013,0.0016,0.0021,0.0025,0.0031,7.02,0.01,0
2025-12-26 09:22:06,0,0,29.31,0,1,11885,198.083,400,6.66667,556,9.26667,4.05,0,0,0,0,0,0,0,0,226,168,1e-04,1e-04,2e-04,4e-04,7e-04,0.001,0.0011,0.001,1.73,0,0
2025-12-26 09:23:06,0,0,29.06,0,1,6625,110.417,188,3.13333,345,5.75,28.06,0,0,0,0,0.01,0,0,0,207,151,0.0012,0.0025,0.0033,0.0043,0.0045,0.0045,0.0052,0.0065,31.48,0.02,0
2025-12-26 09:24:06,0,0,28.69,0,1,9255,154.25,257,4.28333,613,10.2167,23.5,0,0,0,0,0,0,0,0,211,150,0.0011,0.0022,0.0029,0.0036,0.0038,0.0037,0.0042,0.0052,27.35,0.02,0
2025-12-26 09:25:06,0,0,28.56,0,32,7498,124.967,205,3.41667,499,8.31667,22.4,0,0,0,0,0.01,0,0,0,201,142,9e-04,0.0019,0.0026,0.0034,0.0037,0.0038,0.0044,0.0056,23.87,0.02,0
2025-12-26 09:26:06,0,0,28.38,0,1,9391,156.517,268,4.46667,688,11.4667,40.1,0,0,0,0,0.01,0,0,0,196,145,0.002,0.004,0.0052,0.0064,0.0063,0.0063,0.0071,0.0086,49.69,0.03,0
2025-12-26 09:27:06,0,0,28.5,0,32,8071,134.517,211,3.51667,579,9.65,17.4,0,0,0,0,0.01,0,0,0,193,133,0.0011,0.0019,0.0024,0.0032,0.0029,0.0032,0.0038,0.0052,20.09,0.02,0
2025-12-26 09:28:06,0,0,28.19,0,1,5242,87.3667,124,2.06667,310,5.16667,15.16,0,0,0,0,0,0,0,0,220,160,6e-04,0.0013,0.0017,0.0023,0.0025,0.0027,0.0032,0.0042,15.4,0.01,0
2025-12-26 09:29:06,0,0,27.94,0,1,4434,73.9,102,1.7,278,4.63333,22.14,0,0,0,0,0.01,0,0,0,227,163,0.0011,0.0021,0.0027,0.0035,0.0036,0.0037,0.0043,0.0056,25.06,0.02,0
2025-12-26 09:30:06,0,0,27.81,0,1,4,0.0666667,0,0,0,0,6.43,0,0,0,0,0.01,0,0,0,216,157,3e-04,6e-04,7e-04,0.0011,0.0012,0.0014,0.0017,0.0029,5,0.01,0
2025-12-26 09:31:06,0,0,27.88,0,1,0,0,0,0,0,0,6.27,0,0,0,0,0.01,0,0,0,208,154,3e-04,6e-04,7e-04,0.0011,0.0012,0.0014,0.0017,0.0028,5.12,0.01,0
2025-12-26 09:32:06,0,0,28.44,0,1,0,0,0,0,0,0,6.28,0,0,0,0,0.01,0,0,0,190,140,3e-04,6e-04,7e-04,0.001,0.0012,0.0014,0.0017,0.0028,5.08,0.01,0
2025-12-26 09:33:06,0,0,29,0,1,0,0,0,0,0,0,6.52,0,0,0,0,0.01,0,0,0,185,138,3e-04,6e-04,7e-04,0.0011,0.0012,0.0014,0.0017,0.0029,5.08,0.01,0
2025-12-26 09:34:06,0,0,29.31,0,1,4,0.0666667,0,0,0,0,7.04,0,0,0,0,0.01,0,0,0,185,135,4e-04,7e-04,8e-04,0.0011,0.0013,0.0015,0.0019,0.0031,5.64,0.01,0
2025-12-26 09:35:06,0,0,29.62,0,1,285,4.75,0,0,19,0.316667,8.09,0,0,0,0,0.01,0,0,0,183,122,4e-04,7e-04,9e-04,0.0013,0.0015,0.0017,0.0021,0.0035,6.49,0.01,0
2025-12-26 09:36:06,0,0,29.69,0,1,128,2.13333,0,0,6,0.1,8.92,0,0,0,0,0.01,0,0,0,181,124,5e-04,8e-04,0.001,0.0014,0.0017,0.0019,0.0024,0.0038,6.92,0.01,0
2025-12-26 09:37:06,0,0,29.81,0,1,0,0,0,0,0,0,8.94,0,0,0,0,0.01,0,0,0,178,121,5e-04,8e-04,0.001,0.0015,0.0017,0.002,0.0024,0.004,6.98,0.01,0
2025-12-26 09:38:06,0,0,30.06,0,1,19,0.316667,0,0,0,0,9,0,0,0,0,0.01,0,0,0,177,124,5e-04,8e-04,0.001,0.0015,0.0017,0.002,0.0025,0.004,6.84,0.01,0
2025-12-26 09:39:06,0,0,30.25,0,1,251,4.18333,0,0,15,0.25,7.29,0,0,0,0,0.01,0,0,0,180,124,4e-04,7e-04,9e-04,0.0012,0.0014,0.0017,0.0021,0.0035,5.57,0.01,0
2025-12-26 09:40:06,0,0,30.44,0,1,0,0,0,0,0,0,5.09,0,0,0,0,0.01,0,0,0,195,136,3e-04,5e-04,6e-04,9e-04,0.001,0.0012,0.0014,0.0025,3.81,0.01,0
2025-12-26 09:41:06,0,0,30.5,0,1,255,4.25,0,0,21,0.35,4.02,0,0,0,0,0,0,0,0,202,134,2e-04,4e-04,5e-04,7e-04,8e-04,9e-04,0.0011,0.002,3.15,0.01,0
2025-12-26 09:42:06,0,0,30.5,0,1,0,0,0,0,0,0,3.59,0,0,0,0,0,0,0,0,205,130,2e-04,4e-04,4e-04,6e-04,7e-04,9e-04,0.001,0.0018,2.65,0.01,0
2025-12-26 09:43:06,0,0,30.44,0,32,3524,58.7333,91,1.51667,194,3.23333,3.5,0,0,0,0,0,0,0,0,209,148,1e-04,2e-04,3e-04,5e-04,6e-04,8e-04,0.001,0.0014,1.98,0,0
2025-12-26 09:44:06,0,0,30.38,0,1,9607,160.117,332,5.53333,468,7.8,9.04,0,0,0,0,0,0,0,0,203,141,1e-04,2e-04,3e-04,7e-04,0.0014,0.0023,0.0025,0.0018,3.04,0,0
2025-12-26 09:45:06,0,0,30.25,0,1,15144,252.4,569,9.48333,736,12.2667,14.39,0,0,0,0,0,0,0,0,167,124,1e-04,3e-04,4e-04,0.001,0.0023,0.0037,0.004,0.0027,4.7,0.01,0
2025-12-26 09:46:06,0,0,29.81,0,8,9265,154.417,273,4.55,506,8.43333,67.07,0,0,0,0,0.01,0,0,0,223,162,0.003,0.006,0.0079,0.01,0.0107,0.0111,0.0123,0.0141,75.44,0.04,0
2025-12-26 09:47:06,0,0,30.25,0,1,17274,287.9,639,10.65,909,15.15,50.78,0,0,0,0,0.02,0,0,0,154,118,0.0021,0.0042,0.0056,0.0076,0.0084,0.0093,0.0112,0.0148,49.48,0.04,0
2025-12-26 09:48:06,0,0,30,0,16,16531,275.517,552,9.2,864,14.4,44.3,0,0,0,0,0.01,0,0,0,192,140,0.0017,0.0035,0.0046,0.0063,0.0075,0.0082,0.0099,0.0131,40.41,0.03,0
2025-12-26 09:49:06,0,0,29.62,0,1,7239,120.65,201,3.35,435,7.25,69,0,0,0,0,0.01,0,0,0,226,160,0.0032,0.0065,0.0083,0.0103,0.0112,0.0112,0.0124,0.0148,79.04,0.04,0
2025-12-26 09:50:06,0,0,29.62,0,1,4950,82.5,100,1.66667,325,5.41667,100.44,0,0,0,0,0.02,0,0,0,188,112,0.0051,0.0101,0.0131,0.016,0.0156,0.0153,0.0168,0.0195,127.53,0.06,0
2025-12-26 09:51:06,0,0,29.62,0,1,3592,59.8667,44,0.733333,402,6.7,19.12,0,0,0,0,0.01,0,0,0,173,116,8e-04,0.0016,0.0021,0.0028,0.0032,0.0034,0.004,0.0053,18.8,0.01,0
2025-12-26 09:52:06,0,0,29.19,0,1,5830,97.1667,102,1.7,365,6.08333,56.65,0,0,0,0,0.02,0,0,0,220,160,0.0024,0.0048,0.0064,0.0086,0.0093,0.0102,0.0123,0.0163,56.91,0.05,0
2025-12-26 09:53:06,0,0,28.94,0,1,7692,128.2,222,3.7,438,7.3,52.85,0,0,0,0,0.02,0,0,0,224,160,0.0021,0.0042,0.0056,0.0076,0.0089,0.0099,0.012,0.016,48.55,0.04,0
2025-12-26 09:54:06,0,0,28.94,0,4,6398,106.633,171,2.85,487,8.11667,49.3,0,0,0,0,0.02,0,0,0,211,148,0.002,0.0039,0.0052,0.0072,0.0084,0.0094,0.0114,0.0156,44.73,0.04,0
2025-12-26 09:55:06,0,0,28.88,0,16,6200,103.333,123,2.05,551,9.18333,67.09,0,0,0,0,0.02,0,0,0,215,156,0.0027,0.0053,0.0071,0.0097,0.0113,0.0127,0.0155,0.0207,61.15,0.05,0
2025-12-26 09:56:06,0,0,28.69,0,1,4110,68.5,95,1.58333,308,5.13333,52.13,0,0,0,0,0.02,0,0,0,206,150,0.0021,0.0042,0.0055,0.0076,0.0088,0.0099,0.0121,0.0163,47.47,0.04,0
2025-12-26 09:57:06,0,0,28.62,0,16,6475,107.917,183,3.05,494,8.23333,67.65,0,0,0,0,0.02,0,0,0,206,143,0.0028,0.0055,0.0073,0.0099,0.0114,0.0126,0.0153,0.0203,63.31,0.06,0
2025-12-26 09:58:06,0,0,28.56,0,1,4864,81.0667,109,1.81667,375,6.25,54.59,0,0,0,0,0.02,0,0,0,221,159,0.0022,0.0044,0.0058,0.008,0.0092,0.0103,0.0126,0.0169,50.27,0.05,0
2025-12-26 09:59:06,0,0,28.56,0,1,5333,88.8833,106,1.76667,431,7.18333,56.96,0,0,0,0,0.02,0,0,0,211,146,0.0022,0.0045,0.006,0.0082,0.0096,0.0108,0.0132,0.0177,51.69,0.05,0
2025-12-26 10:00:06,0,0,28.38,0,1,5160,86,112,1.86667,415,6.91667,51.54,0,0,0,0,0.02,0,0,0,207,151,0.0021,0.0041,0.0055,0.0075,0.0087,0.0098,0.0119,0.0161,46.82,0.04,0
2025-12-26 10:01:06,0,0,28.38,0,1,2130,35.5,0,0,222,3.7,42.11,0,0,0,0,0.02,0,0,0,205,141,0.0017,0.0033,0.0044,0.0061,0.0071,0.0081,0.01,0.0136,37.42,0.04,0
2025-12-26 10:02:06,0,0,28.44,0,4,3288,54.8,40,0.666667,302,5.03333,53.03,0,0,0,0,0.02,0,0,0,193,131,0.0021,0.0042,0.0056,0.0077,0.009,0.0101,0.0122,0.0164,48.39,0.04,0
2025-12-26 10:03:06,0,0,28.31,0,4,3944,65.7333,71,1.18333,337,5.61667,53.17,0,0,0,0,0.02,0,0,0,211,154,0.0021,0.0043,0.0057,0.0078,0.009,0.0101,0.0122,0.0164,48.81,0.04,0
2025-12-26 10:04:06,0,0,28.31,0,4,3308,55.1333,61,1.01667,273,4.55,55.23,0,0,0,0,0.02,0,0,0,225,163,0.0022,0.0045,0.0059,0.0081,0.0093,0.0104,0.0126,0.0169,51,0.05,0
2025-12-26 10:05:06,0,0,27.94,0,4,5026,83.7667,125,2.08333,395,6.58333,63.94,0,0,0,0,0.02,0,0,0,207,138,0.0026,0.0052,0.0068,0.0093,0.0107,0.012,0.0146,0.0194,59.31,0.05,0
2025-12-26 10:06:06,0,0,28.19,0,16,3833,63.8833,59,0.983333,347,5.78333,55.72,0,0,0,0,0.02,0,0,0,222,159,0.0022,0.0045,0.006,0.0081,0.0094,0.0105,0.0127,0.017,51.18,0.05,0
2025-12-26 10:07:06,0,0,28.06,0,4,4404,73.4,100,1.66667,373,6.21667,54.69,0,0,0,0,0.02,0,0,0,175,110,0.0022,0.0045,0.0059,0.008,0.0092,0.0103,0.0124,0.0166,50.8,0.05,0
2025-12-26 10:08:06,0,0,28.12,0,1,3971,66.1833,49,0.816667,386,6.43333,49.68,0,0,0,0,0.02,0,0,0,179,123,0.002,0.0041,0.0053,0.0073,0.0084,0.0094,0.0114,0.0153,45.99,0.04,0
2025-12-26 10:09:06,0,0,28.06,0,4,3732,62.2,58,0.966667,318,5.3,55.34,0,0,0,0,0.02,0,0,0,168,115,0.0022,0.0045,0.0059,0.008,0.0094,0.0105,0.0127,0.017,50.6,0.05,0
2025-12-26 10:10:06,0,0,28,0,4,4992,83.2,105,1.75,384,6.4,55.34,0,0,0,0,0.02,0,0,0,221,155,0.0022,0.0045,0.0059,0.0081,0.0093,0.0105,0.0126,0.0168,51.28,0.05,0
2025-12-26 10:11:06,0,0,28,0,16,4978,82.9667,91,1.51667,468,7.8,59.61,0,0,0,0,0.02,0,0,0,188,115,0.0024,0.0049,0.0064,0.0087,0.0101,0.0112,0.0135,0.0181,55.17,0.05,0
2025-12-26 10:12:06,0,0,27.81,0,4,5313,88.55,126,2.1,346,5.76667,58.5,0,0,0,0,0.02,0,0,0,208,151,0.0024,0.0048,0.0063,0.0085,0.0099,0.011,0.0133,0.0177,54.3,0.05,0
2025-12-26 10:13:06,0,0,27.75,0,1,7540,125.667,250,4.16667,517,8.61667,44.23,0,0,0,0,0.02,0,0,0,208,151,0.0018,0.0037,0.0048,0.0066,0.0075,0.0084,0.01,0.0136,41.59,0.04,0
2025-12-26 10:14:06,0,0,27.38,0,1,1019,16.9833,25,0.416667,80,1.33333,49.18,0,0,0,0,0.02,0,0,0,228,161,0.002,0.004,0.0052,0.0072,0.0084,0.0094,0.0114,0.0154,44.52,0.04,0
2025-12-26 10:15:06,0,0,27.12,0,1,986,16.4333,16,0.266667,63,1.05,58.11,0,0,0,0,0.02,0,0,0,211,143,0.0024,0.0047,0.0062,0.0085,0.0098,0.011,0.0133,0.0177,53.57,0.05,0
2025-12-26 10:16:06,0,0,27.56,0,1,2509,41.8167,51,0.85,241,4.01667,52.98,0,0,0,0,0.02,0,0,0,165,123,0.0022,0.0043,0.0057,0.0078,0.009,0.0101,0.0121,0.0163,48.62,0.04,0
2025-12-26 10:17:06,0,0,27.81,0,4,2907,48.45,52,0.866667,209,3.48333,51.13,0,0,0,0,0.02,0,0,0,189,139,0.0021,0.0042,0.0055,0.0075,0.0087,0.0098,0.0117,0.0158,46.63,0.04,0
2025-12-26 10:18:06,0,0,27.81,0,4,2580,43,43,0.716667,202,3.36667,57.79,0,0,0,0,0.02,0,0,0,206,147,0.0024,0.0048,0.0062,0.0085,0.0098,0.011,0.0131,0.0175,53.58,0.05,0
2025-12-26 10:19:06,0,0,27.81,0,1,5403,90.05,125,2.08333,352,5.86667,50.23,0,0,0,0,0.02,0,0,0,221,156,0.0021,0.0042,0.0054,0.0074,0.0085,0.0096,0.0116,0.0157,46.21,0.04,0
2025-12-26 10:20:06,0,0,28.12,0,1,2502,41.7,30,0.5,181,3.01667,56,0,0,0,0,0.02,0,0,0,186,139,0.0023,0.0045,0.0059,0.0081,0.0095,0.0107,0.0129,0.0173,51.25,0.05,0
2025-12-26 10:21:06,0,0,28.19,0,1,1144,19.0667,1,0.0166667,77,1.28333,855.4,0,0,0,0,0.19,0,0,0,183,138,0.0432,0.0819,0.1054,0.1305,0.1377,0.1397,0.1531,0.1806,1000.34,0.56,0
2025-12-26 10:22:06,0,0,28.25,0,1,4479,74.65,70,1.16667,265,4.41667,55.35,0,0,0,0,0.02,0,0,0,178,132,0.0021,0.0039,0.0053,0.0076,0.0095,0.0111,0.0137,0.0188,43.93,0.05,0
2025-12-26 10:23:06,0,0,27.88,0,1,717,11.95,21,0.35,31,0.516667,15.75,0,0,0,0,0.01,0,0,0,216,155,8e-04,0.0014,0.0018,0.0025,0.0029,0.0034,0.0041,0.0062,13,0.02,0
2025-12-26 10:24:06,0,0,28,0,1,241,4.01667,0,0,20,0.333333,15.54,0,0,0,0,0.01,0,0,0,199,145,8e-04,0.0014,0.0018,0.0025,0.0028,0.0033,0.004,0.0061,13.08,0.02,0
2025-12-26 10:25:06,0,0,28.31,0,1,32,0.533333,0,0,0,0,17.78,0,0,0,0,0.01,0,0,0,199,144,9e-04,0.0016,0.002,0.0028,0.0032,0.0038,0.0045,0.0068,15.01,0.02,0
2025-12-26 10:26:06,0,0,28.75,0,1,149,2.48333,0,0,16,0.266667,16.53,0,0,0,0,0.01,0,0,0,185,131,9e-04,0.0015,0.0019,0.0026,0.003,0.0035,0.0042,0.0065,13.97,0.02,0
2025-12-26 10:27:06,0,0,29.12,0,1,246,4.1,0,0,14,0.233333,16.07,0,0,0,0,0.01,0,0,0,183,122,9e-04,0.0015,0.0019,0.0026,0.003,0.0035,0.0042,0.0063,13.54,0.02,0
2025-12-26 10:28:06,0,0,29.25,0,1,139,2.31667,0,0,7,0.116667,18.34,0,0,0,0,0.01,0,0,0,181,124,9e-04,0.0016,0.0021,0.0029,0.0033,0.0039,0.0046,0.007,15.51,0.02,0
2025-12-26 10:29:06,0,0,29.44,0,1,369,6.15,0,0,28,0.466667,15.25,0,0,0,0,0.01,0,0,0,207,147,8e-04,0.0014,0.0017,0.0024,0.0028,0.0033,0.0039,0.006,12.72,0.02,0
2025-12-26 10:30:06,0,0,30,0,4,2927,48.7833,61,1.01667,223,3.71667,37.69,0,0,0,0,0.02,0,0,0,162,105,0.0017,0.0032,0.0041,0.0056,0.0065,0.0072,0.0085,0.0117,35.2,0.03,0
2025-12-26 10:31:06,0,0,29.88,0,4,3743,62.3833,75,1.25,269,4.48333,50.64,0,0,0,0,0.02,0,0,0,192,128,0.0021,0.0041,0.0054,0.0074,0.0086,0.0095,0.0112,0.015,47.12,0.04,0
2025-12-26 10:32:06,0,0,29.75,0,4,2162,36.0333,42,0.7,126,2.1,40.91,0,0,0,0,0.02,0,0,0,205,146,0.0018,0.0036,0.0047,0.0063,0.0069,0.0076,0.009,0.0121,40.44,0.03,0
2025-12-26 10:33:06,0,0,29.69,0,16,2616,43.6,53,0.883333,154,2.56667,57.67,0,0,0,0,0.02,0,0,0,231,160,0.0025,0.0048,0.0063,0.0085,0.0097,0.0106,0.0124,0.0165,55.24,0.05,0
2025-12-26 10:34:06,0,0,29.56,0,4,1945,32.4167,29,0.483333,150,2.5,44.66,0,0,0,0,0.02,0,0,0,182,116,0.002,0.0039,0.005,0.0067,0.0076,0.0082,0.0095,0.0128,43.88,0.04,0
2025-12-26 10:35:06,0,0,29.56,0,4,1672,27.8667,17,0.283333,121,2.01667,42.9,0,0,0,0,0.02,0,0,0,188,137,0.0019,0.0037,0.0049,0.0066,0.0072,0.008,0.0094,0.0127,42.4,0.04,0
2025-12-26 10:36:06,0,0,29.62,0,1,2177,36.2833,24,0.4,158,2.63333,47.22,0,0,0,0,0.02,0,0,0,211,155,0.0021,0.0041,0.0054,0.0071,0.0079,0.0086,0.0099,0.0131,47.53,0.04,0
2025-12-26 10:37:06,0,0,29.62,0,1,1543,25.7167,17,0.283333,127,2.11667,35.52,0,0,0,0,0.01,0,0,0,199,150,0.0017,0.0032,0.0041,0.0055,0.0061,0.0066,0.0075,0.0102,35.71,0.03,0
2025-12-26 10:38:06,0,0,29.69,0,1,2294,38.2333,45,0.75,166,2.76667,23.47,0,0,0,0,0.01,0,0,0,224,158,0.0011,0.002,0.0025,0.0035,0.0041,0.0047,0.0056,0.008,20.29,0.02,0
2025-12-26 10:39:06,0,0,30.25,0,1,1581,26.35,13,0.216667,149,2.48333,30.66,0,0,0,0,0.01,0,0,0,156,128,0.0013,0.0025,0.0032,0.0045,0.0053,0.0061,0.0073,0.0103,26.47,0.03,0
2025-12-26 10:40:06,0,0,30,0,1,202,3.36667,1,0.0166667,18,0.3,29.78,0,0,0,0,0.01,0,0,0,155,119,0.0013,0.0024,0.0031,0.0044,0.0052,0.0059,0.0071,0.0101,25.57,0.03,0
2025-12-26 10:41:06,0,0,29.88,0,1,2960,49.3333,65,1.08333,180,3,37.12,0,0,0,0,0.02,0,0,0,228,160,0.0018,0.0034,0.0044,0.0059,0.0061,0.0069,0.0082,0.0113,38.6,0.03,0
2025-12-26 10:42:06,0,0,29.88,0,1,3843,64.05,78,1.3,245,4.08333,24.68,0,0,0,0,0.02,0,0,0,204,150,0.0012,0.0019,0.0025,0.0038,0.0045,0.0054,0.0068,0.01,17.86,0.03,0
2025-12-26 10:43:06,0,0,29.5,0,1,1640,27.3333,27,0.45,140,2.33333,61.03,0,0,0,0,0.02,0,0,0,199,128,0.0025,0.0044,0.006,0.0086,0.0104,0.0119,0.0144,0.0193,51.34,0.05,0
2025-12-26 10:44:06,0,0,29.56,0,1,3572,59.5333,79,1.31667,234,3.9,129.3,0,0,0,0,0.05,0,0,0,166,131,0.005,0.0086,0.012,0.0177,0.0221,0.0259,0.032,0.0429,100.64,0.11,0
2025-12-26 10:45:06,0,0,29.06,0,1,114,1.9,0,0,7,0.116667,27.35,0,0,0,0,0.01,0,0,0,198,119,0.0011,0.0018,0.0024,0.0041,0.0048,0.0054,0.0072,0.0089,19.9,0.03,0
2025-12-26 10:46:06,0,0,29.12,0,1,32,0.533333,0,0,0,0,26.05,0,0,0,0,0.01,0,0,0,189,117,0.001,0.0017,0.0023,0.004,0.0046,0.0051,0.0067,0.0084,18.96,0.02,0
2025-12-26 10:47:06,0,0,29.12,0,1,269,4.48333,0,0,16,0.266667,22.3,0,0,0,0,0.01,0,0,0,194,113,9e-04,0.0015,0.0019,0.0035,0.004,0.0043,0.0057,0.007,16.3,0.02,0
2025-12-26 10:48:06,0,0,29,0,1,703,11.7167,5,0.0833333,50,0.833333,35.22,0,0,0,0,0.02,0,0,0,209,158,0.0013,0.0023,0.0031,0.0051,0.0062,0.0071,0.0092,0.0117,25.3,0.03,0
2025-12-26 10:49:06,0,0,29,0,16,331,5.51667,1,0.0166667,27,0.45,102.67,0,0,0,0,0.04,0,0,0,202,150,0.0038,0.0065,0.009,0.0139,0.0177,0.0211,0.0268,0.0353,73.94,0.09,0
2025-12-26 10:50:06,0,0,29.38,0,16,1455,24.25,6,0.1,161,2.68333,115.36,0,0,0,0,0.04,0,0,0,205,151,0.0042,0.0072,0.0101,0.0157,0.0199,0.0234,0.0299,0.0391,84.02,0.1,0
2025-12-26 10:51:06,0,0,29.44,0,16,497,8.28333,0,0,30,0.5,120.15,0,0,0,0,0.05,0,0,0,206,151,0.0044,0.0076,0.0105,0.0163,0.0207,0.0243,0.0313,0.0402,87.51,0.1,0
2025-12-26 10:52:06,0,0,29.38,0,16,467,7.78333,0,0,42,0.7,113.16,0,0,0,0,0.04,0,0,0,206,152,0.0041,0.0071,0.0099,0.0153,0.0195,0.0228,0.0294,0.0379,82.39,0.1,0
2025-12-26 10:53:06,0,0,29.38,0,16,164,2.73333,0,0,5,0.0833333,109.1,0,0,0,0,0.04,0,0,0,205,151,0.0039,0.0068,0.0095,0.0148,0.0188,0.0219,0.0284,0.0362,79.44,0.09,0
2025-12-26 10:54:06,0,0,29.44,0,16,373,6.21667,0,0,25,0.416667,108.37,0,0,0,0,0.04,0,0,0,205,151,0.0039,0.0068,0.0094,0.0147,0.0186,0.0218,0.0282,0.0359,78.96,0.09,0
2025-12-26 10:55:06,0,0,29.5,0,16,411,6.85,0,0,37,0.616667,109.14,0,0,0,0,0.04,0,0,0,200,148,0.0039,0.0069,0.0095,0.0148,0.0188,0.022,0.0284,0.0361,79.57,0.09,0
2025-12-26 10:56:06,0,0,29.75,0,1,7477,124.617,223,3.71667,371,6.18333,122.05,0,0,0,0,0.04,0,0,0,215,144,0.0041,0.007,0.01,0.0152,0.0214,0.0253,0.0319,0.0419,80.66,0.1,0
2025-12-26 10:57:06,0,0,29.81,0,2,13484,224.733,521,8.68333,577,9.61667,34.9,0,0,0,0,0.01,0,0,0,216,152,0.0014,0.0025,0.0034,0.0049,0.006,0.0069,0.0084,0.0112,29.01,0.03,0
2025-12-26 10:58:06,0,0,29.69,0,16,11380,189.667,414,6.9,585,9.75,23.52,0,0,0,0,0,0,0,0,231,167,4e-04,8e-04,0.001,0.002,0.0039,0.0058,0.0066,0.0054,9.61,0.01,0
2025-12-26 10:59:06,0,0,30,0,1,2197,36.6167,46,0.766667,161,2.68333,28.45,0,0,0,0,0,0,0,0,193,134,3e-04,7e-04,9e-04,0.0022,0.0044,0.0072,0.008,0.0049,10.84,0.01,0
2025-12-26 11:00:06,0,0,29.88,0,1,6025,100.417,209,3.48333,320,5.33333,31.45,0,0,0,0,0,0,0,0,208,151,4e-04,0.001,0.0012,0.0029,0.0047,0.0078,0.0085,0.0051,14.45,0.01,0
2025-12-26 11:01:06,0,0,29.94,0,1,3650,60.8333,52,0.866667,299,4.98333,40.48,0,0,0,0,0,0,0,0,211,156,5e-04,0.0011,0.0014,0.0032,0.0062,0.0102,0.011,0.0065,16.19,0.02,0
2025-12-26 11:02:06,0,0,29.81,0,4,8465,141.083,280,4.66667,492,8.2,130.17,0,0,0,0,0,0,0,0,220,153,0.0015,0.0035,0.0045,0.0101,0.0202,0.0327,0.0347,0.02,52,0.05,0
2025-12-26 11:03:06,0,0,29.69,0,1,11714,195.233,368,6.13333,550,9.16667,67.57,0,0,0,0,0,0,0,0,210,151,8e-04,0.0018,0.0024,0.0054,0.0104,0.0169,0.018,0.0104,27.61,0.03,0
2025-12-26 11:04:06,0,0,29.56,0,1,11771,196.183,439,7.31667,535,8.91667,19.85,0,0,0,0,0,0,0,0,227,163,4e-04,7e-04,0.001,0.0019,0.0033,0.0047,0.0051,0.0042,9.28,0.01,0
2025-12-26 11:05:06,0,0,29.56,0,8,11045,184.083,362,6.03333,526,8.76667,0,0,0,0,0,0,0,0,0,199,135,0,0,0,0,0,0,0,0,0,0,0
2025-12-26 11:06:06,0,0,29.12,0,1,19404,323.4,751,12.5167,686,11.4333,176.93,0,0,0,0,0.57,0,0,0,215,158,0.0191,0.0275,0.0299,0.0403,0.0412,0.0522,0.0563,0.0683,137.04,0.41,0
2025-12-26 11:07:06,0,0,29.19,0,1,16350,272.5,607,10.1167,655,10.9167,2.19,0,0,0,0,0.44,0,0,0,174,130,0.0104,0.0133,0.0115,0.0143,0.01,0.0163,0.0141,0.0142,0,0.24,0
2025-12-26 11:08:06,0,0,29.06,0,1,19739,328.983,753,12.55,635,10.5833,0,0,0,0,0,0.25,0,0,0,187,134,0.0062,0.008,0.0068,0.0084,0.0051,0.0084,0.0069,0.0066,0,0.14,0
2025-12-26 11:09:06,0,0,28.81,0,1,10581,176.35,339,5.65,427,7.11667,0,0,0,0,0,1.12,0,0,0,187,129,0.0261,0.0333,0.0287,0.0355,0.0246,0.0404,0.0337,0.0317,0,0.61,0
2025-12-26 11:10:06,0,0,28.81,0,1,20039,333.983,714,11.9,676,11.2667,0,0,0,0,0,0.52,0,0,0,167,120,0.0127,0.0162,0.0138,0.0171,0.0115,0.0188,0.0156,0.0148,0,0.29,0
2025-12-26 11:11:06,0,0,28.81,0,1,24667,411.117,996,16.6,727,12.1167,0,0,0,0,0,0.3,0,0,0,196,149,0.0076,0.0097,0.0082,0.0102,0.0064,0.0105,0.0087,0.0082,0,0.17,0
2025-12-26 11:12:06,0,0,28.69,0,16,18269,304.483,682,11.3667,650,10.8333,9.04,0,0,0,0,0.27,0,0,0,161,128,0.0064,0.0084,0.0075,0.0095,0.0078,0.0119,0.0108,0.012,0,0.16,0
2025-12-26 11:13:06,0,0,28.69,0,1,20269,337.817,770,12.8333,721,12.0167,2.47,0,0,0,0,0.44,0,0,0,164,122,0.0103,0.0133,0.0113,0.014,0.0104,0.0171,0.0141,0.0134,0,0.24,0
2025-12-26 11:14:06,0,0,28.75,0,1,9456,157.6,307,5.11667,523,8.71667,416.16,0,0,0,0,0.1,0,0,0,163,121,0.0193,0.0363,0.0491,0.0632,0.0673,0.0679,0.0731,0.0839,466.16,0.26,0
2025-12-26 11:15:06,0,0,28.56,0,1,4087,68.1167,73,1.21667,306,5.1,0.27,0,0,0,0,0.02,0,0,0,169,125,2e-04,2e-04,1e-04,2e-04,8e-04,0.0012,0.001,0.001,0,0.01,0
2025-12-26 11:16:06,0,0,28.69,0,1,2359,39.3167,37,0.616667,191,3.18333,0,0,0,0,0,0.05,0,0,0,158,115,0.0015,0.0019,0.0016,0.002,0.0013,0.0021,0.0017,0.0018,0,0.04,0
2025-12-26 11:17:06,0,0,28.69,0,1,2940,49,37,0.616667,246,4.1,547.21,0,0,0,0,0.1,0,0,0,150,109,0.025,0.0482,0.0655,0.0824,0.0875,0.0867,0.0923,0.1022,630.95,0.32,0
2025-12-26 11:18:06,0,0,28.19,0,16,3676,61.2667,76,1.26667,291,4.85,851.8,0,0,0,0,0.08,0,0,0,182,133,0.047,0.0926,0.1178,0.1357,0.1316,0.1196,0.1158,0.1157,1176.68,0.44,0
2025-12-26 11:19:06,0,0,27.94,0,16,1884,31.4,19,0.316667,185,3.08333,1019.54,0,0,0,0,0.11,0,0,0,199,143,0.0549,0.1072,0.135,0.1539,0.1616,0.1498,0.1479,0.1528,1333.88,0.54,0
2025-12-26 11:20:06,0,0,27.12,0,16,4011,66.85,119,1.98333,236,3.93333,1127.51,0,0,0,0,0.16,0,0,0,220,160,0.056,0.1098,0.1443,0.175,0.1782,0.1695,0.1724,0.1857,1412.35,0.63,0
2025-12-26 11:21:06,0,0,27.06,0,1,3027,50.45,33,0.55,295,4.91667,6602.28,0,0,0,0,1.4,0,0,0,198,147,0.2258,0.4143,0.6331,0.9167,1.0906,1.1712,1.3586,1.5979,5854.86,4.22,0
2025-12-26 11:22:06,0,0,26.44,0,1,4933,82.2167,52,0.866667,554,9.23333,706.7,0,0,0,0,0.08,0,0,0,214,155,0.0366,0.0718,0.0925,0.1083,0.1113,0.1042,0.1036,0.1075,913.28,0.38,0
2025-12-26 11:23:06,0,0,26,0,16,2031,33.85,5,0.0833333,244,4.06667,1349.63,0,0,0,0,0.13,0,0,0,213,155,0.0683,0.1344,0.1753,0.2072,0.2117,0.1977,0.1973,0.2043,1737.21,0.7,0
2025-12-26 11:24:06,0,0,25.69,0,16,1882,31.3667,3,0.05,189,3.15,1346.46,0,0,0,0,0.12,0,0,0,214,155,0.0704,0.1392,0.1807,0.2109,0.2089,0.1917,0.1874,0.1891,1801.96,0.68,0
2025-12-26 11:25:06,0,0,25.94,0,1,4653,77.55,106,1.76667,343,5.71667,7611.01,0,0,0,0,1.48,0,0,0,199,143,0.2549,0.464,0.7041,1.018,1.2661,1.3623,1.5767,1.8612,6538.51,4.73,0
2025-12-26 11:26:06,0,0,25.56,0,16,3599,59.9833,102,1.7,222,3.7,16840.9,0,0,0,0,3.18,0,0,0,226,165,0.5193,0.9714,1.5254,2.2564,2.7759,3.0325,3.5191,4.0715,14208.42,10.25,0
2025-12-26 11:27:06,0,0,25.12,0,1,1580,26.3333,0,0,157,2.61667,1736.82,0,0,0,0,0.14,0,0,0,216,157,0.0834,0.1671,0.2241,0.27,0.2691,0.2523,0.2508,0.253,2232.27,0.88,0
2025-12-26 11:28:06,0,0,24.56,0,1,1458,24.3,10,0.166667,137,2.28333,1759.32,0,0,0,0,0.15,0,0,0,219,157,0.0818,0.164,0.2206,0.2684,0.2739,0.2603,0.261,0.2666,2198.35,0.88,0
2025-12-26 11:29:06,0,0,24.25,0,1,3127,52.1167,108,1.8,192,3.2,8751.77,0,0,0,0,1.39,0,0,0,220,158,0.2149,0.4089,0.6147,0.8709,1.5464,1.6666,1.9211,2.2126,5644.37,4.54,0
2025-12-26 11:30:06,0,0,24.5,0,1,3025,50.4167,64,1.06667,224,3.73333,1426.98,0,0,0,0,0.17,0,0,0,216,157,0.0685,0.1335,0.1767,0.2139,0.2261,0.2167,0.2229,0.2411,1738.74,0.77,0
2025-12-26 11:31:06,0,0,24.5,0,1,2713,45.2167,42,0.7,216,3.6,1297.04,0,0,0,0,0.2,0,0,0,217,154,0.0603,0.1159,0.1578,0.1987,0.2057,0.2022,0.2133,0.2387,1530.99,0.75,0
2025-12-26 11:32:06,0,0,24.38,0,1,1810,30.1667,0,0,286,4.76667,983.43,0,0,0,0,0.1,0,0,0,214,155,0.0531,0.1043,0.1337,0.1551,0.1529,0.1404,0.1386,0.1463,1328.25,0.52,0
2025-12-26 11:33:06,0,0,24.19,0,1,2955,49.25,36,0.6,361,6.01667,1091.71,0,0,0,0,0.1,0,0,0,218,157,0.0594,0.117,0.1497,0.1725,0.1691,0.154,0.151,0.1568,1492,0.56,0
2025-12-26 11:34:06,0,0,24.06,0,1,3752,62.5333,28,0.466667,521,8.68333,1456.36,0,0,0,0,0.23,0,0,0,219,156,0.0634,0.1199,0.1634,0.2114,0.236,0.2374,0.2575,0.3022,1574.52,0.86,0
2025-12-26 11:35:06,0,0,24.25,0,1,3129,52.15,10,0.166667,439,7.31667,914.94,0,0,0,0,0.14,0,0,0,188,133,0.0398,0.0764,0.1043,0.1342,0.1472,0.148,0.1593,0.181,1007.58,0.53,0
2025-12-26 11:36:06,0,0,24.38,0,16,3444,57.4,5,0.0833333,598,9.96667,1643.81,0,0,0,0,0.25,0,0,0,190,137,0.074,0.1421,0.1914,0.242,0.2639,0.2626,0.2807,0.318,1855.98,0.95,0
2025-12-26 11:37:06,0,0,24.31,0,1,3358,55.9667,6,0.1,574,9.56667,1508.44,0,0,0,0,0.22,0,0,0,184,132,0.0694,0.1335,0.1787,0.2241,0.2415,0.2384,0.2534,0.2864,1736.6,0.87,0
2025-12-26 11:38:06,0,0,24.12,0,1,3515,58.5833,17,0.283333,548,9.13333,1258.62,0,0,0,0,0.19,0,0,0,215,155,0.0559,0.1074,0.1452,0.1849,0.2021,0.202,0.2171,0.2467,1407.8,0.73,0
2025-12-26 11:39:06,0,0,23.62,0,1,2635,43.9167,21,0.35,251,4.18333,1149.66,0,0,0,0,0.17,0,0,0,222,158,0.0472,0.091,0.1263,0.1652,0.1846,0.1889,0.2064,0.233,1222.94,0.66,0
2025-12-26 11:40:06,0,0,23.69,0,1,2457,40.95,20,0.333333,285,4.75,1405.33,0,0,0,0,0.18,0,0,0,220,158,0.0595,0.1155,0.1594,0.2058,0.2236,0.2258,0.2438,0.2709,1555.19,0.78,0
2025-12-26 11:41:06,0,0,24.31,0,1,3690,61.5,24,0.4,395,6.58333,976.13,0,0,0,0,0.13,0,0,0,228,167,0.0446,0.086,0.1171,0.1484,0.1541,0.1521,0.162,0.1809,1144.63,0.55,0
2025-12-26 11:42:06,0,0,24.75,0,16,6557,109.283,147,2.45,669,11.15,582.5,0,0,0,0,0.09,0,0,0,207,151,0.031,0.06,0.078,0.0938,0.0907,0.0856,0.0859,0.091,767.15,0.33,0
2025-12-26 11:43:06,0,0,25.12,0,1,5553,92.55,98,1.63333,626,10.4333,1300.22,0,0,0,0,0.22,0,0,0,177,121,0.054,0.102,0.1406,0.1844,0.2123,0.216,0.2353,0.2726,1348.49,0.77,0
2025-12-26 11:44:06,0,0,25.81,0,1,3598,59.9667,35,0.583333,510,8.5,1722.63,0,0,0,0,0.31,0,0,0,206,153,0.0705,0.1327,0.1873,0.2522,0.2782,0.288,0.3195,0.3745,1787.05,1.06,0
2025-12-26 11:45:06,0,0,25.75,0,16,2217,36.95,4,0.0666667,290,4.83333,1553.5,0,0,0,0,0.28,0,0,0,212,161,0.064,0.1202,0.1672,0.2224,0.2541,0.2598,0.2849,0.335,1593.83,0.94,0
2025-12-26 11:46:06,0,0,26.12,0,16,2540,42.3333,3,0.05,365,6.08333,1221.19,0,0,0,0,0.2,0,0,0,213,155,0.0507,0.096,0.1331,0.1753,0.1982,0.2021,0.2209,0.2549,1278.74,0.72,0
2025-12-26 11:47:06,0,0,26.25,0,1,2329,38.8167,6,0.1,292,4.86667,1238.64,0,0,0,0,0.19,0,0,0,201,150,0.0499,0.0952,0.1332,0.1765,0.2006,0.2058,0.2257,0.2578,1282,0.72,0
2025-12-26 11:48:06,0,0,26.12,0,1,2501,41.6833,30,0.5,221,3.68333,1462.81,0,0,0,0,0.21,0,0,0,219,157,0.0586,0.1121,0.1573,0.2085,0.2357,0.2425,0.2661,0.3018,1520.36,0.84,0
2025-12-26 11:49:06,0,0,26.38,0,1,2201,36.6833,25,0.416667,148,2.46667,1251.92,0,0,0,0,0.2,0,0,0,224,159,0.05,0.0951,0.1336,0.178,0.2029,0.2088,0.2293,0.2631,1284.77,0.73,0
2025-12-26 11:50:06,0,0,26.19,0,1,2639,43.9833,30,0.5,224,3.73333,819.29,0,0,0,0,0.13,0,0,0,210,151,0.0334,0.0642,0.0903,0.1203,0.1311,0.135,0.148,0.168,870.71,0.48,0
2025-12-26 11:51:06,0,0,26.19,0,1,1195,19.9167,5,0.0833333,65,1.08333,1132.32,0,0,0,0,0.17,0,0,0,209,152,0.0455,0.0874,0.1224,0.1623,0.1822,0.1877,0.2058,0.2324,1182.57,0.65,0
2025-12-26 11:52:06,0,0,26.5,0,1,1441,24.0167,5,0.0833333,88,1.46667,1599.1,0,0,0,0,0.26,0,0,0,206,147,0.0631,0.1203,0.1698,0.2276,0.2592,0.2681,0.2959,0.3387,1628.51,0.94,0
2025-12-26 11:53:06,0,0,26.19,0,1,1046,17.4333,0,0,67,1.11667,1474.46,0,0,0,0,0.23,0,0,0,220,157,0.057,0.1089,0.1544,0.2079,0.2385,0.2485,0.2747,0.3131,1485.33,0.85,0
2025-12-26 11:54:06,0,0,26.31,0,1,1835,30.5833,5,0.0833333,176,2.93333,924.13,0,0,0,0,0.15,0,0,0,212,153,0.0369,0.0707,0.0991,0.1319,0.1499,0.1545,0.1689,0.1918,950.13,0.54,0
2025-12-26 11:55:06,0,0,26.31,0,1,3869,64.4833,24,0.4,562,9.36667,1729.92,0,0,0,0,0.27,0,0,0,211,151,0.0704,0.1348,0.1882,0.2483,0.2795,0.2862,0.3125,0.3534,1812.37,1.01,0
2025-12-26 11:56:06,0,0,26.62,0,1,4279,71.3167,22,0.366667,628,10.4667,1983.53,0,0,0,0,0.32,0,0,0,206,141,0.0783,0.1494,0.2114,0.2824,0.321,0.3316,0.366,0.4171,2028.55,1.16,0
2025-12-26 11:57:06,0,0,26.75,0,16,4042,67.3667,43,0.716667,536,8.93333,1240.03,0,0,0,0,0.18,0,0,0,189,131,0.0544,0.1041,0.1422,0.1818,0.1991,0.1987,0.213,0.24,1379.26,0.71,0
2025-12-26 11:58:06,0,0,26.88,0,1,4554,75.9,43,0.716667,716,11.9333,842.84,0,0,0,0,0.08,0,0,0,208,151,0.043,0.0844,0.1096,0.1299,0.1315,0.1234,0.1243,0.1295,1090.51,0.44,0
2025-12-26 11:59:06,0,0,26.69,0,1,4282,71.3667,53,0.883333,614,10.2333,1405.92,0,0,0,0,0.17,0,0,0,207,145,0.0636,0.124,0.1674,0.2094,0.2223,0.2188,0.2302,0.2491,1645.93,0.76,0
2025-12-26 12:00:06,0,0,26.62,0,1,4278,71.3,47,0.783333,617,10.2833,1759.56,0,0,0,0,0.23,0,0,0,195,137,0.0703,0.1364,0.1923,0.2532,0.2813,0.2878,0.3129,0.3476,1869.15,0.98,0
2025-12-26 12:01:06,0,0,26.69,0,1,2848,47.4667,29,0.483333,317,5.28333,4195.67,0,0,0,0,0.66,0,0,0,211,145,0.1518,0.2904,0.4253,0.585,0.6797,0.7153,0.8021,0.9108,4070.25,2.42,0
2025-12-26 12:02:06,0,0,26.69,0,1,2171,36.1833,11,0.183333,355,5.91667,3864.42,0,0,0,0,0.58,0,0,0,207,143,0.1419,0.2726,0.397,0.5424,0.6229,0.6542,0.7311,0.8275,3817,2.21,0
2025-12-26 12:03:06,0,0,26.62,0,1,1839,30.65,13,0.216667,211,3.51667,1892.54,0,0,0,0,0.25,0,0,0,209,148,0.0803,0.1552,0.2141,0.2753,0.3021,0.3047,0.3282,0.3646,2085.23,1.05,0
2025-12-26 12:04:06,0,0,26.75,0,16,454,7.56667,0,0,29,0.483333,2460.58,0,0,0,0,0.33,0,0,0,189,131,0.1072,0.2069,0.2835,0.3617,0.392,0.3913,0.4188,0.4638,2767.91,1.37,0
2025-12-26 12:05:06,0,0,26.75,0,1,2157,35.95,32,0.533333,169,2.81667,2005.2,0,0,0,0,0.26,0,0,0,203,137,0.0882,0.1714,0.2329,0.2932,0.32,0.3175,0.3375,0.3703,2274.08,1.1,0
2025-12-26 12:06:06,0,0,26.94,0,1,1743,29.05,0,0,172,2.86667,1599.16,0,0,0,0,0.23,0,0,0,199,135,0.0718,0.1384,0.187,0.2361,0.255,0.2548,0.2716,0.3019,1820.12,0.9,0
2025-12-26 12:07:06,0,0,26.62,0,1,2672,44.5333,46,0.766667,181,3.01667,1670.34,0,0,0,0,0.24,0,0,0,222,157,0.0717,0.1388,0.1898,0.2432,0.2672,0.2701,0.2915,0.3254,1842.5,0.95,0
2025-12-26 12:08:06,0,0,26.56,0,1,1952,32.5333,5,0.0833333,166,2.76667,1596.93,0,0,0,0,0.24,0,0,0,217,153,0.0657,0.1258,0.1758,0.2305,0.2562,0.2632,0.2877,0.3241,1697.06,0.92,0
2025-12-26 12:09:06,0,0,26.56,0,1,3065,51.0833,53,0.883333,252,4.2,466.53,0,0,0,0,0.08,0,0,0,178,129,0.0201,0.039,0.0536,0.0691,0.0745,0.0757,0.0809,0.0896,517.71,0.27,0
2025-12-26 12:10:06,0,0,26.94,0,1,5043,84.05,69,1.15,302,5.03333,1289.85,0,0,0,0,0.2,0,0,0,219,153,0.0556,0.1072,0.1482,0.1929,0.2042,0.2089,0.2275,0.2535,1437.05,0.75,0
2025-12-26 12:11:06,0,0,27,0,4,5790,96.5,67,1.11667,595,9.91667,2898.61,0,0,0,0,0.52,0,0,0,231,163,0.1061,0.2028,0.2966,0.4101,0.471,0.4964,0.5559,0.633,2814.09,1.74,0
2025-12-26 12:12:06,0,0,27.31,0,1,5203,86.7167,73,1.21667,318,5.3,936.43,0,0,0,0,0.12,0,0,0,206,141,0.0415,0.0806,0.1087,0.1365,0.1497,0.1492,0.1583,0.1732,1060.07,0.52,0
2025-12-26 12:13:06,0,0,27.44,0,1,1168,19.4667,21,0.35,89,1.48333,1817.79,0,0,0,0,0.25,0,0,0,196,136,0.0763,0.1482,0.2048,0.2643,0.2903,0.2943,0.3161,0.3475,1991.5,1.02,0
2025-12-26 12:14:06,0,0,27.69,0,1,3161,52.6833,42,0.7,230,3.83333,4850.55,0,0,0,0,0.8,0,0,0,214,153,0.1636,0.3125,0.4678,0.6572,0.7957,0.8468,0.958,1.0909,4423.93,2.85,0
2025-12-26 12:15:06,0,0,27.94,0,16,1642,27.3667,0,0,187,3.11667,3677.52,0,0,0,0,0.66,0,0,0,208,149,0.1389,0.2652,0.3823,0.5182,0.5975,0.6274,0.6977,0.7909,3631.89,2.18,0
2025-12-26 12:16:06,0,0,28,0,16,1457,24.2833,5,0.0833333,144,2.4,3276.62,0,0,0,0,0.59,0,0,0,220,155,0.1238,0.2355,0.34,0.4629,0.532,0.5592,0.6236,0.7099,3231.52,1.95,0
2025-12-26 12:17:06,0,0,28,0,1,1897,31.6167,23,0.383333,150,2.5,2583.03,0,0,0,0,0.39,0,0,0,204,149,0.0946,0.1813,0.2543,0.3366,0.4281,0.4466,0.4964,0.566,2425.6,1.45,0
2025-12-26 12:18:06,0,0,27.94,0,1,3739,62.3167,82,1.36667,291,4.85,1792.26,0,0,0,0,0.27,0,0,0,218,150,0.0791,0.1519,0.2059,0.2619,0.2899,0.2872,0.3074,0.3527,1989.08,1.04,0
2025-12-26 12:19:06,0,0,28,0,1,6154,102.567,215,3.58333,280,4.66667,67.66,0,0,0,0,0.02,0,0,0,190,114,0.003,0.0056,0.0077,0.0105,0.0111,0.0117,0.013,0.0157,70.78,0.05,0
2025-12-26 12:20:06,0,0,28.06,0,1,2323,38.7167,74,1.23333,160,2.66667,87.69,0,0,0,0,0.03,0,0,0,199,142,0.004,0.0073,0.01,0.0133,0.0146,0.0153,0.0167,0.0199,90.63,0.06,0
2025-12-26 12:21:06,0,0,28.5,0,1,10269,171.15,328,5.46667,528,8.8,230.17,0,0,0,0,0.13,0,0,0,180,130,0.0113,0.0199,0.0265,0.0358,0.0396,0.043,0.0503,0.0664,223.56,0.2,0
2025-12-26 12:22:06,0,0,28.5,0,1,11107,185.117,354,5.9,732,12.2,2.54,0,0,0,0,0,0,0,0,220,154,1e-04,1e-04,2e-04,3e-04,5e-04,6e-04,7e-04,0.001,1.62,0,0
2025-12-26 12:23:06,0,0,28.56,0,1,8096,134.933,281,4.68333,439,7.31667,18.99,0,0,0,0,0,0,0,0,193,140,3e-04,6e-04,7e-04,0.0016,0.003,0.0047,0.0053,0.0037,7.88,0.01,0
2025-12-26 12:24:06,0,0,28.75,0,1,18911,315.183,681,11.35,629,10.4833,16.07,0,0,0,0,0,0,0,0,197,137,4e-04,7e-04,9e-04,0.0017,0.0027,0.0038,0.0044,0.0042,8.13,0.01,0
2025-12-26 12:25:06,0,0,28.44,0,1,10740,179,354,5.9,579,9.65,10.96,0,0,0,0,0.01,0,0,0,207,153,5e-04,7e-04,0.0011,0.0016,0.002,0.0023,0.0028,0.0039,8.19,0.01,0
2025-12-26 12:26:06,0,0,28.12,0,1,4816,80.2667,96,1.6,342,5.7,27.7,0,0,0,0,0.01,0,0,0,206,152,0.0012,0.0023,0.0029,0.0041,0.0047,0.0054,0.0065,0.0088,24.93,0.02,0
2025-12-26 12:27:06,0,0,28.06,0,1,1688,28.1333,16,0.266667,132,2.2,39.8,0,0,0,0,0.02,0,0,0,209,153,0.0016,0.0031,0.0041,0.0056,0.0068,0.0078,0.0094,0.0126,34.36,0.03,0
2025-12-26 12:28:06,0,0,27.94,0,1,2193,36.55,18,0.3,211,3.51667,29,0,0,0,0,0.01,0,0,0,205,151,0.0012,0.0023,0.003,0.0041,0.0049,0.0056,0.0067,0.0089,25.79,0.02,0
2025-12-26 12:29:06,0,0,27.81,0,16,2687,44.7833,70,1.16667,177,2.95,20.43,0,0,0,0,0.01,0,0,0,197,121,8e-04,0.0016,0.0021,0.0029,0.0035,0.0041,0.0049,0.0067,17.27,0.02,0
2025-12-26 12:30:06,0,0,27.94,0,1,1761,29.35,15,0.25,145,2.41667,29.55,0,0,0,0,0.01,0,0,0,195,139,0.0012,0.0023,0.003,0.0042,0.0051,0.0059,0.0072,0.0096,24.68,0.03,0
2025-12-26 12:31:06,0,0,28.06,0,16,1481,24.6833,24,0.4,80,1.33333,30.58,0,0,0,0,0.01,0,0,0,203,150,0.0012,0.0024,0.003,0.0043,0.0053,0.0062,0.0076,0.0103,24.9,0.03,0
2025-12-26 12:32:06,0,0,28.31,0,1,1792,29.8667,22,0.366667,134,2.23333,26.96,0,0,0,0,0.01,0,0,0,198,150,0.0011,0.0021,0.0027,0.0038,0.0047,0.0055,0.0067,0.0092,22.01,0.03,0
2025-12-26 12:33:06,0,0,28.38,0,1,1518,25.3,22,0.366667,128,2.13333,25.97,0,0,0,0,0.01,0,0,0,203,149,0.0011,0.0021,0.0026,0.0037,0.0045,0.0053,0.0065,0.0088,21.22,0.02,0
2025-12-26 12:34:06,0,0,28.62,0,1,3761,62.6833,79,1.31667,277,4.61667,19.6,0,0,0,0,0.01,0,0,0,186,128,8e-04,0.0016,0.002,0.0029,0.0034,0.004,0.0048,0.0067,16.07,0.02,0
2025-12-26 12:35:06,0,0,28.69,0,1,2270,37.8333,15,0.25,200,3.33333,20.74,0,0,0,0,0.01,0,0,0,193,135,9e-04,0.0016,0.0021,0.003,0.0036,0.0042,0.0052,0.0072,17.09,0.02,0
2025-12-26 12:36:06,0,0,28.69,0,1,1821,30.35,1,0.0166667,197,3.28333,18.03,0,0,0,0,0.01,0,0,0,185,121,8e-04,0.0014,0.0018,0.0026,0.0032,0.0038,0.0046,0.0066,14.41,0.02,0
2025-12-26 12:37:06,0,0,28.69,0,1,1550,25.8333,14,0.233333,118,1.96667,20.53,0,0,0,0,0.01,0,0,0,192,119,8e-04,0.0016,0.002,0.0029,0.0036,0.0043,0.0053,0.0073,16.01,0.02,0
2025-12-26 12:38:06,0,0,28.81,0,1,2663,44.3833,20,0.333333,280,4.66667,18.79,0,0,0,0,0.01,0,0,0,198,116,8e-04,0.0015,0.0019,0.0027,0.0033,0.0039,0.0048,0.0068,14.84,0.02,0
2025-12-26 12:39:06,0,0,29.31,0,16,1956,32.6,55,0.916667,143,2.38333,19.5,0,0,0,0,0.01,0,0,0,166,108,8e-04,0.0015,0.0019,0.0028,0.0034,0.004,0.005,0.0069,15.45,0.02,0
2025-12-26 12:40:06,0,0,28.81,0,16,70,1.16667,0,0,8,0.133333,27.1,0,0,0,0,0.01,0,0,0,212,156,0.0011,0.0021,0.0027,0.0039,0.0047,0.0056,0.0068,0.0094,21.71,0.03,0
2025-12-26 12:41:06,0,0,29.31,0,16,984,16.4,15,0.25,72,1.2,24.2,0,0,0,0,0.01,0,0,0,210,148,0.001,0.0019,0.0024,0.0034,0.0043,0.005,0.0061,0.0084,19.26,0.02,0
2025-12-26 12:42:06,0,0,29.75,0,1,1733,28.8833,33,0.55,112,1.86667,17.09,0,0,0,0,0.01,0,0,0,174,118,7e-04,0.0014,0.0017,0.0025,0.003,0.0036,0.0043,0.0061,13.72,0.02,0
2025-12-26 12:43:06,0,0,30.12,0,16,4095,68.25,97,1.61667,299,4.98333,17.16,0,0,0,0,0.01,0,0,0,158,104,7e-04,0.0015,0.0017,0.0025,0.003,0.0035,0.0043,0.006,14.06,0.02,0
2025-12-26 12:44:06,0,0,30.25,0,1,5139,85.65,143,2.38333,314,5.23333,20.07,0,0,0,0,0.01,0,0,0,175,110,8e-04,0.0017,0.0019,0.0029,0.0035,0.004,0.0049,0.0066,16.43,0.02,0
2025-12-26 12:45:06,0,0,30.06,0,1,6994,116.567,198,3.3,433,7.21667,10.24,0,0,0,0,0,0,0,0,208,145,3e-04,7e-04,8e-04,0.0013,0.0018,0.0023,0.0027,0.0033,6.88,0.01,0
2025-12-26 12:46:06,0,0,30,0,1,8661,144.35,261,4.35,523,8.71667,17.96,0,0,0,0,0.01,0,0,0,193,143,7e-04,0.0014,0.0018,0.0025,0.0032,0.0037,0.0045,0.0062,14.04,0.02,0
2025-12-26 12:47:06,0,0,29.94,0,1,4361,72.6833,100,1.66667,276,4.6,1.09,0,0,0,0,0,0,0,0,226,160,1e-04,1e-04,1e-04,2e-04,2e-04,2e-04,3e-04,3e-04,1.09,0,0
2025-12-26 12:48:06,0,0,29.94,0,1,12533,208.883,440,7.33333,643,10.7167,5.39,0,0,0,0,0,0,0,0,223,159,1e-04,2e-04,3e-04,6e-04,9e-04,0.0012,0.0014,0.0014,2.87,0,0
2025-12-26 12:49:06,0,0,29.88,0,1,15031,250.517,549,9.15,594,9.9,3.54,0,0,0,0,0,0,0,0,222,157,0,1e-04,1e-04,3e-04,6e-04,9e-04,0.001,7e-04,1.15,0,0
2025-12-26 12:50:06,0,0,30.19,0,1,5818,96.9667,133,2.21667,335,5.58333,0,0,0,0,0,0,0,0,0,183,138,1e-04,1e-04,1e-04,1e-04,1e-04,1e-04,1e-04,1e-04,0,0,0
2025-12-26 12:51:06,0,0,29.81,0,1,7158,119.3,161,2.68333,420,7,1916.09,0,0,0,0,0.93,0,0,0,204,153,0.0995,0.1664,0.2122,0.283,0.3266,0.3667,0.438,0.5643,1826.74,1.64,0
2025-12-26 12:52:06,0,0,28.75,0,1,7711,128.517,222,3.7,423,7.05,1501.3,0,0,0,0,0.79,0,0,0,209,151,0.0765,0.1271,0.161,0.2159,0.2599,0.2935,0.3495,0.4545,1362.46,1.3,0
2025-12-26 12:53:06,0,0,27.62,0,1,5560,92.6667,69,1.15,346,5.76667,126.56,0,0,0,0,0.12,0,0,0,202,149,0.0088,0.0142,0.0173,0.0227,0.0222,0.0257,0.0298,0.0396,136.16,0.15,0
2025-12-26 12:54:06,0,0,26.5,0,1,8053,134.217,200,3.33333,496,8.26667,660,0,0,0,0,0.33,0,0,0,198,150,0.0413,0.0694,0.0893,0.1181,0.1035,0.1165,0.1394,0.1792,804.2,0.59,0
2025-12-26 12:55:06,0,0,26.12,0,1,4505,75.0833,93,1.55,284,4.73333,985.12,0,0,0,0,0.52,0,0,0,219,160,0.0534,0.0891,0.1129,0.1492,0.1672,0.1888,0.2267,0.2945,967.04,0.87,0
2025-12-26 12:56:06,0,0,25.38,0,1,5999,99.9833,98,1.63333,400,6.66667,16.84,0,0,0,0,0.06,0,0,0,185,141,0.0021,0.0031,0.0033,0.0044,0.0038,0.0049,0.0052,0.0066,17.43,0.04,0
2025-12-26 12:57:06,0,0,25.75,0,1,7178,119.633,142,2.36667,447,7.45,1043,0,0,0,0,0.53,0,0,0,187,141,0.0539,0.091,0.118,0.1562,0.1768,0.1987,0.2419,0.311,1008.04,0.9,0
2025-12-26 12:58:06,0,0,25.38,0,1,9025,150.417,245,4.08333,497,8.28333,1527.48,0,0,0,0,0.74,0,0,0,210,155,0.0793,0.1334,0.1724,0.2284,0.2586,0.2895,0.3501,0.451,1484.36,1.31,0
2025-12-26 12:59:06,0,0,24.81,0,1,6745,112.417,168,2.8,435,7.25,1915.39,0,0,0,0,1.11,0,0,0,221,159,0.1162,0.1932,0.2397,0.3103,0.3237,0.3595,0.4236,0.5477,2057.45,1.78,0
2025-12-26 13:00:06,0,0,24.31,0,1,6862,114.367,145,2.41667,508,8.46667,1225.26,0,0,0,0,0.75,0,0,0,205,139,0.0705,0.1153,0.1416,0.1842,0.215,0.2396,0.2816,0.3663,1177.25,1.15,0
2025-12-26 13:01:06,0,0,23.44,0,1,6292,104.867,113,1.88333,448,7.46667,2327.75,0,0,0,0,1.08,0,0,0,221,158,0.1272,0.2141,0.268,0.344,0.3962,0.4347,0.5125,0.6537,2339.18,1.94,0
2025-12-26 13:02:06,0,0,22.5,0,1,4843,80.7167,69,1.15,376,6.26667,1361.69,0,0,0,0,0.58,0,0,0,220,158,0.072,0.122,0.1536,0.1964,0.2311,0.2524,0.2986,0.3787,1354.62,1.09,0
2025-12-26 13:03:06,0,0,22.62,0,1,9723,162.05,247,4.11667,521,8.68333,8.06,0,0,0,0,0.1,0,0,0,213,150,0.0027,0.0036,0.0033,0.0042,0.0036,0.0051,0.0048,0.006,4.87,0.06,0
2025-12-26 13:04:06,0,0,23.06,0,8,19631,327.183,722,12.0333,494,8.23333,0.17,0,0,0,0,0.13,0,0,0,217,145,0.0033,0.0041,0.0035,0.0044,0.003,0.005,0.0041,0.0038,0,0.07,0
2025-12-26 13:05:06,0,0,23.19,0,8,7018,116.967,205,3.41667,343,5.71667,0,0,0,0,0,0.11,0,0,0,216,153,0.0027,0.0034,0.0029,0.0036,0.0023,0.0038,0.0031,0.0029,0,0.06,0
2025-12-26 13:06:06,0,0,23.5,0,32,17890,298.167,626,10.4333,556,9.26667,2045.47,0,0,0,0,1.11,0,0,0,215,151,0.1009,0.1679,0.2199,0.3009,0.3538,0.402,0.4905,0.6389,1823.96,1.84,0
2025-12-26 13:07:06,0,0,23.5,0,1,3264,54.4,101,1.68333,167,2.78333,5768.52,0,0,0,0,2.66,0,0,0,206,143,0.2744,0.4575,0.6065,0.8357,0.9866,1.1176,1.3671,1.7778,5147.96,4.95,0
2025-12-26 13:08:06,0,0,22.94,0,1,6421,107.017,168,2.8,389,6.48333,3424.53,0,0,0,0,2.03,0,0,0,187,132,0.1753,0.2848,0.3691,0.511,0.599,0.6863,0.835,1.1052,2999.86,3.27,0
2025-12-26 13:09:06,0,0,22.44,0,1,9287,154.783,238,3.96667,488,8.13333,102.95,0,0,0,0,0.13,0,0,0,183,143,0.008,0.0124,0.0152,0.0208,0.0184,0.022,0.0258,0.034,112.09,0.14,0
2025-12-26 13:10:06,0,0,21.44,0,1,11799,196.65,467,7.78333,530,8.83333,4643.59,0,0,0,0,1.86,0,0,0,190,146,0.2277,0.3854,0.4996,0.663,0.786,0.8724,1.0511,1.349,4384.56,3.71,0
2025-12-26 13:11:06,0,0,21.19,0,32,7557,125.95,254,4.23333,379,6.31667,3443.49,0,0,0,0,1.51,0,0,0,192,136,0.182,0.3075,0.3967,0.5239,0.5753,0.6373,0.7664,0.9881,3488.27,2.87,0
2025-12-26 13:12:06,0,0,20.62,0,1,11418,190.3,389,6.48333,583,9.71667,6331.59,0,0,0,0,2.48,0,0,0,221,160,0.3113,0.5296,0.694,0.9239,1.062,1.1783,1.4294,1.8373,6112.7,5.07,0
2025-12-26 13:13:06,0,0,20.12,0,8,11252,187.533,363,6.05,468,7.8,0,0,0,0,0,0.05,0,0,0,217,145,0.0013,0.0017,0.0014,0.0018,0.0012,0.002,0.0016,0.0014,0,0.03,0
2025-12-26 13:14:06,0,0,20.25,0,1,9247,154.117,266,4.43333,485,8.08333,0,0,0,0,0,0,0,0,0,216,166,0,0,0,0,0,0,0,0,0,0,0
2025-12-26 13:15:06,0,0,20.69,0,8,11828,197.133,416,6.93333,518,8.63333,16.98,0,0,0,0,0,0,0,0,223,156,2e-04,7e-04,7e-04,0.0016,0.0028,0.004,0.0043,0.0033,7.93,0.01,0
2025-12-26 13:16:06,0,0,21,0,1,5141,85.6833,126,2.1,282,4.7,22.64,0,0,0,0,0,0,0,0,193,140,4e-04,0.001,0.0011,0.0021,0.0037,0.0053,0.0058,0.0048,11.05,0.01,0
2025-12-26 13:17:06,0,0,21.31,0,1,2478,41.3,72,1.2,159,2.65,13.83,0,0,0,0,0.01,0,0,0,183,134,5e-04,9e-04,0.001,0.0018,0.0024,0.0031,0.0036,0.0043,8.85,0.01,0
2025-12-26 13:18:06,0,0,21.5,0,1,588,9.8,2,0.0333333,51,0.85,14.65,0,0,0,0,0.01,0,0,0,183,138,5e-04,0.001,0.0011,0.0018,0.0026,0.0034,0.0039,0.0045,9.07,0.01,0
2025-12-26 13:19:06,0,0,22.56,0,1,356,5.93333,4,0.0666667,25,0.416667,10.58,0,0,0,0,0.01,0,0,0,172,135,4e-04,8e-04,9e-04,0.0014,0.0019,0.0024,0.0028,0.0036,7.3,0.01,0
2025-12-26 13:20:06,0,0,23.44,0,1,873,14.55,7,0.116667,70,1.16667,2.93,0,0,0,0,0,0,0,0,169,137,2e-04,4e-04,4e-04,6e-04,6e-04,8e-04,9e-04,0.0016,2.04,0.01,0
2025-12-26 13:21:06,0,0,24.44,0,1,518,8.63333,0,0,56,0.933333,2.09,0,0,0,0,0,0,0,0,160,131,2e-04,2e-04,3e-04,4e-04,5e-04,6e-04,7e-04,0.0012,1.14,0,0
2025-12-26 13:22:06,0,0,25.38,0,8,882,14.7,14,0.233333,55,0.916667,8.13,0,0,0,0,0.01,0,0,0,214,163,4e-04,6e-04,8e-04,0.0012,0.0015,0.0018,0.0022,0.0033,5.99,0.01,0
2025-12-26 13:23:06,0,0,25.44,0,1,313,5.21667,0,0,23,0.383333,7.3,0,0,0,0,0,0,0,0,186,133,3e-04,6e-04,7e-04,0.0011,0.0013,0.0016,0.002,0.003,5.26,0.01,0
2025-12-26 13:24:06,0,0,26.62,0,1,712,11.8667,13,0.216667,50,0.833333,4.94,0,0,0,0,0,0,0,0,174,131,2e-04,4e-04,5e-04,8e-04,9e-04,0.0011,0.0014,0.0022,3.29,0.01,0
2025-12-26 13:25:06,0,0,27.25,0,1,5,0.0833333,0,0,0,0,4.54,0,0,0,0,0,0,0,0,172,132,2e-04,4e-04,4e-04,7e-04,9e-04,0.001,0.0013,0.0021,3.01,0.01,0
2025-12-26 13:26:06,0,0,27.88,0,1,39,0.65,0,0,3,0.05,4.74,0,0,0,0,0,0,0,0,175,135,2e-04,4e-04,4e-04,7e-04,9e-04,0.0011,0.0013,0.0021,3.16,0.01,0
2025-12-26 13:27:06,0,0,28.12,0,1,599,9.98333,3,0.05,44,0.733333,5.95,0,0,0,0,0,0,0,0,173,128,3e-04,4e-04,6e-04,9e-04,0.0011,0.0013,0.0016,0.0025,4.1,0.01,0
2025-12-26 13:28:06,0,0,28.62,0,1,1311,21.85,15,0.25,101,1.68333,6.41,0,0,0,0,0,0,0,0,181,128,3e-04,5e-04,6e-04,9e-04,0.0012,0.0014,0.0017,0.0025,4.56,0.01,0
2025-12-26 13:29:06,0,0,28.75,0,1,646,10.7667,26,0.433333,19,0.316667,4.92,0,0,0,0,0,0,0,0,185,134,2e-04,4e-04,5e-04,7e-04,9e-04,0.0011,0.0013,0.002,3.4,0.01,0
2025-12-26 13:30:06,0,0,29.12,0,1,1367,22.7833,35,0.583333,92,1.53333,4.8,0,0,0,0,0,0,0,0,170,114,2e-04,4e-04,5e-04,7e-04,9e-04,0.0011,0.0013,0.002,3.26,0.01,0
2025-12-26 13:31:06,0,0,29.06,0,1,2244,37.4,63,1.05,122,2.03333,4.69,0,0,0,0,0,0,0,0,167,128,2e-04,4e-04,5e-04,7e-04,9e-04,0.0011,0.0013,0.002,3.19,0.01,0
2025-12-26 13:32:06,0,0,29.25,0,1,37,0.616667,0,0,1,0.0166667,2.58,0,0,0,0,0,0,0,0,170,129,2e-04,2e-04,3e-04,5e-04,5e-04,6e-04,8e-04,0.0013,1.51,0,0
2025-12-26 13:33:06,0,0,29.56,0,1,53,0.883333,0,0,2,0.0333333,2.39,0,0,0,0,0,0,0,0,168,112,2e-04,2e-04,3e-04,4e-04,5e-04,6e-04,7e-04,0.0013,1.34,0,0
2025-12-26 13:34:06,0,0,29.88,0,32,4,0.0666667,0,0,0,0,1.77,0,0,0,0,0,0,0,0,174,109,1e-04,2e-04,2e-04,4e-04,4e-04,5e-04,6e-04,0.0011,1.03,0,0
2025-12-26 13:35:06,0,0,30,0,1,4404,73.4,70,1.16667,332,5.53333,2.47,0,0,0,0,0,0,0,0,183,128,1e-04,2e-04,2e-04,4e-04,5e-04,5e-04,7e-04,8e-04,1.32,0,0
2025-12-26 13:36:06,0,0,29.88,0,16,391,6.51667,3,0.05,34,0.566667,5.22,0,0,0,0,0,0,0,0,180,130,1e-04,4e-04,3e-04,7e-04,9e-04,6e-04,0.0016,4e-04,3.76,0,0
2025-12-26 13:37:06,0,0,29.88,0,16,0,0,0,0,0,0,5.34,0,0,0,0,0,0,0,0,172,128,0,4e-04,3e-04,7e-04,9e-04,7e-04,0.0016,4e-04,3.85,0,0
2025-12-26 13:38:06,0,0,30.31,0,16,2317,38.6167,60,1,160,2.66667,5.88,0,0,0,0,0,0,0,0,180,115,0,4e-04,4e-04,8e-04,0.001,7e-04,0.0018,5e-04,4.45,0,0
2025-12-26 13:39:06,0,0,30.12,0,16,853,14.2167,1,0.0166667,85,1.41667,5.43,0,0,0,0,0,0,0,0,204,153,0,4e-04,3e-04,8e-04,9e-04,7e-04,0.0018,5e-04,3.9,0,0
2025-12-26 13:40:06,0,0,30.19,0,16,653,10.8833,2,0.0333333,55,0.916667,4.4,0,0,0,0,0,0,0,0,174,133,0,3e-04,2e-04,6e-04,8e-04,5e-04,0.0014,4e-04,3.01,0,0
2025-12-26 13:41:06,0,0,30.19,0,16,1131,18.85,2,0.0333333,119,1.98333,2.7,0,0,0,0,0,0,0,0,181,133,0,2e-04,1e-04,4e-04,5e-04,4e-04,9e-04,4e-04,1.65,0,0
2025-12-26 13:42:06,0,0,30.19,0,16,1000,16.6667,11,0.183333,87,1.45,2.46,0,0,0,0,0,0,0,0,195,145,0,1e-04,1e-04,3e-04,5e-04,3e-04,8e-04,3e-04,1.44,0,0
2025-12-26 13:43:06,0,0,29.88,0,16,1216,20.2667,11,0.183333,127,2.11667,2.44,0,0,0,0,0,0,0,0,188,146,0,1e-04,1e-04,3e-04,4e-04,3e-04,8e-04,3e-04,1.43,0,0
2025-12-26 13:44:06,0,0,29.88,0,16,862,14.3667,0,0,96,1.6,3.22,0,0,0,0,0,0,0,0,203,152,0,2e-04,2e-04,5e-04,6e-04,4e-04,0.001,4e-04,2.22,0,0
2025-12-26 13:45:06,0,0,30.38,0,16,1103,18.3833,5,0.0833333,115,1.91667,5.22,0,0,0,0,0,0,0,0,200,145,1e-04,4e-04,2e-04,8e-04,9e-04,6e-04,0.0017,4e-04,4.02,0,0
2025-12-26 13:46:06,0,0,30.62,0,16,600,10,5,0.0833333,58,0.966667,5.58,0,0,0,0,0,0,0,0,167,110,1e-04,4e-04,2e-04,8e-04,9e-04,6e-04,0.0018,4e-04,4.16,0,0
2025-12-26 13:47:06,0,0,30.62,0,16,608,10.1333,1,0.0166667,66,1.1,5.45,0,0,0,0,0,0,0,0,167,109,1e-04,4e-04,2e-04,8e-04,9e-04,6e-04,0.0017,4e-04,3.99,0,0
2025-12-26 13:48:06,0,0,30.88,0,16,481,8.01667,0,0,43,0.716667,5.37,0,0,0,0,0,0,0,0,163,108,1e-04,4e-04,2e-04,8e-04,9e-04,6e-04,0.0017,4e-04,4,0,0
2025-12-26 13:49:06,0,0,31.06,0,16,425,7.08333,1,0.0166667,42,0.7,5.15,0,0,0,0,0,0,0,0,158,104,1e-04,4e-04,2e-04,8e-04,9e-04,6e-04,0.0016,4e-04,3.88,0,0
2025-12-26 13:50:06,0,0,31,0,16,934,15.5667,8,0.133333,81,1.35,4.97,0,0,0,0,0,0,0,0,172,114,1e-04,4e-04,2e-04,7e-04,8e-04,6e-04,0.0016,4e-04,3.7,0,0
2025-12-26 13:51:06,0,0,31.12,0,16,669,11.15,5,0.0833333,58,0.966667,5.32,0,0,0,0,0,0,0,0,178,124,1e-04,4e-04,2e-04,8e-04,9e-04,6e-04,0.0017,4e-04,3.91,0,0
2025-12-26 13:52:06,0,0,30.94,0,16,590,9.83333,1,0.0166667,48,0.8,5.38,0,0,0,0,0,0,0,0,172,120,1e-04,4e-04,2e-04,8e-04,9e-04,6e-04,0.0017,4e-04,4.14,0,0
2025-12-26 13:53:06,0,0,30.94,0,16,1170,19.5,17,0.283333,96,1.6,5.05,0,0,0,0,0,0,0,0,203,152,1e-04,4e-04,2e-04,8e-04,8e-04,6e-04,0.0016,4e-04,3.8,0,0
2025-12-26 13:54:06,0,0,31.06,0,16,1118,18.6333,2,0.0333333,118,1.96667,5.01,0,0,0,0,0,0,0,0,200,149,0,4e-04,2e-04,8e-04,8e-04,6e-04,0.0016,4e-04,3.66,0,0
2025-12-26 13:55:06,0,0,31,0,16,716,11.9333,0,0,84,1.4,4.89,0,0,0,0,0,0,0,0,164,120,1e-04,4e-04,2e-04,7e-04,8e-04,6e-04,0.0015,4e-04,3.67,0,0
2025-12-26 13:56:06,0,0,31.19,0,16,823,13.7167,0,0,94,1.56667,4.81,0,0,0,0,0,0,0,0,157,111,1e-04,4e-04,2e-04,7e-04,8e-04,6e-04,0.0015,4e-04,3.68,0,0
2025-12-26 13:57:06,0,0,31.19,0,16,683,11.3833,1,0.0166667,74,1.23333,4.65,0,0,0,0,0,0,0,0,176,128,1e-04,3e-04,2e-04,7e-04,8e-04,5e-04,0.0015,4e-04,3.36,0,0
2025-12-26 13:58:06,0,0,31.5,0,16,1223,20.3833,1,0.0166667,136,2.26667,4.12,0,0,0,0,0,0,0,0,163,108,0,3e-04,2e-04,6e-04,7e-04,5e-04,0.0013,4e-04,2.85,0,0
2025-12-26 13:59:06,0,0,31.44,0,16,714,11.9,1,0.0166667,73,1.21667,5.82,0,0,0,0,0,0,0,0,200,152,1e-04,5e-04,2e-04,9e-04,0.001,7e-04,0.0019,4e-04,4.31,0,0
2025-12-26 14:00:06,0,0,31.44,0,16,1089,18.15,8,0.133333,105,1.75,5.7,0,0,0,0,0,0,0,0,167,115,1e-04,4e-04,2e-04,9e-04,9e-04,6e-04,0.0018,4e-04,4.32,0,0
2025-12-26 14:01:06,0,0,31.31,0,16,352,5.86667,0,0,34,0.566667,5.92,0,0,0,0,0,0,0,0,172,121,1e-04,5e-04,3e-04,9e-04,0.001,6e-04,0.0018,4e-04,4.67,0,0
2025-12-26 14:02:06,0,0,31.31,0,16,867,14.45,7,0.116667,90,1.5,5.42,0,0,0,0,0,0,0,0,165,116,1e-04,4e-04,2e-04,8e-04,9e-04,6e-04,0.0017,4e-04,4.07,0,0
2025-12-26 14:03:06,0,0,31.25,0,16,443,7.38333,1,0.0166667,33,0.55,5.15,0,0,0,0,0,0,0,0,192,140,1e-04,4e-04,2e-04,8e-04,9e-04,6e-04,0.0017,3e-04,3.98,0,0
2025-12-26 14:04:06,0,0,31.44,0,16,853,14.2167,0,0,83,1.38333,5.35,0,0,0,0,0,0,0,0,176,125,1e-04,4e-04,2e-04,8e-04,9e-04,6e-04,0.0017,4e-04,3.98,0,0
2025-12-26 14:05:06,0,0,31.5,0,16,935,15.5833,0,0,98,1.63333,4.22,0,0,0,0,0,0,0,0,163,109,0,3e-04,2e-04,6e-04,7e-04,5e-04,0.0014,4e-04,3.01,0,0
2025-12-26 14:06:06,0,0,31.56,0,16,979,16.3167,1,0.0166667,99,1.65,4.7,0,0,0,0,0,0,0,0,172,121,1e-04,4e-04,2e-04,7e-04,8e-04,5e-04,0.0015,3e-04,3.43,0,0
2025-12-26 14:07:06,0,0,31.62,0,16,1080,18,3,0.05,103,1.71667,4.95,0,0,0,0,0,0,0,0,158,104,1e-04,4e-04,2e-04,7e-04,8e-04,6e-04,0.0016,3e-04,3.65,0,0
2025-12-26 14:08:06,0,0,31.5,0,16,2018,33.6333,18,0.3,213,3.55,5.53,0,0,0,0,0,0,0,0,168,113,0,4e-04,2e-04,8e-04,9e-04,6e-04,0.0017,4e-04,4.04,0,0
2025-12-26 14:09:06,0,0,31.5,0,16,1213,20.2167,6,0.1,116,1.93333,5.94,0,0,0,0,0,0,0,0,173,128,1e-04,5e-04,2e-04,9e-04,0.001,7e-04,0.0019,3e-04,4.49,0,0
2025-12-26 14:10:06,0,0,31.38,0,16,552,9.2,5,0.0833333,50,0.833333,5.83,0,0,0,0,0,0,0,0,158,107,1e-04,5e-04,2e-04,9e-04,0.001,6e-04,0.0019,4e-04,4.37,0,0
2025-12-26 14:11:06,0,0,31.25,0,16,1201,20.0167,2,0.0333333,127,2.11667,5.02,0,0,0,0,0,0,0,0,206,152,0,4e-04,2e-04,8e-04,8e-04,6e-04,0.0016,3e-04,3.92,0,0
2025-12-26 14:12:06,0,0,31.19,0,16,1469,24.4833,0,0,180,3,4.99,0,0,0,0,0,0,0,0,193,144,0,4e-04,2e-04,8e-04,8e-04,6e-04,0.0015,3e-04,3.78,0,0
2025-12-26 14:13:06,0,0,31.19,0,16,921,15.35,0,0,101,1.68333,3.65,0,0,0,0,0,0,0,0,184,140,0,3e-04,2e-04,5e-04,6e-04,4e-04,0.0011,3e-04,2.59,0,0
2025-12-26 14:14:06,0,0,31.25,0,16,1415,23.5833,2,0.0333333,162,2.7,3.62,0,0,0,0,0,0,0,0,169,132,0,3e-04,2e-04,5e-04,6e-04,4e-04,0.0012,3e-04,2.6,0,0
2025-12-26 14:15:06,0,0,31.31,0,16,1101,18.35,2,0.0333333,112,1.86667,5.04,0,0,0,0,0,0,0,0,166,118,0,4e-04,2e-04,8e-04,8e-04,5e-04,0.0016,3e-04,3.81,0,0
2025-12-26 14:16:06,0,0,31.5,0,16,959,15.9833,0,0,99,1.65,4.85,0,0,0,0,0,0,0,0,170,111,0,4e-04,2e-04,7e-04,8e-04,5e-04,0.0015,3e-04,3.64,0,0
2025-12-26 14:17:06,0,0,31.44,0,16,1102,18.3667,12,0.2,101,1.68333,5.14,0,0,0,0,0,0,0,0,165,114,0,4e-04,2e-04,8e-04,8e-04,6e-04,0.0016,4e-04,3.9,0,0
2025-12-26 14:18:06,0,0,31.44,0,16,616,10.2667,0,0,66,1.1,5.07,0,0,0,0,0,0,0,0,162,110,0,4e-04,2e-04,8e-04,8e-04,5e-04,0.0016,3e-04,3.81,0,0
2025-12-26 14:19:06,0,0,31.75,0,16,700,11.6667,0,0,51,0.85,4.99,0,0,0,0,0,0,0,0,159,114,0,4e-04,2e-04,8e-04,8e-04,6e-04,0.0016,3e-04,3.7,0,0
2025-12-26 14:20:06,0,0,31.81,0,16,1137,18.95,17,0.283333,92,1.53333,5.16,0,0,0,0,0,0,0,0,168,115,0,4e-04,2e-04,8e-04,9e-04,6e-04,0.0017,3e-04,3.8,0,0
2025-12-26 14:21:06,0,0,31.69,0,16,1108,18.4667,7,0.116667,100,1.66667,5.23,0,0,0,0,0,0,0,0,162,115,0,4e-04,2e-04,8e-04,9e-04,6e-04,0.0016,3e-04,3.97,0,0
2025-12-26 14:22:06,0,0,31.75,0,16,905,15.0833,0,0,88,1.46667,4.99,0,0,0,0,0,0,0,0,164,117,0,4e-04,2e-04,7e-04,8e-04,5e-04,0.0016,3e-04,3.7,0,0
2025-12-26 14:23:06,0,0,31.75,0,16,707,11.7833,0,0,71,1.18333,5.19,0,0,0,0,0,0,0,0,172,128,0,4e-04,2e-04,8e-04,9e-04,6e-04,0.0017,3e-04,3.87,0,0
2025-12-26 14:24:06,0,0,31.69,0,16,1156,19.2667,26,0.433333,97,1.61667,5,0,0,0,0,0,0,0,0,208,153,0,4e-04,2e-04,8e-04,8e-04,6e-04,0.0016,3e-04,3.72,0,0
2025-12-26 14:25:06,0,0,31.62,0,16,739,12.3167,3,0.05,65,1.08333,5.08,0,0,0,0,0,0,0,0,175,125,0,4e-04,2e-04,8e-04,8e-04,6e-04,0.0016,4e-04,3.8,0,0
2025-12-26 14:26:06,0,0,31.75,0,16,309,5.15,0,0,21,0.35,4.74,0,0,0,0,0,0,0,0,164,113,0,4e-04,2e-04,7e-04,8e-04,5e-04,0.0015,3e-04,3.6,0,0
2025-12-26 14:27:06,0,0,31.88,0,16,488,8.13333,0,0,39,0.65,4.89,0,0,0,0,0,0,0,0,153,107,0,4e-04,2e-04,7e-04,8e-04,5e-04,0.0015,4e-04,3.81,0,0
2025-12-26 14:28:06,0,0,31.94,0,16,376,6.26667,0,0,33,0.55,4.94,0,0,0,0,0,0,0,0,163,112,0,4e-04,3e-04,7e-04,8e-04,5e-04,0.0015,3e-04,3.86,0,0
2025-12-26 14:29:06,0,0,32.06,0,16,737,12.2833,0,0,57,0.95,4.73,0,0,0,0,0,0,0,0,172,124,0,4e-04,2e-04,7e-04,8e-04,5e-04,0.0015,4e-04,3.46,0,0
2025-12-26 14:30:06,0,0,31.94,0,16,636,10.6,0,0,56,0.933333,5.02,0,0,0,0,0,0,0,0,165,117,1e-04,4e-04,2e-04,8e-04,8e-04,6e-04,0.0015,3e-04,3.83,0,0
2025-12-26 14:31:06,0,0,32.06,0,16,718,11.9667,0,0,67,1.11667,4.86,0,0,0,0,0,0,0,0,168,117,0,4e-04,2e-04,7e-04,8e-04,5e-04,0.0015,3e-04,3.75,0,0
2025-12-26 14:32:06,0,0,31.94,0,16,1121,18.6833,12,0.2,99,1.65,4.47,0,0,0,0,0,0,0,0,198,115,0,3e-04,2e-04,7e-04,7e-04,5e-04,0.0014,3e-04,3.32,0,0
2025-12-26 14:33:06,0,0,31.69,0,16,1823,30.3833,56,0.933333,116,1.93333,4.61,0,0,0,0,0,0,0,0,177,122,0,4e-04,2e-04,7e-04,8e-04,5e-04,0.0015,3e-04,3.33,0,0
2025-12-26 14:34:06,0,0,31.81,0,16,1502,25.0333,18,0.3,144,2.4,4.73,0,0,0,0,0,0,0,0,201,144,0,4e-04,2e-04,7e-04,8e-04,5e-04,0.0015,3e-04,3.43,0,0
2025-12-26 14:35:06,0,0,31.62,0,16,1384,23.0667,1,0.0166667,151,2.51667,5.58,0,0,0,0,0,0,0,0,168,117,1e-04,4e-04,2e-04,8e-04,0.001,6e-04,0.0017,4e-04,4.11,0,0
2025-12-26 14:36:06,0,0,31.56,0,16,898,14.9667,0,0,89,1.48333,5.65,0,0,0,0,0,0,0,0,190,133,1e-04,5e-04,2e-04,9e-04,0.001,7e-04,0.0018,5e-04,4.18,0,0
2025-12-26 14:37:06,0,0,31.44,0,16,494,8.23333,5,0.0833333,44,0.733333,5.55,0,0,0,0,0,0,0,0,166,113,1e-04,4e-04,3e-04,8e-04,9e-04,7e-04,0.0017,5e-04,4.19,0,0
2025-12-26 14:38:06,0,0,31.5,0,16,1178,19.6333,3,0.05,108,1.8,5.63,0,0,0,0,0,0,0,0,170,115,1e-04,4e-04,3e-04,8e-04,0.001,6e-04,0.0017,5e-04,4.25,0,0
2025-12-26 14:39:06,0,0,31.5,0,16,1901,31.6833,30,0.5,166,2.76667,3.71,0,0,0,0,0,0,0,0,214,147,0,3e-04,2e-04,5e-04,6e-04,5e-04,0.0012,3e-04,2.56,0,0
2025-12-26 14:40:06,0,0,31.44,0,1,7948,132.467,206,3.43333,463,7.71667,8.13,0,0,0,0,0,0,0,0,183,122,3e-04,6e-04,8e-04,0.0012,0.0014,0.0015,0.0019,0.0027,7.24,0.01,0
2025-12-26 14:41:06,0,0,31.12,0,1,7221,120.35,149,2.48333,433,7.21667,11.81,0,0,0,0,0.01,0,0,0,216,154,5e-04,9e-04,0.0012,0.0018,0.002,0.0024,0.003,0.0042,9.94,0.01,0
2025-12-26 14:42:06,0,0,31.06,0,1,7027,117.117,190,3.16667,428,7.13333,33.34,0,0,0,0,0.01,0,0,0,207,149,0.0014,0.0027,0.0036,0.0048,0.0056,0.0061,0.0073,0.0094,31.6,0.03,0
2025-12-26 14:43:06,0,0,30.44,0,1,3360,56,100,1.66667,192,3.2,17.02,0,0,0,0,0,0,0,0,206,111,2e-04,5e-04,6e-04,0.0015,0.0026,0.0043,0.0049,0.0033,6.68,0.01,0
2025-12-26 14:44:06,0,0,30.25,0,1,8,0.133333,0,0,0,0,17.39,0,0,0,0,0,0,0,0,187,110,2e-04,4e-04,5e-04,0.0013,0.0027,0.0045,0.005,0.0032,5.99,0.01,0
2025-12-26 14:45:06,0,0,30.38,0,1,7686,128.1,254,4.23333,410,6.83333,19.05,0,0,0,0,0,0,0,0,216,152,4e-04,8e-04,0.001,0.0019,0.003,0.0044,0.005,0.0038,10.52,0.01,0
2025-12-26 14:46:06,0,0,30.44,0,32,3280,54.6667,73,1.21667,228,3.8,3.17,0,0,0,0,0,0,0,0,231,157,1e-04,1e-04,2e-04,4e-04,5e-04,8e-04,0.0011,0.0012,1.36,0,0
2025-12-26 14:47:06,0,0,30.56,0,32,490,8.16667,0,0,37,0.616667,0.12,0,0,0,0,0,0,0,0,186,116,0,0,0,0,0,0,1e-04,1e-04,0,0,0
2025-12-26 14:48:06,0,0,30.56,0,8,3384,56.4,67,1.11667,255,4.25,11.41,0,0,0,0,0,0,0,0,232,160,2e-04,4e-04,6e-04,0.0011,0.0018,0.0027,0.0036,0.0033,5.53,0.01,0
2025-12-26 14:49:06,0,0,30.81,0,32,314,5.23333,2,0.0333333,24,0.4,0.15,0,0,0,0,0,0,0,0,229,158,0,0,0,0,0,1e-04,1e-04,2e-04,0,0,0
2025-12-26 14:50:06,0,0,30.94,0,32,954,15.9,4,0.0666667,71,1.18333,0.47,0,0,0,0,0,0,0,0,206,122,0,0,0,1e-04,1e-04,1e-04,2e-04,3e-04,0,0,0
2025-12-26 14:51:06,0,0,30.81,0,16,3714,61.9,87,1.45,249,4.15,9.09,0,0,0,0,0,0,0,0,184,128,2e-04,3e-04,5e-04,0.001,0.0014,0.0022,0.0029,0.0029,4.31,0.01,0
2025-12-26 14:52:06,0,0,30.94,0,16,2105,35.0833,16,0.266667,186,3.1,15.64,0,0,0,0,0,0,0,0,162,106,3e-04,6e-04,8e-04,0.0016,0.0024,0.0036,0.005,0.0045,8,0.01,0
2025-12-26 14:53:06,0,0,30.69,0,1,4932,82.2,98,1.63333,394,6.56667,12.9,0,0,0,0,0,0,0,0,188,123,2e-04,6e-04,7e-04,0.0014,0.002,0.0029,0.0041,0.0035,7.04,0.01,0
2025-12-26 14:54:06,0,0,30.38,0,16,690,11.5,1,0.0166667,59,0.983333,12.65,0,0,0,0,0,0,0,0,182,118,2e-04,5e-04,7e-04,0.0013,0.002,0.003,0.0041,0.004,6.18,0.01,0
2025-12-26 14:55:06,0,0,30,0,16,568,9.46667,3,0.05,43,0.716667,12.6,0,0,0,0,0,0,0,0,186,124,2e-04,5e-04,7e-04,0.0013,0.002,0.003,0.0041,0.0039,6.12,0.01,0
2025-12-26 14:56:06,0,0,30,0,16,901,15.0167,2,0.0333333,76,1.26667,14.02,0,0,0,0,0,0,0,0,215,155,3e-04,5e-04,8e-04,0.0014,0.0022,0.0033,0.0045,0.0042,6.94,0.01,0
2025-12-26 14:57:06,0,0,29.62,0,16,1353,22.55,10,0.166667,85,1.41667,16.78,0,0,0,0,0,0,0,0,179,123,3e-04,6e-04,9e-04,0.0017,0.0026,0.004,0.0053,0.0048,8.36,0.01,0
2025-12-26 14:58:06,0,0,29.5,0,16,403,6.71667,0,0,42,0.7,9.16,0,0,0,0,0,0,0,0,182,130,2e-04,4e-04,5e-04,0.001,0.0015,0.0022,0.003,0.0031,4.42,0.01,0
2025-12-26 14:59:06,0,0,29.56,0,16,1797,29.95,29,0.483333,134,2.23333,11.59,0,0,0,0,0,0,0,0,182,118,2e-04,4e-04,6e-04,0.0012,0.0018,0.0028,0.0037,0.0036,5.59,0.01,0
2025-12-26 15:00:06,0,0,29.38,0,16,1056,17.6,6,0.1,73,1.21667,10.2,0,0,0,0,0,0,0,0,174,125,2e-04,4e-04,6e-04,0.0011,0.0016,0.0024,0.0033,0.0034,4.99,0.01,0
2025-12-26 15:01:06,0,0,29.19,0,16,392,6.53333,0,0,37,0.616667,9.77,0,0,0,0,0,0,0,0,176,121,2e-04,4e-04,5e-04,0.001,0.0015,0.0023,0.0032,0.0032,4.68,0.01,0
2025-12-26 15:02:06,0,0,29.06,0,16,1563,26.05,23,0.383333,125,2.08333,10.38,0,0,0,0,0,0,0,0,227,156,2e-04,4e-04,6e-04,0.0011,0.0016,0.0025,0.0034,0.0034,4.98,0.01,0
2025-12-26 15:03:06,0,0,29,0,16,619,10.3167,0,0,53,0.883333,9.64,0,0,0,0,0,0,0,0,174,118,2e-04,4e-04,5e-04,0.001,0.0015,0.0023,0.0031,0.0031,4.7,0.01,0
2025-12-26 15:04:06,0,0,28.69,0,16,555,9.25,0,0,51,0.85,9.03,0,0,0,0,0,0,0,0,172,123,2e-04,3e-04,5e-04,9e-04,0.0014,0.0022,0.003,0.003,4.06,0.01,0
2025-12-26 15:05:06,0,0,28.69,0,16,1405,23.4167,4,0.0666667,165,2.75,8.87,0,0,0,0,0,0,0,0,179,115,2e-04,3e-04,4e-04,9e-04,0.0014,0.0021,0.0029,0.0029,4.01,0.01,0
2025-12-26 15:06:06,0,0,28.69,0,16,1469,24.4833,7,0.116667,156,2.6,8.58,0,0,0,0,0,0,0,0,181,123,2e-04,3e-04,4e-04,9e-04,0.0013,0.0021,0.0028,0.0028,3.92,0.01,0
2025-12-26 15:07:06,0,0,28.31,0,16,1514,25.2333,9,0.15,158,2.63333,8.72,0,0,0,0,0,0,0,0,178,131,2e-04,3e-04,4e-04,8e-04,0.0014,0.0021,0.0029,0.0029,3.77,0.01,0
2025-12-26 15:08:06,0,0,28.38,0,16,1563,26.05,17,0.283333,123,2.05,11.61,0,0,0,0,0,0,0,0,183,116,2e-04,4e-04,6e-04,0.0012,0.0018,0.0028,0.0037,0.0035,5.52,0.01,0
2025-12-26 15:09:06,0,0,28.62,0,16,2247,37.45,43,0.716667,162,2.7,9.12,0,0,0,0,0,0,0,0,199,151,2e-04,3e-04,5e-04,9e-04,0.0014,0.0022,0.003,0.0029,4.36,0.01,0
2025-12-26 15:10:06,0,0,28.56,0,16,545,9.08333,0,0,45,0.75,16.59,0,0,0,0,0,0,0,0,197,146,3e-04,6e-04,8e-04,0.0017,0.0025,0.0038,0.0053,0.0044,8.26,0.01,0
2025-12-26 15:11:06,0,0,28.94,0,16,1114,18.5667,18,0.3,68,1.13333,15.18,0,0,0,0,0,0,0,0,179,128,2e-04,5e-04,8e-04,0.0015,0.0023,0.0035,0.0049,0.0041,7.62,0.01,0
2025-12-26 15:12:06,0,0,29,0,16,1329,22.15,21,0.35,80,1.33333,13.59,0,0,0,0,0,0,0,0,231,160,2e-04,5e-04,7e-04,0.0014,0.0021,0.0031,0.0044,0.0036,6.79,0.01,0
2025-12-26 15:13:06,0,0,28.62,0,16,1815,30.25,41,0.683333,97,1.61667,15.68,0,0,0,0,0,0,0,0,160,111,3e-04,6e-04,8e-04,0.0016,0.0024,0.0036,0.005,0.0042,7.88,0.01,0
2025-12-26 15:14:06,0,0,28.56,0,16,1377,22.95,25,0.416667,97,1.61667,17.52,0,0,0,0,0,0,0,0,162,113,3e-04,6e-04,9e-04,0.0018,0.0027,0.004,0.0055,0.0046,8.91,0.01,0
2025-12-26 15:15:06,0,0,28.5,0,16,728,12.1333,1,0.0166667,59,0.983333,16.31,0,0,0,0,0,0,0,0,158,115,3e-04,5e-04,8e-04,0.0016,0.0025,0.0038,0.0052,0.0044,7.99,0.01,0
2025-12-26 15:16:06,0,0,28.56,0,16,567,9.45,2,0.0333333,47,0.783333,17.01,0,0,0,0,0,0,0,0,161,111,3e-04,6e-04,8e-04,0.0017,0.0026,0.0039,0.0055,0.0044,8.41,0.01,0
2025-12-26 15:17:06,0,0,28.75,0,16,739,12.3167,2,0.0333333,63,1.05,17.22,0,0,0,0,0,0,0,0,176,119,3e-04,6e-04,9e-04,0.0017,0.0026,0.004,0.0055,0.0046,8.45,0.01,0
2025-12-26 15:18:06,0,0,29.31,0,16,2448,40.8,50,0.833333,176,2.93333,18.35,0,0,0,0,0,0,0,0,175,129,3e-04,6e-04,9e-04,0.0018,0.0028,0.0042,0.0058,0.0046,9.21,0.01,0
2025-12-26 15:19:06,0,0,29.31,0,16,1707,28.45,23,0.383333,129,2.15,18.97,0,0,0,0,0,0,0,0,186,128,3e-04,7e-04,9e-04,0.0019,0.0029,0.0042,0.006,0.0045,9.94,0.01,0
2025-12-26 15:20:06,0,0,29.62,0,16,1214,20.2333,26,0.433333,85,1.41667,19.79,0,0,0,0,0,0,0,0,169,118,3e-04,7e-04,9e-04,0.002,0.003,0.0044,0.0063,0.0047,10.18,0.01,0
2025-12-26 15:21:06,0,0,29.56,0,16,749,12.4833,1,0.0166667,61,1.01667,19.61,0,0,0,0,0,0,0,0,212,156,3e-04,7e-04,0.001,0.002,0.003,0.0044,0.0063,0.0047,10.08,0.01,0
2025-12-26 15:22:06,0,0,29.06,0,16,727,12.1167,9,0.15,50,0.833333,20.5,0,0,0,0,0,0,0,0,219,159,3e-04,8e-04,0.001,0.0022,0.0031,0.0044,0.0065,0.0046,10.9,0.01,0
2025-12-26 15:23:06,0,0,29.56,0,16,7376,122.933,157,2.61667,261,4.35,16.76,0,0,0,0,0,0,0,0,161,105,3e-04,6e-04,8e-04,0.0016,0.0026,0.0038,0.0054,0.0042,8.3,0.01,0
2025-12-26 15:24:06,0,0,29.19,0,16,510,8.5,0,0,39,0.65,15.79,0,0,0,0,0,0,0,0,214,159,2e-04,5e-04,8e-04,0.0015,0.0024,0.0037,0.005,0.0042,7.49,0.01,0
2025-12-26 15:25:06,0,0,29.44,0,16,689,11.4833,10,0.166667,49,0.816667,15.32,0,0,0,0,0,0,0,0,173,123,2e-04,5e-04,7e-04,0.0015,0.0023,0.0036,0.0049,0.004,7.41,0.01,0
2025-12-26 15:26:06,0,0,29.44,0,16,1722,28.7,35,0.583333,104,1.73333,13.84,0,0,0,0,0,0,0,0,183,129,2e-04,4e-04,6e-04,0.0013,0.0021,0.0033,0.0045,0.0037,6.41,0.01,0
2025-12-26 15:27:06,0,0,29.12,0,16,1114,18.5667,13,0.216667,91,1.51667,14.5,0,0,0,0,0,0,0,0,199,145,2e-04,4e-04,7e-04,0.0014,0.0022,0.0034,0.0047,0.0039,6.82,0.01,0
2025-12-26 15:28:06,0,0,29.19,0,16,1286,21.4333,31,0.516667,65,1.08333,14.62,0,0,0,0,0,0,0,0,171,117,2e-04,4e-04,7e-04,0.0014,0.0022,0.0035,0.0047,0.0039,6.79,0.01,0
2025-12-26 15:29:06,0,0,28.88,0,16,233,3.88333,0,0,15,0.25,14.47,0,0,0,0,0,0,0,0,170,119,2e-04,4e-04,7e-04,0.0014,0.0022,0.0035,0.0047,0.0039,6.6,0.01,0
2025-12-26 15:30:06,0,0,28.81,0,16,172,2.86667,0,0,8,0.133333,14.77,0,0,0,0,0,0,0,0,171,113,2e-04,4e-04,7e-04,0.0014,0.0022,0.0035,0.0048,0.0039,6.82,0.01,0
2025-12-26 15:31:06,0,0,29,0,16,1066,17.7667,18,0.3,68,1.13333,15.71,0,0,0,0,0,0,0,0,163,116,2e-04,5e-04,7e-04,0.0015,0.0024,0.0037,0.005,0.0041,7.37,0.01,0
2025-12-26 15:32:06,0,0,29.12,0,16,666,11.1,11,0.183333,45,0.75,14.42,0,0,0,0,0,0,0,0,170,113,2e-04,4e-04,7e-04,0.0014,0.0022,0.0034,0.0047,0.0038,6.68,0.01,0
2025-12-26 15:33:06,0,0,29.06,0,16,363,6.05,0,0,23,0.383333,13.94,0,0,0,0,0,0,0,0,169,114,2e-04,4e-04,7e-04,0.0013,0.0021,0.0033,0.0045,0.0037,6.22,0.01,0
2025-12-26 15:34:06,0,0,29.12,0,1,7515,125.25,225,3.75,399,6.65,9.25,0,0,0,0,0,0,0,0,233,164,1e-04,3e-04,4e-04,9e-04,0.0014,0.0022,0.0029,0.0024,4.35,0.01,0
2025-12-26 15:35:06,0,0,29.12,0,1,6934,115.567,147,2.45,524,8.73333,8.72,0,0,0,0,0,0,0,0,210,156,1e-04,2e-04,4e-04,8e-04,0.0013,0.0021,0.0028,0.0022,3.78,0,0
2025-12-26 15:36:06,0,0,29.06,0,16,1152,19.2,3,0.05,108,1.8,44.66,0,0,0,0,0,0,0,0,208,151,6e-04,0.0012,0.0021,0.0042,0.0067,0.0105,0.014,0.0104,21.42,0.02,0
2025-12-26 15:37:06,0,0,29.06,0,16,853,14.2167,3,0.05,73,1.21667,45.13,0,0,0,0,0,0,0,0,195,138,6e-04,0.0012,0.0021,0.0042,0.0067,0.0107,0.0141,0.0105,21.57,0.02,0
2025-12-26 15:38:06,0,0,29,0,16,741,12.35,1,0.0166667,63,1.05,44.35,0,0,0,0,0,0,0,0,175,123,6e-04,0.0012,0.0021,0.0041,0.0066,0.0105,0.0139,0.0104,21.1,0.02,0
2025-12-26 15:39:06,0,0,29.19,0,16,1118,18.6333,2,0.0333333,103,1.71667,44.58,0,0,0,0,0,0,0,0,187,129,6e-04,0.0012,0.0021,0.0041,0.0066,0.0106,0.014,0.0104,21.18,0.02,0
2025-12-26 15:40:06,0,0,29.31,0,16,1166,19.4333,5,0.0833333,94,1.56667,45.47,0,0,0,0,0,0,0,0,183,118,6e-04,0.0012,0.0021,0.0042,0.0068,0.0108,0.0142,0.0106,21.64,0.02,0
2025-12-26 15:41:06,0,0,29.5,0,1,3089,51.4833,52,0.866667,219,3.65,21.97,0,0,0,0,0,0,0,0,160,108,3e-04,6e-04,0.0011,0.0021,0.0033,0.0052,0.0069,0.0054,10.56,0.01,0
2025-12-26 15:42:06,0,0,30.38,0,1,956,15.9333,5,0.0833333,66,1.1,19.6,0,0,0,0,0,0,0,0,174,134,3e-04,6e-04,0.001,0.0018,0.003,0.0047,0.0061,0.0051,9.46,0.01,0
2025-12-26 15:43:06,0,0,30.31,0,1,56,0.933333,0,0,4,0.0666667,10.3,0,0,0,0,0,0,0,0,170,131,2e-04,4e-04,6e-04,0.0011,0.0016,0.0024,0.0032,0.0031,5.45,0.01,0
2025-12-26 15:44:06,0,0,30.62,0,1,593,9.88333,2,0.0333333,46,0.766667,9.9,0,0,0,0,0,0,0,0,153,116,2e-04,4e-04,6e-04,0.001,0.0015,0.0023,0.0031,0.003,5.37,0.01,0
2025-12-26 15:45:06,0,0,30.81,0,1,635,10.5833,2,0.0333333,42,0.7,12.28,0,0,0,0,0,0,0,0,160,120,2e-04,4e-04,7e-04,0.0012,0.0018,0.0029,0.0038,0.0034,6.31,0.01,0
2025-12-26 15:46:06,0,0,31,0,1,587,9.78333,2,0.0333333,37,0.616667,7.79,0,0,0,0,0,0,0,0,148,116,2e-04,3e-04,4e-04,8e-04,0.0012,0.0018,0.0025,0.0025,4.06,0,0
2025-12-26 15:47:06,0,0,31.12,0,1,740,12.3333,6,0.1,49,0.816667,14.05,0,0,0,0,0,0,0,0,160,111,2e-04,4e-04,7e-04,0.0013,0.0021,0.0033,0.0044,0.0038,6.89,0.01,0
2025-12-26 15:48:06,0,0,31.38,0,16,428,7.13333,2,0.0333333,30,0.5,29.37,0,0,0,0,0,0,0,0,169,120,4e-04,7e-04,0.0014,0.0027,0.0044,0.007,0.0092,0.0071,13.76,0.01,0
2025-12-26 15:49:06,0,0,31.31,0,16,192,3.2,0,0,13,0.216667,29.7,0,0,0,0,0,0,0,0,164,112,4e-04,7e-04,0.0014,0.0027,0.0044,0.0072,0.0094,0.0073,13.61,0.01,0
2025-12-26 15:50:06,0,0,31.38,0,16,34,0.566667,0,0,2,0.0333333,29.42,0,0,0,0,0,0,0,0,161,109,4e-04,7e-04,0.0014,0.0027,0.0044,0.0071,0.0093,0.0071,13.54,0.01,0
2025-12-26 15:51:06,0,0,31.38,0,16,171,2.85,0,0,15,0.25,29.58,0,0,0,0,0,0,0,0,170,110,4e-04,7e-04,0.0014,0.0027,0.0044,0.0071,0.0094,0.0072,13.57,0.01,0
2025-12-26 15:52:06,0,0,31.25,0,1,724,12.0667,5,0.0833333,58,0.966667,17.7,0,0,0,0,0,0,0,0,151,145,2e-04,5e-04,8e-04,0.0016,0.0026,0.0043,0.0057,0.0046,8.03,0.01,0
2025-12-26 15:53:06,0,0,31,0,1,2013,33.55,22,0.366667,133,2.21667,9.56,0,0,0,0,0,0,0,0,179,135,2e-04,3e-04,5e-04,0.001,0.0014,0.0023,0.003,0.0028,4.58,0.01,0
2025-12-26 15:54:06,0,0,30.75,0,1,801,13.35,11,0.183333,49,0.816667,20.91,0,0,0,0,0,0,0,0,218,156,3e-04,5e-04,9e-04,0.0019,0.0031,0.0051,0.0066,0.0051,9.26,0.01,0
2025-12-26 15:55:06,0,0,30.69,0,1,2682,44.7,81,1.35,135,2.25,18.95,0,0,0,0,0,0,0,0,207,156,2e-04,5e-04,8e-04,0.0017,0.0028,0.0046,0.006,0.0046,8.42,0.01,0
2025-12-26 15:56:06,0,0,30.38,0,1,9149,152.483,300,5,443,7.38333,2.19,0,0,0,0,0,0,0,0,212,148,0,0,0,1e-04,4e-04,6e-04,7e-04,6e-04,0.34,0,0
2025-12-26 15:57:06,0,0,30.38,0,1,8790,146.5,302,5.03333,438,7.3,17.05,0,0,0,0,0,0,0,0,220,174,2e-04,4e-04,5e-04,0.0013,0.0026,0.0044,0.0049,0.0031,5.77,0.01,0
2025-12-26 15:58:06,0,0,30.25,0,1,9611,160.183,281,4.68333,482,8.03333,13.79,0,0,0,0,0,0,0,0,223,155,2e-04,3e-04,4e-04,0.0011,0.0021,0.0035,0.0041,0.0029,4.98,0.01,0
2025-12-26 15:59:06,0,0,30.12,0,1,3024,50.4,53,0.883333,226,3.76667,3.95,0,0,0,0,0,0,0,0,188,128,0,0,1e-04,3e-04,6e-04,0.001,0.0014,0.0013,0.86,0,0
2025-12-26 16:00:06,0,0,29.56,0,1,2730,45.5,28,0.466667,204,3.4,9.54,0,0,0,0,0,0,0,0,189,144,1e-04,2e-04,4e-04,8e-04,0.0014,0.0024,0.0032,0.0025,3.59,0,0
2025-12-26 16:01:06,0,0,29.69,0,1,1853,30.8833,8,0.133333,133,2.21667,5.95,0,0,0,0,0,0,0,0,178,140,0,1e-04,2e-04,5e-04,9e-04,0.0015,0.002,0.0017,1.94,0,0
2025-12-26 16:02:06,0,0,29.81,0,16,1859,30.9833,17,0.283333,135,2.25,9.99,0,0,0,0,0,0,0,0,171,128,1e-04,2e-04,4e-04,9e-04,0.0015,0.0025,0.0032,0.0025,3.87,0,0
2025-12-26 16:03:06,0,0,29.75,0,16,1062,17.7,10,0.166667,79,1.31667,11.03,0,0,0,0,0,0,0,0,166,135,1e-04,2e-04,4e-04,0.001,0.0016,0.0027,0.0036,0.0028,4.39,0.01,0
2025-12-26 16:04:06,0,0,30.06,0,1,2346,39.1,34,0.566667,186,3.1,3.6,0,0,0,0,0,0,0,0,166,128,0,0,1e-04,3e-04,5e-04,9e-04,0.0013,0.0012,0.9,0,0
2025-12-26 16:05:06,0,0,30.25,0,1,537,8.95,8,0.133333,36,0.6,4.66,0,0,0,0,0,0,0,0,161,121,0,1e-04,1e-04,4e-04,7e-04,0.0012,0.0017,0.0014,1.19,0,0
2025-12-26 16:06:06,0,0,30.19,0,1,3734,62.2333,78,1.3,282,4.7,2.73,0,0,0,0,0,0,0,0,181,128,0,0,1e-04,2e-04,4e-04,7e-04,0.001,9e-04,0.49,0,0
2025-12-26 16:07:06,0,0,29.94,0,1,6400,106.667,160,2.66667,362,6.03333,7.77,0,0,0,0,0,0,0,0,227,172,1e-04,2e-04,2e-04,6e-04,0.0012,0.002,0.0022,0.0015,2.44,0,0
2025-12-26 16:08:06,0,0,30,0,1,7237,120.617,190,3.16667,515,8.58333,2.75,0,0,0,0,0,0,0,0,188,135,0,0,0,2e-04,4e-04,7e-04,9e-04,6e-04,0.41,0,0
2025-12-26 16:09:06,0,0,29.88,0,1,7108,118.467,175,2.91667,535,8.91667,4.04,0,0,0,0,0,0,0,0,183,130,0,0,1e-04,3e-04,7e-04,0.001,0.0012,8e-04,0.86,0,0
2025-12-26 16:10:06,0,0,29.88,0,1,6278,104.633,137,2.28333,474,7.9,4.25,0,0,0,0,0,0,0,0,183,132,0,1e-04,1e-04,3e-04,7e-04,0.0011,0.0013,8e-04,1.01,0,0
2025-12-26 16:11:06,0,0,29.88,0,1,6153,102.55,117,1.95,511,8.51667,4.54,0,0,0,0,0,0,0,0,183,132,0,1e-04,1e-04,3e-04,7e-04,0.0012,0.0013,9e-04,1.21,0,0
2025-12-26 16:12:06,0,0,29.94,0,1,6609,110.15,151,2.51667,477,7.95,5.9,0,0,0,0,0,0,0,0,196,144,0,1e-04,1e-04,5e-04,9e-04,0.0015,0.0017,0.0012,1.71,0,0
2025-12-26 16:13:06,0,0,30,0,1,6698,111.633,143,2.38333,503,8.38333,3.72,0,0,0,0,0,0,0,0,171,122,0,1e-04,0,2e-04,6e-04,0.001,0.0011,8e-04,0.67,0,0
2025-12-26 16:14:06,0,0,30.06,0,1,6783,113.05,155,2.58333,533,8.88333,3.71,0,0,0,0,0,0,0,0,214,156,0,0,0,3e-04,6e-04,0.001,0.0011,8e-04,0.62,0,0
2025-12-26 16:15:06,0,0,30.19,0,1,8155,135.917,230,3.83333,494,8.23333,6.92,0,0,0,0,0,0,0,0,179,130,1e-04,1e-04,2e-04,5e-04,0.0011,0.0018,0.002,0.0013,2.1,0,0
2025-12-26 16:16:06,0,0,30.12,0,1,8688,144.8,218,3.63333,487,8.11667,8.07,0,0,0,0,0,0,0,0,216,152,1e-04,1e-04,2e-04,6e-04,0.0013,0.0021,0.0023,0.0015,2.27,0,0
2025-12-26 16:17:06,0,0,30,0,1,14219,236.983,463,7.71667,640,10.6667,20.5,0,0,0,0,0,0,0,0,174,115,2e-04,5e-04,6e-04,0.0016,0.0032,0.0051,0.0058,0.0039,7.56,0.01,0
2025-12-26 16:18:06,0,0,29.88,0,1,19704,328.4,728,12.1333,870,14.5,8.95,0,0,0,0,0,0,0,0,208,152,1e-04,2e-04,3e-04,7e-04,0.0014,0.0023,0.0026,0.0019,3.26,0,0
2025-12-26 16:19:06,0,0,29.88,0,1,17758,295.967,616,10.2667,766,12.7667,6.13,0,0,0,0,0,0,0,0,203,150,0,1e-04,2e-04,5e-04,0.001,0.0015,0.0019,0.0014,2.08,0,0
2025-12-26 16:20:06,0,0,29.81,0,1,18352,305.867,601,10.0167,698,11.6333,5.38,0,0,0,0,0,0,0,0,196,140,0,1e-04,1e-04,4e-04,8e-04,0.0014,0.0017,0.0012,1.52,0,0
2025-12-26 16:21:06,0,0,30.06,0,1,25434,423.9,927,15.45,886,14.7667,5.22,0,0,0,0,0,0,0,0,195,140,0,1e-04,1e-04,4e-04,8e-04,0.0013,0.0016,0.0012,1.5,0,0
2025-12-26 16:22:06,0,0,30.12,0,1,24995,416.583,926,15.4333,910,15.1667,5,0,0,0,0,0,0,0,0,166,113,0,1e-04,1e-04,4e-04,8e-04,0.0013,0.0016,0.0012,1.37,0,0
2025-12-26 16:23:06,0,0,30.12,0,1,27690,461.5,1039,17.3167,942,15.7,6.93,0,0,0,0,0,0,0,0,194,139,1e-04,1e-04,2e-04,5e-04,0.0011,0.0018,0.0022,0.0017,2.01,0,0
2025-12-26 16:24:06,0,0,30.25,0,1,20693,344.883,751,12.5167,773,12.8833,7.95,0,0,0,0,0,0,0,0,202,148,1e-04,1e-04,3e-04,7e-04,0.0012,0.002,0.0025,0.0019,2.77,0,0
2025-12-26 16:25:06,0,0,30.19,0,1,22331,372.183,804,13.4,789,13.15,6.35,0,0,0,0,0,0,0,0,210,154,0,1e-04,2e-04,5e-04,0.001,0.0016,0.002,0.0015,2.11,0,0
2025-12-26 16:26:06,0,0,30.25,0,1,25567,426.117,977,16.2833,907,15.1167,5.48,0,0,0,0,0,0,0,0,156,106,0,1e-04,2e-04,5e-04,8e-04,0.0014,0.0018,0.0013,1.74,0,0
2025-12-26 16:27:06,0,0,30.19,0,1,29089,484.817,1012,16.8667,939,15.65,8.55,0,0,0,0,0,0,0,0,170,117,1e-04,1e-04,3e-04,7e-04,0.0013,0.0021,0.0027,0.002,3.06,0,0
2025-12-26 16:28:06,0,0,30.12,0,1,14801,246.683,544,9.06667,749,12.4833,8.67,0,0,0,0,0,0,0,0,165,102,1e-04,2e-04,3e-04,8e-04,0.0013,0.0021,0.0028,0.002,3.33,0,0
2025-12-26 16:29:06,0,0,30,0,1,6815,113.583,145,2.41667,399,6.65,4.25,0,0,0,0,0,0,0,0,223,158,0,0,0,3e-04,7e-04,0.0011,0.0013,9e-04,0.64,0,0
2025-12-26 16:30:06,0,0,29.88,0,1,7041,117.35,173,2.88333,364,6.06667,3.27,0,0,0,0,0,0,0,0,174,112,0,0,0,2e-04,5e-04,9e-04,0.001,6e-04,0.51,0,0
2025-12-26 16:31:06,0,0,29.81,0,1,11680,194.667,340,5.66667,709,11.8167,4.05,0,0,0,0,0,0,0,0,217,155,0,1e-04,1e-04,3e-04,7e-04,0.0011,0.0012,8e-04,0.85,0,0
2025-12-26 16:32:06,0,0,29.75,0,1,8454,140.9,248,4.13333,595,9.91667,5.62,0,0,0,0,0,0,0,0,188,118,0,3e-04,2e-04,5e-04,9e-04,0.0013,0.0015,0.001,2.54,0,0
2025-12-26 16:33:06,0,0,29.62,0,1,10203,170.05,335,5.58333,531,8.85,7.57,0,0,0,0,0,0,0,0,190,139,1e-04,1e-04,2e-04,6e-04,0.0012,0.0019,0.0023,0.0016,2.37,0,0
2025-12-26 16:34:06,0,0,29.62,0,16,12705,211.75,485,8.08333,604,10.0667,10.7,0,0,0,0,0,0,0,0,190,120,1e-04,2e-04,3e-04,8e-04,0.0017,0.0027,0.0033,0.0023,3.5,0,0
2025-12-26 16:35:06,0,0,29.19,0,16,6722,112.033,138,2.3,523,8.71667,9.65,0,0,0,0,0,0,0,0,194,146,1e-04,2e-04,3e-04,7e-04,0.0015,0.0025,0.0027,0.0017,3.18,0,0
2025-12-26 16:36:06,0,0,29,0,1,12976,216.267,454,7.56667,732,12.2,3.05,0,0,0,0,0,0,0,0,227,160,0,0,0,2e-04,5e-04,8e-04,9e-04,6e-04,0.52,0,0
2025-12-26 16:37:06,0,0,28.81,0,1,6221,103.683,148,2.46667,456,7.6,2.18,0,0,0,0,0,0,0,0,195,114,0,0,0,1e-04,4e-04,6e-04,7e-04,5e-04,0.08,0,0
2025-12-26 16:38:06,0,0,28.88,0,1,9446,157.433,273,4.55,429,7.15,7.75,0,0,0,0,0,0,0,0,175,157,1e-04,1e-04,3e-04,7e-04,0.0012,0.0019,0.0024,0.0018,2.77,0,0
2025-12-26 16:39:06,0,0,28.69,0,1,2702,45.0333,42,0.7,179,2.98333,3.95,0,0,0,0,0,0,0,0,187,131,0,1e-04,1e-04,4e-04,6e-04,0.001,0.0013,0.0012,1.25,0,0
2025-12-26 16:40:06,0,0,28.5,0,1,155,2.58333,0,0,3,0.05,2,0,0,0,0,0,0,0,0,177,129,0,0,0,2e-04,3e-04,5e-04,7e-04,7e-04,0.27,0,0
2025-12-26 16:41:06,0,0,28.5,0,32,89,1.48333,0,0,0,0,1.47,0,0,0,0,0,0,0,0,174,130,0,0,0,1e-04,2e-04,4e-04,6e-04,6e-04,0,0,0
2025-12-26 16:42:06,0,0,28.69,0,16,1272,21.2,35,0.583333,79,1.31667,10.02,0,0,0,0,0,0,0,0,192,146,1e-04,2e-04,4e-04,9e-04,0.0015,0.0025,0.0032,0.0025,4.05,0,0
2025-12-26 16:43:06,0,0,28.75,0,2,2779,46.3167,34,0.566667,166,2.76667,24.28,0,0,0,0,0,0,0,0,169,133,3e-04,5e-04,0.001,0.0021,0.0036,0.0059,0.0077,0.0058,10.3,0.01,0
2025-12-26 16:44:06,0,0,28.81,0,2,1586,26.4333,25,0.416667,134,2.23333,19.36,0,0,0,0,0,0,0,0,174,130,2e-04,4e-04,8e-04,0.0017,0.0029,0.0047,0.0062,0.0047,7.96,0.01,0
2025-12-26 16:45:06,0,0,29,0,2,2691,44.85,62,1.03333,168,2.8,15.97,0,0,0,0,0,0,0,0,160,123,2e-04,4e-04,7e-04,0.0014,0.0024,0.0039,0.0051,0.0039,6.78,0.01,0
2025-12-26 16:46:06,0,0,29.19,0,2,6749,112.483,182,3.03333,551,9.18333,15.91,0,0,0,0,0,0,0,0,181,145,2e-04,4e-04,7e-04,0.0015,0.0024,0.0039,0.0051,0.0039,7.02,0.01,0
2025-12-26 16:47:06,0,0,30.06,0,8,3870,64.5,92,1.53333,249,4.15,11.29,0,0,0,0,0,0,0,0,168,128,1e-04,2e-04,4e-04,0.001,0.0017,0.0028,0.0037,0.0028,4.4,0.01,0
2025-12-26 16:48:06,0,0,30.69,0,1,390,6.5,0,0,25,0.416667,7.07,0,0,0,0,0,0,0,0,150,110,1e-04,1e-04,2e-04,6e-04,0.0011,0.0017,0.0023,0.0018,2.55,0,0
2025-12-26 16:49:06,0,0,31.06,0,1,1515,25.25,21,0.35,88,1.46667,8.97,0,0,0,0,0,0,0,0,164,130,1e-04,2e-04,3e-04,8e-04,0.0013,0.0022,0.0029,0.0023,3.56,0,0
2025-12-26 16:50:06,0,0,30.94,0,16,3666,61.1,82,1.36667,247,4.11667,13.31,0,0,0,0,0,0,0,0,189,144,2e-04,3e-04,6e-04,0.0012,0.002,0.0032,0.0043,0.0033,5.7,0.01,0
2025-12-26 16:51:06,0,0,30.5,0,8,1169,19.4833,19,0.316667,81,1.35,5.28,0,0,0,0,0,0,0,0,197,164,1e-04,1e-04,2e-04,5e-04,8e-04,0.0013,0.0017,0.0015,1.86,0,0
2025-12-26 16:52:06,0,0,30.62,0,8,3761,62.6833,93,1.55,285,4.75,7.81,0,0,0,0,0,0,0,0,167,138,1e-04,2e-04,3e-04,7e-04,0.0012,0.0019,0.0026,0.0021,2.8,0,0
2025-12-26 16:53:06,0,0,30.62,0,8,30,0.5,0,0,2,0.0333333,9,0,0,0,0,0,0,0,0,172,153,1e-04,2e-04,3e-04,8e-04,0.0013,0.0022,0.003,0.0024,3.37,0,0
2025-12-26 16:54:06,0,0,30.69,0,8,0,0,0,0,0,0,9.32,0,0,0,0,0,0,0,0,164,151,1e-04,2e-04,4e-04,8e-04,0.0014,0.0023,0.003,0.0024,3.68,0,0
2025-12-26 16:55:06,0,0,31.31,0,8,866,14.4333,19,0.316667,56,0.933333,7.73,0,0,0,0,0,0,0,0,165,135,1e-04,2e-04,3e-04,7e-04,0.0012,0.0019,0.0025,0.0021,2.78,0,0
2025-12-26 16:56:06,0,0,31.31,0,8,631,10.5167,9,0.15,53,0.883333,6.43,0,0,0,0,0,0,0,0,153,108,1e-04,2e-04,2e-04,6e-04,0.001,0.0016,0.0021,0.0017,2.33,0,0
2025-12-26 16:57:06,0,0,31.25,0,8,4,0.0666667,0,0,0,0,6.57,0,0,0,0,0,0,0,0,162,116,1e-04,2e-04,2e-04,6e-04,0.001,0.0016,0.0021,0.0017,2.56,0,0
2025-12-26 16:58:06,0,0,30.88,0,8,199,3.31667,4,0.0666667,15,0.25,6.53,0,0,0,0,0,0,0,0,169,158,1e-04,1e-04,2e-04,6e-04,0.001,0.0016,0.0021,0.0017,2.56,0,0
2025-12-26 16:59:06,0,0,30.5,0,16,1359,22.65,22,0.366667,89,1.48333,19.08,0,0,0,0,0,0,0,0,197,135,2e-04,4e-04,8e-04,0.0017,0.0029,0.0047,0.0061,0.0046,7.96,0.01,0
2025-12-26 17:00:06,0,0,30.19,0,16,2591,43.1833,57,0.95,185,3.08333,17.81,0,0,0,0,0,0,0,0,227,160,2e-04,4e-04,7e-04,0.0016,0.0026,0.0043,0.0057,0.0043,7.5,0.01,0
2025-12-26 17:01:06,0,0,29.81,0,16,1733,28.8833,16,0.266667,172,2.86667,19.71,0,0,0,0,0,0,0,0,226,161,2e-04,4e-04,8e-04,0.0017,0.0029,0.0048,0.0063,0.0049,8.22,0.01,0
2025-12-26 17:02:06,0,0,29.69,0,16,733,12.2167,1,0.0166667,79,1.31667,24.23,0,0,0,0,0,0,0,0,214,156,3e-04,5e-04,0.0011,0.0021,0.0036,0.0059,0.0078,0.0059,10.39,0.01,0
2025-12-26 17:03:06,0,0,30.31,0,8,3313,55.2167,98,1.63333,188,3.13333,3.51,0,0,0,0,0,0,0,0,169,124,0,0,1e-04,3e-04,5e-04,9e-04,0.0013,0.0011,0.78,0,0
2025-12-26 17:04:06,0,0,30.06,0,1,1486,24.7667,38,0.633333,85,1.41667,3.4,0,0,0,0,0,0,0,0,224,158,0,0,0,3e-04,5e-04,9e-04,0.0012,0.0011,0.62,0,0
2025-12-26 17:05:06,0,0,30.12,0,1,5179,86.3167,131,2.18333,303,5.05,5.42,0,0,0,0,0,0,0,0,178,103,0,1e-04,1e-04,5e-04,8e-04,0.0014,0.0019,0.0015,1.58,0,0
2025-12-26 17:06:06,0,0,30.06,0,1,4401,73.35,65,1.08333,349,5.81667,13.49,0,0,0,0,0,0,0,0,167,103,1e-04,3e-04,6e-04,0.0012,0.002,0.0033,0.0043,0.0033,5.57,0.01,0
2025-12-26 17:07:06,0,0,30,0,1,3439,57.3167,33,0.55,272,4.53333,10.8,0,0,0,0,0,0,0,0,218,149,1e-04,2e-04,4e-04,9e-04,0.0016,0.0027,0.0035,0.0027,4.02,0.01,0
2025-12-26 17:08:06,0,0,29.94,0,1,2812,46.8667,31,0.516667,197,3.28333,11.86,0,0,0,0,0,0,0,0,158,102,1e-04,2e-04,5e-04,0.001,0.0018,0.0029,0.0039,0.0029,4.71,0.01,0
2025-12-26 17:09:06,0,0,29.81,0,1,2897,48.2833,21,0.35,225,3.75,10.47,0,0,0,0,0,0,0,0,188,114,1e-04,2e-04,4e-04,9e-04,0.0015,0.0026,0.0034,0.0026,3.99,0.01,0
2025-12-26 17:10:06,0,0,29.81,0,4,2675,44.5833,34,0.566667,196,3.26667,14.68,0,0,0,0,0,0,0,0,182,116,1e-04,3e-04,6e-04,0.0013,0.0022,0.0036,0.0047,0.0035,5.93,0.01,0
2025-12-26 17:11:06,0,0,29.94,0,1,3834,63.9,72,1.2,257,4.28333,11.61,0,0,0,0,0,0,0,0,178,118,1e-04,2e-04,4e-04,0.001,0.0017,0.0029,0.0038,0.0029,4.53,0.01,0
2025-12-26 17:12:06,0,0,29.81,0,1,2753,45.8833,30,0.5,216,3.6,10.02,0,0,0,0,0,0,0,0,164,105,1e-04,2e-04,4e-04,9e-04,0.0015,0.0025,0.0033,0.0025,3.79,0,0
2025-12-26 17:13:06,0,0,29.81,0,16,3333,55.55,40,0.666667,283,4.71667,12.95,0,0,0,0,0,0,0,0,194,109,1e-04,2e-04,5e-04,0.0011,0.0019,0.0032,0.0042,0.0032,5.12,0.01,0
2025-12-26 17:14:06,0,0,29.81,0,1,3264,54.4,35,0.583333,260,4.33333,11.42,0,0,0,0,0,0,0,0,170,119,1e-04,2e-04,4e-04,0.001,0.0017,0.0028,0.0037,0.0028,4.35,0.01,0
2025-12-26 17:15:06,0,0,29.81,0,1,4920,82,82,1.36667,327,5.45,10.28,0,0,0,0,0,0,0,0,209,147,1e-04,2e-04,4e-04,8e-04,0.0016,0.0026,0.0034,0.0025,3.62,0.01,0
2025-12-26 17:16:06,0,0,29.75,0,1,4649,77.4833,75,1.25,307,5.11667,15.9,0,0,0,0,0,0,0,0,179,112,2e-04,3e-04,7e-04,0.0014,0.0024,0.0039,0.0051,0.0038,6.88,0.01,0
2025-12-26 17:17:06,0,0,29.88,0,16,3784,63.0667,96,1.6,166,2.76667,23.06,0,0,0,0,0,0,0,0,208,150,3e-04,5e-04,0.001,0.002,0.0034,0.0056,0.0073,0.0055,9.83,0.01,0
2025-12-26 17:18:06,0,0,29.62,0,16,1458,24.3,27,0.45,80,1.33333,19.81,0,0,0,0,0,0,0,0,217,158,2e-04,4e-04,8e-04,0.0017,0.003,0.0049,0.0064,0.0048,8.2,0.01,0
2025-12-26 17:19:06,0,0,30,0,16,2848,47.4667,35,0.583333,205,3.41667,20.21,0,0,0,0,0,0,0,0,225,156,2e-04,4e-04,9e-04,0.0018,0.003,0.0049,0.0064,0.0048,8.62,0.01,0
2025-12-26 17:20:06,0,0,30.19,0,16,315,5.25,8,0.133333,18,0.3,25.67,0,0,0,0,0,0,0,0,219,148,3e-04,6e-04,0.0011,0.0023,0.0038,0.0063,0.0082,0.0061,11.07,0.01,0
2025-12-26 17:21:06,0,0,30.06,0,16,4694,78.2333,134,2.23333,236,3.93333,29.57,0,0,0,0,0,0,0,0,230,162,3e-04,7e-04,0.0011,0.0026,0.0044,0.0073,0.0091,0.0063,12.29,0.01,0
2025-12-26 17:22:06,0,0,29.69,0,1,1584,26.4,22,0.366667,114,1.9,13.78,0,0,0,0,0,0,0,0,192,107,1e-04,3e-04,4e-04,0.0011,0.0021,0.0035,0.004,0.0025,4.81,0.01,0
2025-12-26 17:23:06,0,0,29.69,0,1,4632,77.2,128,2.13333,237,3.95,25.83,0,0,0,0,0,0,0,0,225,164,2e-04,5e-04,7e-04,0.0017,0.0041,0.0067,0.0073,0.0044,7.93,0.01,0
2025-12-26 17:24:06,0,0,29.75,0,8,4670,77.8333,126,2.1,241,4.01667,12.65,0,0,0,0,0,0,0,0,222,155,1e-04,3e-04,4e-04,0.0011,0.0019,0.0032,0.0039,0.0028,4.81,0.01,0
2025-12-26 17:25:06,0,0,29.31,0,32,4723,78.7167,141,2.35,246,4.1,7.37,0,0,0,0,0,0,0,0,231,163,1e-04,1e-04,3e-04,6e-04,0.0011,0.0018,0.0025,0.002,2.6,0,0
2025-12-26 17:26:06,0,0,29.19,0,8,2668,44.4667,56,0.933333,187,3.11667,14.89,0,0,0,0,0,0,0,0,215,161,2e-04,3e-04,6e-04,0.0014,0.0022,0.0036,0.0048,0.0036,6.19,0.01,0
2025-12-26 17:27:06,0,0,28.88,0,16,338,5.63333,0,0,34,0.566667,40.37,0,0,0,0,0,0,0,0,210,155,5e-04,9e-04,0.0018,0.0036,0.006,0.0098,0.0128,0.0094,17.79,0.02,0
2025-12-26 17:28:06,0,0,28.75,0,16,1222,20.3667,19,0.316667,71,1.18333,34.72,0,0,0,0,0,0,0,0,175,128,4e-04,8e-04,0.0015,0.0031,0.0052,0.0084,0.011,0.0082,15.4,0.02,0
2025-12-26 17:29:06,0,0,28.94,0,16,293,4.88333,0,0,16,0.266667,40.07,0,0,0,0,0,0,0,0,176,128,5e-04,0.001,0.0018,0.0036,0.0059,0.0097,0.0127,0.0094,17.8,0.02,0
2025-12-26 17:30:06,0,0,29.19,0,16,660,11,3,0.05,49,0.816667,39.9,0,0,0,0,0,0,0,0,171,121,5e-04,0.001,0.0018,0.0035,0.0059,0.0096,0.0126,0.0093,17.85,0.02,0
2025-12-26 17:31:06,0,0,29.25,0,16,1621,27.0167,30,0.5,121,2.01667,34.59,0,0,0,0,0,0,0,0,177,114,4e-04,8e-04,0.0015,0.003,0.0052,0.0084,0.011,0.0081,15.07,0.02,0
2025-12-26 17:32:06,0,0,29.25,0,16,463,7.71667,1,0.0166667,26,0.433333,39.41,0,0,0,0,0,0,0,0,211,158,5e-04,9e-04,0.0018,0.0035,0.0058,0.0095,0.0125,0.0093,17.55,0.02,0
2025-12-26 17:33:06,0,0,29.06,0,16,257,4.28333,0,0,19,0.316667,38.7,0,0,0,0,0,0,0,0,214,159,5e-04,9e-04,0.0017,0.0035,0.0057,0.0094,0.0123,0.0091,17.22,0.02,0
2025-12-26 17:34:06,0,0,29.81,0,16,1471,24.5167,31,0.516667,78,1.3,29.86,0,0,0,0,0,0,0,0,194,118,4e-04,7e-04,0.0013,0.0027,0.0044,0.0072,0.0094,0.007,13.18,0.01,0
2025-12-26 17:35:06,0,0,30,0,16,510,8.5,2,0.0333333,42,0.7,33.68,0,0,0,0,0,0,0,0,172,119,4e-04,8e-04,0.0015,0.003,0.005,0.0081,0.0107,0.0079,14.98,0.02,0
2025-12-26 17:36:06,0,0,30.12,0,16,674,11.2333,10,0.166667,34,0.566667,34.7,0,0,0,0,0,0,0,0,149,114,4e-04,8e-04,0.0015,0.0031,0.0052,0.0084,0.011,0.0081,15.44,0.02,0
2025-12-26 17:37:06,0,0,30.75,0,16,770,12.8333,20,0.333333,27,0.45,30.27,0,0,0,0,0,0,0,0,160,105,4e-04,7e-04,0.0013,0.0027,0.0045,0.0073,0.0096,0.0072,13.35,0.01,0
2025-12-26 17:38:06,0,0,30.75,0,16,467,7.78333,16,0.266667,24,0.4,31.43,0,0,0,0,0,0,0,0,149,110,4e-04,7e-04,0.0014,0.0028,0.0047,0.0076,0.01,0.0075,13.9,0.01,0
2025-12-26 17:39:06,0,0,30.81,0,16,807,13.45,7,0.116667,56,0.933333,31.32,0,0,0,0,0,0,0,0,211,135,4e-04,7e-04,0.0014,0.0028,0.0047,0.0075,0.0099,0.0073,13.79,0.01,0
2025-12-26 17:40:06,0,0,30.62,0,1,398,6.63333,3,0.05,31,0.516667,13.73,0,0,0,0,0,0,0,0,218,157,1e-04,3e-04,6e-04,0.0012,0.0021,0.0033,0.0044,0.0034,5.76,0.01,0
2025-12-26 17:41:06,0,0,30.44,0,16,1945,32.4167,36,0.6,122,2.03333,27.21,0,0,0,0,0,0,0,0,222,158,3e-04,6e-04,0.0012,0.0024,0.004,0.0066,0.0086,0.0064,12.1,0.01,0
2025-12-26 17:42:06,0,0,31.06,0,32,1426,23.7667,31,0.516667,71,1.18333,3.02,0,0,0,0,0,0,0,0,203,109,0,1e-04,1e-04,3e-04,4e-04,7e-04,9e-04,7e-04,1.67,0,0
2025-12-26 17:43:06,0,0,30.94,0,1,916,15.2667,10,0.166667,66,1.1,15.5,0,0,0,0,0,0,0,0,170,128,2e-04,4e-04,7e-04,0.0014,0.0023,0.0037,0.0049,0.0037,6.98,0.01,0
2025-12-26 17:44:06,0,0,31,0,16,571,9.51667,0,0,39,0.65,27.23,0,0,0,0,0,0,0,0,164,120,3e-04,7e-04,0.0012,0.0025,0.004,0.0065,0.0085,0.0063,12.54,0.01,0
2025-12-26 17:45:06,0,0,30.81,0,16,1193,19.8833,21,0.35,80,1.33333,24.58,0,0,0,0,0,0,0,0,204,150,3e-04,6e-04,0.0011,0.0022,0.0036,0.0059,0.0077,0.0058,11.03,0.01,0
2025-12-26 17:46:06,0,0,30.81,0,16,1211,20.1833,13,0.216667,97,1.61667,22.89,0,0,0,0,0,0,0,0,207,142,3e-04,5e-04,0.001,0.002,0.0034,0.0056,0.0073,0.0056,9.82,0.01,0
2025-12-26 17:47:06,0,0,30.62,0,16,2311,38.5167,42,0.7,135,2.25,22.03,0,0,0,0,0,0,0,0,189,132,3e-04,5e-04,9e-04,0.0019,0.0033,0.0053,0.0071,0.0054,9.45,0.01,0
2025-12-26 17:48:06,0,0,30.44,0,1,3330,55.5,77,1.28333,192,3.2,20.4,0,0,0,0,0,0,0,0,213,146,2e-04,5e-04,9e-04,0.0019,0.003,0.0049,0.0064,0.0048,9.14,0.01,0
2025-12-26 17:49:06,0,0,30.5,0,16,3085,51.4167,55,0.916667,218,3.63333,29.39,0,0,0,0,0,0,0,0,204,153,3e-04,7e-04,0.0012,0.0025,0.0044,0.0071,0.0094,0.0068,12.32,0.01,0
2025-12-26 17:50:06,0,0,30.38,0,16,1648,27.4667,11,0.183333,137,2.28333,29.04,0,0,0,0,0,0,0,0,224,148,3e-04,7e-04,0.0013,0.0027,0.0043,0.0069,0.0092,0.0066,13.41,0.01,0
2025-12-26 17:51:06,0,0,30.44,0,16,1961,32.6833,19,0.316667,152,2.53333,41.71,0,0,0,0,0,0,0,0,224,158,5e-04,0.001,0.0019,0.0037,0.0062,0.0101,0.0131,0.0096,18.97,0.02,0
2025-12-26 17:52:06,0,0,30.5,0,16,3014,50.2333,62,1.03333,181,3.01667,26.56,0,0,0,0,0,0,0,0,228,158,3e-04,7e-04,0.0011,0.0024,0.004,0.0063,0.0084,0.0061,11.89,0.01,0
2025-12-26 17:53:06,0,0,30.5,0,1,2967,49.45,44,0.733333,212,3.53333,22.5,0,0,0,0,0,0,0,0,215,128,3e-04,6e-04,0.001,0.0021,0.0033,0.0054,0.007,0.0053,10.32,0.01,0
2025-12-26 17:54:06,0,0,30.56,0,1,3928,65.4667,92,1.53333,262,4.36667,16.48,0,0,0,0,0,0,0,0,203,154,2e-04,3e-04,7e-04,0.0014,0.0025,0.004,0.0054,0.0043,6.65,0.01,0
2025-12-26 17:55:06,0,0,30.12,0,1,517,8.61667,6,0.1,32,0.533333,13.61,0,0,0,0,0,0,0,0,176,132,2e-04,3e-04,6e-04,0.0012,0.002,0.0033,0.0044,0.0038,5.48,0.01,0
2025-12-26 17:56:06,0,0,30.31,0,16,510,8.5,7,0.116667,30,0.5,27.91,0,0,0,0,0,0,0,0,178,134,3e-04,6e-04,0.0012,0.0025,0.0041,0.0068,0.0089,0.0068,12.2,0.01,0
2025-12-26 17:57:06,0,0,30.25,0,16,895,14.9167,28,0.466667,48,0.8,26.42,0,0,0,0,0,0,0,0,195,150,3e-04,6e-04,0.0011,0.0023,0.0039,0.0064,0.0084,0.0063,11.28,0.01,0
2025-12-26 17:58:06,0,0,30.31,0,16,0,0,0,0,0,0,32.43,0,0,0,0,0,0,0,0,193,148,4e-04,7e-04,0.0015,0.0029,0.0048,0.0079,0.0102,0.0075,14.3,0.02,0
2025-12-26 17:59:06,0,0,30.81,0,16,1741,29.0167,33,0.55,127,2.11667,30.77,0,0,0,0,0,0,0,0,164,122,4e-04,7e-04,0.0014,0.0028,0.0046,0.0074,0.0097,0.0072,13.6,0.01,0
2025-12-26 18:00:06,0,0,31.06,0,16,1762,29.3667,6,0.1,153,2.55,26.1,0,0,0,0,0,0,0,0,161,111,3e-04,6e-04,0.0012,0.0023,0.0039,0.0063,0.0083,0.0063,11.45,0.01,0
2025-12-26 18:01:06,0,0,30.81,0,16,820,13.6667,3,0.05,48,0.8,28.82,0,0,0,0,0,0,0,0,198,150,3e-04,7e-04,0.0013,0.0025,0.0043,0.007,0.0091,0.0069,12.54,0.01,0
2025-12-26 18:02:06,0,0,30.81,0,16,436,7.26667,2,0.0333333,28,0.466667,29.12,0,0,0,0,0,0,0,0,192,146,3e-04,6e-04,0.0013,0.0026,0.0043,0.0071,0.0092,0.0069,12.48,0.01,0
2025-12-26 18:03:06,0,0,30.81,0,16,216,3.6,0,0,13,0.216667,32.43,0,0,0,0,0,0,0,0,192,147,4e-04,8e-04,0.0014,0.0029,0.0048,0.0078,0.0102,0.0076,14.38,0.02,0
2025-12-26 18:04:06,0,0,31.06,0,16,380,6.33333,0,0,22,0.366667,33.98,0,0,0,0,0,0,0,0,182,138,4e-04,8e-04,0.0015,0.003,0.005,0.0082,0.0107,0.008,14.97,0.02,0
2025-12-26 18:05:06,0,0,31.19,0,2,781,13.0167,19,0.316667,46,0.766667,15.72,0,0,0,0,0,0,0,0,188,144,2e-04,3e-04,6e-04,0.0014,0.0024,0.0038,0.0051,0.0041,6.24,0.01,0
2025-12-26 18:06:06,0,0,31.31,0,16,761,12.6833,9,0.15,61,1.01667,18.09,0,0,0,0,0,0,0,0,163,120,2e-04,4e-04,8e-04,0.0016,0.0027,0.0044,0.0058,0.0045,7.7,0.01,0
2025-12-26 18:07:06,0,0,31.25,0,16,2265,37.75,51,0.85,156,2.6,24.34,0,0,0,0,0,0,0,0,192,145,3e-04,6e-04,0.0011,0.0021,0.0036,0.0059,0.0077,0.0058,10.67,0.01,0
2025-12-26 18:08:06,0,0,31.25,0,16,4,0.0666667,0,0,0,0,25.53,0,0,0,0,0,0,0,0,193,145,3e-04,6e-04,0.0011,0.0023,0.0038,0.0062,0.0081,0.006,11.28,0.01,0
2025-12-26 18:09:06,0,0,31.19,0,16,1393,23.2167,20,0.333333,119,1.98333,24.74,0,0,0,0,0,0,0,0,189,144,3e-04,6e-04,0.0011,0.0022,0.0037,0.006,0.0078,0.0058,10.84,0.01,0
2025-12-26 18:10:06,0,0,31.06,0,16,712,11.8667,11,0.183333,53,0.883333,23.39,0,0,0,0,0,0,0,0,185,134,3e-04,5e-04,0.001,0.0021,0.0035,0.0057,0.0074,0.0056,10.11,0.01,0
2025-12-26 18:11:06,0,0,30.62,0,16,3952,65.8667,93,1.55,228,3.8,12.04,0,0,0,0,0,0,0,0,217,164,1e-04,2e-04,5e-04,0.0011,0.0018,0.003,0.0039,0.0031,4.92,0.01,0
2025-12-26 18:12:06,0,0,30.12,0,16,70,1.16667,0,0,5,0.0833333,22.98,0,0,0,0,0,0,0,0,208,162,2e-04,5e-04,0.001,0.002,0.0034,0.0056,0.0073,0.0055,9.77,0.01,0
2025-12-26 18:13:06,0,0,29.88,0,16,23,0.383333,0,0,2,0.0333333,22.51,0,0,0,0,0,0,0,0,213,164,2e-04,5e-04,0.001,0.002,0.0033,0.0055,0.0072,0.0055,9.57,0.01,0
2025-12-26 18:14:06,0,0,29.44,0,16,44,0.733333,0,0,3,0.05,23.15,0,0,0,0,0,0,0,0,206,158,3e-04,5e-04,0.001,0.002,0.0034,0.0057,0.0074,0.0055,9.96,0.01,0
2025-12-26 18:15:06,0,0,30,0,16,3306,55.1,84,1.4,193,3.21667,29.46,0,0,0,0,0,0,0,0,164,123,4e-04,7e-04,0.0013,0.0027,0.0043,0.0071,0.0093,0.007,13.3,0.01,0
2025-12-26 18:16:06,0,0,29.94,0,16,852,14.2,11,0.183333,53,0.883333,34.09,0,0,0,0,0,0,0,0,203,146,4e-04,8e-04,0.0015,0.003,0.0051,0.0082,0.0108,0.008,15.09,0.02,0
2025-12-26 18:17:06,0,0,29.94,0,16,907,15.1167,17,0.283333,64,1.06667,33.08,0,0,0,0,0,0,0,0,169,128,4e-04,8e-04,0.0015,0.003,0.0049,0.0079,0.0104,0.0077,15.18,0.02,0
2025-12-26 18:18:06,0,0,30.12,0,1,2301,38.35,42,0.7,156,2.6,17.76,0,0,0,0,0,0,0,0,192,154,2e-04,3e-04,7e-04,0.0016,0.0026,0.0043,0.0057,0.0044,7.28,0.01,0
2025-12-26 18:19:06,0,0,29.94,0,1,1421,23.6833,27,0.45,95,1.58333,5.92,0,0,0,0,0,0,0,0,209,164,0,1e-04,2e-04,5e-04,9e-04,0.0015,0.002,0.0017,1.97,0,0
2025-12-26 18:20:06,0,0,29.81,0,1,174,2.9,0,0,12,0.2,5.75,0,0,0,0,0,0,0,0,206,151,1e-04,1e-04,1e-04,5e-04,9e-04,0.0015,0.002,0.0018,1.55,0,0
2025-12-26 18:21:06,0,0,29.81,0,1,267,4.45,0,0,17,0.283333,4.98,0,0,0,0,0,0,0,0,209,153,0,1e-04,2e-04,4e-04,7e-04,0.0013,0.0018,0.0017,1.52,0,0
2025-12-26 18:22:06,0,0,29.81,0,1,202,3.36667,4,0.0666667,15,0.25,4.74,0,0,0,0,0,0,0,0,203,154,0,1e-04,2e-04,4e-04,7e-04,0.0012,0.0017,0.0016,1.42,0,0
2025-12-26 18:23:06,0,0,29.12,0,16,1415,23.5833,30,0.5,86,1.43333,18.98,0,0,0,0,0,0,0,0,217,154,2e-04,4e-04,8e-04,0.0016,0.0028,0.0046,0.0061,0.0047,7.82,0.01,0
2025-12-26 18:24:06,0,0,28.69,0,16,801,13.35,11,0.183333,64,1.06667,28.74,0,0,0,0,0,0,0,0,224,161,4e-04,7e-04,0.0013,0.0025,0.0043,0.007,0.0091,0.0068,12.59,0.01,0
2025-12-26 18:25:06,0,0,28.94,0,16,1299,21.65,27,0.45,71,1.18333,23.84,0,0,0,0,0,0,0,0,209,140,3e-04,5e-04,0.0011,0.0021,0.0035,0.0058,0.0076,0.0057,10.44,0.01,0
2025-12-26 18:26:06,0,0,29.12,0,16,2695,44.9167,76,1.26667,136,2.26667,20.1,0,0,0,0,0,0,0,0,178,121,2e-04,4e-04,8e-04,0.0017,0.003,0.0049,0.0065,0.0049,8.4,0.01,0
2025-12-26 18:27:06,0,0,29.5,0,8,7679,127.983,217,3.61667,260,4.33333,13.95,0,0,0,0,0,0,0,0,215,156,1e-04,3e-04,5e-04,0.0011,0.0021,0.0035,0.0045,0.0034,4.9,0.01,0
2025-12-26 18:28:06,0,0,29.62,0,16,1203,20.05,28,0.466667,75,1.25,23.53,0,0,0,0,0,0,0,0,231,169,3e-04,5e-04,0.001,0.0021,0.0035,0.0057,0.0075,0.0056,10.14,0.01,0
2025-12-26 18:29:06,0,0,29.5,0,4,1375,22.9167,37,0.616667,82,1.36667,16.98,0,0,0,0,0,0,0,0,216,160,2e-04,4e-04,7e-04,0.0015,0.0025,0.0041,0.0054,0.0041,7.24,0.01,0
2025-12-26 18:30:06,0,0,29.38,0,1,1058,17.6333,23,0.383333,66,1.1,16.75,0,0,0,0,0,0,0,0,207,153,2e-04,4e-04,7e-04,0.0015,0.0025,0.0041,0.0053,0.0041,7.15,0.01,0
2025-12-26 18:31:06,0,0,29.44,0,1,746,12.4333,8,0.133333,50,0.833333,17.29,0,0,0,0,0,0,0,0,204,143,2e-04,4e-04,7e-04,0.0015,0.0026,0.0042,0.0056,0.0043,7.15,0.01,0
2025-12-26 18:32:06,0,0,28.81,0,16,665,11.0833,11,0.183333,36,0.6,38.38,0,0,0,0,0,0,0,0,226,176,5e-04,9e-04,0.0017,0.0034,0.0057,0.0093,0.0121,0.0091,16.94,0.02,0
2025-12-26 18:33:06,0,0,28.75,0,2,460,7.66667,10,0.166667,26,0.433333,29.08,0,0,0,0,0,0,0,0,232,162,3e-04,6e-04,0.0013,0.0026,0.0043,0.0071,0.0092,0.007,12.62,0.01,0
2025-12-26 18:34:06,0,0,29.88,0,8,395,6.58333,13,0.216667,21,0.35,11.73,0,0,0,0,0,0,0,0,172,144,1e-04,2e-04,5e-04,0.001,0.0018,0.0029,0.0039,0.0032,4.58,0.01,0
2025-12-26 18:35:06,0,0,30,0,8,0,0,0,0,0,0,13.64,0,0,0,0,0,0,0,0,169,142,2e-04,3e-04,6e-04,0.0012,0.0021,0.0034,0.0045,0.0037,5.46,0.01,0
2025-12-26 18:36:06,0,0,29.56,0,1,454,7.56667,5,0.0833333,32,0.533333,4.99,0,0,0,0,0,0,0,0,192,133,0,1e-04,2e-04,4e-04,8e-04,0.0013,0.0018,0.0016,1.53,0,0
2025-12-26 18:37:06,0,0,29.56,0,1,2699,44.9833,92,1.53333,151,2.51667,9.17,0,0,0,0,0,0,0,0,207,155,1e-04,2e-04,3e-04,8e-04,0.0014,0.0022,0.003,0.0025,3.46,0,0
2025-12-26 18:38:06,0,0,29.69,0,16,1186,19.7667,27,0.45,80,1.33333,18.62,0,0,0,0,0,0,0,0,221,158,2e-04,4e-04,8e-04,0.0016,0.0028,0.0046,0.006,0.0045,7.84,0.01,0
2025-12-26 18:39:06,0,0,29.44,0,16,2396,39.9333,97,1.61667,71,1.18333,8.11,0,0,0,0,0,0,0,0,205,153,1e-04,2e-04,3e-04,7e-04,0.0012,0.002,0.0026,0.0022,3.13,0,0
2025-12-26 18:40:06,0,0,29.75,0,16,1037,17.2833,27,0.45,54,0.9,1.15,0,0,0,0,0,0,0,0,214,151,0,0,0,1e-04,2e-04,3e-04,4e-04,4e-04,0.37,0,0
2025-12-26 18:41:06,0,0,30.62,0,32,571,9.51667,6,0.1,36,0.6,2.25,0,0,0,0,0,0,0,0,214,140,0,0,1e-04,2e-04,3e-04,6e-04,8e-04,7e-04,0.68,0,0
2025-12-26 18:42:06,0,0,30.44,0,1,288,4.8,1,0.0166667,20,0.333333,6.91,0,0,0,0,0,0,0,0,216,150,1e-04,1e-04,2e-04,6e-04,0.001,0.0018,0.0025,0.0021,2.09,0,0
2025-12-26 18:43:06,0,0,30.56,0,2,4230,70.5,100,1.66667,218,3.63333,15.37,0,0,0,0,0,0,0,0,222,176,2e-04,3e-04,7e-04,0.0014,0.0023,0.0038,0.005,0.0039,6.45,0.01,0
2025-12-26 18:44:06,0,0,30.31,0,2,1131,18.85,20,0.333333,65,1.08333,5.78,0,0,0,0,0,0,0,0,182,143,1e-04,1e-04,2e-04,5e-04,9e-04,0.0015,0.002,0.0018,1.66,0,0
2025-12-26 18:45:06,0,0,30.56,0,2,3511,58.5167,95,1.58333,189,3.15,13.06,0,0,0,0,0,0,0,0,199,154,1e-04,3e-04,5e-04,0.0012,0.0019,0.0032,0.0042,0.0033,5.29,0.01,0
2025-12-26 18:46:06,0,0,30.56,0,8,7666,127.767,262,4.36667,429,7.15,4.41,0,0,0,0,0,0,0,0,209,155,0,1e-04,1e-04,3e-04,7e-04,0.0011,0.0014,0.001,1.34,0,0
2025-12-26 18:47:06,0,0,30.25,0,1,6502,108.367,188,3.13333,344,5.73333,7.52,0,0,0,0,0,0,0,0,200,146,1e-04,1e-04,3e-04,7e-04,0.0011,0.0019,0.0024,0.0018,2.9,0,0
2025-12-26 18:48:06,0,0,29.81,0,32,4061,67.6833,55,0.916667,296,4.93333,5.26,0,0,0,0,0,0,0,0,229,168,0,1e-04,2e-04,4e-04,8e-04,0.0013,0.0018,0.0014,1.6,0,0
2025-12-26 18:49:06,0,0,29.88,0,1,4794,79.9,127,2.11667,360,6,4.58,0,0,0,0,0,0,0,0,189,151,0,0,1e-04,4e-04,7e-04,0.0012,0.0016,0.0013,1.13,0,0
2025-12-26 18:50:06,0,0,29.81,0,16,1762,29.3667,31,0.516667,135,2.25,17.6,0,0,0,0,0,0,0,0,207,153,2e-04,4e-04,7e-04,0.0015,0.0026,0.0043,0.0057,0.0043,7.25,0.01,0
2025-12-26 18:51:06,0,0,29.56,0,1,4877,81.2833,109,1.81667,256,4.26667,18.19,0,0,0,0,0,0,0,0,214,163,2e-04,4e-04,7e-04,0.0016,0.0027,0.0045,0.0058,0.0043,7.51,0.01,0
2025-12-26 18:52:06,0,0,29.75,0,8,6004,100.067,150,2.5,305,5.08333,5.95,0,0,0,0,0,0,0,0,210,160,1e-04,1e-04,2e-04,5e-04,9e-04,0.0015,0.002,0.0016,2.1,0,0
2025-12-26 18:53:06,0,0,29.81,0,1,8525,142.083,240,4,645,10.75,5.3,0,0,0,0,0,0,0,0,198,136,0,1e-04,1e-04,4e-04,8e-04,0.0013,0.0017,0.0013,1.35,0,0
2025-12-26 18:54:06,0,0,29.69,0,1,6427,107.117,147,2.45,511,8.51667,8.71,0,0,0,0,0,0,0,0,201,147,1e-04,2e-04,3e-04,7e-04,0.0013,0.0022,0.0027,0.002,3.15,0,0
2025-12-26 18:55:06,0,0,29.5,0,1,8089,134.817,219,3.65,637,10.6167,7.18,0,0,0,0,0,0,0,0,204,148,1e-04,1e-04,2e-04,6e-04,0.0011,0.0018,0.0022,0.0016,2.16,0,0
2025-12-26 18:56:06,0,0,29.44,0,16,8239,137.317,220,3.66667,659,10.9833,11.05,0,0,0,0,0,0,0,0,194,123,1e-04,2e-04,3e-04,9e-04,0.0017,0.0028,0.0033,0.0023,3.88,0.01,0
2025-12-26 18:57:06,0,0,29.19,0,1,7886,131.433,210,3.5,620,10.3333,6.46,0,0,0,0,0,0,0,0,219,154,1e-04,1e-04,2e-04,5e-04,0.001,0.0016,0.002,0.0014,1.91,0,0
2025-12-26 18:58:06,0,0,29.31,0,1,5874,97.9,125,2.08333,500,8.33333,8.66,0,0,0,0,0,0,0,0,187,139,1e-04,2e-04,2e-04,7e-04,0.0013,0.0022,0.0025,0.0017,3.05,0,0
2025-12-26 18:59:06,0,0,29.12,0,1,6885,114.75,183,3.05,458,7.63333,5.8,0,0,0,0,0,0,0,0,235,172,0,1e-04,1e-04,4e-04,9e-04,0.0015,0.0018,0.0013,1.47,0,0
2025-12-26 19:00:06,0,0,29,0,1,12478,207.967,403,6.71667,581,9.68333,8.9,0,0,0,0,0,0,0,0,201,147,1e-04,2e-04,3e-04,7e-04,0.0014,0.0022,0.0027,0.0019,3.18,0,0
2025-12-26 19:01:06,0,0,29,0,1,1857,30.95,63,1.05,110,1.83333,36.68,0,0,0,0,0,0,0,0,219,155,4e-04,0.001,0.0012,0.003,0.0056,0.0092,0.0101,0.0061,14.79,0.02,0
2025-12-26 19:02:06,0,0,28.62,0,8,3696,61.6,115,1.91667,193,3.21667,60.03,0,0,0,0,0,0,0,0,178,141,7e-04,0.0016,0.0021,0.0049,0.0092,0.0149,0.0162,0.0097,25,0.02,0
2025-12-26 19:03:06,0,0,27.88,0,8,1462,24.3667,15,0.25,85,1.41667,3.34,0,0,0,0,0,0,0,0,186,143,0,1e-04,1e-04,3e-04,5e-04,8e-04,0.0011,9e-04,1.03,0,0
2025-12-26 19:04:06,0,0,28,0,8,8160,136,228,3.8,414,6.9,5.29,0,0,0,0,0,0,0,0,200,151,0,1e-04,2e-04,5e-04,8e-04,0.0013,0.0017,0.0013,1.74,0,0
2025-12-26 19:05:06,0,0,27.81,0,1,3555,59.25,74,1.23333,184,3.06667,2.52,0,0,0,0,0,0,0,0,217,165,0,0,0,2e-04,4e-04,6e-04,9e-04,7e-04,0.58,0,0
2025-12-26 19:06:06,0,0,27.31,0,1,1806,30.1,51,0.85,112,1.86667,3.59,0,0,0,0,0,0,0,0,210,160,0,0,1e-04,3e-04,6e-04,9e-04,0.0012,9e-04,0.84,0,0
2025-12-26 19:07:06,0,0,27.12,0,16,1399,23.3167,32,0.533333,111,1.85,3.47,0,0,0,0,0,0,0,0,207,157,0,0,1e-04,3e-04,5e-04,9e-04,0.0012,9e-04,0.82,0,0
2025-12-26 19:08:06,0,0,27.62,0,16,1337,22.2833,20,0.333333,75,1.25,2.72,0,0,0,0,0,0,0,0,195,153,0,0,1e-04,2e-04,4e-04,7e-04,9e-04,7e-04,0.79,0,0
2025-12-26 19:09:06,0,0,27.81,0,4,776,12.9333,9,0.15,66,1.1,4.13,0,0,0,0,0,0,0,0,200,151,0,0,1e-04,4e-04,6e-04,0.001,0.0014,0.001,1.14,0,0
2025-12-26 19:10:06,0,0,28.31,0,16,881,14.6833,9,0.15,70,1.16667,1.32,0,0,0,0,0,0,0,0,193,147,0,0,0,1e-04,2e-04,4e-04,5e-04,4e-04,0.07,0,0
2025-12-26 19:11:06,0,0,28,0,4,429,7.15,14,0.233333,16,0.266667,5.55,0,0,0,0,0,0,0,0,200,161,0,1e-04,2e-04,5e-04,9e-04,0.0014,0.0018,0.0013,1.68,0,0
2025-12-26 19:12:06,0,0,27.88,0,4,197,3.28333,3,0.05,13,0.216667,5.76,0,0,0,0,0,0,0,0,208,163,0,1e-04,2e-04,5e-04,9e-04,0.0014,0.0019,0.0014,1.93,0,0
2025-12-26 19:13:06,0,0,28.25,0,4,341,5.68333,7,0.116667,31,0.516667,5.77,0,0,0,0,0,0,0,0,206,160,0,1e-04,2e-04,5e-04,9e-04,0.0014,0.0019,0.0014,2.05,0,0
2025-12-26 19:14:06,0,0,28.44,0,4,302,5.03333,8,0.133333,13,0.216667,6.55,0,0,0,0,0,0,0,0,208,161,1e-04,1e-04,2e-04,6e-04,0.001,0.0016,0.0021,0.0016,2.48,0,0
2025-12-26 19:15:06,0,0,28.94,0,16,1568,26.1333,36,0.6,122,2.03333,3.08,0,0,0,0,0,0,0,0,198,150,0,0,1e-04,2e-04,5e-04,8e-04,0.001,8e-04,0.61,0,0
2025-12-26 19:16:06,0,0,29.94,0,4,720,12,20,0.333333,30,0.5,1.88,0,0,0,0,0,0,0,0,186,142,0,0,0,1e-04,3e-04,5e-04,7e-04,6e-04,0.1,0,0
2025-12-26 19:17:06,0,0,30.31,0,1,81,1.35,1,0.0166667,6,0.1,2.11,0,0,0,0,0,0,0,0,179,138,0,0,0,2e-04,3e-04,6e-04,8e-04,6e-04,0.16,0,0
2025-12-26 19:18:06,0,0,30.38,0,4,1435,23.9167,31,0.516667,106,1.76667,4.47,0,0,0,0,0,0,0,0,187,144,0,0,1e-04,4e-04,7e-04,0.0011,0.0015,0.0011,1.27,0,0
2025-12-26 19:19:06,0,0,30.12,0,16,1354,22.5667,25,0.416667,115,1.91667,4.65,0,0,0,0,0,0,0,0,216,167,0,1e-04,1e-04,4e-04,7e-04,0.0011,0.0015,0.0012,1.49,0,0
2025-12-26 19:20:06,0,0,30.25,0,16,1647,27.45,21,0.35,142,2.36667,5.35,0,0,0,0,0,0,0,0,185,137,0,1e-04,2e-04,5e-04,8e-04,0.0013,0.0018,0.0013,1.71,0,0
2025-12-26 19:21:06,0,0,30.06,0,16,509,8.48333,4,0.0666667,45,0.75,5.08,0,0,0,0,0,0,0,0,163,118,0,1e-04,2e-04,4e-04,8e-04,0.0013,0.0017,0.0012,1.62,0,0
2025-12-26 19:22:06,0,0,30.19,0,16,1168,19.4667,15,0.25,110,1.83333,4.79,0,0,0,0,0,0,0,0,156,112,0,1e-04,1e-04,4e-04,7e-04,0.0012,0.0016,0.0012,1.5,0,0
2025-12-26 19:23:06,0,0,30,0,16,925,15.4167,19,0.316667,91,1.51667,5.39,0,0,0,0,0,0,0,0,171,118,0,1e-04,2e-04,5e-04,8e-04,0.0013,0.0018,0.0013,1.67,0,0
2025-12-26 19:24:06,0,0,30.25,0,4,696,11.6,21,0.35,28,0.466667,2.34,0,0,0,0,0,0,0,0,190,143,0,0,0,2e-04,4e-04,6e-04,8e-04,6e-04,0.37,0,0
2025-12-26 19:25:06,0,0,30.12,0,16,1607,26.7833,13,0.216667,193,3.21667,4.23,0,0,0,0,0,0,0,0,192,146,0,0,1e-04,4e-04,7e-04,0.0011,0.0014,0.0011,1.2,0,0
2025-12-26 19:26:06,0,0,30.25,0,16,1080,18,15,0.25,90,1.5,5.1,0,0,0,0,0,0,0,0,166,122,0,1e-04,1e-04,4e-04,8e-04,0.0012,0.0017,0.0012,1.52,0,0
2025-12-26 19:27:06,0,0,30.25,0,16,408,6.8,2,0.0333333,54,0.9,4.82,0,0,0,0,0,0,0,0,161,115,0,1e-04,2e-04,4e-04,7e-04,0.0012,0.0016,0.0012,1.64,0,0
2025-12-26 19:28:06,0,0,30.25,0,16,488,8.13333,2,0.0333333,57,0.95,4.92,0,0,0,0,0,0,0,0,168,119,0,1e-04,1e-04,4e-04,7e-04,0.0012,0.0016,0.0012,1.6,0,0
2025-12-26 19:29:06,0,0,30,0,16,1032,17.2,8,0.133333,122,2.03333,5.49,0,0,0,0,0,0,0,0,207,164,0,1e-04,2e-04,5e-04,8e-04,0.0013,0.0018,0.0013,1.78,0,0
2025-12-26 19:30:06,0,0,30.31,0,16,714,11.9,4,0.0666667,81,1.35,4.97,0,0,0,0,0,0,0,0,163,111,0,1e-04,1e-04,4e-04,7e-04,0.0012,0.0017,0.0012,1.61,0,0
2025-12-26 19:31:06,0,0,30.38,0,16,1310,21.8333,14,0.233333,124,2.06667,4.89,0,0,0,0,0,0,0,0,174,124,0,1e-04,2e-04,4e-04,7e-04,0.0012,0.0016,0.0012,1.65,0,0
2025-12-26 19:32:06,0,0,30.31,0,16,1340,22.3333,29,0.483333,88,1.46667,4.77,0,0,0,0,0,0,0,0,197,148,0,1e-04,1e-04,4e-04,7e-04,0.0012,0.0016,0.0011,1.36,0,0
2025-12-26 19:33:06,0,0,30.31,0,1,7521,125.35,203,3.38333,426,7.1,3.79,0,0,0,0,0,0,0,0,220,156,0,1e-04,1e-04,4e-04,6e-04,9e-04,0.0012,0.001,1.45,0,0
2025-12-26 19:34:06,0,0,30.12,0,1,10156,169.267,329,5.48333,565,9.41667,0.13,0,0,0,0,0,0,0,0,180,134,0,0,0,0,0,0,1e-04,1e-04,0,0,0
2025-12-26 19:35:06,0,0,29.94,0,32,6511,108.517,188,3.13333,435,7.25,5.23,0,0,0,0,0,0,0,0,210,154,0,1e-04,2e-04,4e-04,8e-04,0.0013,0.0017,0.0014,1.7,0,0
2025-12-26 19:36:06,0,0,29.94,0,1,10250,170.833,332,5.53333,556,9.26667,7.2,0,0,0,0,0,0,0,0,198,143,1e-04,1e-04,2e-04,5e-04,0.0011,0.0018,0.0024,0.0017,2.28,0,0
2025-12-26 19:37:06,0,0,29.88,0,8,8276,137.933,218,3.63333,432,7.2,0,0,0,0,0,0,0,0,0,228,160,0,0,0,0,0,0,0,0,0,0,0
2025-12-26 19:38:06,0,0,29.62,0,1,10727,178.783,367,6.11667,502,8.36667,0,0,0,0,0,0,0,0,0,228,166,0,0,0,0,0,0,0,0,0,0,0
2025-12-26 19:39:06,0,0,29.56,0,1,7062,117.7,160,2.66667,435,7.25,0,0,0,0,0,0,0,0,0,207,140,0,0,0,0,0,0,0,0,0,0,0
2025-12-26 19:40:06,0,0,29.62,0,1,8532,142.2,288,4.8,406,6.76667,0,0,0,0,0,0,0,0,0,215,158,0,0,0,0,0,0,0,0,0,0,0
2025-12-26 19:41:06,0,0,29.56,0,1,6427,107.117,155,2.58333,442,7.36667,0,0,0,0,0,0,0,0,0,221,158,0,0,0,0,0,0,0,0,0,0,0
2025-12-26 19:42:06,0,0,29.5,0,1,9496,158.267,292,4.86667,566,9.43333,0,0,0,0,0,0,0,0,0,213,154,0,0,0,0,0,0,0,0,0,0,0
2025-12-26 19:43:06,0,0,29.25,0,1,7061,117.683,196,3.26667,417,6.95,0,0,0,0,0,0,0,0,0,214,155,0,0,0,0,0,0,0,0,0,0,0
2025-12-26 19:44:06,0,0,29,0,8,8747,145.783,282,4.7,401,6.68333,0,0,0,0,0,0,0,0,0,223,157,0,0,0,0,0,0,0,0,0,0,0
2025-12-26 19:45:06,0,0,29.06,0,1,4591,76.5167,73,1.21667,307,5.11667,0,0,0,0,0,0,0,0,0,199,133,0,0,0,0,0,0,0,0,0,0,0
2025-12-26 19:46:06,0,0,29.31,0,1,8198,136.633,240,4,408,6.8,0,0,0,0,0,0,0,0,0,200,147,0,0,0,0,0,0,0,0,0,0,0
2025-12-26 19:47:06,0,0,28.81,0,1,9843,164.05,266,4.43333,486,8.1,0,0,0,0,0,0,0,0,0,190,137,0,0,0,0,0,0,0,0,0,0,0
2025-12-26 19:48:06,0,0,28.56,0,8,9250,154.167,270,4.5,470,7.83333,1.66,0,0,0,0,0,0,0,0,224,162,0,0,0,1e-04,3e-04,4e-04,4e-04,3e-04,0.62,0,0
2025-12-26 19:49:06,0,0,27.81,0,1,10144,169.067,341,5.68333,476,7.93333,10.05,0,0,0,0,0,0,0,0,203,157,1e-04,5e-04,4e-04,9e-04,0.0016,0.0023,0.0027,0.0018,5.37,0,0
2025-12-26 19:50:06,0,0,27.06,0,1,5716,95.2667,117,1.95,434,7.23333,14.23,0,0,0,0,0,0,0,0,188,147,2e-04,3e-04,4e-04,0.0011,0.0022,0.0036,0.004,0.0027,5.09,0.01,0
2025-12-26 19:51:06,0,0,26.62,0,1,8979,149.65,200,3.33333,386,6.43333,19.96,0,0,0,0,0,0,0,0,141,105,2e-04,5e-04,7e-04,0.0016,0.0031,0.005,0.0059,0.0042,7.61,0.01,0
2025-12-26 19:52:06,0,0,26.56,0,16,5641,94.0167,148,2.46667,409,6.81667,1.44,0,0,0,0,0,0,0,0,148,99,0,1e-04,0,2e-04,2e-04,2e-04,5e-04,0,0.82,0,0
2025-12-26 19:53:06,0,0,26.38,0,16,1405,23.4167,8,0.133333,150,2.5,1.4,0,0,0,0,0,0,0,0,144,109,0,1e-04,0,2e-04,3e-04,1e-04,5e-04,0,0.58,0,0
2025-12-26 19:54:06,0,0,26.38,0,16,662,11.0333,4,0.0666667,64,1.06667,0.99,0,0,0,0,0,0,0,0,211,150,0,0,0,1e-04,2e-04,1e-04,4e-04,0,0.27,0,0
2025-12-26 19:55:06,0,0,27.31,0,16,1184,19.7333,17,0.283333,90,1.5,0.78,0,0,0,0,0,0,0,0,215,152,0,0,0,1e-04,1e-04,1e-04,3e-04,0,0.31,0,0
2025-12-26 19:56:06,0,0,28,0,16,1407,23.45,17,0.283333,146,2.43333,0.8,0,0,0,0,0,0,0,0,165,123,0,0,0,1e-04,1e-04,1e-04,3e-04,0,0.27,0,0
2025-12-26 19:57:06,0,0,28.5,0,16,81,1.35,0,0,6,0.1,0.5,0,0,0,0,0,0,0,0,155,113,0,0,0,1e-04,1e-04,1e-04,2e-04,0,0.02,0,0
2025-12-26 19:58:06,0,0,29,0,16,245,4.08333,0,0,21,0.35,0.42,0,0,0,0,0,0,0,0,154,109,0,0,0,0,1e-04,1e-04,2e-04,0,0,0,0
2025-12-26 19:59:06,0,0,29.44,0,16,1131,18.85,21,0.35,76,1.26667,1.02,0,0,0,0,0,0,0,0,190,144,0,0,0,1e-04,2e-04,1e-04,4e-04,0,0.38,0,0
2025-12-26 20:00:06,0,0,29.75,0,16,901,15.0167,17,0.283333,74,1.23333,1.58,0,0,0,0,0,0,0,0,165,108,0,1e-04,0,2e-04,3e-04,2e-04,6e-04,0,0.81,0,0
2025-12-26 20:01:06,0,0,29.75,0,16,1313,21.8833,14,0.233333,123,2.05,1.42,0,0,0,0,0,0,0,0,202,150,0,0,0,2e-04,3e-04,2e-04,6e-04,0,0.48,0,0
2025-12-26 20:02:06,0,0,30.44,0,16,754,12.5667,4,0.0666667,74,1.23333,1.4,0,0,0,0,0,0,0,0,169,108,0,0,0,2e-04,3e-04,2e-04,5e-04,0,0.35,0,0
2025-12-26 20:03:06,0,0,30.69,0,16,512,8.53333,9,0.15,41,0.683333,1.41,0,0,0,0,0,0,0,0,177,126,0,0,0,2e-04,3e-04,2e-04,6e-04,0,0.35,0,0
2025-12-26 20:04:06,0,0,30.81,0,16,1322,22.0333,26,0.433333,88,1.46667,2.31,0,0,0,0,0,0,0,0,173,121,0,1e-04,1e-04,3e-04,4e-04,3e-04,9e-04,1e-04,1.25,0,0
2025-12-26 20:05:06,0,0,30.56,0,1,2645,44.0833,66,1.1,169,2.81667,0.75,0,0,0,0,0,0,0,0,201,154,0,0,0,1e-04,1e-04,1e-04,3e-04,0,0.37,0,0
2025-12-26 20:06:06,0,0,30.56,0,16,1519,25.3167,14,0.233333,161,2.68333,1.74,0,0,0,0,0,0,0,0,200,146,0,1e-04,0,3e-04,3e-04,2e-04,6e-04,0,0.98,0,0
2025-12-26 20:07:06,0,0,30.25,0,1,1470,24.5,25,0.416667,125,2.08333,1.26,0,0,0,0,0,0,0,0,204,152,0,0,0,2e-04,2e-04,1e-04,5e-04,1e-04,0.44,0,0
2025-12-26 20:08:06,0,0,30.12,0,16,1232,20.5333,12,0.2,142,2.36667,1.25,0,0,0,0,0,0,0,0,183,137,0,0,0,2e-04,2e-04,1e-04,5e-04,0,0.43,0,0
2025-12-26 20:09:06,0,0,30.25,0,16,1394,23.2333,13,0.216667,142,2.36667,1.29,0,0,0,0,0,0,0,0,182,140,0,0,0,2e-04,2e-04,1e-04,5e-04,0,0.54,0,0
2025-12-26 20:10:06,0,0,30.44,0,16,969,16.15,14,0.233333,77,1.28333,1.73,0,0,0,0,0,0,0,0,179,132,0,1e-04,1e-04,2e-04,3e-04,2e-04,6e-04,1e-04,1.04,0,0
2025-12-26 20:11:06,0,0,30.56,0,16,1677,27.95,18,0.3,157,2.61667,2.12,0,0,0,0,0,0,0,0,201,149,0,1e-04,1e-04,3e-04,4e-04,3e-04,8e-04,1e-04,1.32,0,0
2025-12-26 20:12:06,0,0,30.69,0,16,1205,20.0833,9,0.15,136,2.26667,1.39,0,0,0,0,0,0,0,0,179,136,0,0,0,2e-04,2e-04,2e-04,5e-04,1e-04,0.57,0,0
2025-12-26 20:13:06,0,0,30.81,0,16,1783,29.7167,21,0.35,181,3.01667,1.42,0,0,0,0,0,0,0,0,183,138,0,0,0,2e-04,3e-04,2e-04,6e-04,1e-04,0.47,0,0
2025-12-26 20:14:06,0,0,30.81,0,16,895,14.9167,18,0.3,75,1.25,2.46,0,0,0,0,0,0,0,0,172,132,0,1e-04,1e-04,3e-04,4e-04,3e-04,9e-04,1e-04,1.2,0,0
2025-12-26 20:15:06,0,0,30.94,0,16,976,16.2667,3,0.05,107,1.78333,2,0,0,0,0,0,0,0,0,179,128,0,1e-04,0,3e-04,4e-04,2e-04,8e-04,1e-04,0.83,0,0
2025-12-26 20:16:06,0,0,30.88,0,16,1405,23.4167,9,0.15,157,2.61667,1.41,0,0,0,0,0,0,0,0,180,134,0,0,0,2e-04,3e-04,2e-04,6e-04,0,0.47,0,0
2025-12-26 20:17:06,0,0,31,0,16,1499,24.9833,23,0.383333,134,2.23333,2.21,0,0,0,0,0,0,0,0,211,146,0,1e-04,0,3e-04,4e-04,3e-04,9e-04,1e-04,0.96,0,0
2025-12-26 20:18:06,0,0,31.06,0,16,1588,26.4667,19,0.316667,173,2.88333,1.37,0,0,0,0,0,0,0,0,209,153,0,0,0,2e-04,2e-04,1e-04,5e-04,0,0.59,0,0
2025-12-26 20:19:06,0,0,31.06,0,16,678,11.3,0,0,79,1.31667,1.64,0,0,0,0,0,0,0,0,208,152,0,1e-04,0,2e-04,3e-04,2e-04,6e-04,0,0.83,0,0
2025-12-26 20:20:06,0,0,31.12,0,16,1405,23.4167,19,0.316667,120,2,1.97,0,0,0,0,0,0,0,0,200,145,0,1e-04,0,2e-04,3e-04,3e-04,8e-04,1e-04,0.89,0,0
2025-12-26 20:21:06,0,0,31.06,0,4,267,4.45,4,0.0666667,14,0.233333,3.37,0,0,0,0,0,0,0,0,204,152,0,1e-04,1e-04,5e-04,6e-04,4e-04,0.0012,1e-04,1.95,0,0
2025-12-26 20:22:06,0,0,31.06,0,16,1542,25.7,25,0.416667,119,1.98333,1.02,0,0,0,0,0,0,0,0,204,153,0,0,0,1e-04,2e-04,1e-04,4e-04,1e-04,0.33,0,0
2025-12-26 20:23:06,0,0,31.31,0,16,1761,29.35,15,0.25,145,2.41667,1.43,0,0,0,0,0,0,0,0,184,130,0,0,0,2e-04,2e-04,2e-04,5e-04,0,0.72,0,0
2025-12-26 20:24:06,0,0,31.06,0,16,1661,27.6833,13,0.216667,164,2.73333,2.11,0,0,0,0,0,0,0,0,206,157,0,1e-04,1e-04,3e-04,4e-04,2e-04,8e-04,0,1.06,0,0
2025-12-26 20:25:06,0,0,31.25,0,16,1131,18.85,8,0.133333,99,1.65,1.34,0,0,0,0,0,0,0,0,185,124,0,0,0,2e-04,2e-04,2e-04,5e-04,1e-04,0.56,0,0
2025-12-26 20:26:06,0,0,31.12,0,16,1346,22.4333,8,0.133333,140,2.33333,1.54,0,0,0,0,0,0,0,0,172,122,0,1e-04,0,2e-04,3e-04,2e-04,6e-04,0,0.74,0,0
2025-12-26 20:27:06,0,0,31.19,0,16,1382,23.0333,8,0.133333,156,2.6,1.32,0,0,0,0,0,0,0,0,187,137,0,0,0,2e-04,2e-04,2e-04,5e-04,0,0.39,0,0
2025-12-26 20:28:06,0,0,30.88,0,16,459,7.65,0,0,52,0.866667,1.33,0,0,0,0,0,0,0,0,208,156,0,1e-04,0,2e-04,2e-04,1e-04,5e-04,0,0.52,0,0
2025-12-26 20:29:06,0,0,30.81,0,16,997,16.6167,11,0.183333,107,1.78333,0.99,0,0,0,0,0,0,0,0,175,121,0,0,0,1e-04,2e-04,1e-04,4e-04,0,0.18,0,0
2025-12-26 20:30:06,0,0,30.94,0,4,675,11.25,9,0.15,56,0.933333,2.54,0,0,0,0,0,0,0,0,213,157,0,1e-04,1e-04,3e-04,4e-04,3e-04,9e-04,1e-04,1.25,0,0
2025-12-26 20:31:06,0,0,30.69,0,4,956,15.9333,11,0.183333,85,1.41667,2.07,0,0,0,0,0,0,0,0,206,153,0,1e-04,0,3e-04,4e-04,2e-04,8e-04,1e-04,0.96,0,0
2025-12-26 20:32:06,0,0,30.69,0,16,504,8.4,0,0,42,0.7,0.97,0,0,0,0,0,0,0,0,201,152,0,0,0,1e-04,2e-04,1e-04,4e-04,0,0.26,0,0
2025-12-26 20:33:06,0,0,30.81,0,16,669,11.15,0,0,56,0.933333,1,0,0,0,0,0,0,0,0,198,148,0,0,0,1e-04,2e-04,1e-04,4e-04,0,0.15,0,0
2025-12-26 20:34:06,0,0,30.94,0,16,722,12.0333,1,0.0166667,65,1.08333,0.99,0,0,0,0,0,0,0,0,188,141,0,0,0,1e-04,2e-04,1e-04,4e-04,1e-04,0.31,0,0
2025-12-26 20:35:06,0,0,30.94,0,16,817,13.6167,10,0.166667,73,1.21667,1.08,0,0,0,0,0,0,0,0,201,152,0,0,0,1e-04,2e-04,1e-04,4e-04,0,0.24,0,0
2025-12-26 20:36:06,0,0,30.94,0,16,1289,21.4833,9,0.15,113,1.88333,1.64,0,0,0,0,0,0,0,0,199,148,0,1e-04,0,2e-04,3e-04,2e-04,6e-04,0,0.62,0,0
2025-12-26 20:37:06,0,0,31.06,0,16,742,12.3667,4,0.0666667,78,1.3,1.98,0,0,0,0,0,0,0,0,200,152,0,1e-04,0,3e-04,3e-04,2e-04,7e-04,0,0.96,0,0
2025-12-26 20:38:06,0,0,30.94,0,16,202,3.36667,0,0,23,0.383333,1.98,0,0,0,0,0,0,0,0,178,134,0,1e-04,0,3e-04,3e-04,2e-04,7e-04,0,0.97,0,0
2025-12-26 20:39:06,0,0,30.81,0,16,6,0.1,0,0,0,0,2.03,0,0,0,0,0,0,0,0,201,152,0,1e-04,1e-04,3e-04,3e-04,2e-04,8e-04,1e-04,1.21,0,0
2025-12-26 20:40:06,0,0,30.88,0,16,100,1.66667,0,0,14,0.233333,2.32,0,0,0,0,0,0,0,0,176,134,0,1e-04,1e-04,3e-04,4e-04,3e-04,8e-04,1e-04,1.21,0,0
2025-12-26 20:41:06,0,0,31,0,16,999,16.65,10,0.166667,100,1.66667,2.4,0,0,0,0,0,0,0,0,183,124,0,1e-04,1e-04,3e-04,4e-04,3e-04,8e-04,1e-04,1.34,0,0
2025-12-26 20:42:06,0,0,30.81,0,16,969,16.15,6,0.1,91,1.51667,2.34,0,0,0,0,0,0,0,0,213,156,0,1e-04,1e-04,3e-04,4e-04,3e-04,8e-04,1e-04,1.4,0,0
2025-12-26 20:43:06,0,0,30.69,0,16,381,6.35,0,0,38,0.633333,2.34,0,0,0,0,0,0,0,0,208,152,0,1e-04,1e-04,3e-04,4e-04,3e-04,9e-04,1e-04,1.29,0,0
2025-12-26 20:44:06,0,0,30.69,0,16,538,8.96667,0,0,58,0.966667,2.17,0,0,0,0,0,0,0,0,207,153,0,1e-04,1e-04,3e-04,4e-04,2e-04,7e-04,1e-04,1.28,0,0
2025-12-26 20:45:06,0,0,31.06,0,8,6367,106.117,131,2.18333,404,6.73333,6.46,0,0,0,0,0,0,0,0,226,163,1e-04,2e-04,2e-04,6e-04,0.001,0.0015,0.0019,0.0013,2.62,0,0
2025-12-26 20:46:06,0,0,30.5,0,8,7177,119.617,193,3.21667,455,7.58333,28.54,0,0,0,0,0,0,0,0,231,164,4e-04,0.0031,0.0016,0.003,0.0045,0.0057,0.0055,0.0032,23.82,0.01,0
2025-12-26 20:47:06,0,0,29.88,0,1,2275,37.9167,18,0.3,171,2.85,9.46,0,0,0,0,0,0,0,0,225,161,1e-04,2e-04,3e-04,8e-04,0.0015,0.0024,0.0027,0.0018,3.53,0,0
2025-12-26 20:48:06,0,0,30.19,0,1,9443,157.383,334,5.56667,534,8.9,4.51,0,0,0,0,0,0,0,0,183,137,0,1e-04,1e-04,3e-04,7e-04,0.0012,0.0014,9e-04,1.05,0,0
2025-12-26 20:49:06,0,0,30.44,0,1,13584,226.4,504,8.4,753,12.55,4.32,0,0,0,0,0,0,0,0,213,150,0,0,0,3e-04,7e-04,0.0011,0.0013,8e-04,0.83,0,0
2025-12-26 20:50:06,0,0,30.12,0,1,4410,73.5,74,1.23333,349,5.81667,5.42,0,0,0,0,0,0,0,0,185,137,0,1e-04,1e-04,4e-04,9e-04,0.0014,0.0016,0.001,1.32,0,0
2025-12-26 20:51:06,0,0,30.62,0,1,2098,34.9667,36,0.6,157,2.61667,3.05,0,0,0,0,0,0,0,0,164,120,0,0,0,2e-04,5e-04,8e-04,0.001,6e-04,0.38,0,0
2025-12-26 20:52:06,0,0,30.56,0,8,298,4.96667,2,0.0333333,30,0.5,2.61,0,0,0,0,0,0,0,0,178,144,0,0,0,2e-04,4e-04,7e-04,8e-04,5e-04,0.1,0,0
2025-12-26 20:53:06,0,0,30.56,0,8,403,6.71667,4,0.0666667,36,0.6,2.32,0,0,0,0,0,0,0,0,193,142,0,0,0,1e-04,4e-04,7e-04,7e-04,5e-04,0.1,0,0
2025-12-26 20:54:06,0,0,30.56,0,1,2717,45.2833,61,1.01667,175,2.91667,1.63,0,0,0,0,0,0,0,0,203,150,0,0,0,1e-04,3e-04,5e-04,5e-04,4e-04,0.03,0,0
2025-12-26 20:55:06,0,0,30.81,0,1,5094,84.9,106,1.76667,367,6.11667,8.77,0,0,0,0,0,0,0,0,168,114,1e-04,2e-04,2e-04,7e-04,0.0014,0.0022,0.0024,0.0016,2.93,0,0
2025-12-26 20:56:06,0,0,30.69,0,1,2922,48.7,68,1.13333,176,2.93333,5.07,0,0,0,0,0,0,0,0,180,129,1e-04,1e-04,1e-04,5e-04,8e-04,0.0013,0.0014,9e-04,1.91,0,0
2025-12-26 20:57:06,0,0,30.81,0,32,2407,40.1167,62,1.03333,143,2.38333,1.47,0,0,0,0,0,0,0,0,221,154,0,0,0,1e-04,2e-04,4e-04,5e-04,3e-04,0.14,0,0
2025-12-26 20:58:06,0,0,31.12,0,1,5994,99.9,154,2.56667,320,5.33333,6.26,0,0,0,0,0,0,0,0,214,150,1e-04,2e-04,3e-04,8e-04,9e-04,0.0014,0.0016,0.001,3.81,0,0
2025-12-26 20:59:06,0,0,31.25,0,1,2468,41.1333,64,1.06667,126,2.1,14.55,0,0,0,0,0,0,0,0,197,140,2e-04,4e-04,4e-04,0.0012,0.0023,0.0036,0.0039,0.0025,5.42,0.01,0
2025-12-26 21:00:06,0,0,31.38,0,1,3564,59.4,69,1.15,231,3.85,12.04,0,0,0,0,0,0,0,0,190,139,1e-04,3e-04,3e-04,9e-04,0.0019,0.003,0.0033,0.0021,4.11,0.01,0
2025-12-26 21:01:06,0,0,31.88,0,32,3304,55.0667,68,1.13333,207,3.45,11.62,0,0,0,0,0,0,0,0,174,119,1e-04,2e-04,3e-04,9e-04,0.0018,0.0029,0.0032,0.0021,3.9,0,0
2025-12-26 21:02:06,0,0,32.12,0,1,1854,30.9,39,0.65,106,1.76667,7.46,0,0,0,0,0,0,0,0,169,119,1e-04,1e-04,2e-04,6e-04,0.0012,0.0019,0.0021,0.0014,2.31,0,0
2025-12-26 21:03:06,0,0,32.06,0,16,5559,92.65,157,2.61667,322,5.36667,12.79,0,0,0,0,0,0,0,0,161,117,1e-04,2e-04,5e-04,0.0011,0.0019,0.0031,0.0042,0.0031,4.95,0.01,0
2025-12-26 21:04:06,0,0,31.81,0,16,4748,79.1333,94,1.56667,335,5.58333,12.38,0,0,0,0,0,0,0,0,222,175,1e-04,3e-04,5e-04,0.0011,0.0018,0.003,0.004,0.003,5.29,0.01,0
2025-12-26 21:05:06,0,0,31.69,0,16,2917,48.6167,47,0.783333,228,3.8,14.63,0,0,0,0,0,0,0,0,199,147,2e-04,5e-04,6e-04,0.0013,0.0022,0.0035,0.0046,0.0034,6.7,0.01,0
2025-12-26 21:06:06,0,0,31.44,0,1,4048,67.4667,105,1.75,231,3.85,11.24,0,0,0,0,0,0,0,0,163,136,1e-04,3e-04,4e-04,0.001,0.0017,0.0027,0.0035,0.0027,4.7,0.01,0
2025-12-26 21:07:06,0,0,31.31,0,1,1555,25.9167,17,0.283333,110,1.83333,5.69,0,0,0,0,0,0,0,0,185,122,0,2e-04,2e-04,6e-04,9e-04,0.0013,0.0017,0.0014,2.56,0,0
2025-12-26 21:08:06,0,0,31.06,0,1,2987,49.7833,52,0.866667,199,3.31667,10.82,0,0,0,0,0,0,0,0,183,141,1e-04,3e-04,5e-04,0.001,0.0016,0.0025,0.0034,0.0026,5.08,0.01,0
2025-12-26 21:09:06,0,0,30.88,0,1,2711,45.1833,51,0.85,202,3.36667,9.5,0,0,0,0,0,0,0,0,173,121,1e-04,4e-04,4e-04,9e-04,0.0014,0.0022,0.0029,0.0022,4.49,0,0
2025-12-26 21:10:06,0,0,30.81,0,16,314,5.23333,0,0,22,0.366667,20.47,0,0,0,0,0,0,0,0,161,110,2e-04,6e-04,9e-04,0.0018,0.0031,0.0049,0.0063,0.0048,9.21,0.01,0
2025-12-26 21:11:06,0,0,30.69,0,1,1358,22.6333,21,0.35,113,1.88333,6.32,0,0,0,0,0,0,0,0,170,131,0,2e-04,2e-04,7e-04,0.001,0.0014,0.0018,0.0014,2.82,0,0
2025-12-26 21:12:06,0,0,30.75,0,16,1215,20.25,12,0.2,87,1.45,13.7,0,0,0,0,0,0,0,0,198,110,1e-04,4e-04,5e-04,0.0013,0.0021,0.0032,0.0041,0.0031,6.38,0.01,0
2025-12-26 21:13:06,0,0,30.94,0,1,2818,46.9667,60,1,179,2.98333,11.1,0,0,0,0,0,0,0,0,200,107,1e-04,3e-04,4e-04,0.0011,0.0017,0.0026,0.0033,0.0026,5.12,0.01,0
2025-12-26 21:14:06,0,0,30.94,0,1,4,0.0666667,0,0,0,0,5.6,0,0,0,0,0,0,0,0,199,106,1e-04,3e-04,2e-04,6e-04,9e-04,0.0012,0.0014,0.0012,3.14,0,0
2025-12-26 21:15:06,0,0,31,0,8,711,11.85,16,0.266667,43,0.716667,5.06,0,0,0,0,0,0,0,0,203,140,0,2e-04,2e-04,5e-04,8e-04,0.0012,0.0015,0.0013,2.16,0,0
2025-12-26 21:16:06,0,0,30.31,0,16,980,16.3333,25,0.416667,42,0.7,22.48,0,0,0,0,0,0,0,0,232,179,3e-04,6e-04,0.001,0.002,0.0034,0.0054,0.007,0.0053,9.98,0.01,0
2025-12-26 21:17:06,0,0,29.94,0,16,570,9.5,16,0.266667,17,0.283333,32.28,0,0,0,0,0,0,0,0,228,178,4e-04,7e-04,0.0014,0.0029,0.0048,0.0078,0.0102,0.0076,14.15,0.02,0
2025-12-26 21:18:06,0,0,30.88,0,16,769,12.8167,19,0.316667,44,0.733333,22.6,0,0,0,0,0,0,0,0,176,132,2e-04,5e-04,0.001,0.002,0.0034,0.0055,0.0072,0.0054,9.54,0.01,0
2025-12-26 21:19:06,0,0,31,0,1,6743,112.383,176,2.93333,379,6.31667,4.29,0,0,0,0,0,0,0,0,223,156,0,0,1e-04,4e-04,7e-04,0.0011,0.0014,0.0012,1.1,0,0
2025-12-26 21:20:06,0,0,30.81,0,1,2122,35.3667,27,0.45,149,2.48333,5.26,0,0,0,0,0,0,0,0,226,156,0,0,2e-04,4e-04,8e-04,0.0013,0.0018,0.0016,1.49,0,0
2025-12-26 21:21:06,0,0,30.69,0,1,7974,132.9,218,3.63333,383,6.38333,5.01,0,0,0,0,0,0,0,0,203,126,0,1e-04,1e-04,4e-04,8e-04,0.0013,0.0016,0.0012,1.35,0,0
2025-12-26 21:22:06,0,0,30.31,0,1,2809,46.8167,40,0.666667,191,3.18333,4.17,0,0,0,0,0,0,0,0,222,155,0,0,1e-04,3e-04,6e-04,0.0011,0.0015,0.0013,1.09,0,0
2025-12-26 21:23:06,0,0,29.94,0,1,920,15.3333,12,0.2,79,1.31667,1.87,0,0,0,0,0,0,0,0,211,158,0,0,0,2e-04,3e-04,4e-04,6e-04,6e-04,0.52,0,0
2025-12-26 21:24:06,0,0,29.75,0,1,1001,16.6833,6,0.1,70,1.16667,2.64,0,0,0,0,0,0,0,0,220,165,0,1e-04,1e-04,3e-04,4e-04,6e-04,8e-04,7e-04,1.02,0,0
2025-12-26 21:25:06,0,0,30.19,0,1,2393,39.8833,42,0.7,186,3.1,4.26,0,0,0,0,0,0,0,0,198,130,0,1e-04,1e-04,4e-04,7e-04,0.001,0.0013,0.0012,1.71,0,0
2025-12-26 21:26:06,0,0,29.62,0,4,1084,18.0667,3,0.05,105,1.75,5.93,0,0,0,0,0,0,0,0,218,163,1e-04,3e-04,2e-04,6e-04,9e-04,0.0013,0.0017,0.0014,2.79,0,0
2025-12-26 21:27:06,0,0,29.88,0,1,1429,23.8167,26,0.433333,118,1.96667,7.14,0,0,0,0,0,0,0,0,192,113,1e-04,4e-04,2e-04,8e-04,0.0011,0.0016,0.002,0.0016,3.79,0,0
2025-12-26 21:28:06,0,0,29.69,0,1,16,0.266667,0,0,0,0,6.25,0,0,0,0,0,0,0,0,183,115,1e-04,2e-04,2e-04,6e-04,0.001,0.0015,0.0019,0.0016,2.67,0,0
2025-12-26 21:29:06,0,0,29.56,0,1,0,0,0,0,0,0,5.94,0,0,0,0,0,0,0,0,185,118,1e-04,2e-04,2e-04,6e-04,9e-04,0.0014,0.0018,0.0015,2.42,0,0
2025-12-26 21:30:06,0,0,29.62,0,1,1152,19.2,40,0.666667,48,0.8,6.66,0,0,0,0,0,0,0,0,210,114,1e-04,3e-04,2e-04,7e-04,0.001,0.0015,0.002,0.0016,3.06,0,0
2025-12-26 21:31:06,0,0,30.12,0,8,2138,35.6333,36,0.6,176,2.93333,8.14,0,0,0,0,0,0,0,0,192,132,1e-04,4e-04,3e-04,8e-04,0.0013,0.0018,0.0024,0.0017,4.02,0,0
2025-12-26 21:32:06,0,0,30.5,0,8,2687,44.7833,72,1.2,157,2.61667,6.15,0,0,0,0,0,0,0,0,208,144,1e-04,3e-04,2e-04,6e-04,9e-04,0.0013,0.0019,0.0014,2.96,0,0
2025-12-26 21:33:06,0,0,30.44,0,8,635,10.5833,5,0.0833333,53,0.883333,5.74,0,0,0,0,0,0,0,0,200,138,1e-04,3e-04,2e-04,6e-04,9e-04,0.0012,0.0017,0.0012,2.83,0,0
2025-12-26 21:34:06,0,0,30.56,0,1,1760,29.3333,50,0.833333,107,1.78333,5.81,0,0,0,0,0,0,0,0,214,132,0,3e-04,2e-04,7e-04,9e-04,0.0011,0.0016,0.0011,3.15,0,0
2025-12-26 21:35:06,0,0,30.44,0,8,2216,36.9333,56,0.933333,144,2.4,9.86,0,0,0,0,0,0,0,0,176,106,1e-04,4e-04,4e-04,0.001,0.0015,0.0023,0.0029,0.0023,4.73,0,0
2025-12-26 21:36:06,0,0,30.12,0,16,3005,50.0833,74,1.23333,171,2.85,19.84,0,0,0,0,0,0,0,0,166,121,2e-04,7e-04,9e-04,0.0019,0.0029,0.0047,0.0061,0.0046,9.82,0.01,0
2025-12-26 21:37:06,0,0,30.25,0,16,2548,42.4667,31,0.516667,180,3,21.42,0,0,0,0,0,0,0,0,199,148,3e-04,8e-04,9e-04,0.002,0.0032,0.005,0.0065,0.0048,10.74,0.01,0
2025-12-26 21:38:06,0,0,30.31,0,16,1286,21.4333,13,0.216667,86,1.43333,21.49,0,0,0,0,0,0,0,0,189,137,3e-04,6e-04,9e-04,0.002,0.0032,0.0051,0.0067,0.005,9.91,0.01,0
2025-12-26 21:39:06,0,0,30.19,0,16,1563,26.05,37,0.616667,70,1.16667,16.93,0,0,0,0,0,0,0,0,210,152,2e-04,4e-04,7e-04,0.0015,0.0025,0.0041,0.0053,0.004,7.17,0.01,0
2025-12-26 21:40:06,0,0,30.12,0,16,299,4.98333,1,0.0166667,17,0.283333,23.66,0,0,0,0,0,0,0,0,205,150,3e-04,5e-04,0.001,0.0021,0.0035,0.0057,0.0075,0.0056,10.35,0.01,0
2025-12-26 21:41:06,0,0,30.44,0,1,1038,17.3,19,0.316667,61,1.01667,6.55,0,0,0,0,0,0,0,0,196,154,1e-04,2e-04,2e-04,6e-04,0.001,0.0015,0.002,0.0016,2.9,0,0
2025-12-26 21:42:06,0,0,30.62,0,1,534,8.9,11,0.183333,26,0.433333,11.01,0,0,0,0,0,0,0,0,199,148,1e-04,3e-04,4e-04,0.001,0.0017,0.0026,0.0034,0.0026,4.89,0.01,0
2025-12-26 21:43:06,0,0,30.62,0,16,120,2,0,0,7,0.116667,19.83,0,0,0,0,0,0,0,0,181,128,2e-04,5e-04,8e-04,0.0018,0.003,0.0048,0.0063,0.0047,8.49,0.01,0
2025-12-26 21:44:06,0,0,30.44,0,16,651,10.85,5,0.0833333,43,0.716667,22.68,0,0,0,0,0,0,0,0,209,154,3e-04,5e-04,9e-04,0.002,0.0034,0.0055,0.0072,0.0054,9.63,0.01,0
2025-12-26 21:45:06,0,0,30.44,0,16,1053,17.55,17,0.283333,52,0.866667,20.8,0,0,0,0,0,0,0,0,203,146,2e-04,5e-04,9e-04,0.0019,0.0031,0.005,0.0065,0.0049,9.25,0.01,0
2025-12-26 21:46:06,0,0,30.38,0,16,426,7.1,3,0.05,34,0.566667,22.13,0,0,0,0,0,0,0,0,207,152,3e-04,5e-04,9e-04,0.002,0.0033,0.0053,0.007,0.0053,9.68,0.01,0
2025-12-26 21:47:06,0,0,30.5,0,16,111,1.85,0,0,6,0.1,23.01,0,0,0,0,0,0,0,0,201,146,3e-04,5e-04,0.001,0.0021,0.0034,0.0055,0.0073,0.0055,10.18,0.01,0
2025-12-26 21:48:06,0,0,30.31,0,16,33,0.55,0,0,0,0,22.47,0,0,0,0,0,0,0,0,214,156,2e-04,5e-04,0.001,0.002,0.0033,0.0054,0.0072,0.0053,9.7,0.01,0
2025-12-26 21:49:06,0,0,30.31,0,16,208,3.46667,1,0.0166667,21,0.35,22.68,0,0,0,0,0,0,0,0,208,152,3e-04,5e-04,0.001,0.002,0.0034,0.0055,0.0072,0.0054,9.84,0.01,0
2025-12-26 21:50:06,0,0,30.5,0,16,309,5.15,0,0,13,0.216667,23.6,0,0,0,0,0,0,0,0,162,102,3e-04,6e-04,0.001,0.0021,0.0035,0.0057,0.0075,0.0056,10.32,0.01,0
2025-12-26 21:51:06,0,0,30.75,0,1,872,14.5333,11,0.183333,74,1.23333,15.19,0,0,0,0,0,0,0,0,207,132,2e-04,5e-04,6e-04,0.0014,0.0023,0.0036,0.0047,0.0035,6.87,0.01,0
2025-12-26 21:52:06,0,0,30.75,0,16,1059,17.65,33,0.55,70,1.16667,17.88,0,0,0,0,0,0,0,0,167,121,2e-04,5e-04,8e-04,0.0016,0.0027,0.0043,0.0056,0.0042,8.2,0.01,0
2025-12-26 21:53:06,0,0,31.06,0,16,251,4.18333,4,0.0666667,19,0.316667,18.07,0,0,0,0,0,0,0,0,177,114,2e-04,5e-04,7e-04,0.0016,0.0027,0.0044,0.0057,0.0043,7.83,0.01,0
2025-12-26 21:54:06,0,0,30.38,0,4,1388,23.1333,29,0.483333,62,1.03333,20.34,0,0,0,0,0,0,0,0,219,175,2e-04,5e-04,9e-04,0.0018,0.003,0.0049,0.0065,0.0049,8.7,0.01,0
2025-12-26 21:55:06,0,0,29.94,0,2,762,12.7,20,0.333333,31,0.516667,23.23,0,0,0,0,0,0,0,0,216,156,3e-04,6e-04,0.001,0.0021,0.0035,0.0056,0.0073,0.0055,10.29,0.01,0
2025-12-26 21:56:06,0,0,30.06,0,2,2104,35.0667,51,0.85,72,1.2,20.31,0,0,0,0,0,0,0,0,214,155,2e-04,5e-04,9e-04,0.0018,0.003,0.005,0.0065,0.005,8.62,0.01,0
2025-12-26 21:57:06,0,0,30.62,0,8,341,5.68333,1,0.0166667,24,0.4,8.48,0,0,0,0,0,0,0,0,140,110,1e-04,2e-04,3e-04,7e-04,0.0013,0.0021,0.0028,0.0022,3.09,0,0
2025-12-26 21:58:06,0,0,30.75,0,8,1773,29.55,59,0.983333,104,1.73333,6.29,0,0,0,0,0,0,0,0,143,111,1e-04,2e-04,2e-04,6e-04,0.001,0.0015,0.002,0.0018,2.46,0,0
2025-12-26 21:59:06,0,0,30.75,0,8,411,6.85,6,0.1,36,0.6,4.98,0,0,0,0,0,0,0,0,168,106,0,1e-04,1e-04,4e-04,8e-04,0.0012,0.0017,0.0015,1.71,0,0
2025-12-26 22:00:06,0,0,29.75,0,8,170,2.83333,4,0.0666667,14,0.233333,5.43,0,0,0,0,0,0,0,0,228,172,0,1e-04,1e-04,5e-04,8e-04,0.0013,0.0018,0.0016,1.88,0,0
2025-12-26 22:01:06,0,0,30.56,0,8,1176,19.6,30,0.5,73,1.21667,4.92,0,0,0,0,0,0,0,0,147,101,1e-04,2e-04,2e-04,5e-04,8e-04,0.0012,0.0015,0.0013,2.15,0,0
2025-12-26 22:02:06,0,0,30.69,0,8,24,0.4,0,0,3,0.05,5.66,0,0,0,0,0,0,0,0,144,101,1e-04,2e-04,2e-04,6e-04,9e-04,0.0013,0.0017,0.0015,2.5,0,0
2025-12-26 22:03:06,0,0,30.38,0,16,298,4.96667,10,0.166667,17,0.283333,16.47,0,0,0,0,0,0,0,0,153,142,2e-04,4e-04,7e-04,0.0015,0.0025,0.004,0.0052,0.004,7.17,0.01,0
2025-12-26 22:04:06,0,0,30.06,0,16,0,0,0,0,0,0,21.36,0,0,0,0,0,0,0,0,159,150,2e-04,5e-04,9e-04,0.0019,0.0032,0.0051,0.0067,0.0051,9.27,0.01,0
2025-12-26 22:05:06,0,0,30.31,0,16,192,3.2,2,0.0333333,10,0.166667,16.5,0,0,0,0,0,0,0,0,203,128,2e-04,3e-04,7e-04,0.0014,0.0025,0.004,0.0053,0.0041,6.77,0.01,0
2025-12-26 22:06:06,0,0,30.44,0,1,286,4.76667,9,0.15,17,0.283333,6.91,0,0,0,0,0,0,0,0,145,114,1e-04,1e-04,3e-04,6e-04,0.001,0.0017,0.0023,0.0019,2.59,0,0
2025-12-26 22:07:06,0,0,30.56,0,8,0,0,0,0,0,0,4.65,0,0,0,0,0,0,0,0,147,107,0,1e-04,1e-04,4e-04,7e-04,0.0011,0.0015,0.0014,1.79,0,0
2025-12-26 22:08:06,0,0,30.69,0,8,36,0.6,0,0,1,0.0166667,4.89,0,0,0,0,0,0,0,0,145,108,0,1e-04,1e-04,4e-04,8e-04,0.0012,0.0016,0.0014,1.75,0,0
2025-12-26 22:09:06,0,0,30.56,0,8,1470,24.5,43,0.716667,77,1.28333,4.96,0,0,0,0,0,0,0,0,224,156,0,1e-04,1e-04,5e-04,8e-04,0.0012,0.0016,0.0014,1.85,0,0
2025-12-26 22:10:06,0,0,30.31,0,1,5884,98.0667,160,2.66667,355,5.91667,11.56,0,0,0,0,0,0,0,0,197,102,1e-04,3e-04,5e-04,0.001,0.0017,0.0028,0.0036,0.0028,4.92,0.01,0
2025-12-26 22:11:06,0,0,30.12,0,1,960,16,31,0.516667,50,0.833333,5.81,0,0,0,0,0,0,0,0,184,108,0,2e-04,2e-04,6e-04,9e-04,0.0013,0.0017,0.0014,2.66,0,0
2025-12-26 22:12:06,0,0,30.12,0,1,548,9.13333,9,0.15,32,0.533333,3.19,0,0,0,0,0,0,0,0,168,108,0,1e-04,1e-04,3e-04,5e-04,7e-04,9e-04,9e-04,1.09,0,0
2025-12-26 22:13:06,0,0,29.69,0,16,762,12.7,5,0.0833333,53,0.883333,17,0,0,0,0,0,0,0,0,193,133,2e-04,4e-04,7e-04,0.0015,0.0025,0.0041,0.0054,0.004,7.22,0.01,0
2025-12-26 22:14:06,0,0,29.88,0,16,715,11.9167,18,0.3,41,0.683333,20.48,0,0,0,0,0,0,0,0,174,115,2e-04,5e-04,9e-04,0.0019,0.003,0.0049,0.0065,0.0048,9.16,0.01,0
2025-12-26 22:15:06,0,0,30,0,16,3,0.05,0,0,0,0,18.12,0,0,0,0,0,0,0,0,178,118,2e-04,4e-04,8e-04,0.0016,0.0027,0.0043,0.0058,0.0042,7.94,0.01,0
2025-12-26 22:16:06,0,0,30.31,0,16,1293,21.55,27,0.45,94,1.56667,18.12,0,0,0,0,0,0,0,0,163,106,2e-04,4e-04,8e-04,0.0017,0.0027,0.0043,0.0057,0.0042,8.13,0.01,0
2025-12-26 22:17:06,0,0,30.5,0,1,1581,26.35,35,0.583333,114,1.9,6.17,0,0,0,0,0,0,0,0,177,106,1e-04,2e-04,2e-04,6e-04,9e-04,0.0014,0.0019,0.0016,2.83,0,0
2025-12-26 22:18:06,0,0,30.12,0,1,137,2.28333,5,0.0833333,12,0.2,17.59,0,0,0,0,0,0,0,0,187,104,2e-04,4e-04,7e-04,0.0016,0.0026,0.0042,0.0056,0.0043,7.65,0.01,0
2025-12-26 22:19:06,0,0,30.12,0,1,1767,29.45,60,1,114,1.9,17.37,0,0,0,0,0,0,0,0,183,104,2e-04,4e-04,7e-04,0.0016,0.0026,0.0042,0.0054,0.0042,7.71,0.01,0
2025-12-26 22:20:06,0,0,29.94,0,1,389,6.48333,11,0.183333,23,0.383333,5.96,0,0,0,0,0,0,0,0,192,109,1e-04,2e-04,2e-04,5e-04,9e-04,0.0015,0.0019,0.0016,2.34,0,0
2025-12-26 22:21:06,0,0,30.19,0,1,3211,53.5167,85,1.41667,165,2.75,18.48,0,0,0,0,0,0,0,0,215,160,2e-04,5e-04,8e-04,0.0017,0.0028,0.0044,0.0058,0.0044,8.27,0.01,0
2025-12-26 22:22:06,0,0,30.69,0,1,1595,26.5833,51,0.85,58,0.966667,19.89,0,0,0,0,0,0,0,0,158,112,2e-04,5e-04,8e-04,0.0018,0.003,0.0048,0.0062,0.0048,8.68,0.01,0
2025-12-26 22:23:06,0,0,30.69,0,1,530,8.83333,18,0.3,28,0.466667,19.99,0,0,0,0,0,0,0,0,170,118,2e-04,5e-04,8e-04,0.0018,0.003,0.0048,0.0063,0.0049,8.64,0.01,0
2025-12-26 22:24:06,0,0,29.94,0,16,731,12.1833,17,0.283333,41,0.683333,29.57,0,0,0,0,0,0,0,0,225,159,3e-04,7e-04,0.0013,0.0026,0.0044,0.0072,0.0094,0.007,12.76,0.01,0
2025-12-26 22:25:06,0,0,30.56,0,8,534,8.9,15,0.25,19,0.316667,20.13,0,0,0,0,0,0,0,0,144,100,2e-04,5e-04,8e-04,0.0018,0.003,0.0049,0.0063,0.0049,8.82,0.01,0
2025-12-26 22:26:06,0,0,29.94,0,2,1374,22.9,23,0.383333,84,1.4,13.28,0,0,0,0,0,0,0,0,234,175,1e-04,3e-04,6e-04,0.0011,0.002,0.0033,0.0043,0.0034,5.32,0.01,0
2025-12-26 22:27:06,0,0,29.44,0,2,94,1.56667,0,0,11,0.183333,6.21,0,0,0,0,0,0,0,0,229,164,1e-04,1e-04,2e-04,5e-04,0.001,0.0016,0.0022,0.0019,1.83,0,0
2025-12-26 22:28:06,0,0,30,0,8,1070,17.8333,27,0.45,55,0.916667,28.09,0,0,0,0,0,0,0,0,170,128,3e-04,7e-04,0.0012,0.0025,0.0042,0.0068,0.0089,0.0067,12.44,0.01,0
2025-12-26 22:29:06,0,0,30.12,0,8,0,0,0,0,0,0,19.46,0,0,0,0,0,0,0,0,160,128,2e-04,4e-04,8e-04,0.0017,0.0029,0.0048,0.0063,0.0048,8.17,0.01,0
2025-12-26 22:30:06,0,0,30.12,0,8,0,0,0,0,0,0,19.4,0,0,0,0,0,0,0,0,157,128,2e-04,5e-04,8e-04,0.0017,0.0029,0.0047,0.0062,0.0047,8.4,0.01,0
2025-12-26 22:31:06,0,0,29.75,0,1,2383,39.7167,58,0.966667,115,1.91667,16.95,0,0,0,0,0,0,0,0,205,148,2e-04,4e-04,7e-04,0.0015,0.0025,0.0041,0.0054,0.0042,7.2,0.01,0
2025-12-26 22:32:06,0,0,29.81,0,16,2670,44.5,76,1.26667,145,2.41667,7.72,0,0,0,0,0,0,0,0,155,103,1e-04,2e-04,3e-04,7e-04,0.0011,0.0019,0.0025,0.0019,3.32,0,0
2025-12-26 22:33:06,0,0,30.19,0,16,3,0.05,0,0,0,0,0,0,0,0,0,0,0,0,0,149,102,0,0,0,0,0,0,0,0,0,0,0
2025-12-26 22:34:06,0,0,30.62,0,16,369,6.15,9,0.15,34,0.566667,5.63,0,0,0,0,0,0,0,0,149,104,1e-04,1e-04,2e-04,5e-04,8e-04,0.0014,0.0018,0.0014,2.18,0,0
2025-12-26 22:35:06,0,0,31.31,0,16,478,7.96667,9,0.15,43,0.716667,7.87,0,0,0,0,0,0,0,0,190,124,1e-04,1e-04,3e-04,7e-04,0.0012,0.0019,0.0026,0.002,2.89,0,0
2025-12-26 22:36:06,0,0,31.44,0,1,257,4.28333,4,0.0666667,14,0.233333,9.57,0,0,0,0,0,0,0,0,185,136,1e-04,2e-04,4e-04,9e-04,0.0014,0.0023,0.0031,0.0024,4,0,0
2025-12-26 22:37:06,0,0,31.62,0,1,0,0,0,0,0,0,4.72,0,0,0,0,0,0,0,0,174,128,0,1e-04,1e-04,5e-04,7e-04,0.001,0.0015,0.0012,1.94,0,0
2025-12-26 22:38:06,0,0,31.19,0,16,2352,39.2,72,1.2,121,2.01667,16.56,0,0,0,0,0,0,0,0,180,124,2e-04,5e-04,7e-04,0.0015,0.0025,0.0039,0.0052,0.0038,7.5,0.01,0
2025-12-26 22:39:06,0,0,31.25,0,16,377,6.28333,9,0.15,31,0.516667,18.82,0,0,0,0,0,0,0,0,160,110,2e-04,4e-04,8e-04,0.0017,0.0028,0.0045,0.006,0.0044,8.06,0.01,0
2025-12-26 22:40:06,0,0,31.38,0,16,631,10.5167,25,0.416667,41,0.683333,17.8,0,0,0,0,0,0,0,0,170,108,2e-04,4e-04,7e-04,0.0016,0.0027,0.0043,0.0057,0.0042,7.43,0.01,0
2025-12-26 22:41:06,0,0,30.88,0,16,801,13.35,22,0.366667,46,0.766667,21.96,0,0,0,0,0,0,0,0,221,152,3e-04,5e-04,0.001,0.002,0.0033,0.0053,0.007,0.0052,9.75,0.01,0
2025-12-26 22:42:06,0,0,30.38,0,1,2528,42.1333,95,1.58333,95,1.58333,21.25,0,0,0,0,0,0,0,0,224,176,2e-04,5e-04,9e-04,0.0019,0.0032,0.0051,0.0068,0.005,9.3,0.01,0
2025-12-26 22:43:06,0,0,30.88,0,16,3137,52.2833,71,1.18333,177,2.95,17.41,0,0,0,0,0,0,0,0,231,175,2e-04,4e-04,8e-04,0.0017,0.0025,0.0042,0.0055,0.0042,8.1,0.01,0
2025-12-26 22:44:06,0,0,31,0,1,462,7.7,7,0.116667,32,0.533333,5.5,0,0,0,0,0,0,0,0,219,156,0,1e-04,2e-04,5e-04,8e-04,0.0014,0.0019,0.0017,1.79,0,0
2025-12-26 22:45:06,0,0,31,0,1,518,8.63333,10,0.166667,46,0.766667,10.74,0,0,0,0,0,0,0,0,212,151,1e-04,2e-04,4e-04,9e-04,0.0016,0.0027,0.0035,0.0028,4.03,0.01,0
2025-12-26 22:46:06,0,0,31.31,0,16,493,8.21667,20,0.333333,20,0.333333,18.5,0,0,0,0,0,0,0,0,171,140,2e-04,4e-04,8e-04,0.0016,0.0028,0.0045,0.0059,0.0045,7.69,0.01,0
2025-12-26 22:47:06,0,0,31.12,0,16,988,16.4667,28,0.466667,52,0.866667,28.37,0,0,0,0,0,0,0,0,161,124,3e-04,6e-04,0.0012,0.0025,0.0042,0.0069,0.0089,0.0066,12.04,0.01,0
2025-12-26 22:48:06,0,0,30.62,0,2,664,11.0667,15,0.25,61,1.01667,9.09,0,0,0,0,0,0,0,0,207,166,1e-04,2e-04,3e-04,8e-04,0.0014,0.0023,0.003,0.0025,3.22,0,0
2025-12-26 22:49:06,0,0,30.31,0,2,156,2.6,2,0.0333333,17,0.283333,7.62,0,0,0,0,0,0,0,0,227,171,1e-04,1e-04,3e-04,6e-04,0.0012,0.0019,0.0025,0.0023,2.48,0,0
2025-12-26 22:50:06,0,0,29.94,0,32,0,0,0,0,0,0,7.01,0,0,0,0,0,0,0,0,226,170,1e-04,1e-04,2e-04,6e-04,0.0011,0.0018,0.0023,0.0021,2.44,0,0
2025-12-26 22:51:06,0,0,30.38,0,32,3224,53.7333,82,1.36667,192,3.2,9.16,0,0,0,0,0,0,0,0,206,151,1e-04,2e-04,3e-04,8e-04,0.0014,0.0023,0.003,0.0025,3.27,0,0
2025-12-26 22:52:06,0,0,30.75,0,16,715,11.9167,0,0,65,1.08333,19.44,0,0,0,0,0,0,0,0,198,145,2e-04,4e-04,8e-04,0.0017,0.0029,0.0047,0.0062,0.0047,8.14,0.01,0
2025-12-26 22:53:06,0,0,30.69,0,16,4739,78.9833,124,2.06667,232,3.86667,14.97,0,0,0,0,0,0,0,0,192,146,1e-04,4e-04,6e-04,0.0014,0.0022,0.0036,0.0047,0.0035,6.74,0.01,0
2025-12-26 22:54:06,0,0,30.5,0,16,1236,20.6,30,0.5,68,1.13333,19.03,0,0,0,0,0,0,0,0,176,116,2e-04,4e-04,8e-04,0.0017,0.0028,0.0046,0.006,0.0046,8.16,0.01,0
2025-12-26 22:55:06,0,0,30.25,0,16,1165,19.4167,10,0.166667,102,1.7,19.92,0,0,0,0,0,0,0,0,188,130,2e-04,5e-04,8e-04,0.0018,0.003,0.0048,0.0063,0.0048,8.65,0.01,0
2025-12-26 22:56:06,0,0,30.44,0,16,1047,17.45,15,0.25,61,1.01667,17.01,0,0,0,0,0,0,0,0,188,120,2e-04,3e-04,7e-04,0.0015,0.0025,0.0042,0.0055,0.0042,6.97,0.01,0
2025-12-26 22:57:06,0,0,30.56,0,16,1815,30.25,37,0.616667,105,1.75,21.95,0,0,0,0,0,0,0,0,234,175,2e-04,5e-04,0.001,0.002,0.0032,0.0053,0.007,0.0053,9.51,0.01,0
2025-12-26 22:58:06,0,0,30.62,0,16,2635,43.9167,49,0.816667,178,2.96667,19.7,0,0,0,0,0,0,0,0,181,128,2e-04,4e-04,8e-04,0.0017,0.0029,0.0048,0.0063,0.0048,8.37,0.01,0
2025-12-26 22:59:06,0,0,30.56,0,16,1450,24.1667,14,0.233333,109,1.81667,19.75,0,0,0,0,0,0,0,0,207,151,2e-04,4e-04,8e-04,0.0017,0.0029,0.0048,0.0063,0.0048,8.38,0.01,0
2025-12-26 23:00:06,0,0,30.88,0,1,6583,109.717,190,3.16667,377,6.28333,42.26,0,0,0,0,0,0,0,0,192,142,5e-04,0.0011,0.0015,0.0035,0.0064,0.0105,0.0118,0.0072,17.42,0.02,0
2025-12-26 23:01:06,0,0,30.44,0,4,7611,126.85,201,3.35,516,8.6,80.58,0,0,0,0,0,0,0,0,200,142,0.001,0.0023,0.0029,0.0064,0.0123,0.0202,0.0223,0.0136,33.37,0.03,0
2025-12-26 23:02:06,0,0,30.31,0,16,21373,356.217,1016,16.9333,770,12.8333,29.38,0,0,0,0,0,0,0,0,211,153,3e-04,7e-04,9e-04,0.0023,0.0045,0.0075,0.0082,0.005,10.98,0.01,0
2025-12-26 23:03:06,0,0,30.31,0,1,26724,445.4,1120,18.6667,802,13.3667,52.88,0,0,0,0,0,0,0,0,210,154,7e-04,0.0015,0.0019,0.0044,0.0081,0.0132,0.0141,0.0083,22.2,0.02,0
2025-12-26 23:04:06,0,0,30.06,0,16,9763,162.717,302,5.03333,491,8.18333,54.93,0,0,0,0,0,0,0,0,222,170,7e-04,0.0015,0.002,0.0045,0.0084,0.0137,0.0146,0.0086,23.39,0.02,0
2025-12-26 23:05:06,0,0,30.25,0,1,6190,103.167,163,2.71667,399,6.65,19.95,0,0,0,0,0,0,0,0,207,167,2e-04,8e-04,5e-04,0.0016,0.0034,0.0046,0.0043,0.0027,8.18,0.01,0
2025-12-26 23:06:06,0,0,29.94,0,1,4059,67.65,88,1.46667,245,4.08333,13.06,0,0,0,0,0,0,0,0,210,144,1e-04,3e-04,4e-04,0.001,0.0021,0.0032,0.0038,0.0027,4.53,0.01,0
2025-12-26 23:07:06,0,0,29.56,0,16,4359,72.65,126,2.1,231,3.85,18.17,0,0,0,0,0,0,0,0,217,166,2e-04,4e-04,8e-04,0.0016,0.0027,0.0044,0.0058,0.0044,7.72,0.01,0
2025-12-26 23:08:06,0,0,29.31,0,16,814,13.5667,12,0.2,71,1.18333,24.08,0,0,0,0,0,0,0,0,198,155,3e-04,5e-04,0.001,0.0021,0.0036,0.0058,0.0077,0.0058,10.36,0.01,0
2025-12-26 23:09:06,0,0,29.81,0,16,981,16.35,8,0.133333,83,1.38333,24.12,0,0,0,0,0,0,0,0,204,152,3e-04,5e-04,0.001,0.0021,0.0036,0.0059,0.0077,0.0058,10.23,0.01,0
2025-12-26 23:10:06,0,0,30.19,0,16,479,7.98333,9,0.15,33,0.55,22.57,0,0,0,0,0,0,0,0,190,136,3e-04,5e-04,0.001,0.002,0.0033,0.0055,0.0072,0.0054,9.69,0.01,0
2025-12-26 23:11:06,0,0,30.31,0,16,1648,27.4667,26,0.433333,157,2.61667,22.33,0,0,0,0,0,0,0,0,209,162,3e-04,5e-04,0.001,0.002,0.0033,0.0054,0.0071,0.0053,9.67,0.01,0
2025-12-26 23:12:06,0,0,30.12,0,16,1324,22.0667,14,0.233333,160,2.66667,21.66,0,0,0,0,0,0,0,0,203,154,3e-04,5e-04,9e-04,0.0019,0.0032,0.0053,0.0069,0.0052,9.36,0.01,0
2025-12-26 23:13:06,0,0,30.5,0,16,305,5.08333,7,0.116667,18,0.3,22.5,0,0,0,0,0,0,0,0,203,150,3e-04,5e-04,0.001,0.002,0.0033,0.0055,0.0072,0.0054,9.79,0.01,0
2025-12-26 23:14:06,0,0,30.5,0,16,1635,27.25,16,0.266667,163,2.71667,21.28,0,0,0,0,0,0,0,0,203,162,2e-04,5e-04,9e-04,0.0018,0.0032,0.0052,0.0068,0.0051,8.9,0.01,0
2025-12-26 23:15:06,0,0,31,0,1,9797,163.283,281,4.68333,530,8.83333,6.58,0,0,0,0,0,0,0,0,190,160,1e-04,1e-04,3e-04,6e-04,0.001,0.0016,0.0021,0.0015,2.66,0,0
2025-12-26 23:16:06,0,0,30.81,0,1,5829,97.15,132,2.2,452,7.53333,6.55,0,0,0,0,0,0,0,0,169,116,0,1e-04,2e-04,5e-04,0.001,0.0017,0.0021,0.0016,1.97,0,0
2025-12-26 23:17:06,0,0,30.38,0,1,9606,160.1,296,4.93333,485,8.08333,0.69,0,0,0,0,0,0,0,0,206,152,0,0,0,1e-04,1e-04,2e-04,2e-04,2e-04,0.15,0,0
2025-12-26 23:18:06,0,0,30.56,0,1,6203,103.383,138,2.3,394,6.56667,0,0,0,0,0,0,0,0,0,168,116,0,0,0,0,0,0,0,0,0,0,0
2025-12-26 23:19:06,0,0,30.31,0,1,5568,92.8,66,1.1,385,6.41667,0,0,0,0,0,0,0,0,0,157,102,0,0,0,0,0,0,0,0,0,0,0
2025-12-26 23:20:06,0,0,29.88,0,1,4612,76.8667,102,1.7,287,4.78333,0,0,0,0,0,0,0,0,0,203,126,0,0,0,0,0,0,0,0,0,0,0
2025-12-26 23:21:06,0,0,29.62,0,1,4226,70.4333,74,1.23333,247,4.11667,0,0,0,0,0,0,0,0,0,216,156,0,0,0,0,0,0,0,0,0,0,0
2025-12-26 23:22:06,0,0,29.62,0,1,5804,96.7333,124,2.06667,351,5.85,0,0,0,0,0,0,0,0,0,193,134,0,0,0,0,0,0,0,0,0,0,0
2025-12-26 23:23:06,0,0,29.44,0,1,4562,76.0333,36,0.6,277,4.61667,0,0,0,0,0,0,0,0,0,159,110,0,0,0,0,0,0,0,0,0,0,0
2025-12-26 23:24:06,0,0,29.06,0,1,8309,138.483,265,4.41667,462,7.7,4.96,0,0,0,0,0,0,0,0,209,147,1e-04,1e-04,2e-04,4e-04,8e-04,0.0013,0.0014,8e-04,2,0,0
2025-12-26 23:25:06,0,0,29.06,0,1,5020,83.6667,140,2.33333,318,5.3,5.72,0,0,0,0,0,0,0,0,205,147,1e-04,2e-04,2e-04,5e-04,9e-04,0.0014,0.0016,0.001,2.38,0,0
2025-12-26 23:26:06,0,0,29.06,0,8,3736,62.2667,63,1.05,348,5.8,3.83,0,0,0,0,0,0,0,0,179,103,0,1e-04,1e-04,3e-04,6e-04,0.001,0.0011,7e-04,1.18,0,0
2025-12-26 23:27:06,0,0,29.19,0,16,368,6.13333,7,0.116667,27,0.45,4.14,0,0,0,0,0,0,0,0,154,111,0,1e-04,1e-04,3e-04,7e-04,0.0011,0.0012,8e-04,0.96,0,0
2025-12-26 23:28:06,0,0,29.56,0,16,370,6.16667,3,0.05,37,0.616667,3.99,0,0,0,0,0,0,0,0,155,107,0,1e-04,1e-04,3e-04,6e-04,0.0011,0.0012,7e-04,0.92,0,0
2025-12-26 23:29:06,0,0,29.75,0,16,847,14.1167,10,0.166667,50,0.833333,4.11,0,0,0,0,0,0,0,0,156,102,0,1e-04,1e-04,3e-04,6e-04,0.0011,0.0012,7e-04,1.14,0,0
2025-12-26 23:30:06,0,0,29.75,0,16,683,11.3833,2,0.0333333,62,1.03333,4.26,0,0,0,0,0,0,0,0,160,110,0,1e-04,1e-04,3e-04,7e-04,0.0011,0.0013,7e-04,1.07,0,0
2025-12-26 23:31:06,0,0,29.94,0,16,516,8.6,2,0.0333333,39,0.65,4.44,0,0,0,0,0,0,0,0,160,108,0,1e-04,1e-04,3e-04,7e-04,0.0012,0.0013,7e-04,1.04,0,0
2025-12-26 23:32:06,0,0,30.06,0,16,697,11.6167,8,0.133333,47,0.783333,3.62,0,0,0,0,0,0,0,0,165,103,0,0,1e-04,3e-04,6e-04,0.001,0.0011,6e-04,0.84,0,0
2025-12-26 23:33:06,0,0,30,0,16,733,12.2167,7,0.116667,49,0.816667,3.62,0,0,0,0,0,0,0,0,161,108,0,0,1e-04,3e-04,6e-04,9e-04,0.001,6e-04,0.85,0,0
2025-12-26 23:34:06,0,0,30,0,16,237,3.95,0,0,8,0.133333,4.19,0,0,0,0,0,0,0,0,166,106,0,1e-04,1e-04,3e-04,7e-04,0.0011,0.0012,7e-04,0.99,0,0
2025-12-26 23:35:06,0,0,30.06,0,16,432,7.2,0,0,31,0.516667,4.46,0,0,0,0,0,0,0,0,170,107,0,1e-04,1e-04,4e-04,7e-04,0.0012,0.0012,7e-04,1.26,0,0
2025-12-26 23:36:06,0,0,30.25,0,16,964,16.0667,6,0.1,83,1.38333,3.97,0,0,0,0,0,0,0,0,155,109,0,1e-04,1e-04,3e-04,6e-04,0.0011,0.0011,7e-04,1.03,0,0
2025-12-26 23:37:06,0,0,30.25,0,16,340,5.66667,0,0,22,0.366667,4.47,0,0,0,0,0,0,0,0,157,106,0,1e-04,1e-04,3e-04,7e-04,0.0012,0.0013,8e-04,1.11,0,0
2025-12-26 23:38:06,0,0,30.38,0,16,285,4.75,0,0,14,0.233333,4.53,0,0,0,0,0,0,0,0,160,105,0,1e-04,1e-04,4e-04,7e-04,0.0012,0.0013,8e-04,1.12,0,0
2025-12-26 23:39:06,0,0,30.5,0,16,221,3.68333,0,0,12,0.2,4.42,0,0,0,0,0,0,0,0,163,105,0,1e-04,1e-04,3e-04,7e-04,0.0012,0.0012,7e-04,1.11,0,0
2025-12-26 23:40:06,0,0,30.56,0,16,366,6.1,2,0.0333333,23,0.383333,4.52,0,0,0,0,0,0,0,0,165,106,0,1e-04,1e-04,4e-04,7e-04,0.0012,0.0013,8e-04,1.14,0,0
2025-12-26 23:41:06,0,0,30.62,0,16,915,15.25,9,0.15,67,1.11667,3.94,0,0,0,0,0,0,0,0,164,108,0,0,1e-04,3e-04,6e-04,0.0011,0.0011,7e-04,0.84,0,0
2025-12-26 23:42:06,0,0,30.62,0,16,204,3.4,0,0,13,0.216667,4.36,0,0,0,0,0,0,0,0,165,106,0,1e-04,1e-04,3e-04,7e-04,0.0011,0.0012,7e-04,1.17,0,0
2025-12-26 23:43:06,0,0,30.62,0,16,255,4.25,2,0.0333333,22,0.366667,3.88,0,0,0,0,0,0,0,0,157,112,0,1e-04,1e-04,3e-04,6e-04,0.001,0.0011,7e-04,1.06,0,0
2025-12-26 23:44:06,0,0,30.69,0,16,120,2,0,0,12,0.2,4.08,0,0,0,0,0,0,0,0,194,145,0,1e-04,1e-04,3e-04,7e-04,0.0011,0.0012,7e-04,0.96,0,0
2025-12-26 23:45:06,0,0,30.88,0,16,702,11.7,12,0.2,46,0.766667,4.29,0,0,0,0,0,0,0,0,157,108,0,1e-04,1e-04,3e-04,7e-04,0.0011,0.0012,7e-04,1.16,0,0
2025-12-26 23:46:06,0,0,31,0,1,7145,119.083,200,3.33333,435,7.25,1.83,0,0,0,0,0,0,0,0,219,150,0,0,0,1e-04,3e-04,5e-04,6e-04,5e-04,0.05,0,0
2025-12-26 23:47:06,0,0,31.12,0,16,6437,107.283,176,2.93333,457,7.61667,3.18,0,0,0,0,0,0,0,0,159,106,0,0,0,2e-04,5e-04,9e-04,0.0011,8e-04,0.32,0,0
2025-12-26 23:48:06,0,0,31.06,0,16,7019,116.983,199,3.31667,320,5.33333,3.31,0,0,0,0,0,0,0,0,186,124,0,0,0,2e-04,5e-04,9e-04,0.0011,9e-04,0.28,0,0
2025-12-26 23:49:06,0,0,30.81,0,16,4585,76.4167,89,1.48333,391,6.51667,2.5,0,0,0,0,0,0,0,0,220,160,0,0,0,2e-04,4e-04,7e-04,8e-04,7e-04,0.18,0,0
2025-12-26 23:50:06,0,0,30.75,0,1,4092,68.2,99,1.65,286,4.76667,1.87,0,0,0,0,0,0,0,0,168,123,0,0,0,1e-04,3e-04,5e-04,6e-04,4e-04,0.14,0,0
2025-12-26 23:51:06,0,0,30.25,0,8,8678,144.633,241,4.01667,503,8.38333,1.21,0,0,0,0,0,0,0,0,209,150,0,0,0,1e-04,2e-04,3e-04,4e-04,3e-04,0.11,0,0
2025-12-26 23:52:06,0,0,30.25,0,8,9868,164.467,340,5.66667,504,8.4,1.72,0,0,0,0,0,0,0,0,218,160,0,0,0,1e-04,3e-04,5e-04,6e-04,5e-04,0,0,0
2025-12-26 23:53:06,0,0,29.94,0,16,965,16.0833,16,0.266667,78,1.3,2.87,0,0,0,0,0,0,0,0,206,154,0,0,0,2e-04,5e-04,7e-04,0.001,6e-04,0.43,0,0
2025-12-26 23:54:06,0,0,29.94,0,16,123,2.05,0,0,4,0.0666667,2.7,0,0,0,0,0,0,0,0,201,148,0,0,0,2e-04,4e-04,7e-04,9e-04,7e-04,0.32,0,0
2025-12-26 23:55:06,0,0,30.19,0,16,183,3.05,0,0,11,0.183333,2.6,0,0,0,0,0,0,0,0,194,142,0,0,0,2e-04,4e-04,7e-04,9e-04,7e-04,0.18,0,0
2025-12-26 23:56:06,0,0,30.5,0,16,105,1.75,0,0,9,0.15,2.67,0,0,0,0,0,0,0,0,187,138,0,0,0,2e-04,4e-04,7e-04,9e-04,7e-04,0.22,0,0
2025-12-26 23:57:06,0,0,30.81,0,16,262,4.36667,0,0,18,0.3,2.71,0,0,0,0,0,0,0,0,186,135,0,0,0,2e-04,5e-04,7e-04,9e-04,6e-04,0.18,0,0
2025-12-26 23:58:06,0,0,30.94,0,16,37,0.616667,0,0,4,0.0666667,2.66,0,0,0,0,0,0,0,0,200,150,0,0,0,2e-04,4e-04,7e-04,9e-04,6e-04,0.17,0,0
2025-12-26 23:59:06,0,0,30.62,0,4,581,9.68333,17,0.283333,29,0.483333,2.66,0,0,0,0,0,0,0,0,211,159,0,0,0,2e-04,5e-04,7e-04,9e-04,6e-04,0.21,0,0
2025-12-27 00:00:06,0,0,30.75,0,4,64,1.06667,0,0,5,0.0833333,2.88,0,0,0,0,0,0,0,0,205,156,0,0,0,2e-04,5e-04,7e-04,9e-04,7e-04,0.29,0,0
2025-12-27 00:01:06,0,0,30.81,0,4,0,0,0,0,0,0,2.81,0,0,0,0,0,0,0,0,207,156,0,0,0,2e-04,5e-04,7e-04,9e-04,7e-04,0.24,0,0
2025-12-27 00:02:06,0,0,31.19,0,4,983,16.3833,34,0.566667,71,1.18333,2.05,0,0,0,0,0,0,0,0,171,130,0,0,0,1e-04,4e-04,6e-04,7e-04,5e-04,0,0,0
2025-12-27 00:03:06,0,0,31.12,0,1,0,0,0,0,0,0,1.06,0,0,0,0,0,0,0,0,170,128,0,0,0,1e-04,2e-04,3e-04,4e-04,2e-04,0.09,0,0
2025-12-27 00:04:06,0,0,30.94,0,1,0,0,0,0,0,0,1.45,0,0,0,0,0,0,0,0,168,128,0,0,0,2e-04,2e-04,3e-04,6e-04,3e-04,0.41,0,0
2025-12-27 00:05:06,0,0,31.12,0,16,713,11.8833,8,0.133333,47,0.783333,2.14,0,0,0,0,0,0,0,0,166,114,0,0,0,1e-04,4e-04,6e-04,8e-04,6e-04,0,0,0
2025-12-27 00:06:06,0,0,31.38,0,16,15,0.25,0,0,1,0.0166667,2.4,0,0,0,0,0,0,0,0,163,111,0,0,0,1e-04,4e-04,7e-04,8e-04,6e-04,0.11,0,0
2025-12-27 00:07:06,0,0,31.56,0,16,250,4.16667,0,0,22,0.366667,2.36,0,0,0,0,0,0,0,0,158,111,0,0,0,1e-04,4e-04,7e-04,8e-04,7e-04,0,0,0
2025-12-27 00:08:06,0,0,31.44,0,16,551,9.18333,3,0.05,44,0.733333,2.38,0,0,0,0,0,0,0,0,192,142,0,0,0,1e-04,4e-04,7e-04,8e-04,6e-04,0.1,0,0
2025-12-27 00:09:06,0,0,31.5,0,16,1414,23.5667,25,0.416667,114,1.9,2.18,0,0,0,0,0,0,0,0,183,134,0,0,0,1e-04,4e-04,6e-04,7e-04,6e-04,0,0,0
2025-12-27 00:10:06,0,0,31.12,0,16,829,13.8167,17,0.283333,53,0.883333,2.34,0,0,0,0,0,0,0,0,193,148,0,0,0,1e-04,4e-04,7e-04,9e-04,6e-04,0.05,0,0
2025-12-27 00:11:06,0,0,31.19,0,16,2521,42.0167,70,1.16667,145,2.41667,2.35,0,0,0,0,0,0,0,0,203,154,0,0,0,1e-04,4e-04,7e-04,9e-04,7e-04,0.04,0,0
2025-12-27 00:12:06,0,0,30.94,0,16,1260,21,14,0.233333,114,1.9,2.42,0,0,0,0,0,0,0,0,203,151,0,0,0,1e-04,4e-04,7e-04,8e-04,7e-04,0.04,0,0
2025-12-27 00:13:06,0,0,30.69,0,16,541,9.01667,1,0.0166667,57,0.95,2.47,0,0,0,0,0,0,0,0,198,148,0,0,0,1e-04,4e-04,7e-04,9e-04,6e-04,0.05,0,0
2025-12-27 00:14:06,0,0,30.81,0,16,1052,17.5333,6,0.1,95,1.58333,2.43,0,0,0,0,0,0,0,0,190,146,0,0,0,1e-04,4e-04,7e-04,9e-04,7e-04,0.05,0,0
2025-12-27 00:15:06,0,0,31.06,0,1,3952,65.8667,107,1.78333,219,3.65,2.77,0,0,0,0,0,0,0,0,189,148,0,0,0,2e-04,4e-04,7e-04,9e-04,7e-04,0.33,0,0
2025-12-27 00:16:06,0,0,31.06,0,8,5169,86.15,143,2.38333,296,4.93333,3.11,0,0,0,0,0,0,0,11,212,150,0,0,0,2e-04,5e-04,8e-04,0.001,7e-04,0.47,0,0
2025-12-27 00:17:06,0,0,31,0,16,493,8.21667,1,0.0166667,45,0.75,0,0,0,0,0,0,0,0,11,197,146,0,0,0,0,0,0,0,0,0,0,0
2025-12-27 00:18:06,0,0,30.94,0,16,539,8.98333,0,0,52,0.866667,0,0,0,0,0,0,0,0,11,164,114,0,0,0,0,0,0,0,0,0,0,0
2025-12-27 00:19:06,0,0,30.88,0,16,644,10.7333,0,0,65,1.08333,0,0,0,0,0,0,0,0,11,159,113,0,0,0,0,0,0,0,0,0,0,0
2025-12-27 00:20:06,0,0,30.88,0,16,343,5.71667,0,0,20,0.333333,0,0,0,0,0,0,0,0,11,157,109,0,0,0,0,0,0,0,0,0,0,0
2025-12-27 00:21:06,0,0,30.94,0,16,204,3.4,0,0,21,0.35,0,0,0,0,0,0,0,0,1,156,108,0,0,0,0,0,0,0,0,0,0,1
2025-12-27 00:22:06,0,0,31,0,16,745,12.4167,7,0.116667,58,0.966667,0,0,0,0,0,0,0,0,1,159,104,0,0,0,0,0,0,0,0,0,0,1
2025-12-27 00:23:06,0,0,30.88,0,16,588,9.8,9,0.15,39,0.65,0,0,0,0,0,0,0,0,1,207,158,0,0,0,0,0,0,0,0,0,0,1
2025-12-27 00:24:06,0,0,30.88,0,16,445,7.41667,1,0.0166667,30,0.5,0,0,0,0,0,0,0,0,1,195,146,0,0,0,0,0,0,0,0,0,0,1
2025-12-27 00:25:06,0,0,30.94,0,16,126,2.1,0,0,6,0.1,0,0,0,0,0,0,0,0,1,200,146,0,0,0,0,0,0,0,0,0,0,1
2025-12-27 00:26:06,0,0,30.88,0,16,314,5.23333,7,0.116667,17,0.283333,0,0,0,0,0,0,0,0,1,183,132,0,0,0,0,0,0,0,0,0,0,1
2025-12-27 00:27:06,0,0,30.88,0,16,313,5.21667,2,0.0333333,28,0.466667,0,0,0,0,0,0,0,0,1,162,120,0,0,0,0,0,0,0,0,0,0,1
2025-12-27 00:28:06,0,0,31.06,0,16,1290,21.5,24,0.4,105,1.75,0,0,0,0,0,0,0,0,1,203,146,0,0,0,0,0,0,0,0,0,0,1
2025-12-27 00:29:06,0,0,31.25,0,16,74,1.23333,0,0,5,0.0833333,0,0,0,0,0,0,0,0,1,199,141,0,0,0,0,0,0,0,0,0,0,1
2025-12-27 00:30:06,0,0,31.44,0,16,226,3.76667,1,0.0166667,20,0.333333,0,0,0,0,0,0,0,0,1,184,124,0,0,0,0,0,0,0,0,0,0,1
2025-12-27 00:31:06,0,0,31.19,0,16,544,9.06667,10,0.166667,43,0.716667,0,0,0,0,0,0,0,0,1,224,179,0,0,0,0,0,0,0,0,0,0,1
2025-12-27 00:32:06,0,0,30.94,0,16,77,1.28333,1,0.0166667,9,0.15,0,0,0,0,0,0,0,0,2,182,130,0,0,0,0,0,0,0,0,0,0,1
2025-12-27 00:33:06,0,0,31.44,0,16,26,0.433333,0,0,2,0.0333333,0,0,0,0,0,0,0,0,2,176,124,0,0,0,0,0,0,0,0,0,0,1
2025-12-27 00:34:06,0,2,31,0,16,3807,63.45,123,2.05,194,3.23333,0,0,0,0,0,0,0,0,2,210,152,0,0,0,0,0,0,0,0,0,0,1
2025-12-27 00:35:06,0,0,31.12,0,16,2036,33.9333,74,1.23333,96,1.6,0,0,0,0,0,0,0,0,2,212,160,0,0,0,0,0,0,0,0,0,0,1
2025-12-27 00:36:06,0,0,31.5,0,16,408,6.8,9,0.15,31,0.516667,0,0,0,0,0,0,0,0,2,170,115,0,0,0,0,0,0,0,0,0,0,1
2025-12-27 00:37:06,0,0,31.69,0,16,7,0.116667,0,0,0,0,0,0,0,0,0,0,0,0,2,168,111,0,0,0,0,0,0,0,0,0,0,1
2025-12-27 00:38:06,0,0,31.88,0,16,49,0.816667,2,0.0333333,3,0.05,0,0,0,0,0,0,0,0,2,168,109,0,0,0,0,0,0,0,0,0,0,1
2025-12-27 00:39:06,0,0,32.06,0,16,328,5.46667,14,0.233333,22,0.366667,0,0,0,0,0,0,0,0,2,181,134,0,0,0,0,0,0,0,0,0,0,1
2025-12-27 00:40:06,0,0,32.31,0,16,0,0,0,0,0,0,0,0,0,0,0,0,0,0,1,173,124,0,0,0,0,0,0,0,0,0,0,1
2025-12-27 00:41:06,0,0,32.5,0,16,0,0,0,0,0,0,0,0,0,0,0,0,0,0,1,171,124,0,0,0,0,0,0,0,0,0,0,1
2025-12-27 00:42:06,0,0,32.62,0,16,0,0,0,0,0,0,0,0,0,0,0,0,0,0,1,190,143,0,0,0,0,0,0,0,0,0,0,1
2025-12-27 00:43:06,0,0,32.75,0,16,0,0,0,0,0,0,0,0,0,0,0,0,0,0,1,178,130,0,0,0,0,0,0,0,0,0,0,1
2025-12-27 00:44:06,0,0,32.75,0,16,694,11.5667,22,0.366667,52,0.866667,0,0,0,0,0,0,0,0,1,205,168,0,0,0,0,0,0,0,0,0,0,1
2025-12-27 00:45:06,0,0,32.56,0,16,19,0.316667,0,0,1,0.0166667,0,0,0,0,0,0,0,0,1,205,166,0,0,0,0,0,0,0,0,0,0,1
2025-12-27 00:46:06,0,0,32.25,0,16,0,0,0,0,0,0,0,0,0,0,0,0,0,0,1,203,164,0,0,0,0,0,0,0,0,0,0,1
2025-12-27 00:47:06,0,0,32,0,16,0,0,0,0,0,0,0,0,0,0,0,0,0,0,1,202,164,0,0,0,0,0,0,0,0,0,0,1
2025-12-27 00:48:06,0,0,31.69,0,16,0,0,0,0,0,0,0,0,0,0,0,0,0,0,1,202,163,0,0,0,0,0,0,0,0,0,0,1
2025-12-27 00:49:06,0,0,31.38,0,16,0,0,0,0,0,0,0,0,0,0,0,0,0,0,1,200,162,0,0,0,0,0,0,0,0,0,0,1
2025-12-27 00:50:06,0,0,31.19,0,16,0,0,0,0,0,0,0,0,0,0,0,0,0,0,1,198,161,0,0,0,0,0,0,0,0,0,0,1
2025-12-27 00:51:06,0,0,30.94,0,16,0,0,0,0,0,0,0,0,0,0,0,0,0,0,1,198,160,0,0,0,0,0,0,0,0,0,0,1
2025-12-27 00:52:06,0,0,30.75,0,16,0,0,0,0,0,0,0,0,0,0,0,0,0,0,1,198,160,0,0,0,0,0,0,0,0,0,0,1
2025-12-27 00:53:06,0,0,30.56,0,16,0,0,0,0,0,0,0,0,0,0,0,0,0,0,1,198,160,0,0,0,0,0,0,0,0,0,0,1
2025-12-27 00:54:06,0,0,30.44,0,16,0,0,0,0,0,0,0,0,0,0,0,0,0,0,1,197,158,0,0,0,0,0,0,0,0,0,0,1
2025-12-27 00:55:06,0,0,30.25,0,16,733,12.2167,30,0.5,39,0.65,0,0,0,0,0,0,0,0,2,197,159,0,0,0,0,0,0,0,0,0,0,1
2025-12-27 00:56:06,0,0,30.62,0,16,1097,18.2833,36,0.6,74,1.23333,0,0,0,0,0,0,0,0,2,181,132,0,0,0,0,0,0,0,0,0,0,1
2025-12-27 00:57:06,0,0,30.88,0,16,0,0,0,0,0,0,0,0,0,0,0,0,0,0,1,172,122,0,0,0,0,0,0,0,0,0,0,1
2025-12-27 00:58:06,0,0,31.12,0,16,0,0,0,0,0,0,0,0,0,0,0,0,0,0,1,166,117,0,0,0,0,0,0,0,0,0,0,1
2025-12-27 00:59:06,0,0,31.31,0,16,0,0,0,0,0,0,0,0,0,0,0,0,0,0,2,164,113,0,0,0,0,0,0,0,0,0,0,1
2025-12-27 01:00:06,0,0,31.5,0,16,0,0,0,0,0,0,0,0,0,0,0,0,0,0,2,162,111,0,0,0,0,0,0,0,0,0,0,1
2025-12-27 01:01:06,0,0,31.69,0,16,1692,28.2,62,1.03333,93,1.55,0,0,0,0,0,0,0,0,2,217,158,0,0,0,0,0,0,0,0,0,0,1
2025-12-27 01:02:06,0,0,31.88,0,1,0,0,0,0,0,0,0,0,0,0,0,0,0,0,2,160,106,0,0,0,0,0,0,0,0,0,0,1
2025-12-27 01:03:06,0,0,32,0,1,1663,27.7167,47,0.783333,108,1.8,0,0,0,0,0,0,0,0,2,210,160,0,0,0,0,0,0,0,0,0,0,1
2025-12-27 01:04:06,0,0,32.25,0,16,1034,17.2333,28,0.466667,74,1.23333,0,0,0,0,0,0,0,0,2,196,150,0,0,0,0,0,0,0,0,0,0,1
2025-12-27 01:05:06,0,0,32.38,0,16,33,0.55,0,0,2,0.0333333,0,0,0,0,0,0,0,0,2,188,142,0,0,0,0,0,0,0,0,0,0,1
2025-12-27 01:06:06,0,0,32.5,0,16,13,0.216667,0,0,1,0.0166667,0,0,0,0,0,0,0,0,1,190,143,0,0,0,0,0,0,0,0,0,0,1
2025-12-27 01:07:06,0,0,32.69,0,16,0,0,0,0,0,0,0,0,0,0,0,0,0,0,1,188,142,0,0,0,0,0,0,0,0,0,0,1
2025-12-27 01:08:06,0,0,32.81,0,16,0,0,0,0,0,0,0,0,0,0,0,0,0,0,1,187,142,0,0,0,0,0,0,0,0,0,0,1
2025-12-27 01:09:06,0,0,32.94,0,16,0,0,0,0,0,0,0,0,0,0,0,0,0,0,1,184,138,0,0,0,0,0,0,0,0,0,0,1
2025-12-27 01:10:06,0,0,33.06,0,16,0,0,0,0,0,0,0,0,0,0,0,0,0,0,1,181,136,0,0,0,0,0,0,0,0,0,0,1
2025-12-27 01:11:06,0,0,33.12,0,16,0,0,0,0,0,0,0,0,0,0,0,0,0,0,1,178,133,0,0,0,0,0,0,0,0,0,0,1
2025-12-27 01:12:06,0,0,33.25,0,16,0,0,0,0,0,0,0,0,0,0,0,0,0,0,1,177,130,0,0,0,0,0,0,0,0,0,0,1
2025-12-27 01:13:06,0,0,33.31,0,16,17,0.283333,0,0,1,0.0166667,0,0,0,0,0,0,0,0,1,176,128,0,0,0,0,0,0,0,0,0,0,1
2025-12-27 01:14:06,0,0,33.38,0,16,0,0,0,0,0,0,0,0,0,0,0,0,0,0,1,174,125,0,0,0,0,0,0,0,0,0,0,1
2025-12-27 01:15:06,0,0,33.5,0,16,0,0,0,0,0,0,0,0,0,0,0,0,0,0,1,170,123,0,0,0,0,0,0,0,0,0,0,1
2025-12-27 01:16:06,0,0,33.56,0,16,0,0,0,0,0,0,0,0,0,0,0,0,0,0,1,169,121,0,0,0,0,0,0,0,0,0,0,1
2025-12-27 01:17:06,0,0,33.56,0,16,0,0,0,0,0,0,0,0,0,0,0,0,0,0,1,168,121,0,0,0,0,0,0,0,0,0,0,1
2025-12-27 01:18:06,0,0,33.62,0,16,0,0,0,0,0,0,0,0,0,0,0,0,0,0,1,166,119,0,0,0,0,0,0,0,0,0,0,1
2025-12-27 01:19:06,0,0,33.69,0,16,0,0,0,0,0,0,0,0,0,0,0,0,0,0,1,166,117,0,0,0,0,0,0,0,0,0,0,1
2025-12-27 01:20:06,0,0,33.69,0,16,0,0,0,0,0,0,0,0,0,0,0,0,0,0,1,164,116,0,0,0,0,0,0,0,0,0,0,1
2025-12-27 01:21:06,0,0,33.75,0,16,0,0,0,0,0,0,0,0,0,0,0,0,0,0,1,163,115,0,0,0,0,0,0,0,0,0,0,1
2025-12-27 01:22:06,0,0,33.81,0,16,0,0,0,0,0,0,0,0,0,0,0,0,0,0,1,162,113,0,0,0,0,0,0,0,0,0,0,1
2025-12-27 01:23:06,0,0,33.88,0,16,0,0,0,0,0,0,0,0,0,0,0,0,0,0,1,162,113,0,0,0,0,0,0,0,0,0,0,1
2025-12-27 01:24:06,0,0,33.88,0,16,0,0,0,0,0,0,0,0,0,0,0,0,0,0,1,161,113,0,0,0,0,0,0,0,0,0,0,1
2025-12-27 01:25:06,0,0,33.94,0,16,0,0,0,0,0,0,0,0,0,0,0,0,0,0,1,161,112,0,0,0,0,0,0,0,0,0,0,1
2025-12-27 01:26:06,0,0,33.94,0,16,0,0,0,0,0,0,0,0,0,0,0,0,0,0,1,160,111,0,0,0,0,0,0,0,0,0,0,1
2025-12-27 01:27:06,0,0,33.94,0,16,790,13.1667,20,0.333333,68,1.13333,0,0,0,0,0,0,0,0,1,160,113,0,0,0,0,0,0,0,0,0,0,1
2025-12-27 01:28:06,0,0,33.75,0,16,4,0.0666667,0,0,1,0.0166667,0,0,0,0,0,0,0,0,1,159,111,0,0,0,0,0,0,0,0,0,0,1
2025-12-27 01:29:06,0,0,33.69,0,16,0,0,0,0,0,0,0,0,0,0,0,0,0,0,1,157,111,0,0,0,0,0,0,0,0,0,0,1
2025-12-27 01:30:06,0,0,33.62,0,16,0,0,0,0,0,0,0,0,0,0,0,0,0,0,1,157,109,0,0,0,0,0,0,0,0,0,0,1
2025-12-27 01:31:06,0,0,33.5,0,16,0,0,0,0,0,0,0,0,0,0,0,0,0,0,1,158,109,0,0,0,0,0,0,0,0,0,0,1
2025-12-27 01:32:06,0,0,33.5,0,16,0,0,0,0,0,0,0,0,0,0,0,0,0,0,1,158,110,0,0,0,0,0,0,0,0,0,0,1
2025-12-27 01:33:06,0,0,33.44,0,16,0,0,0,0,0,0,0,0,0,0,0,0,0,0,1,157,109,0,0,0,0,0,0,0,0,0,0,1
2025-12-27 01:34:06,0,0,33.38,0,16,0,0,0,0,0,0,0,0,0,0,0,0,0,0,1,157,109,0,0,0,0,0,0,0,0,0,0,1
2025-12-27 01:35:06,0,0,33.38,0,16,3,0.05,0,0,0,0,0,0,0,0,0,0,0,0,1,157,109,0,0,0,0,0,0,0,0,0,0,1
2025-12-27 01:36:06,0,0,33.31,0,16,0,0,0,0,0,0,0,0,0,0,0,0,0,0,1,157,109,0,0,0,0,0,0,0,0,0,0,1
2025-12-27 01:37:06,0,0,33.31,0,16,934,15.5667,28,0.466667,69,1.15,0,0,0,0,0,0,0,0,1,190,136,0,0,0,0,0,0,0,0,0,0,1
2025-12-27 01:38:06,0,0,33.25,0,16,103,1.71667,3,0.05,9,0.15,0,0,0,0,0,0,0,0,1,192,140,0,0,0,0,0,0,0,0,0,0,1
2025-12-27 01:39:06,0,0,33,0,16,367,6.11667,5,0.0833333,38,0.633333,0,0,0,0,0,0,0,0,1,180,128,0,0,0,0,0,0,0,0,0,0,1
2025-12-27 01:40:06,0,0,32.75,0,1,0,0,0,0,0,0,0,0,0,0,0,0,0,0,1,172,122,0,0,0,0,0,0,0,0,0,0,1
2025-12-27 01:41:06,0,0,32.5,0,1,0,0,0,0,0,0,0,0,0,0,0,0,0,0,1,170,119,0,0,0,0,0,0,0,0,0,0,1
2025-12-27 01:42:06,0,0,32.31,0,1,0,0,0,0,0,0,0,0,0,0,0,0,0,0,1,168,118,0,0,0,0,0,0,0,0,0,0,1
2025-12-27 01:43:06,0,0,32,0,16,705,11.75,15,0.25,55,0.916667,0,0,0,0,0,0,0,0,1,177,135,0,0,0,0,0,0,0,0,0,0,1
2025-12-27 01:44:06,0,0,31.88,0,16,0,0,0,0,0,0,0,0,0,0,0,0,0,0,1,173,130,0,0,0,0,0,0,0,0,0,0,1
2025-12-27 01:45:06,0,0,31.81,0,16,0,0,0,0,0,0,0,0,0,0,0,0,0,0,1,172,128,0,0,0,0,0,0,0,0,0,0,1
2025-12-27 01:46:06,0,0,31.75,0,16,0,0,0,0,0,0,0,0,0,0,0,0,0,0,1,172,128,0,0,0,0,0,0,0,0,0,0,1
2025-12-27 01:47:06,0,0,31.69,0,16,0,0,0,0,0,0,0,0,0,0,0,0,0,0,1,172,128,0,0,0,0,0,0,0,0,0,0,1
2025-12-27 01:48:06,0,0,31.62,0,16,0,0,0,0,0,0,0,0,0,0,0,0,0,0,1,174,128,0,0,0,0,0,0,0,0,0,0,1
2025-12-27 01:49:06,0,0,31.56,0,16,0,0,0,0,0,0,0,0,0,0,0,0,0,0,1,173,128,0,0,0,0,0,0,0,0,0,0,1
2025-12-27 01:50:06,0,0,31.56,0,16,0,0,0,0,0,0,0,0,0,0,0,0,0,0,1,174,128,0,0,0,0,0,0,0,0,0,0,1
2025-12-27 01:51:06,0,0,31.5,0,16,0,0,0,0,0,0,0,0,0,0,0,0,0,0,1,174,128,0,0,0,0,0,0,0,0,0,0,1
2025-12-27 01:52:06,0,0,31.38,0,16,1018,16.9667,32,0.533333,58,0.966667,0,0,0,0,0,0,0,0,1,174,141,0,0,0,0,0,0,0,0,0,0,1
2025-12-27 01:53:06,0,0,31.25,0,16,13,0.216667,0,0,0,0,0,0,0,0,0,0,0,0,1,172,135,0,0,0,0,0,0,0,0,0,0,1
2025-12-27 01:54:06,0,0,31.19,0,16,0,0,0,0,0,0,0,0,0,0,0,0,0,0,1,170,133,0,0,0,0,0,0,0,0,0,0,1
2025-12-27 01:55:06,0,0,31.12,0,16,8,0.133333,0,0,0,0,0,0,0,0,0,0,0,0,1,173,134,0,0,0,0,0,0,0,0,0,0,1
2025-12-27 01:56:06,0,0,31,0,16,0,0,0,0,0,0,0,0,0,0,0,0,0,0,1,175,136,0,0,0,0,0,0,0,0,0,0,1
2025-12-27 01:57:06,0,0,31,0,16,0,0,0,0,0,0,0,0,0,0,0,0,0,0,1,172,134,0,0,0,0,0,0,0,0,0,0,1
2025-12-27 01:58:06,0,0,30.94,0,16,0,0,0,0,0,0,0,0,0,0,0,0,0,0,1,171,133,0,0,0,0,0,0,0,0,0,0,1
2025-12-27 01:59:06,0,0,31,0,16,750,12.5,24,0.4,48,0.8,0,0,0,0,0,0,0,0,1,171,136,0,0,0,0,0,0,0,0,0,0,1
2025-12-27 02:00:06,0,0,30.88,0,16,0,0,0,0,0,0,0,0,0,0,0,0,0,0,1,171,135,0,0,0,0,0,0,0,0,0,0,1
2025-12-27 02:01:06,0,0,30.88,0,16,0,0,0,0,0,0,0,0,0,0,0,0,0,0,1,168,132,0,0,0,0,0,0,0,0,0,0,1
2025-12-27 02:02:06,0,0,30.94,0,16,702,11.7,19,0.316667,48,0.8,0,0,0,0,0,0,0,0,1,160,121,0,0,0,0,0,0,0,0,0,0,1
2025-12-27 02:03:06,0,0,30.88,0,16,10,0.166667,0,0,1,0.0166667,0,0,0,0,0,0,0,0,1,158,118,0,0,0,0,0,0,0,0,0,0,1
2025-12-27 02:04:06,0,0,30.88,0,16,0,0,0,0,0,0,0,0,0,0,0,0,0,0,1,157,117,0,0,0,0,0,0,0,0,0,0,1
2025-12-27 02:05:06,0,0,30.81,0,16,0,0,0,0,0,0,0,0,0,0,0,0,0,0,1,157,117,0,0,0,0,0,0,0,0,0,0,1
2025-12-27 02:06:06,0,0,30.75,0,16,8,0.133333,0,0,0,0,0,0,0,0,0,0,0,0,1,155,114,0,0,0,0,0,0,0,0,0,0,1
2025-12-27 02:07:06,0,0,30.69,0,16,7,0.116667,0,0,1,0.0166667,0,0,0,0,0,0,0,0,1,156,114,0,0,0,0,0,0,0,0,0,0,1
2025-12-27 02:08:06,0,0,30.62,0,16,0,0,0,0,0,0,0,0,0,0,0,0,0,0,1,156,115,0,0,0,0,0,0,0,0,0,0,1
2025-12-27 02:09:06,0,0,30.56,0,16,0,0,0,0,0,0,0,0,0,0,0,0,0,0,1,156,114,0,0,0,0,0,0,0,0,0,0,1
2025-12-27 02:10:06,0,0,30.5,0,16,0,0,0,0,0,0,0,0,0,0,0,0,0,0,1,156,114,0,0,0,0,0,0,0,0,0,0,1
2025-12-27 02:11:06,0,0,30.5,0,16,0,0,0,0,0,0,0,0,0,0,0,0,0,0,1,156,114,0,0,0,0,0,0,0,0,0,0,1
2025-12-27 02:12:06,0,0,30.44,0,16,79,1.31667,1,0.0166667,8,0.133333,0,0,0,0,0,0,0,0,1,152,108,0,0,0,0,0,0,0,0,0,0,1
2025-12-27 02:13:06,0,0,30.38,0,16,1092,18.2,25,0.416667,55,0.916667,0,0,0,0,0,0,0,0,2,162,108,0,0,0,0,0,0,0,0,0,0,1
2025-12-27 02:14:06,0,0,30.31,0,16,1668,27.8,64,1.06667,109,1.81667,0,0,0,0,0,0,0,0,2,231,180,0,0,0,0,0,0,0,0,0,0,1
2025-12-27 02:15:06,0,0,30.25,0,16,4332,72.2,147,2.45,249,4.15,0,0,0,0,0,0,0,0,2,177,134,0,0,0,0,0,0,0,0,0,0,1
2025-12-27 02:16:06,0,0,30.31,0,1,1277,21.2833,26,0.433333,87,1.45,0,0,0,0,0,0,0,0,2,163,106,0,0,0,0,0,0,0,0,0,0,1
2025-12-27 02:17:06,0,0,30.25,0,1,0,0,0,0,0,0,0,0,0,0,0,0,0,0,2,162,104,0,0,0,0,0,0,0,0,0,0,1
2025-12-27 02:18:06,0,0,30.38,0,1,0,0,0,0,0,0,0,0,0,0,0,0,0,0,2,162,104,0,0,0,0,0,0,0,0,0,0,1
2025-12-27 02:19:06,0,0,30.44,0,1,0,0,0,0,0,0,0,0,0,0,0,0,0,0,2,161,104,0,0,0,0,0,0,0,0,0,0,1
2025-12-27 02:20:06,0,0,30.56,0,1,0,0,0,0,0,0,0,0,0,0,0,0,0,0,1,161,103,0,0,0,0,0,0,0,0,0,0,1
2025-12-27 02:21:06,0,0,30.69,0,1,0,0,0,0,0,0,0,0,0,0,0,0,0,0,1,162,104,0,0,0,0,0,0,0,0,0,0,1
2025-12-27 02:22:06,0,0,30.81,0,1,670,11.1667,24,0.4,45,0.75,0,0,0,0,0,0,0,0,2,140,102,0,0,0,0,0,0,0,0,0,0,1
2025-12-27 02:23:06,0,0,30.88,0,4,2565,42.75,63,1.05,164,2.73333,0,0,0,0,0,0,0,0,2,150,104,0,0,0,0,0,0,0,0,0,0,1
2025-12-27 02:24:06,0,0,30.75,0,16,1898,31.6333,47,0.783333,108,1.8,0,0,0,0,0,0,0,0,2,184,140,0,0,0,0,0,0,0,0,0,0,1
2025-12-27 02:25:06,0,0,30.69,0,16,0,0,0,0,0,0,0,0,0,0,0,0,0,0,2,175,132,0,0,0,0,0,0,0,0,0,0,1
2025-12-27 02:26:06,0,0,30.62,0,16,0,0,0,0,0,0,0,0,0,0,0,0,0,0,2,167,124,0,0,0,0,0,0,0,0,0,0,1
2025-12-27 02:27:06,0,0,30.62,0,16,0,0,0,0,0,0,0,0,0,0,0,0,0,0,2,164,122,0,0,0,0,0,0,0,0,0,0,1
2025-12-27 02:28:06,0,0,30.56,0,16,0,0,0,0,0,0,0,0,0,0,0,0,0,0,1,162,120,0,0,0,0,0,0,0,0,0,0,1
2025-12-27 02:29:06,0,0,30.5,0,16,0,0,0,0,0,0,0,0,0,0,0,0,0,0,1,159,116,0,0,0,0,0,0,0,0,0,0,1
2025-12-27 02:30:06,0,0,30.5,0,16,0,0,0,0,0,0,0,0,0,0,0,0,0,0,1,157,115,0,0,0,0,0,0,0,0,0,0,1
2025-12-27 02:31:06,0,0,30.44,0,16,1279,21.3167,49,0.816667,58,0.966667,0,0,0,0,0,0,0,0,2,140,101,0,0,0,0,0,0,0,0,0,0,1
2025-12-27 02:32:06,0,0,30.44,0,2,16,0.266667,0,0,1,0.0166667,0,0,0,0,0,0,0,0,1,141,100,0,0,0,0,0,0,0,0,0,0,1
2025-12-27 02:33:06,0,0,30.31,0,2,0,0,0,0,0,0,0,0,0,0,0,0,0,0,1,141,100,0,0,0,0,0,0,0,0,0,0,1
2025-12-27 02:34:06,0,0,30.31,0,2,0,0,0,0,0,0,0,0,0,0,0,0,0,0,1,141,100,0,0,0,0,0,0,0,0,0,0,1
2025-12-27 02:35:06,0,0,30.25,0,2,0,0,0,0,0,0,0,0,0,0,0,0,0,0,1,140,100,0,0,0,0,0,0,0,0,0,0,1
2025-12-27 02:36:06,0,0,30.19,0,2,0,0,0,0,0,0,0,0,0,0,0,0,0,0,1,140,100,0,0,0,0,0,0,0,0,0,0,1
2025-12-27 02:37:06,0,0,30.19,0,2,0,0,0,0,0,0,0,0,0,0,0,0,0,0,1,140,100,0,0,0,0,0,0,0,0,0,0,1
2025-12-27 02:38:06,0,0,30.12,0,2,0,0,0,0,0,0,0,0,0,0,0,0,0,0,1,141,100,0,0,0,0,0,0,0,0,0,0,1
2025-12-27 02:39:06,0,0,30.12,0,2,0,0,0,0,0,0,0,0,0,0,0,0,0,0,1,140,100,0,0,0,0,0,0,0,0,0,0,1
2025-12-27 02:40:06,0,0,30.06,0,2,0,0,0,0,0,0,0,0,0,0,0,0,0,0,1,140,100,0,0,0,0,0,0,0,0,0,0,1
2025-12-27 02:41:06,0,0,30,0,2,0,0,0,0,0,0,0,0,0,0,0,0,0,0,1,140,100,0,0,0,0,0,0,0,0,0,0,1
2025-12-27 02:42:06,0,0,30,0,2,0,0,0,0,0,0,0,0,0,0,0,0,0,0,1,140,100,0,0,0,0,0,0,0,0,0,0,1
2025-12-27 02:43:06,0,0,29.94,0,2,0,0,0,0,0,0,0,0,0,0,0,0,0,0,1,140,100,0,0,0,0,0,0,0,0,0,0,1
2025-12-27 02:44:06,0,0,29.81,0,16,1281,21.35,36,0.6,79,1.31667,0,0,0,0,0,0,0,0,2,157,102,0,0,0,0,0,0,0,0,0,0,1
2025-12-27 02:45:06,0,0,29.75,0,16,0,0,0,0,0,0,0,0,0,0,0,0,0,0,1,154,102,0,0,0,0,0,0,0,0,0,0,1
2025-12-27 02:46:06,0,0,29.69,0,16,0,0,0,0,0,0,0,0,0,0,0,0,0,0,1,155,102,0,0,0,0,0,0,0,0,0,0,1
2025-12-27 02:47:06,0,0,29.62,0,16,0,0,0,0,0,0,0,0,0,0,0,0,0,0,1,155,102,0,0,0,0,0,0,0,0,0,0,1
2025-12-27 02:48:06,0,0,29.5,0,16,0,0,0,0,0,0,0,0,0,0,0,0,0,0,1,156,102,0,0,0,0,0,0,0,0,0,0,1
2025-12-27 02:49:06,0,0,29.44,0,16,0,0,0,0,0,0,0,0,0,0,0,0,0,0,1,155,101,0,0,0,0,0,0,0,0,0,0,1
2025-12-27 02:50:06,0,0,29.44,0,16,0,0,0,0,0,0,0,0,0,0,0,0,0,0,1,155,101,0,0,0,0,0,0,0,0,0,0,1
2025-12-27 02:51:06,0,0,29.38,0,16,0,0,0,0,0,0,0,0,0,0,0,0,0,0,1,155,102,0,0,0,0,0,0,0,0,0,0,1
2025-12-27 02:52:06,0,0,29.31,0,16,0,0,0,0,0,0,0,0,0,0,0,0,0,0,1,156,101,0,0,0,0,0,0,0,0,0,0,1
2025-12-27 02:53:06,0,0,29.31,0,16,0,0,0,0,0,0,0,0,0,0,0,0,0,0,1,155,100,0,0,0,0,0,0,0,0,0,0,1
2025-12-27 02:54:06,0,0,29.25,0,16,0,0,0,0,0,0,0,0,0,0,0,0,0,0,1,155,100,0,0,0,0,0,0,0,0,0,0,1
2025-12-27 02:55:06,0,0,29.25,0,16,0,0,0,0,0,0,0,0,0,0,0,0,0,0,1,155,100,0,0,0,0,0,0,0,0,0,0,1
2025-12-27 02:56:06,0,0,29.19,0,16,0,0,0,0,0,0,0,0,0,0,0,0,0,0,1,154,100,0,0,0,0,0,0,0,0,0,0,1
2025-12-27 02:57:06,0,0,29.19,0,16,0,0,0,0,0,0,0,0,0,0,0,0,0,0,1,155,100,0,0,0,0,0,0,0,0,0,0,1
2025-12-27 02:58:06,0,0,29.12,0,16,0,0,0,0,0,0,0,0,0,0,0,0,0,0,2,154,100,0,0,0,0,0,0,0,0,0,0,1
2025-12-27 02:59:06,0,0,29.44,0,16,2361,39.35,82,1.36667,138,2.3,0,0,0,0,0,0,0,0,2,155,104,0,0,0,0,0,0,0,0,0,0,1
2025-12-27 03:00:06,0,0,29.81,0,16,1519,25.3167,39,0.65,106,1.76667,0,0,0,0,0,0,0,0,2,161,100,0,0,0,0,0,0,0,0,0,0,1
2025-12-27 03:01:06,0,0,30.06,0,16,0,0,0,0,0,0,0,0,0,0,0,0,0,0,1,152,100,0,0,0,0,0,0,0,0,0,0,1
2025-12-27 03:02:06,0,0,30.12,0,16,0,0,0,0,0,0,0,0,0,0,0,0,0,0,1,151,100,0,0,0,0,0,0,0,0,0,0,1
2025-12-27 03:03:06,0,0,30.12,0,16,0,0,0,0,0,0,0,0,0,0,0,0,0,0,2,150,100,0,0,0,0,0,0,0,0,0,0,1
2025-12-27 03:04:06,0,0,30.12,0,16,0,0,0,0,0,0,0,0,0,0,0,0,0,0,2,151,100,0,0,0,0,0,0,0,0,0,0,1
2025-12-27 03:05:06,0,0,30.12,0,16,0,0,0,0,0,0,0,0,0,0,0,0,0,0,1,151,100,0,0,0,0,0,0,0,0,0,0,1
2025-12-27 03:06:06,0,0,29.75,0,16,2582,43.0333,94,1.56667,140,2.33333,0,0,0,0,0,0,0,0,2,150,104,0,0,0,0,0,0,0,0,0,0,1
2025-12-27 03:07:06,0,0,29.62,0,1,7,0.116667,0,0,1,0.0166667,0,0,0,0,0,0,0,0,1,148,104,0,0,0,0,0,0,0,0,0,0,1
2025-12-27 03:08:06,0,0,29.44,0,1,0,0,0,0,0,0,0,0,0,0,0,0,0,0,2,147,103,0,0,0,0,0,0,0,0,0,0,1
2025-12-27 03:09:06,0,0,29.38,0,1,0,0,0,0,0,0,0,0,0,0,0,0,0,0,2,147,103,0,0,0,0,0,0,0,0,0,0,1
2025-12-27 03:10:06,0,0,29.5,0,4,1765,29.4167,62,1.03333,80,1.33333,0,0,0,0,0,0,0,0,2,149,100,0,0,0,0,0,0,0,0,0,0,1
2025-12-27 03:11:06,0,0,29.56,0,16,0,0,0,0,0,0,0,0,0,0,0,0,0,0,2,144,100,0,0,0,0,0,0,0,0,0,0,1
2025-12-27 03:12:06,0,0,29.56,0,16,3116,51.9333,115,1.91667,156,2.6,0,0,0,0,0,0,0,0,2,154,111,0,0,0,0,0,0,0,0,0,0,1
2025-12-27 03:13:06,0,0,29.81,0,16,10,0.166667,0,0,0,0,0,0,0,0,0,0,0,0,2,152,101,0,0,0,0,0,0,0,0,0,0,1
2025-12-27 03:14:06,0,0,29.94,0,16,0,0,0,0,0,0,0,0,0,0,0,0,0,0,2,150,102,0,0,0,0,0,0,0,0,0,0,1
2025-12-27 03:15:06,0,0,30.12,0,16,0,0,0,0,0,0,0,0,0,0,0,0,0,0,1,149,100,0,0,0,0,0,0,0,0,0,0,1
2025-12-27 03:16:06,0,0,30.25,0,16,0,0,0,0,0,0,0,0,0,0,0,0,0,0,2,149,100,0,0,0,0,0,0,0,0,0,0,1
2025-12-27 03:17:06,0,0,30.38,0,16,0,0,0,0,0,0,0,0,0,0,0,0,0,0,1,158,100,0,0,0,0,0,0,0,0,0,0,1
2025-12-27 03:18:06,0,0,30.44,0,16,0,0,0,0,0,0,0,0,0,0,0,0,0,0,1,157,102,0,0,0,0,0,0,0,0,0,0,1
2025-12-27 03:19:06,0,0,30.56,0,16,0,0,0,0,0,0,0,0,0,0,0,0,0,0,1,156,101,0,0,0,0,0,0,0,0,0,0,1
2025-12-27 03:20:06,0,0,30.62,0,16,0,0,0,0,0,0,0,0,0,0,0,0,0,0,1,156,101,0,0,0,0,0,0,0,0,0,0,1
2025-12-27 03:21:06,0,0,30.69,0,16,59,0.983333,0,0,5,0.0833333,0,0,0,0,0,0,0,0,1,156,100,0,0,0,0,0,0,0,0,0,0,1
2025-12-27 03:22:06,0,0,30.75,0,16,0,0,0,0,0,0,0,0,0,0,0,0,0,0,1,157,100,0,0,0,0,0,0,0,0,0,0,1
2025-12-27 03:23:06,0,0,30.81,0,16,0,0,0,0,0,0,0,0,0,0,0,0,0,0,1,156,101,0,0,0,0,0,0,0,0,0,0,1
2025-12-27 03:24:06,0,0,30.88,0,16,12,0.2,0,0,1,0.0166667,0,0,0,0,0,0,0,0,1,160,101,0,0,0,0,0,0,0,0,0,0,1
2025-12-27 03:25:06,0,0,30.94,0,16,0,0,0,0,0,0,0,0,0,0,0,0,0,0,1,160,101,0,0,0,0,0,0,0,0,0,0,1
2025-12-27 03:26:06,0,0,30.94,0,16,0,0,0,0,0,0,0,0,0,0,0,0,0,0,1,166,101,0,0,0,0,0,0,0,0,0,0,1
2025-12-27 03:27:06,0,0,30.94,0,16,2680,44.6667,86,1.43333,125,2.08333,0,0,0,0,0,0,0,0,2,167,103,0,0,0,0,0,0,0,0,0,0,1
2025-12-27 03:28:06,0,0,31.06,0,16,204,3.4,1,0.0166667,16,0.266667,0,0,0,0,0,0,0,0,1,158,101,0,0,0,0,0,0,0,0,0,0,1
2025-12-27 03:29:06,0,0,31.31,0,16,0,0,0,0,0,0,0,0,0,0,0,0,0,0,1,155,101,0,0,0,0,0,0,0,0,0,0,1
2025-12-27 03:30:06,0,0,31.56,0,16,575,9.58333,12,0.2,42,0.7,0,0,0,0,0,0,0,0,1,150,101,0,0,0,0,0,0,0,0,0,0,1
2025-12-27 03:31:06,0,0,31.75,0,16,0,0,0,0,0,0,0,0,0,0,0,0,0,0,2,146,100,0,0,0,0,0,0,0,0,0,0,1
2025-12-27 03:32:06,0,0,31.94,0,16,0,0,0,0,0,0,0,0,0,0,0,0,0,0,1,147,100,0,0,0,0,0,0,0,0,0,0,1
2025-12-27 03:33:06,0,0,32.12,0,16,500,8.33333,10,0.166667,34,0.566667,0,0,0,0,0,0,0,0,1,147,100,0,0,0,0,0,0,0,0,0,0,1
2025-12-27 03:34:06,0,0,32.12,0,16,21,0.35,0,0,1,0.0166667,0,0,0,0,0,0,0,0,1,145,100,0,0,0,0,0,0,0,0,0,0,1
2025-12-27 03:35:06,0,0,32.19,0,16,830,13.8333,26,0.433333,46,0.766667,0,0,0,0,0,0,0,0,1,144,100,0,0,0,0,0,0,0,0,0,0,1
2025-12-27 03:36:06,0,0,32.19,0,16,354,5.9,5,0.0833333,17,0.283333,0,0,0,0,0,0,0,0,1,148,100,0,0,0,0,0,0,0,0,0,0,1
2025-12-27 03:37:06,0,0,32.31,0,16,209,3.48333,2,0.0333333,13,0.216667,0,0,0,0,0,0,0,0,1,145,100,0,0,0,0,0,0,0,0,0,0,1
2025-12-27 03:38:06,0,0,32.5,0,16,4,0.0666667,0,0,1,0.0166667,0,0,0,0,0,0,0,0,1,145,100,0,0,0,0,0,0,0,0,0,0,1
2025-12-27 03:39:06,0,0,32.62,0,16,0,0,0,0,0,0,0,0,0,0,0,0,0,0,1,145,100,0,0,0,0,0,0,0,0,0,0,1
2025-12-27 03:40:06,0,0,32.75,0,16,0,0,0,0,0,0,0,0,0,0,0,0,0,0,1,144,100,0,0,0,0,0,0,0,0,0,0,1
2025-12-27 03:41:06,0,0,32.88,0,16,0,0,0,0,0,0,0,0,0,0,0,0,0,0,1,144,101,0,0,0,0,0,0,0,0,0,0,1
2025-12-27 03:42:06,0,0,33,0,16,0,0,0,0,0,0,0,0,0,0,0,0,0,0,1,144,101,0,0,0,0,0,0,0,0,0,0,1
2025-12-27 03:43:06,0,0,33.12,0,16,0,0,0,0,0,0,0,0,0,0,0,0,0,0,1,144,101,0,0,0,0,0,0,0,0,0,0,1
2025-12-27 03:44:06,0,0,33.19,0,16,302,5.03333,2,0.0333333,26,0.433333,0,0,0,0,0,0,0,0,1,153,101,0,0,0,0,0,0,0,0,0,0,1
2025-12-27 03:45:06,0,0,33.12,0,16,3,0.05,0,0,0,0,0,0,0,0,0,0,0,0,1,150,105,0,0,0,0,0,0,0,0,0,0,1
2025-12-27 03:46:06,0,0,32.94,0,16,0,0,0,0,0,0,0,0,0,0,0,0,0,0,1,148,104,0,0,0,0,0,0,0,0,0,0,1
2025-12-27 03:47:06,0,0,32.69,0,16,27,0.45,0,0,0,0,0,0,0,0,0,0,0,0,1,151,101,0,0,0,0,0,0,0,0,0,0,1
2025-12-27 03:48:06,0,0,32.44,0,16,0,0,0,0,0,0,0,0,0,0,0,0,0,0,1,151,101,0,0,0,0,0,0,0,0,0,0,1
2025-12-27 03:49:06,0,0,32.19,0,16,0,0,0,0,0,0,0,0,0,0,0,0,0,0,1,150,101,0,0,0,0,0,0,0,0,0,0,1
2025-12-27 03:50:06,0,0,32,0,16,0,0,0,0,0,0,0,0,0,0,0,0,0,0,1,150,102,0,0,0,0,0,0,0,0,0,0,1
2025-12-27 03:51:06,0,0,31.81,0,16,46,0.766667,0,0,6,0.1,0,0,0,0,0,0,0,0,1,151,101,0,0,0,0,0,0,0,0,0,0,1
2025-12-27 03:52:06,0,0,31.62,0,16,0,0,0,0,0,0,0,0,0,0,0,0,0,0,1,149,101,0,0,0,0,0,0,0,0,0,0,1
2025-12-27 03:53:06,0,0,31.5,0,16,0,0,0,0,0,0,0,0,0,0,0,0,0,0,1,148,101,0,0,0,0,0,0,0,0,0,0,1
2025-12-27 03:54:06,0,0,31.31,0,16,1038,17.3,23,0.383333,85,1.41667,0,0,0,0,0,0,0,0,1,157,101,0,0,0,0,0,0,0,0,0,0,1
2025-12-27 03:55:06,0,0,31.25,0,16,0,0,0,0,0,0,0,0,0,0,0,0,0,0,1,150,101,0,0,0,0,0,0,0,0,0,0,1
2025-12-27 03:56:06,0,0,31.31,0,16,0,0,0,0,0,0,0,0,0,0,0,0,0,0,1,150,100,0,0,0,0,0,0,0,0,0,0,1
2025-12-27 03:57:06,0,0,31.31,0,16,0,0,0,0,0,0,0,0,0,0,0,0,0,0,1,150,100,0,0,0,0,0,0,0,0,0,0,1
2025-12-27 03:58:06,0,0,31.44,0,16,0,0,0,0,0,0,0,0,0,0,0,0,0,0,1,150,100,0,0,0,0,0,0,0,0,0,0,1
2025-12-27 03:59:06,0,0,31.5,0,16,0,0,0,0,0,0,0,0,0,0,0,0,0,0,1,150,100,0,0,0,0,0,0,0,0,0,0,1
2025-12-27 04:00:06,0,0,31.56,0,16,40,0.666667,0,0,2,0.0333333,0,0,0,0,0,0,0,0,1,157,100,0,0,0,0,0,0,0,0,0,0,1
2025-12-27 04:01:06,0,0,31.56,0,16,0,0,0,0,0,0,0,0,0,0,0,0,0,0,1,154,100,0,0,0,0,0,0,0,0,0,0,1
2025-12-27 04:02:06,0,0,31.56,0,16,0,0,0,0,0,0,0,0,0,0,0,0,0,0,1,153,100,0,0,0,0,0,0,0,0,0,0,1
2025-12-27 04:03:06,0,0,31.62,0,16,0,0,0,0,0,0,0,0,0,0,0,0,0,0,1,153,100,0,0,0,0,0,0,0,0,0,0,1
2025-12-27 04:04:06,0,0,31.62,0,16,0,0,0,0,0,0,0,0,0,0,0,0,0,0,1,154,99,0,0,0,0,0,0,0,0,0,0,1
2025-12-27 04:05:06,0,0,31.69,0,16,0,0,0,0,0,0,0,0,0,0,0,0,0,0,1,153,99,0,0,0,0,0,0,0,0,0,0,1
2025-12-27 04:06:06,0,0,31.69,0,16,0,0,0,0,0,0,0,0,0,0,0,0,0,0,1,153,99,0,0,0,0,0,0,0,0,0,0,1
2025-12-27 04:07:06,0,0,31.75,0,16,0,0,0,0,0,0,0,0,0,0,0,0,0,0,1,155,100,0,0,0,0,0,0,0,0,0,0,1
2025-12-27 04:08:06,0,0,31.75,0,16,0,0,0,0,0,0,0,0,0,0,0,0,0,0,1,153,99,0,0,0,0,0,0,0,0,0,0,1
2025-12-27 04:09:06,0,0,31.81,0,16,0,0,0,0,0,0,0,0,0,0,0,0,0,0,1,153,100,0,0,0,0,0,0,0,0,0,0,1
2025-12-27 04:10:06,0,0,31.81,0,16,5,0.0833333,0,0,0,0,0,0,0,0,0,0,0,0,1,155,99,0,0,0,0,0,0,0,0,0,0,1
2025-12-27 04:11:06,0,0,31.81,0,16,658,10.9667,14,0.233333,48,0.8,0,0,0,0,0,0,0,0,1,160,102,0,0,0,0,0,0,0,0,0,0,1
2025-12-27 04:12:06,0,0,31.81,0,16,0,0,0,0,0,0,0,0,0,0,0,0,0,0,1,157,101,0,0,0,0,0,0,0,0,0,0,1
2025-12-27 04:13:06,0,0,31.69,0,16,0,0,0,0,0,0,0,0,0,0,0,0,0,0,1,156,101,0,0,0,0,0,0,0,0,0,0,1
2025-12-27 04:14:06,0,0,31.62,0,16,75,1.25,0,0,7,0.116667,0,0,0,0,0,0,0,0,1,157,101,0,0,0,0,0,0,0,0,0,0,1
2025-12-27 04:15:06,0,0,31.5,0,16,0,0,0,0,0,0,0,0,0,0,0,0,0,0,1,155,101,0,0,0,0,0,0,0,0,0,0,1
2025-12-27 04:16:06,0,0,31.44,0,16,0,0,0,0,0,0,0,0,0,0,0,0,0,0,1,156,101,0,0,0,0,0,0,0,0,0,0,1
2025-12-27 04:17:06,0,0,31.31,0,16,0,0,0,0,0,0,0,0,0,0,0,0,0,0,1,155,100,0,0,0,0,0,0,0,0,0,0,1
2025-12-27 04:18:06,0,0,31.25,0,16,0,0,0,0,0,0,0,0,0,0,0,0,0,0,1,155,100,0,0,0,0,0,0,0,0,0,0,1
2025-12-27 04:19:06,0,0,31.19,0,16,0,0,0,0,0,0,0,0,0,0,0,0,0,0,1,155,100,0,0,0,0,0,0,0,0,0,0,1
2025-12-27 04:20:06,0,0,31.12,0,16,0,0,0,0,0,0,0,0,0,0,0,0,0,0,1,156,100,0,0,0,0,0,0,0,0,0,0,1
2025-12-27 04:21:06,0,0,31.06,0,16,0,0,0,0,0,0,0,0,0,0,0,0,0,0,1,156,101,0,0,0,0,0,0,0,0,0,0,1
2025-12-27 04:22:06,0,0,31,0,16,0,0,0,0,0,0,0,0,0,0,0,0,0,0,1,155,101,0,0,0,0,0,0,0,0,0,0,1
2025-12-27 04:23:06,0,0,30.94,0,16,5,0.0833333,0,0,0,0,0,0,0,0,0,0,0,0,1,156,100,0,0,0,0,0,0,0,0,0,0,1
2025-12-27 04:24:06,0,0,30.88,0,16,0,0,0,0,0,0,0,0,0,0,0,0,0,0,1,156,101,0,0,0,0,0,0,0,0,0,0,1
2025-12-27 04:25:06,0,0,30.81,0,16,0,0,0,0,0,0,0,0,0,0,0,0,0,0,1,157,101,0,0,0,0,0,0,0,0,0,0,1
2025-12-27 04:26:06,0,0,30.81,0,16,0,0,0,0,0,0,0,0,0,0,0,0,0,0,1,157,100,0,0,0,0,0,0,0,0,0,0,1
2025-12-27 04:27:06,0,0,30.75,0,16,0,0,0,0,0,0,0,0,0,0,0,0,0,0,1,157,100,0,0,0,0,0,0,0,0,0,0,1
2025-12-27 04:28:06,0,0,30.69,0,16,0,0,0,0,0,0,0,0,0,0,0,0,0,0,1,156,100,0,0,0,0,0,0,0,0,0,0,1
2025-12-27 04:29:06,0,0,30.69,0,16,10,0.166667,0,0,0,0,0,0,0,0,0,0,0,0,1,157,100,0,0,0,0,0,0,0,0,0,0,1
2025-12-27 04:30:06,0,0,30.62,0,16,0,0,0,0,0,0,0,0,0,0,0,0,0,0,1,157,100,0,0,0,0,0,0,0,0,0,0,1
2025-12-27 04:31:06,0,0,30.62,0,16,0,0,0,0,0,0,0,0,0,0,0,0,0,0,1,156,100,0,0,0,0,0,0,0,0,0,0,1
2025-12-27 04:32:06,0,0,30.56,0,16,0,0,0,0,0,0,0,0,0,0,0,0,0,0,1,156,99,0,0,0,0,0,0,0,0,0,0,1
2025-12-27 04:33:06,0,0,30.5,0,16,4,0.0666667,0,0,0,0,0,0,0,0,0,0,0,0,1,156,100,0,0,0,0,0,0,0,0,0,0,1
2025-12-27 04:34:06,0,0,30.5,0,16,0,0,0,0,0,0,0,0,0,0,0,0,0,0,1,156,99,0,0,0,0,0,0,0,0,0,0,1
2025-12-27 04:35:06,0,0,30.5,0,16,0,0,0,0,0,0,0,0,0,0,0,0,0,0,1,155,99,0,0,0,0,0,0,0,0,0,0,1
2025-12-27 04:36:06,0,0,30.44,0,16,0,0,0,0,0,0,0,0,0,0,0,0,0,0,1,155,99,0,0,0,0,0,0,0,0,0,0,1
2025-12-27 04:37:06,0,0,30.44,0,16,0,0,0,0,0,0,0,0,0,0,0,0,0,0,1,155,99,0,0,0,0,0,0,0,0,0,0,1
2025-12-27 04:38:06,0,0,30.38,0,16,0,0,0,0,0,0,0,0,0,0,0,0,0,0,1,155,99,0,0,0,0,0,0,0,0,0,0,1
2025-12-27 04:39:06,0,0,30.38,0,16,0,0,0,0,0,0,0,0,0,0,0,0,0,0,1,155,99,0,0,0,0,0,0,0,0,0,0,1
2025-12-27 04:40:06,0,0,30.31,0,16,0,0,0,0,0,0,0,0,0,0,0,0,0,0,1,153,99,0,0,0,0,0,0,0,0,0,0,1
2025-12-27 04:41:06,0,0,30.31,0,16,0,0,0,0,0,0,0,0,0,0,0,0,0,0,1,153,98,0,0,0,0,0,0,0,0,0,0,1
2025-12-27 04:42:06,0,0,30.31,0,16,0,0,0,0,0,0,0,0,0,0,0,0,0,0,1,153,98,0,0,0,0,0,0,0,0,0,0,1
2025-12-27 04:43:06,0,0,30.25,0,16,0,0,0,0,0,0,0,0,0,0,0,0,0,0,1,152,99,0,0,0,0,0,0,0,0,0,0,1
2025-12-27 04:44:06,0,0,30.25,0,16,0,0,0,0,0,0,0,0,0,0,0,0,0,0,1,153,98,0,0,0,0,0,0,0,0,0,0,1
2025-12-27 04:45:06,0,0,30.25,0,16,0,0,0,0,0,0,0,0,0,0,0,0,0,0,1,153,98,0,0,0,0,0,0,0,0,0,0,1
2025-12-27 04:46:06,0,0,30.19,0,16,0,0,0,0,0,0,0,0,0,0,0,0,0,0,1,152,98,0,0,0,0,0,0,0,0,0,0,1
2025-12-27 04:47:06,0,0,30.19,0,16,0,0,0,0,0,0,0,0,0,0,0,0,0,0,1,152,98,0,0,0,0,0,0,0,0,0,0,1
2025-12-27 04:48:06,0,0,30.19,0,16,0,0,0,0,0,0,0,0,0,0,0,0,0,0,1,153,98,0,0,0,0,0,0,0,0,0,0,1
2025-12-27 04:49:06,0,0,30.12,0,16,0,0,0,0,0,0,0,0,0,0,0,0,0,0,1,152,98,0,0,0,0,0,0,0,0,0,0,1
2025-12-27 04:50:06,0,0,30.12,0,16,0,0,0,0,0,0,0,0,0,0,0,0,0,0,1,152,98,0,0,0,0,0,0,0,0,0,0,1
2025-12-27 04:51:06,0,0,30.19,0,16,1685,28.0833,58,0.966667,71,1.18333,0,0,0,0,0,0,0,0,2,144,98,0,0,0,0,0,0,0,0,0,0,1
2025-12-27 04:52:06,0,0,30.25,0,16,1490,24.8333,49,0.816667,99,1.65,0,0,0,0,0,0,0,0,2,157,99,0,0,0,0,0,0,0,0,0,0,1
2025-12-27 04:53:06,0,0,30.38,0,16,17,0.283333,0,0,0,0,0,0,0,0,0,0,0,0,1,156,99,0,0,0,0,0,0,0,0,0,0,1
2025-12-27 04:54:06,0,0,30.56,0,16,0,0,0,0,0,0,0,0,0,0,0,0,0,0,1,156,99,0,0,0,0,0,0,0,0,0,0,1
2025-12-27 04:55:06,0,0,30.81,0,16,686,11.4333,12,0.2,43,0.716667,0,0,0,0,0,0,0,0,2,188,128,0,0,0,0,0,0,0,0,0,0,1
2025-12-27 04:56:06,0,0,30.94,0,16,0,0,0,0,0,0,0,0,0,0,0,0,0,0,1,174,107,0,0,0,0,0,0,0,0,0,0,1
2025-12-27 04:57:06,0,0,30.88,0,16,4,0.0666667,0,0,0,0,0,0,0,0,0,0,0,0,1,174,106,0,0,0,0,0,0,0,0,0,0,1
2025-12-27 04:58:06,0,0,30.75,0,16,0,0,0,0,0,0,0,0,0,0,0,0,0,0,1,172,104,0,0,0,0,0,0,0,0,0,0,1
2025-12-27 04:59:06,0,0,30.62,0,16,0,0,0,0,0,0,0,0,0,0,0,0,0,0,1,173,103,0,0,0,0,0,0,0,0,0,0,1
2025-12-27 05:00:06,0,0,30.5,0,16,0,0,0,0,0,0,0,0,0,0,0,0,0,0,1,174,103,0,0,0,0,0,0,0,0,0,0,1
2025-12-27 05:01:06,0,0,30.38,0,16,0,0,0,0,0,0,0,0,0,0,0,0,0,0,1,174,104,0,0,0,0,0,0,0,0,0,0,1
2025-12-27 05:02:06,0,0,30.31,0,16,0,0,0,0,0,0,0,0,0,0,0,0,0,0,1,173,102,0,0,0,0,0,0,0,0,0,0,1
2025-12-27 05:03:06,0,0,30.19,0,16,0,0,0,0,0,0,0,0,0,0,0,0,0,0,1,176,102,0,0,0,0,0,0,0,0,0,0,1
2025-12-27 05:04:06,0,0,30.06,0,16,0,0,0,0,0,0,0,0,0,0,0,0,0,0,1,180,103,0,0,0,0,0,0,0,0,0,0,1
2025-12-27 05:05:06,0,0,30,0,16,0,0,0,0,0,0,0,0,0,0,0,0,0,0,1,178,103,0,0,0,0,0,0,0,0,0,0,1
2025-12-27 05:06:06,0,0,29.94,0,16,0,0,0,0,0,0,0,0,0,0,0,0,0,0,1,179,103,0,0,0,0,0,0,0,0,0,0,1
2025-12-27 05:07:06,0,0,29.88,0,16,0,0,0,0,0,0,0,0,0,0,0,0,0,0,1,180,103,0,0,0,0,0,0,0,0,0,0,1
2025-12-27 05:08:06,0,0,29.81,0,16,0,0,0,0,0,0,0,0,0,0,0,0,0,0,1,182,104,0,0,0,0,0,0,0,0,0,0,1
2025-12-27 05:09:06,0,0,29.75,0,16,4,0.0666667,0,0,0,0,0,0,0,0,0,0,0,0,1,182,104,0,0,0,0,0,0,0,0,0,0,1
2025-12-27 05:10:06,0,0,29.69,0,16,0,0,0,0,0,0,0,0,0,0,0,0,0,0,1,181,106,0,0,0,0,0,0,0,0,0,0,1
2025-12-27 05:11:06,0,0,29.62,0,16,0,0,0,0,0,0,0,0,0,0,0,0,0,0,1,182,106,0,0,0,0,0,0,0,0,0,0,1
2025-12-27 05:12:06,0,0,29.62,0,16,0,0,0,0,0,0,0,0,0,0,0,0,0,0,1,183,107,0,0,0,0,0,0,0,0,0,0,1
2025-12-27 05:13:06,0,0,29.56,0,16,0,0,0,0,0,0,0,0,0,0,0,0,0,0,1,183,108,0,0,0,0,0,0,0,0,0,0,1
2025-12-27 05:14:06,0,0,29.69,0,1,642,10.7,12,0.2,43,0.716667,0,0,0,0,0,0,0,0,1,165,102,0,0,0,0,0,0,0,0,0,0,1
2025-12-27 05:15:06,0,0,29.94,0,1,0,0,0,0,0,0,0,0,0,0,0,0,0,0,1,156,100,0,0,0,0,0,0,0,0,0,0,1
2025-12-27 05:16:06,0,0,30.06,0,1,1760,29.3333,54,0.9,81,1.35,0,0,0,0,0,0,0,0,2,172,116,0,0,0,0,0,0,0,0,0,0,1
2025-12-27 05:17:06,0,0,30.25,0,8,0,0,0,0,0,0,0,0,0,0,0,0,0,0,1,157,104,0,0,0,0,0,0,0,0,0,0,1
2025-12-27 05:18:06,0,0,30.25,0,8,0,0,0,0,0,0,0,0,0,0,0,0,0,0,1,154,103,0,0,0,0,0,0,0,0,0,0,1
2025-12-27 05:19:06,0,0,30.19,0,8,0,0,0,0,0,0,0,0,0,0,0,0,0,0,1,154,102,0,0,0,0,0,0,0,0,0,0,1
2025-12-27 05:20:06,0,0,30.19,0,8,0,0,0,0,0,0,0,0,0,0,0,0,0,0,1,154,102,0,0,0,0,0,0,0,0,0,0,1
2025-12-27 05:21:06,0,0,30.12,0,8,13,0.216667,0,0,1,0.0166667,0,0,0,0,0,0,0,0,1,156,102,0,0,0,0,0,0,0,0,0,0,1
2025-12-27 05:22:06,0,0,30.19,0,8,0,0,0,0,0,0,0,0,0,0,0,0,0,0,1,156,101,0,0,0,0,0,0,0,0,0,0,1
2025-12-27 05:23:06,0,0,30.19,0,8,0,0,0,0,0,0,0,0,0,0,0,0,0,0,1,155,102,0,0,0,0,0,0,0,0,0,0,1
2025-12-27 05:24:06,0,0,30.19,0,8,0,0,0,0,0,0,0,0,0,0,0,0,0,0,1,157,102,0,0,0,0,0,0,0,0,0,0,1
2025-12-27 05:25:06,0,0,30.12,0,1,1275,21.25,30,0.5,80,1.33333,0,0,0,0,0,0,0,0,1,158,99,0,0,0,0,0,0,0,0,0,0,1
2025-12-27 05:26:06,0,0,30.06,0,1,0,0,0,0,0,0,0,0,0,0,0,0,0,0,1,150,99,0,0,0,0,0,0,0,0,0,0,1
2025-12-27 05:27:06,0,0,30.06,0,1,0,0,0,0,0,0,0,0,0,0,0,0,0,0,1,147,99,0,0,0,0,0,0,0,0,0,0,1
2025-12-27 05:28:06,0,0,30.06,0,1,0,0,0,0,0,0,0,0,0,0,0,0,0,0,2,146,99,0,0,0,0,0,0,0,0,0,0,1
2025-12-27 05:29:06,0,0,30.06,0,1,1051,17.5167,27,0.45,77,1.28333,0,0,0,0,0,0,0,0,2,140,103,0,0,0,0,0,0,0,0,0,0,1
2025-12-27 05:30:06,0,0,30.12,0,1,3774,62.9,105,1.75,195,3.25,0,0,0,0,0,0,0,0,2,156,100,0,0,0,0,0,0,0,0,0,0,1
2025-12-27 05:31:06,0,0,30.12,0,1,2219,36.9833,41,0.683333,133,2.21667,0,0,0,0,0,0,0,0,2,139,98,0,0,0,0,0,0,0,0,0,0,1
2025-12-27 05:32:06,0,0,30.06,0,16,7008,116.8,161,2.68333,382,6.36667,0,0,0,0,0,0,0,0,2,151,101,0,0,0,0,0,0,0,0,0,0,1
2025-12-27 05:33:06,0,0,30.19,0,1,80,1.33333,1,0.0166667,6,0.1,0,0,0,0,0,0,0,0,2,162,100,0,0,0,0,0,0,0,0,0,0,1
2025-12-27 05:34:06,0,0,30.06,0,1,28,0.466667,0,0,3,0.05,0,0,0,0,0,0,0,0,2,220,154,0,0,0,0,0,0,0,0,0,0,1
2025-12-27 05:35:06,0,0,30,0,1,0,0,0,0,0,0,0,0,0,0,0,0,0,0,2,213,136,0,0,0,0,0,0,0,0,0,0,1
2025-12-27 05:36:06,0,0,30,0,1,0,0,0,0,0,0,0,0,0,0,0,0,0,0,2,209,128,0,0,0,0,0,0,0,0,0,0,1
2025-12-27 05:37:06,0,0,30.06,0,1,0,0,0,0,0,0,0,0,0,0,0,0,0,0,1,206,122,0,0,0,0,0,0,0,0,0,0,1
2025-12-27 05:38:06,0,0,30.19,0,1,0,0,0,0,0,0,0,0,0,0,0,0,0,0,1,204,118,0,0,0,0,0,0,0,0,0,0,1
2025-12-27 05:39:06,0,0,30.25,0,1,0,0,0,0,0,0,0,0,0,0,0,0,0,0,1,204,118,0,0,0,0,0,0,0,0,0,0,1
2025-12-27 05:40:06,0,0,30.38,0,1,0,0,0,0,0,0,0,0,0,0,0,0,0,0,1,203,117,0,0,0,0,0,0,0,0,0,0,1
2025-12-27 05:41:06,0,0,30.5,0,1,0,0,0,0,0,0,0,0,0,0,0,0,0,0,1,203,116,0,0,0,0,0,0,0,0,0,0,1
2025-12-27 05:42:06,0,0,30.5,0,1,0,0,0,0,0,0,0,0,0,0,0,0,0,0,1,201,116,0,0,0,0,0,0,0,0,0,0,1
2025-12-27 05:43:06,0,0,30.44,0,16,1433,23.8833,43,0.716667,73,1.21667,0,0,0,0,0,0,0,0,2,142,103,0,0,0,0,0,0,0,0,0,0,1
2025-12-27 05:44:06,0,0,30.38,0,16,0,0,0,0,0,0,0,0,0,0,0,0,0,0,1,140,101,0,0,0,0,0,0,0,0,0,0,1
2025-12-27 05:45:06,0,0,30.31,0,16,0,0,0,0,0,0,0,0,0,0,0,0,0,0,1,140,100,0,0,0,0,0,0,0,0,0,0,1
2025-12-27 05:46:06,0,0,30.31,0,16,0,0,0,0,0,0,0,0,0,0,0,0,0,0,1,140,100,0,0,0,0,0,0,0,0,0,0,1
2025-12-27 05:47:06,0,0,30.25,0,16,0,0,0,0,0,0,0,0,0,0,0,0,0,0,1,139,100,0,0,0,0,0,0,0,0,0,0,1
2025-12-27 05:48:06,0,0,30.25,0,16,0,0,0,0,0,0,0,0,0,0,0,0,0,0,1,139,100,0,0,0,0,0,0,0,0,0,0,1
2025-12-27 05:49:06,0,0,30.25,0,16,0,0,0,0,0,0,0,0,0,0,0,0,0,0,1,139,100,0,0,0,0,0,0,0,0,0,0,1
2025-12-27 05:50:06,0,0,30.25,0,16,0,0,0,0,0,0,0,0,0,0,0,0,0,0,1,139,100,0,0,0,0,0,0,0,0,0,0,1
2025-12-27 05:51:06,0,0,30.25,0,16,0,0,0,0,0,0,0,0,0,0,0,0,0,0,1,139,100,0,0,0,0,0,0,0,0,0,0,1
2025-12-27 05:52:06,0,0,30.25,0,16,0,0,0,0,0,0,0,0,0,0,0,0,0,0,1,139,100,0,0,0,0,0,0,0,0,0,0,1
2025-12-27 05:53:06,0,0,30.25,0,16,0,0,0,0,0,0,0,0,0,0,0,0,0,0,1,139,100,0,0,0,0,0,0,0,0,0,0,1
2025-12-27 05:54:06,0,0,30.31,0,16,0,0,0,0,0,0,0,0,0,0,0,0,0,0,1,139,100,0,0,0,0,0,0,0,0,0,0,1
2025-12-27 05:55:06,0,0,30.31,0,16,0,0,0,0,0,0,0,0,0,0,0,0,0,0,1,139,100,0,0,0,0,0,0,0,0,0,0,1
2025-12-27 05:56:06,0,0,30.31,0,16,0,0,0,0,0,0,0,0,0,0,0,0,0,0,1,139,100,0,0,0,0,0,0,0,0,0,0,1
2025-12-27 05:57:06,0,0,30.25,0,16,0,0,0,0,0,0,0,0,0,0,0,0,0,0,1,139,100,0,0,0,0,0,0,0,0,0,0,1
2025-12-27 05:58:06,0,0,30.25,0,16,0,0,0,0,0,0,0,0,0,0,0,0,0,0,1,139,100,0,0,0,0,0,0,0,0,0,0,1
2025-12-27 05:59:06,0,0,30.19,0,16,0,0,0,0,0,0,0,0,0,0,0,0,0,0,1,139,100,0,0,0,0,0,0,0,0,0,0,1
2025-12-27 06:00:06,0,0,30.19,0,16,0,0,0,0,0,0,0,0,0,0,0,0,0,0,1,139,100,0,0,0,0,0,0,0,0,0,0,1
2025-12-27 06:01:06,0,0,30.19,0,16,0,0,0,0,0,0,0,0,0,0,0,0,0,0,1,139,100,0,0,0,0,0,0,0,0,0,0,1
2025-12-27 06:02:06,0,0,30.12,0,16,0,0,0,0,0,0,0,0,0,0,0,0,0,0,1,139,100,0,0,0,0,0,0,0,0,0,0,1
2025-12-27 06:03:06,0,0,30.12,0,16,0,0,0,0,0,0,0,0,0,0,0,0,0,0,1,139,100,0,0,0,0,0,0,0,0,0,0,1
2025-12-27 06:04:06,0,0,30.19,0,16,0,0,0,0,0,0,0,0,0,0,0,0,0,0,1,139,100,0,0,0,0,0,0,0,0,0,0,1
2025-12-27 06:05:06,0,0,30.19,0,16,0,0,0,0,0,0,0,0,0,0,0,0,0,0,1,139,100,0,0,0,0,0,0,0,0,0,0,1
2025-12-27 06:06:06,0,0,30.12,0,16,0,0,0,0,0,0,0,0,0,0,0,0,0,0,1,139,100,0,0,0,0,0,0,0,0,0,0,1
2025-12-27 06:07:06,0,0,30.12,0,16,0,0,0,0,0,0,0,0,0,0,0,0,0,0,1,139,100,0,0,0,0,0,0,0,0,0,0,1
2025-12-27 06:08:06,0,0,30.12,0,16,0,0,0,0,0,0,0,0,0,0,0,0,0,0,1,139,100,0,0,0,0,0,0,0,0,0,0,1
2025-12-27 06:09:06,0,0,30.12,0,16,0,0,0,0,0,0,0,0,0,0,0,0,0,0,1,139,100,0,0,0,0,0,0,0,0,0,0,1
2025-12-27 06:10:06,0,0,30.06,0,16,0,0,0,0,0,0,0,0,0,0,0,0,0,0,1,139,100,0,0,0,0,0,0,0,0,0,0,1
2025-12-27 06:11:06,0,0,30.06,0,16,0,0,0,0,0,0,0,0,0,0,0,0,0,0,1,139,100,0,0,0,0,0,0,0,0,0,0,1
2025-12-27 06:12:06,0,0,30.06,0,16,0,0,0,0,0,0,0,0,0,0,0,0,0,0,1,139,100,0,0,0,0,0,0,0,0,0,0,1
2025-12-27 06:13:06,0,0,30.06,0,16,1534,25.5667,54,0.9,71,1.18333,0,0,0,0,0,0,0,0,2,139,98,0,0,0,0,0,0,0,0,0,0,1
2025-12-27 06:14:06,0,0,30.06,0,1,58,0.966667,0,0,7,0.116667,0,0,0,0,0,0,0,0,1,141,99,0,0,0,0,0,0,0,0,0,0,1
2025-12-27 06:15:06,0,0,30.31,0,1,0,0,0,0,1,0.0166667,0,0,0,0,0,0,0,0,1,141,99,0,0,0,0,0,0,0,0,0,0,1
2025-12-27 06:16:06,0,0,30.5,0,1,0,0,0,0,0,0,0,0,0,0,0,0,0,0,1,142,99,0,0,0,0,0,0,0,0,0,0,1
2025-12-27 06:17:06,0,0,30.81,0,16,547,9.11667,14,0.233333,37,0.616667,0,0,0,0,0,0,0,0,2,138,99,0,0,0,0,0,0,0,0,0,0,1
2025-12-27 06:18:06,0,0,31.12,0,16,0,0,0,0,0,0,0,0,0,0,0,0,0,0,1,137,99,0,0,0,0,0,0,0,0,0,0,1
2025-12-27 06:19:06,0,0,31.31,0,16,0,0,0,0,0,0,0,0,0,0,0,0,0,0,1,137,99,0,0,0,0,0,0,0,0,0,0,1
2025-12-27 06:20:06,0,0,31.56,0,16,0,0,0,0,0,0,0,0,0,0,0,0,0,0,1,137,99,0,0,0,0,0,0,0,0,0,0,1
2025-12-27 06:21:06,0,0,31.75,0,16,0,0,0,0,0,0,0,0,0,0,0,0,0,0,1,137,99,0,0,0,0,0,0,0,0,0,0,1
2025-12-27 06:22:06,0,0,31.94,0,16,0,0,0,0,0,0,0,0,0,0,0,0,0,0,1,138,99,0,0,0,0,0,0,0,0,0,0,1
2025-12-27 06:23:06,0,0,32.06,0,16,0,0,0,0,0,0,0,0,0,0,0,0,0,0,1,137,100,0,0,0,0,0,0,0,0,0,0,1
2025-12-27 06:24:06,0,0,32.19,0,16,60,1,1,0.0166667,6,0.1,0,0,0,0,0,0,0,0,1,138,99,0,0,0,0,0,0,0,0,0,0,1
2025-12-27 06:25:06,0,0,32.38,0,1,933,15.55,30,0.5,63,1.05,0,0,0,0,0,0,0,0,2,138,99,0,0,0,0,0,0,0,0,0,0,1
2025-12-27 06:26:06,0,0,32.62,0,1,0,0,0,0,0,0,0,0,0,0,0,0,0,0,1,138,99,0,0,0,0,0,0,0,0,0,0,1
2025-12-27 06:27:06,0,0,32.69,0,16,1645,27.4167,48,0.8,99,1.65,0,0,0,0,0,0,0,0,2,142,100,0,0,0,0,0,0,0,0,0,0,1
2025-12-27 06:28:06,0,0,32.5,0,16,0,0,0,0,0,0,0,0,0,0,0,0,0,0,1,141,100,0,0,0,0,0,0,0,0,0,0,1
2025-12-27 06:29:06,0,0,32.25,0,16,0,0,0,0,0,0,0,0,0,0,0,0,0,0,1,142,100,0,0,0,0,0,0,0,0,0,0,1
2025-12-27 06:30:06,0,0,32.06,0,16,0,0,0,0,0,0,0,0,0,0,0,0,0,0,1,141,99,0,0,0,0,0,0,0,0,0,0,1
2025-12-27 06:31:06,0,0,31.81,0,16,0,0,0,0,0,0,0,0,0,0,0,0,0,0,1,141,99,0,0,0,0,0,0,0,0,0,0,1
2025-12-27 06:32:06,0,0,31.56,0,16,0,0,0,0,0,0,0,0,0,0,0,0,0,0,1,141,99,0,0,0,0,0,0,0,0,0,0,1
2025-12-27 06:33:06,0,0,31.38,0,16,0,0,0,0,0,0,0,0,0,0,0,0,0,0,1,143,99,0,0,0,0,0,0,0,0,0,0,1
2025-12-27 06:34:06,0,0,31.19,0,16,0,0,0,0,0,0,0,0,0,0,0,0,0,0,1,141,99,0,0,0,0,0,0,0,0,0,0,1
2025-12-27 06:35:06,0,0,31.06,0,16,0,0,0,0,0,0,0,0,0,0,0,0,0,0,1,141,99,0,0,0,0,0,0,0,0,0,0,1
2025-12-27 06:36:06,0,0,30.88,0,16,0,0,0,0,0,0,0,0,0,0,0,0,0,0,1,141,99,0,0,0,0,0,0,0,0,0,0,1
2025-12-27 06:37:06,0,0,30.75,0,16,0,0,0,0,0,0,0,0,0,0,0,0,0,0,1,142,99,0,0,0,0,0,0,0,0,0,0,1
2025-12-27 06:38:06,0,0,30.62,0,16,0,0,0,0,0,0,0,0,0,0,0,0,0,0,1,141,99,0,0,0,0,0,0,0,0,0,0,1
2025-12-27 06:39:06,0,0,30.56,0,16,0,0,0,0,0,0,0,0,0,0,0,0,0,0,1,142,99,0,0,0,0,0,0,0,0,0,0,1
2025-12-27 06:40:06,0,0,30.44,0,16,0,0,0,0,0,0,0,0,0,0,0,0,0,0,1,141,99,0,0,0,0,0,0,0,0,0,0,1
2025-12-27 06:41:06,0,0,30.31,0,16,0,0,0,0,0,0,0,0,0,0,0,0,0,0,1,141,99,0,0,0,0,0,0,0,0,0,0,1
2025-12-27 06:42:06,0,0,30.25,0,16,836,13.9333,17,0.283333,60,1,0,0,0,0,0,0,0,0,1,148,100,0,0,0,0,0,0,0,0,0,0,1
2025-12-27 06:43:06,0,0,30.19,0,16,0,0,0,0,0,0,0,0,0,0,0,0,0,0,1,146,100,0,0,0,0,0,0,0,0,0,0,1
2025-12-27 06:44:06,0,0,30.12,0,16,0,0,0,0,0,0,0,0,0,0,0,0,0,0,1,145,100,0,0,0,0,0,0,0,0,0,0,1
2025-12-27 06:45:06,0,0,30.06,0,16,0,0,0,0,0,0,0,0,0,0,0,0,0,0,1,144,99,0,0,0,0,0,0,0,0,0,0,1
2025-12-27 06:46:06,0,0,30,0,16,0,0,0,0,0,0,0,0,0,0,0,0,0,0,1,146,100,0,0,0,0,0,0,0,0,0,0,1
2025-12-27 06:47:06,0,0,29.94,0,16,0,0,0,0,0,0,0,0,0,0,0,0,0,0,1,147,99,0,0,0,0,0,0,0,0,0,0,1
2025-12-27 06:48:06,0,0,29.81,0,16,0,0,0,0,0,0,0,0,0,0,0,0,0,0,1,147,100,0,0,0,0,0,0,0,0,0,0,1
2025-12-27 06:49:06,0,0,29.81,0,16,0,0,0,0,0,0,0,0,0,0,0,0,0,0,1,146,100,0,0,0,0,0,0,0,0,0,0,1
2025-12-27 06:50:06,0,0,29.75,0,16,0,0,0,0,0,0,0,0,0,0,0,0,0,0,1,145,100,0,0,0,0,0,0,0,0,0,0,1
2025-12-27 06:51:06,0,0,29.75,0,16,497,8.28333,8,0.133333,36,0.6,0,0,0,0,0,0,0,0,1,138,98,0,0,0,0,0,0,0,0,0,0,1
2025-12-27 06:52:06,0,0,29.88,0,16,0,0,0,0,0,0,0,0,0,0,0,0,0,0,1,138,98,0,0,0,0,0,0,0,0,0,0,1
2025-12-27 06:53:06,0,0,30.06,0,16,0,0,0,0,0,0,0,0,0,0,0,0,0,0,1,138,99,0,0,0,0,0,0,0,0,0,0,1
2025-12-27 06:54:06,0,0,30.19,0,16,0,0,0,0,0,0,0,0,0,0,0,0,0,0,1,138,98,0,0,0,0,0,0,0,0,0,0,1
2025-12-27 06:55:06,0,0,30.31,0,16,0,0,0,0,0,0,0,0,0,0,0,0,0,0,1,138,98,0,0,0,0,0,0,0,0,0,0,1
2025-12-27 06:56:06,0,0,30.38,0,16,0,0,0,0,0,0,0,0,0,0,0,0,0,0,1,138,99,0,0,0,0,0,0,0,0,0,0,1
2025-12-27 06:57:06,0,0,30.44,0,16,2514,41.9,81,1.35,155,2.58333,0,0,0,0,0,0,0,0,2,157,100,0,0,0,0,0,0,0,0,0,0,1
2025-12-27 06:58:06,0,0,30.69,0,1,8,0.133333,0,0,0,0,0,0,0,0,0,0,0,0,1,142,99,0,0,0,0,0,0,0,0,0,0,1
2025-12-27 06:59:06,0,0,30.94,0,1,17,0.283333,0,0,0,0,0,0,0,0,0,0,0,0,1,145,99,0,0,0,0,0,0,0,0,0,0,1
2025-12-27 07:00:06,0,0,31.12,0,1,0,0,0,0,0,0,0,0,0,0,0,0,0,0,1,142,99,0,0,0,0,0,0,0,0,0,0,1
2025-12-27 07:01:06,0,0,31.31,0,1,0,0,0,0,0,0,0,0,0,0,0,0,0,0,2,141,99,0,0,0,0,0,0,0,0,0,0,1
2025-12-27 07:02:06,0,0,31.5,0,1,509,8.48333,13,0.216667,44,0.733333,0,0,0,0,0,0,0,0,1,141,99,0,0,0,0,0,0,0,0,0,0,1
2025-12-27 07:03:06,0,0,31.69,0,1,171,2.85,4,0.0666667,17,0.283333,0,0,0,0,0,0,0,0,1,153,99,0,0,0,0,0,0,0,0,0,0,1
2025-12-27 07:04:06,0,0,31.88,0,1,0,0,0,0,0,0,0,0,0,0,0,0,0,0,1,153,99,0,0,0,0,0,0,0,0,0,0,1
2025-12-27 07:05:06,0,0,32.06,0,1,1737,28.95,44,0.733333,118,1.96667,0,0,0,0,0,0,0,0,2,158,100,0,0,0,0,0,0,0,0,0,0,1
2025-12-27 07:06:06,0,0,32.19,0,16,0,0,0,0,0,0,0,0,0,0,0,0,0,0,1,149,99,0,0,0,0,0,0,0,0,0,0,1
2025-12-27 07:07:06,0,0,32.31,0,16,0,0,0,0,0,0,0,0,0,0,0,0,0,0,1,150,100,0,0,0,0,0,0,0,0,0,0,1
2025-12-27 07:08:06,0,0,32.38,0,16,0,0,0,0,0,0,0,0,0,0,0,0,0,0,1,150,100,0,0,0,0,0,0,0,0,0,0,1
2025-12-27 07:09:06,0,0,32.5,0,16,0,0,0,0,0,0,0,0,0,0,0,0,0,0,1,150,100,0,0,0,0,0,0,0,0,0,0,1
2025-12-27 07:10:06,0,0,32.56,0,16,0,0,0,0,0,0,0,0,0,0,0,0,0,0,1,148,100,0,0,0,0,0,0,0,0,0,0,1
2025-12-27 07:11:06,0,0,32.62,0,16,0,0,0,0,0,0,0,0,0,0,0,0,0,0,1,150,100,0,0,0,0,0,0,0,0,0,0,1
2025-12-27 07:12:06,0,0,32.69,0,16,0,0,0,0,0,0,0,0,0,0,0,0,0,0,1,149,100,0,0,0,0,0,0,0,0,0,0,1
2025-12-27 07:13:06,0,0,32.75,0,16,0,0,0,0,0,0,0,0,0,0,0,0,0,0,1,150,100,0,0,0,0,0,0,0,0,0,0,1
2025-12-27 07:14:06,0,0,32.81,0,16,0,0,0,0,0,0,0,0,0,0,0,0,0,0,1,149,99,0,0,0,0,0,0,0,0,0,0,1
2025-12-27 07:15:06,0,0,32.88,0,16,0,0,0,0,0,0,0,0,0,0,0,0,0,0,1,150,100,0,0,0,0,0,0,0,0,0,0,1
2025-12-27 07:16:06,0,0,32.94,0,16,0,0,0,0,0,0,0,0,0,0,0,0,0,0,1,150,100,0,0,0,0,0,0,0,0,0,0,1
2025-12-27 07:17:06,0,0,33,0,16,0,0,0,0,0,0,0,0,0,0,0,0,0,0,1,149,100,0,0,0,0,0,0,0,0,0,0,1
2025-12-27 07:18:06,0,0,33.06,0,16,0,0,0,0,0,0,0,0,0,0,0,0,0,0,1,150,99,0,0,0,0,0,0,0,0,0,0,1
2025-12-27 07:19:06,0,0,33.12,0,16,0,0,0,0,0,0,0,0,0,0,0,0,0,0,1,149,99,0,0,0,0,0,0,0,0,0,0,1
2025-12-27 07:20:06,0,0,33.12,0,16,0,0,0,0,0,0,0,0,0,0,0,0,0,0,1,149,100,0,0,0,0,0,0,0,0,0,0,1
2025-12-27 07:21:06,0,0,33.19,0,16,0,0,0,0,0,0,0,0,0,0,0,0,0,0,1,150,99,0,0,0,0,0,0,0,0,0,0,1
2025-12-27 07:22:06,0,0,33.19,0,16,0,0,0,0,0,0,0,0,0,0,0,0,0,0,1,150,100,0,0,0,0,0,0,0,0,0,0,1
2025-12-27 07:23:06,0,0,33.25,0,16,0,0,0,0,0,0,0,0,0,0,0,0,0,0,1,149,99,0,0,0,0,0,0,0,0,0,0,1
2025-12-27 07:24:06,0,0,33.31,0,16,0,0,0,0,0,0,0,0,0,0,0,0,0,0,1,150,99,0,0,0,0,0,0,0,0,0,0,1
2025-12-27 07:25:06,0,0,33.31,0,16,0,0,0,0,0,0,0,0,0,0,0,0,0,0,1,148,99,0,0,0,0,0,0,0,0,0,0,1
2025-12-27 07:26:06,0,0,33.38,0,16,0,0,0,0,0,0,0,0,0,0,0,0,0,0,1,147,99,0,0,0,0,0,0,0,0,0,0,1
2025-12-27 07:27:06,0,0,33.38,0,1,1291,21.5167,36,0.6,92,1.53333,0,0,0,0,0,0,0,0,2,173,105,0,0,0,0,0,0,0,0,0,0,1
2025-12-27 07:28:06,0,0,33.38,0,1,24,0.4,0,0,1,0.0166667,0,0,0,0,0,0,0,0,1,174,103,0,0,0,0,0,0,0,0,0,0,1
2025-12-27 07:29:06,0,0,33.44,0,1,0,0,0,0,0,0,0,0,0,0,0,0,0,0,1,174,103,0,0,0,0,0,0,0,0,0,0,1
2025-12-27 07:30:06,0,0,33.5,0,1,0,0,0,0,0,0,0,0,0,0,0,0,0,0,1,170,102,0,0,0,0,0,0,0,0,0,0,1
2025-12-27 07:31:06,0,0,33.56,0,16,1024,17.0667,33,0.55,56,0.933333,0,0,0,0,0,0,0,0,2,152,99,0,0,0,0,0,0,0,0,0,0,1
2025-12-27 07:32:06,0,0,33.69,0,16,0,0,0,0,0,0,0,0,0,0,0,0,0,0,1,149,100,0,0,0,0,0,0,0,0,0,0,1
2025-12-27 07:33:06,0,0,33.75,0,16,7,0.116667,0,0,0,0,0,0,0,0,0,0,0,0,1,150,99,0,0,0,0,0,0,0,0,0,0,1
2025-12-27 07:34:06,0,0,33.81,0,16,1636,27.2667,47,0.783333,131,2.18333,0,0,0,0,0,0,0,0,2,151,100,0,0,0,0,0,0,0,0,0,0,1
2025-12-27 07:35:06,0,0,33.81,0,16,0,0,0,0,0,0,0,0,0,0,0,0,0,0,1,147,99,0,0,0,0,0,0,0,0,0,0,1
2025-12-27 07:36:06,0,0,33.94,0,16,0,0,0,0,0,0,0,0,0,0,0,0,0,0,1,147,99,0,0,0,0,0,0,0,0,0,0,1
2025-12-27 07:37:06,0,0,34,0,16,0,0,0,0,0,0,0,0,0,0,0,0,0,0,1,145,99,0,0,0,0,0,0,0,0,0,0,1
2025-12-27 07:38:06,0,0,34.06,0,16,0,0,0,0,0,0,0,0,0,0,0,0,0,0,1,145,99,0,0,0,0,0,0,0,0,0,0,1
2025-12-27 07:39:06,0,0,34.12,0,16,0,0,0,0,0,0,0,0,0,0,0,0,0,0,1,146,100,0,0,0,0,0,0,0,0,0,0,1
2025-12-27 07:40:06,0,0,34.19,0,16,0,0,0,0,0,0,0,0,0,0,0,0,0,0,1,147,99,0,0,0,0,0,0,0,0,0,0,1
2025-12-27 07:41:06,0,0,34.19,0,16,0,0,0,0,0,0,0,0,0,0,0,0,0,0,1,146,99,0,0,0,0,0,0,0,0,0,0,1
2025-12-27 07:42:06,0,0,34.25,0,16,0,0,0,0,0,0,0,0,0,0,0,0,0,0,1,146,99,0,0,0,0,0,0,0,0,0,0,1
2025-12-27 07:43:06,0,0,34.25,0,16,4,0.0666667,0,0,1,0.0166667,0,0,0,0,0,0,0,0,1,145,99,0,0,0,0,0,0,0,0,0,0,1
2025-12-27 07:44:06,0,0,34.38,0,16,427,7.11667,7,0.116667,35,0.583333,0,0,0,0,0,0,0,0,1,139,99,0,0,0,0,0,0,0,0,0,0,1
2025-12-27 07:45:06,0,0,34.38,0,16,2367,39.45,64,1.06667,124,2.06667,0,0,0,0,0,0,0,0,2,146,100,0,0,0,0,0,0,0,0,0,0,1
2025-12-27 07:46:06,0,0,34.31,0,16,0,0,0,0,0,0,0,0,0,0,0,0,0,0,2,143,99,0,0,0,0,0,0,0,0,0,0,1
2025-12-27 07:47:06,0,0,34.19,0,16,796,13.2667,20,0.333333,60,1,0,0,0,0,0,0,0,0,2,140,99,0,0,0,0,0,0,0,0,0,0,1
2025-12-27 07:48:06,0,0,34.19,0,16,974,16.2333,36,0.6,64,1.06667,0,0,0,0,0,0,0,0,2,145,100,0,0,0,0,0,0,0,0,0,0,1
2025-12-27 07:49:06,0,0,34.19,0,16,0,0,0,0,0,0,0,0,0,0,0,0,0,0,2,144,99,0,0,0,0,0,0,0,0,0,0,1
2025-12-27 07:50:06,0,0,34.25,0,16,0,0,0,0,0,0,0,0,0,0,0,0,0,0,1,144,99,0,0,0,0,0,0,0,0,0,0,1
2025-12-27 07:51:06,0,0,34.25,0,16,0,0,0,0,0,0,0,0,0,0,0,0,0,0,1,144,99,0,0,0,0,0,0,0,0,0,0,1
2025-12-27 07:52:06,0,0,34.31,0,16,0,0,0,0,0,0,0,0,0,0,0,0,0,0,1,144,99,0,0,0,0,0,0,0,0,0,0,1
2025-12-27 07:53:06,0,0,34.38,0,16,0,0,0,0,0,0,0,0,0,0,0,0,0,0,1,144,99,0,0,0,0,0,0,0,0,0,0,1
2025-12-27 07:54:06,0,0,34.44,0,16,0,0,0,0,0,0,0,0,0,0,0,0,0,0,1,145,99,0,0,0,0,0,0,0,0,0,0,1
2025-12-27 07:55:06,0,0,34.44,0,16,0,0,0,0,0,0,0,0,0,0,0,0,0,0,1,144,99,0,0,0,0,0,0,0,0,0,0,1
2025-12-27 07:56:06,0,0,34.5,0,16,0,0,0,0,0,0,0,0,0,0,0,0,0,0,1,144,99,0,0,0,0,0,0,0,0,0,0,1
2025-12-27 07:57:06,0,0,34.56,0,16,7,0.116667,0,0,1,0.0166667,0,0,0,0,0,0,0,0,1,144,99,0,0,0,0,0,0,0,0,0,0,1
2025-12-27 07:58:06,0,0,34.56,0,16,1254,20.9,41,0.683333,75,1.25,0,0,0,0,0,0,0,0,2,142,99,0,0,0,0,0,0,0,0,0,0,1
2025-12-27 07:59:06,0,0,34.56,0,16,0,0,0,0,0,0,0,0,0,0,0,0,0,0,1,140,100,0,0,0,0,0,0,0,0,0,0,1
2025-12-27 08:00:06,0,0,34.56,0,16,10,0.166667,0,0,1,0.0166667,0,0,0,0,0,0,0,0,1,140,99,0,0,0,0,0,0,0,0,0,0,1
2025-12-27 08:01:06,0,0,34.62,0,16,0,0,0,0,0,0,0,0,0,0,0,0,0,0,1,141,99,0,0,0,0,0,0,0,0,0,0,1
2025-12-27 08:02:06,0,0,34.62,0,16,0,0,0,0,0,0,0,0,0,0,0,0,0,0,1,140,99,0,0,0,0,0,0,0,0,0,0,1
2025-12-27 08:03:06,0,0,34.62,0,16,15,0.25,0,0,0,0,0,0,0,0,0,0,0,0,1,140,99,0,0,0,0,0,0,0,0,0,0,1
2025-12-27 08:04:06,0,0,34.62,0,16,831,13.85,19,0.316667,67,1.11667,0,0,0,0,0,0,0,0,1,140,99,0,0,0,0,0,0,0,0,0,0,1
2025-12-27 08:05:06,0,0,34.56,0,16,0,0,0,0,0,0,0,0,0,0,0,0,0,0,1,140,99,0,0,0,0,0,0,0,0,0,0,1
2025-12-27 08:06:06,0,0,34.5,0,16,0,0,0,0,0,0,0,0,0,0,0,0,0,0,1,140,99,0,0,0,0,0,0,0,0,0,0,1
2025-12-27 08:07:06,0,0,34.44,0,16,0,0,0,0,0,0,0,0,0,0,0,0,0,0,1,140,99,0,0,0,0,0,0,0,0,0,0,1
2025-12-27 08:08:06,0,0,34.38,0,16,0,0,0,0,0,0,0,0,0,0,0,0,0,0,1,140,99,0,0,0,0,0,0,0,0,0,0,1
2025-12-27 08:09:06,0,0,34.38,0,16,573,9.55,23,0.383333,35,0.583333,0,0,0,0,0,0,0,0,1,140,99,0,0,0,0,0,0,0,0,0,0,1
2025-12-27 08:10:06,0,0,34.31,0,16,0,0,0,0,0,0,0,0,0,0,0,0,0,0,1,140,99,0,0,0,0,0,0,0,0,0,0,1
2025-12-27 08:11:06,0,0,34.31,0,16,560,9.33333,16,0.266667,46,0.766667,0,0,0,0,0,0,0,0,2,145,99,0,0,0,0,0,0,0,0,0,0,1
2025-12-27 08:12:06,0,0,34.31,0,16,0,0,0,0,0,0,0,0,0,0,0,0,0,0,1,143,100,0,0,0,0,0,0,0,0,0,0,1
2025-12-27 08:13:06,0,0,34.38,0,8,1981,33.0167,62,1.03333,110,1.83333,0,0,0,0,0,0,0,0,12,138,99,0,0,0,0,0,0,0,0,0,0,0
2025-12-27 08:14:06,0,0,34.44,0,8,15,0.25,0,0,0,0,0,0,0,0,0,0,0,0,0,137,99,0,0,0,0,0,0,0,0,0,0,0
2025-12-27 08:15:06,0,1,34.25,0,1,5523,92.05,149,2.48333,312,5.2,0,0,0,0,0,0,0,0,0,140,107,0,0,0,0,0,0,0,0,0,0,0
2025-12-27 08:16:06,0,0,33.75,0,1,10796,179.933,346,5.76667,574,9.56667,4.19,0,0,0,0,0,0,0,0,162,109,0,1e-04,1e-04,4e-04,6e-04,0.0011,0.0012,8e-04,1.59,0,0
2025-12-27 08:17:06,0,0,33.12,0,8,4010,66.8333,103,1.71667,261,4.35,31.67,0,0,0,0,0,0,0,0,163,122,3e-04,8e-04,0.001,0.0025,0.0049,0.008,0.0089,0.0054,12.17,0.01,0
2025-12-27 08:18:06,0,0,32.81,0,1,14924,248.733,531,8.85,630,10.5,26.29,0,0,0,0,0,0,0,0,232,168,3e-04,7e-04,9e-04,0.002,0.0041,0.0066,0.0071,0.0042,10.05,0.01,0
2025-12-27 08:19:06,0,0,32.19,0,16,4790,79.8333,139,2.31667,288,4.8,0,0,0,0,0,0,0,0,0,195,139,0,0,0,0,0,0,0,0,0,0,0
2025-12-27 08:20:06,0,0,31.81,0,1,5432,90.5333,157,2.61667,315,5.25,2.26,0,0,0,0,0,0,0,0,207,138,0,1e-04,1e-04,2e-04,4e-04,5e-04,6e-04,6e-04,0.82,0,0
2025-12-27 08:21:06,0,0,31.38,0,1,3235,53.9167,44,0.733333,242,4.03333,24.78,0,0,0,0,0,0,0,0,195,143,4e-04,0.002,0.0012,0.0025,0.0039,0.0054,0.0055,0.0035,17.28,0.01,0
2025-12-27 08:22:06,0,0,31.25,0,1,4197,69.95,94,1.56667,303,5.05,14.97,0,0,0,0,0,0,0,0,203,149,2e-04,4e-04,5e-04,0.0012,0.0024,0.0037,0.0041,0.0028,5.93,0.01,0
2025-12-27 08:23:06,0,0,30.69,0,16,3365,56.0833,48,0.8,246,4.1,52.62,0,0,0,0,0,0,0,0,198,148,7e-04,0.0016,0.0018,0.0043,0.0082,0.013,0.0143,0.0093,21.66,0.02,0
2025-12-27 08:24:06,0,0,30.25,0,1,3599,59.9833,75,1.25,246,4.1,43.41,0,0,0,0,0,0,0,0,207,151,6e-04,0.0014,0.0016,0.0036,0.0068,0.0106,0.0117,0.0078,18.41,0.02,0
2025-12-27 08:25:06,0,0,30.31,0,1,5282,88.0333,126,2.1,376,6.26667,8.11,0,0,0,0,0,0,0,0,175,129,2e-04,3e-04,4e-04,9e-04,0.0012,0.0019,0.0021,0.0016,4.55,0,0
2025-12-27 08:26:06,0,0,29.81,0,1,2178,36.3,34,0.566667,157,2.61667,1.56,0,0,0,0,0,0,0,0,195,141,0,0,0,2e-04,3e-04,4e-04,4e-04,4e-04,0.45,0,0
2025-12-27 08:27:06,0,0,29.69,0,16,1364,22.7333,22,0.366667,104,1.73333,0.28,0,0,0,0,0,0,0,0,196,137,0,0,0,0,1e-04,0,1e-04,2e-04,0,0,0
2025-12-27 08:28:06,0,0,29.31,0,16,386,6.43333,0,0,34,0.566667,0.3,0,0,0,0,0,0,0,0,191,139,0,0,0,1e-04,1e-04,1e-04,1e-04,2e-04,0,0,0
2025-12-27 08:29:06,0,0,29.12,0,16,1763,29.3833,39,0.65,125,2.08333,0.24,0,0,0,0,0,0,0,0,195,140,0,0,0,0,1e-04,1e-04,1e-04,2e-04,0,0,0
2025-12-27 08:30:06,0,0,29.12,0,16,1146,19.1,24,0.4,62,1.03333,0.27,0,0,0,0,0,0,0,0,213,145,0,0,0,1e-04,1e-04,1e-04,1e-04,2e-04,0,0,0
2025-12-27 08:31:06,0,0,29.06,0,1,543,9.05,1,0.0166667,32,0.533333,0.13,0,0,0,0,0,0,0,0,223,158,0,0,0,1e-04,1e-04,0,0,2e-04,0,0,0
2025-12-27 08:32:06,0,0,28.75,0,1,16,0.266667,0,0,0,0,0.26,0,0,0,0,0,0,0,0,225,164,0,0,0,1e-04,1e-04,0,1e-04,2e-04,0,0,0
2025-12-27 08:33:06,0,0,28.62,0,1,0,0,0,0,0,0,0.29,0,0,0,0,0,0,0,0,223,162,0,0,0,0,1e-04,1e-04,1e-04,2e-04,0,0,0
2025-12-27 08:34:06,0,0,28.69,0,1,0,0,0,0,0,0,0.25,0,0,0,0,0,0,0,0,220,160,0,0,0,0,1e-04,1e-04,1e-04,2e-04,0,0,0
2025-12-27 08:35:06,0,0,28.81,0,1,0,0,0,0,0,0,0.3,0,0,0,0,0,0,0,0,215,154,0,0,0,1e-04,1e-04,1e-04,1e-04,2e-04,0,0,0
2025-12-27 08:36:06,0,0,29.31,0,1,269,4.48333,1,0.0166667,10,0.166667,0.18,0,0,0,0,0,0,0,0,199,146,0,0,0,0,1e-04,1e-04,1e-04,3e-04,0,0,0
2025-12-27 08:37:06,0,0,29.5,0,1,0,0,0,0,0,0,0.2,0,0,0,0,0,0,0,0,186,137,0,0,0,0,1e-04,1e-04,1e-04,3e-04,0,0,0
2025-12-27 08:38:06,0,0,30,0,1,350,5.83333,1,0.0166667,23,0.383333,0.24,0,0,0,0,0,0,0,0,180,116,0,0,0,0,1e-04,1e-04,1e-04,2e-04,0,0,0
2025-12-27 08:39:06,0,0,30,0,1,107,1.78333,0,0,5,0.0833333,0.22,0,0,0,0,0,0,0,0,174,112,0,0,0,0,1e-04,1e-04,1e-04,2e-04,0,0,0
2025-12-27 08:40:06,0,0,29.56,0,1,182,3.03333,0,0,10,0.166667,0.2,0,0,0,0,0,0,0,0,215,153,0,0,0,0,1e-04,1e-04,1e-04,2e-04,0,0,0
2025-12-27 08:41:06,0,0,29.81,0,1,2430,40.5,71,1.18333,116,1.93333,0.33,0,0,0,0,0,0,0,0,214,148,0,0,0,1e-04,1e-04,1e-04,1e-04,2e-04,0,0,0
2025-12-27 08:42:06,0,0,29.69,0,16,171,2.85,0,0,12,0.2,0.76,0,0,0,0,0,0,0,0,186,128,0,0,1e-04,1e-04,2e-04,2e-04,2e-04,4e-04,0.32,0,0
2025-12-27 08:43:06,0,0,29.88,0,1,2992,49.8667,75,1.25,199,3.31667,13.4,0,0,0,0,0,0,0,0,206,151,2e-04,3e-04,4e-04,0.0011,0.0021,0.0034,0.0038,0.0025,4.9,0.01,0
2025-12-27 08:44:06,0,0,30.31,0,1,1601,26.6833,17,0.283333,111,1.85,21.27,0,0,0,0,0,0,0,0,145,108,3e-04,6e-04,7e-04,0.0017,0.0033,0.0054,0.006,0.0037,8.1,0.01,0
2025-12-27 08:45:06,0,0,30.38,0,1,9119,151.983,300,5,463,7.71667,19.24,0,0,0,0,0,0,0,0,205,136,2e-04,5e-04,6e-04,0.0015,0.003,0.0049,0.0054,0.0033,7.23,0.01,0
2025-12-27 08:46:06,0,0,30.5,0,1,3209,53.4833,76,1.26667,159,2.65,0.35,0,0,0,0,0,0,0,0,192,146,0,0,0,1e-04,1e-04,1e-04,1e-04,1e-04,0,0,0
2025-12-27 08:47:06,0,0,30.5,0,16,698,11.6333,24,0.4,47,0.783333,0.98,0,0,0,0,0,0,0,0,192,149,0,0,0,2e-04,2e-04,2e-04,3e-04,4e-04,0.21,0,0
2025-12-27 08:48:06,0,0,30.5,0,16,0,0,0,0,0,0,0.77,0,0,0,0,0,0,0,0,163,123,0,0,0,1e-04,2e-04,2e-04,3e-04,4e-04,0.09,0,0
2025-12-27 08:49:06,0,0,30.44,0,16,86,1.43333,0,0,11,0.183333,0.69,0,0,0,0,0,0,0,0,185,142,0,0,0,1e-04,2e-04,2e-04,3e-04,3e-04,0,0,0
2025-12-27 08:50:06,0,0,30.62,0,16,0,0,0,0,0,0,0.79,0,0,0,0,0,0,0,0,181,138,0,0,0,1e-04,2e-04,2e-04,2e-04,4e-04,0.1,0,0
2025-12-27 08:51:06,0,0,30.81,0,16,1608,26.8,44,0.733333,87,1.45,1.11,0,0,0,0,0,0,0,0,182,138,0,1e-04,1e-04,2e-04,2e-04,2e-04,3e-04,4e-04,0.52,0,0
2025-12-27 08:52:06,0,0,30.56,0,16,2120,35.3333,42,0.7,165,2.75,1.33,0,0,0,0,0,0,0,0,206,150,0,1e-04,1e-04,2e-04,3e-04,3e-04,3e-04,6e-04,0.65,0,0
2025-12-27 08:53:06,0,0,30.25,0,16,773,12.8833,1,0.0166667,87,1.45,1.16,0,0,0,0,0,0,0,0,203,153,0,1e-04,1e-04,2e-04,2e-04,2e-04,3e-04,5e-04,0.48,0,0
2025-12-27 08:54:06,0,0,30.31,0,16,562,9.36667,3,0.05,63,1.05,1.21,0,0,0,0,0,0,0,0,193,144,0,1e-04,1e-04,2e-04,2e-04,2e-04,3e-04,6e-04,0.59,0,0
2025-12-27 08:55:06,0,0,30.06,0,16,439,7.31667,0,0,59,0.983333,1.2,0,0,0,0,0,0,0,0,204,156,0,1e-04,1e-04,2e-04,2e-04,2e-04,3e-04,5e-04,0.53,0,0
2025-12-27 08:56:06,0,0,30.25,0,16,718,11.9667,4,0.0666667,79,1.31667,1.12,0,0,0,0,0,0,0,0,192,142,0,1e-04,1e-04,2e-04,2e-04,3e-04,4e-04,6e-04,0.4,0,0
2025-12-27 08:57:06,0,0,30.31,0,16,704,11.7333,7,0.116667,65,1.08333,1.43,0,0,0,0,0,0,0,0,185,138,0,1e-04,1e-04,2e-04,3e-04,3e-04,4e-04,6e-04,0.87,0,0
2025-12-27 08:58:06,0,0,30.31,0,16,3909,65.15,98,1.63333,289,4.81667,1.3,0,0,0,0,0,0,0,0,167,124,0,1e-04,1e-04,2e-04,2e-04,2e-04,4e-04,6e-04,0.58,0,0
2025-12-27 08:59:06,0,0,29.94,0,16,2110,35.1667,53,0.883333,151,2.51667,1.12,0,0,0,0,0,0,0,0,227,160,0,1e-04,1e-04,2e-04,2e-04,2e-04,3e-04,5e-04,0.43,0,0
2025-12-27 09:00:06,0,0,29.81,0,1,5717,95.2833,150,2.5,347,5.78333,0.34,0,0,0,0,0,0,0,0,187,124,0,0,0,1e-04,1e-04,1e-04,1e-04,2e-04,0.07,0,0
2025-12-27 09:01:06,0,0,29.81,0,1,4861,81.0167,96,1.6,310,5.16667,0.61,0,0,0,0,0,0,0,0,214,154,0,0,0,1e-04,1e-04,2e-04,2e-04,2e-04,0,0,0
2025-12-27 09:02:06,0,0,29.81,0,1,5285,88.0833,108,1.8,382,6.36667,1.6,0,0,0,0,0,0,0,0,208,149,0,0,0,2e-04,3e-04,4e-04,4e-04,3e-04,0.56,0,0
2025-12-27 09:03:06,0,0,29.88,0,16,3742,62.3667,90,1.5,260,4.33333,1.43,0,0,0,0,0,0,0,0,174,129,1e-04,1e-04,1e-04,2e-04,3e-04,3e-04,4e-04,6e-04,0.7,0,0
2025-12-27 09:04:06,0,0,29.81,0,1,5718,95.3,116,1.93333,447,7.45,0.11,0,0,0,0,0,0,0,0,222,158,0,0,0,0,1e-04,0,1e-04,2e-04,0,0,0
2025-12-27 09:05:06,0,0,29.81,0,1,7965,132.75,218,3.63333,553,9.21667,0.3,0,0,0,0,0,0,0,0,230,170,0,0,0,0,1e-04,1e-04,1e-04,2e-04,0,0,0
2025-12-27 09:06:06,0,0,29.75,0,1,9353,155.883,292,4.86667,570,9.5,0,0,0,0,0,0,0,0,0,211,150,0,0,0,0,0,0,0,0,0,0,0
2025-12-27 09:07:06,0,0,29.62,0,8,18707,311.783,731,12.1833,724,12.0667,0.11,0,0,0,0,0,0,0,0,224,160,0,0,0,0,0,0,0,1e-04,0,0,0
2025-12-27 09:08:06,0,0,29.5,0,1,11810,196.833,373,6.21667,584,9.73333,1.77,0,0,0,0,0,0,0,0,227,160,0,0,0,2e-04,3e-04,4e-04,5e-04,3e-04,0.54,0,0
2025-12-27 09:09:06,0,0,29.56,0,8,7344,122.4,234,3.9,375,6.25,0,0,0,0,0,0,0,0,0,177,131,0,0,0,0,0,0,0,0,0,0,0
2025-12-27 09:10:06,0,0,29.88,0,1,10261,171.017,344,5.73333,547,9.11667,0,0,0,0,0,0,0,0,0,164,118,0,0,0,0,0,0,0,0,0,0,0
2025-12-27 09:11:06,0,0,29.56,0,1,8219,136.983,193,3.21667,548,9.13333,0,0,0,0,0,0,0,0,0,198,133,0,0,0,1e-04,0,1e-04,0,1e-04,0,0,0
2025-12-27 09:12:06,0,0,29.38,0,1,6369,106.15,138,2.3,397,6.61667,0,0,0,0,0,0,0,0,0,220,157,0,0,0,1e-04,0,0,0,1e-04,0,0,0
2025-12-27 09:13:06,0,0,29.31,0,1,8285,138.083,213,3.55,449,7.48333,0,0,0,0,0,0,0,0,0,216,156,0,0,0,1e-04,0,0,0,0,0,0,0
2025-12-27 09:14:06,0,0,29.12,0,1,5804,96.7333,58,0.966667,351,5.85,0,0,0,0,0,0.01,0,0,0,211,151,2e-04,2e-04,1e-04,2e-04,1e-04,2e-04,2e-04,2e-04,0,0,0
2025-12-27 09:15:06,0,0,29.19,0,1,3319,55.3167,56,0.933333,247,4.11667,0,0,0,0,0,0.01,0,0,0,217,137,2e-04,3e-04,2e-04,2e-04,2e-04,3e-04,2e-04,2e-04,0,0.01,0
2025-12-27 09:16:06,0,0,28.81,0,8,2645,44.0833,40,0.666667,152,2.53333,0,0,0,0,0,0.01,0,0,0,219,160,3e-04,4e-04,3e-04,4e-04,3e-04,5e-04,4e-04,3e-04,0,0.01,0
2025-12-27 09:17:06,0,0,28.69,0,1,7318,121.967,149,2.48333,430,7.16667,0,0,0,0,0,0.01,0,0,0,204,118,2e-04,3e-04,2e-04,3e-04,2e-04,3e-04,2e-04,2e-04,0,0.01,0
2025-12-27 09:18:06,0,0,28.56,0,1,6193,103.217,107,1.78333,367,6.11667,0,0,0,0,0,0.02,0,0,0,200,143,4e-04,4e-04,4e-04,5e-04,3e-04,5e-04,4e-04,4e-04,0,0.01,0
2025-12-27 09:19:06,0,0,28.31,0,1,5767,96.1167,90,1.5,399,6.65,0,0,0,0,0,0.01,0,0,0,236,177,3e-04,4e-04,3e-04,4e-04,3e-04,4e-04,3e-04,3e-04,0,0.01,0
2025-12-27 09:20:06,0,0,28.25,0,8,7138,118.967,183,3.05,427,7.11667,3.02,0,0,0,0,0.02,0,0,0,212,146,6e-04,8e-04,8e-04,0.0011,0.001,0.0014,0.0014,0.0018,1.45,0.01,0
2025-12-27 09:21:06,0,0,28,0,8,2182,36.3667,16,0.266667,136,2.26667,0,0,0,0,0,0.03,0,0,0,219,139,7e-04,8e-04,7e-04,9e-04,6e-04,0.001,8e-04,7e-04,0,0.02,0
2025-12-27 09:22:06,0,0,27.75,0,1,6590,109.833,137,2.28333,461,7.68333,0,0,0,0,0,0.02,0,0,0,210,142,5e-04,6e-04,5e-04,7e-04,5e-04,7e-04,6e-04,6e-04,0,0.01,0
2025-12-27 09:23:06,0,0,27.31,0,1,8001,133.35,194,3.23333,445,7.41667,0,0,0,0,0,0.02,0,0,0,217,151,4e-04,5e-04,4e-04,6e-04,4e-04,6e-04,5e-04,5e-04,0,0.01,0
2025-12-27 09:24:06,0,0,27.06,0,1,5294,88.2333,47,0.783333,326,5.43333,0,0,0,0,0,0.02,0,0,0,207,144,3e-04,4e-04,3e-04,4e-04,3e-04,5e-04,3e-04,3e-04,0,0.01,0
2025-12-27 09:25:06,0,0,27.5,0,1,5916,98.6,64,1.06667,389,6.48333,0,0,0,0,0,0.02,0,0,0,188,111,4e-04,6e-04,5e-04,6e-04,4e-04,6e-04,5e-04,5e-04,0,0.01,0
2025-12-27 09:26:06,0,0,27.31,0,1,4545,75.75,3,0.05,348,5.8,0,0,0,0,0,0.01,0,0,0,179,105,3e-04,4e-04,3e-04,5e-04,3e-04,5e-04,4e-04,4e-04,0,0.01,0
2025-12-27 09:27:06,0,0,27.19,0,1,5192,86.5333,8,0.133333,372,6.2,0,0,0,0,0,0.02,0,0,0,173,101,4e-04,5e-04,4e-04,5e-04,3e-04,6e-04,4e-04,4e-04,0,0.01,0
2025-12-27 09:28:06,0,0,27,0,1,5879,97.9833,26,0.433333,412,6.86667,0,0,0,0,0,0.01,0,0,0,156,99,3e-04,4e-04,3e-04,4e-04,2e-04,4e-04,3e-04,3e-04,0,0.01,0
2025-12-27 09:29:06,0,0,26.81,0,1,6775,112.917,92,1.53333,398,6.63333,0,0,0,0,0,0.02,0,0,0,150,99,4e-04,4e-04,4e-04,5e-04,3e-04,5e-04,4e-04,4e-04,0,0.01,0
2025-12-27 09:30:06,0,0,26.12,0,1,9694,161.567,264,4.4,507,8.45,0,0,0,0,0,0,0,0,0,163,99,1e-04,1e-04,1e-04,1e-04,1e-04,1e-04,1e-04,1e-04,0,0,0
2025-12-27 09:31:06,0,0,25.94,0,8,9371,156.183,312,5.2,495,8.25,0,0,0,0,0,0,0,0,0,203,137,0,0,0,0,0,0,0,0,0,0,0
2025-12-27 09:32:06,0,0,25.56,0,32,11376,189.6,414,6.9,513,8.55,1.8,0,0,0,0,0,0,0,0,158,99,1e-04,1e-04,1e-04,2e-04,3e-04,4e-04,5e-04,7e-04,0.85,0,0
2025-12-27 09:33:06,0,0,25.19,0,16,2817,46.95,61,1.01667,202,3.36667,2.41,0,0,0,0,0,0,0,0,144,96,1e-04,2e-04,2e-04,4e-04,4e-04,5e-04,6e-04,9e-04,1.5,0,0
2025-12-27 09:34:06,0,0,24.94,0,1,3863,64.3833,112,1.86667,217,3.61667,4.84,0,0,0,0,0,0,0,0,146,96,2e-04,4e-04,4e-04,7e-04,9e-04,9e-04,0.0012,0.0016,3.76,0,0
2025-12-27 09:35:06,0,0,24.94,0,16,584,9.73333,8,0.133333,48,0.8,3.78,0,0,0,0,0,0,0,0,141,96,2e-04,3e-04,4e-04,6e-04,7e-04,7e-04,0.001,0.0013,2.84,0,0
2025-12-27 09:36:06,0,0,25.06,0,16,426,7.1,1,0.0166667,37,0.616667,3.84,0,0,0,0,0,0,0,0,135,96,2e-04,3e-04,4e-04,6e-04,7e-04,8e-04,0.001,0.0014,2.85,0,0
2025-12-27 09:37:06,0,0,25.31,0,16,154,2.56667,1,0.0166667,14,0.233333,3.48,0,0,0,0,0,0,0,0,134,97,2e-04,2e-04,3e-04,5e-04,6e-04,7e-04,9e-04,0.0014,2.41,0,0
2025-12-27 09:38:06,0,0,25.62,0,16,27,0.45,0,0,0,0,3.48,0,0,0,0,0,0,0,0,134,97,2e-04,3e-04,3e-04,5e-04,6e-04,7e-04,9e-04,0.0013,2.48,0,0
2025-12-27 09:39:06,0,0,26.5,0,16,2463,41.05,61,1.01667,130,2.16667,4.17,0,0,0,0,0,0,0,0,135,100,2e-04,3e-04,4e-04,6e-04,8e-04,9e-04,0.0011,0.0016,3.04,0,0
2025-12-27 09:40:06,0,0,27.12,0,8,1626,27.1,28,0.466667,124,2.06667,3.41,0,0,0,0,0,0,0,0,215,147,1e-04,3e-04,3e-04,5e-04,6e-04,7e-04,9e-04,0.0014,2.43,0,0
2025-12-27 09:41:06,0,0,27.75,0,8,4320,72,105,1.75,188,3.13333,3.12,0,0,0,0,0,0,0,0,177,121,1e-04,2e-04,3e-04,5e-04,6e-04,7e-04,8e-04,0.0012,2.13,0,0
2025-12-27 09:42:06,0,0,27.69,0,1,7109,118.483,209,3.48333,362,6.03333,6.18,0,0,0,0,0,0,0,0,183,145,1e-04,2e-04,3e-04,6e-04,0.001,0.0015,0.0018,0.0016,2.94,0,0
2025-12-27 09:43:06,0,0,28,0,1,6217,103.617,117,1.95,505,8.41667,9.67,0,0,0,0,0,0,0,0,158,99,3e-04,7e-04,9e-04,0.0013,0.0016,0.002,0.0024,0.0029,7.58,0.01,0
2025-12-27 09:44:06,0,0,28.25,0,1,6569,109.483,138,2.3,425,7.08333,4.13,0,0,0,0,0,0,0,0,172,130,2e-04,3e-04,4e-04,6e-04,7e-04,8e-04,0.001,0.0015,3.26,0,0
2025-12-27 09:45:06,0,0,28.38,0,1,220,3.66667,0,0,16,0.266667,1.51,0,0,0,0,0,0,0,0,174,105,1e-04,1e-04,1e-04,2e-04,3e-04,4e-04,4e-04,8e-04,0.73,0,0
2025-12-27 09:46:06,0,0,28.81,0,1,1991,33.1833,47,0.783333,134,2.23333,1.96,0,0,0,0,0,0,0,0,164,111,1e-04,1e-04,2e-04,3e-04,4e-04,5e-04,6e-04,9e-04,0.92,0,0
2025-12-27 09:47:06,0,0,29.19,0,16,355,5.91667,0,0,31,0.516667,3.97,0,0,0,0,0,0,0,0,152,100,2e-04,3e-04,4e-04,6e-04,7e-04,8e-04,0.001,0.0014,2.97,0,0
2025-12-27 09:48:06,0,0,29.62,0,16,316,5.26667,1,0.0166667,34,0.566667,3.95,0,0,0,0,0,0,0,0,150,99,2e-04,3e-04,4e-04,6e-04,7e-04,8e-04,0.001,0.0014,2.96,0,0
2025-12-27 09:49:06,0,0,30.06,0,16,98,1.63333,0,0,8,0.133333,3.92,0,0,0,0,0,0,0,0,150,99,1e-04,3e-04,4e-04,6e-04,7e-04,8e-04,0.001,0.0015,2.88,0,0
2025-12-27 09:50:06,0,0,30.31,0,16,577,9.61667,4,0.0666667,51,0.85,4,0,0,0,0,0,0,0,0,158,100,2e-04,3e-04,4e-04,6e-04,7e-04,8e-04,0.0011,0.0016,2.89,0,0
2025-12-27 09:51:06,0,0,30.62,0,16,562,9.36667,0,0,50,0.833333,4.14,0,0,0,0,0,0,0,0,157,99,2e-04,3e-04,4e-04,6e-04,7e-04,8e-04,0.0011,0.0015,2.96,0,0
2025-12-27 09:52:06,0,0,30.75,0,16,560,9.33333,0,0,48,0.8,4.37,0,0,0,0,0,0,0,0,155,102,2e-04,3e-04,4e-04,6e-04,8e-04,9e-04,0.0011,0.0015,3.09,0,0
2025-12-27 09:53:06,0,0,30.88,0,16,2247,37.45,81,1.35,122,2.03333,4.02,0,0,0,0,0,0,0,0,163,108,1e-04,2e-04,4e-04,6e-04,7e-04,8e-04,0.001,0.0014,2.85,0,0
2025-12-27 09:54:06,0,0,30.69,0,1,5621,93.6833,156,2.6,314,5.23333,3.91,0,0,0,0,0,0,0,0,158,100,1e-04,3e-04,3e-04,5e-04,7e-04,9e-04,0.001,0.0015,2.44,0,0
2025-12-27 09:55:06,0,0,30.62,0,16,500,8.33333,10,0.166667,31,0.516667,2.85,0,0,0,0,0,0,0,0,175,119,1e-04,2e-04,3e-04,4e-04,5e-04,6e-04,7e-04,0.0012,1.81,0,0
2025-12-27 09:56:06,0,0,30.25,0,16,1433,23.8833,14,0.233333,138,2.3,4.02,0,0,0,0,0,0,0,0,220,157,1e-04,3e-04,4e-04,5e-04,7e-04,9e-04,0.0011,0.0015,2.71,0,0
2025-12-27 09:57:06,0,0,30.19,0,16,1933,32.2167,17,0.283333,193,3.21667,4.91,0,0,0,0,0,0,0,0,165,101,2e-04,3e-04,4e-04,7e-04,9e-04,0.001,0.0013,0.0017,3.56,0,0
2025-12-27 09:58:06,0,0,30,0,16,555,9.25,1,0.0166667,54,0.9,5.17,0,0,0,0,0,0,0,0,197,151,2e-04,4e-04,5e-04,7e-04,9e-04,0.001,0.0013,0.0018,3.81,0,0
2025-12-27 09:59:06,0,0,30.88,0,8,2256,37.6,51,0.85,170,2.83333,2.64,0,0,0,0,0,0,0,0,151,108,1e-04,2e-04,2e-04,4e-04,5e-04,6e-04,7e-04,0.0011,1.7,0,0
2025-12-27 10:00:06,0,0,30.5,0,16,2051,34.1833,29,0.483333,179,2.98333,5.17,0,0,0,0,0,0,0,0,174,116,2e-04,3e-04,5e-04,7e-04,9e-04,0.0011,0.0013,0.0018,3.78,0,0
2025-12-27 10:01:06,0,0,30.25,0,16,1914,31.9,27,0.45,142,2.36667,7.15,0,0,0,0,0,0,0,0,161,140,2e-04,5e-04,7e-04,0.001,0.0012,0.0014,0.0017,0.0023,5.6,0.01,0
2025-12-27 10:02:06,0,0,30.25,0,16,2960,49.3333,57,0.95,232,3.86667,5.96,0,0,0,0,0,0,0,0,170,102,2e-04,4e-04,5e-04,8e-04,0.0011,0.0012,0.0015,0.002,4.44,0.01,0
2025-12-27 10:03:06,0,0,30.38,0,16,1944,32.4,11,0.183333,168,2.8,4.76,0,0,0,0,0,0,0,0,168,100,2e-04,3e-04,4e-04,7e-04,8e-04,0.001,0.0012,0.0016,3.57,0,0
2025-12-27 10:04:06,0,0,30.19,0,16,2826,47.1,40,0.666667,205,3.41667,4.64,0,0,0,0,0,0,0,0,158,111,1e-04,3e-04,4e-04,6e-04,8e-04,0.001,0.0011,0.0016,3.38,0,0
2025-12-27 10:05:06,0,0,30.38,0,16,2409,40.15,40,0.666667,183,3.05,3.56,0,0,0,0,0,0,0,0,154,101,1e-04,2e-04,3e-04,5e-04,6e-04,7e-04,9e-04,0.0012,2.54,0,0
2025-12-27 10:06:06,0,0,30.38,0,16,1004,16.7333,4,0.0666667,65,1.08333,3.09,0,0,0,0,0,0,0,0,172,105,1e-04,2e-04,3e-04,4e-04,6e-04,6e-04,8e-04,0.0011,2.01,0,0
2025-12-27 10:07:06,0,0,30.44,0,16,2027,33.7833,46,0.766667,121,2.01667,5.94,0,0,0,0,0,0,0,0,176,102,2e-04,4e-04,6e-04,9e-04,0.001,0.0012,0.0014,0.0019,4.97,0.01,0
2025-12-27 10:08:06,0,0,30.19,0,16,469,7.81667,1,0.0166667,36,0.6,5.43,0,0,0,0,0,0,0,0,206,156,2e-04,4e-04,5e-04,8e-04,0.001,0.0011,0.0013,0.0018,4.11,0,0
2025-12-27 10:09:06,0,0,30.38,0,16,1151,19.1833,12,0.2,95,1.58333,5.88,0,0,0,0,0,0,0,0,163,120,2e-04,4e-04,5e-04,8e-04,0.001,0.0012,0.0014,0.0019,4.51,0.01,0
2025-12-27 10:10:06,0,0,30.5,0,16,839,13.9833,6,0.1,71,1.18333,6.12,0,0,0,0,0,0,0,0,159,114,2e-04,4e-04,6e-04,9e-04,0.0011,0.0012,0.0015,0.0021,4.63,0.01,0
2025-12-27 10:11:06,0,0,30.5,0,16,981,16.35,11,0.183333,72,1.2,5.93,0,0,0,0,0,0,0,0,225,156,2e-04,4e-04,5e-04,8e-04,0.001,0.0012,0.0014,0.002,4.51,0.01,0
2025-12-27 10:12:06,0,0,30.44,0,16,1076,17.9333,17,0.283333,80,1.33333,6.79,0,0,0,0,0,0,0,0,153,113,2e-04,5e-04,7e-04,0.001,0.0012,0.0014,0.0017,0.0023,5.34,0.01,0
2025-12-27 10:13:06,0,0,30.56,0,16,1582,26.3667,17,0.283333,151,2.51667,5.88,0,0,0,0,0,0,0,0,150,125,2e-04,4e-04,5e-04,9e-04,0.001,0.0012,0.0015,0.0021,4.47,0.01,0
2025-12-27 10:14:06,0,0,30.5,0,16,586,9.76667,1,0.0166667,67,1.11667,6.55,0,0,0,0,0,0,0,0,151,104,2e-04,5e-04,6e-04,9e-04,0.0011,0.0014,0.0017,0.0024,4.78,0.01,0
2025-12-27 10:15:06,0,0,30.31,0,16,1527,25.45,15,0.25,177,2.95,7.25,0,0,0,0,0,0,0,0,167,116,3e-04,5e-04,7e-04,0.0011,0.0013,0.0015,0.0018,0.0026,5.51,0.01,0
2025-12-27 10:16:06,0,0,30.25,0,16,1885,31.4167,26,0.433333,155,2.58333,5.36,0,0,0,0,0,0,0,0,198,106,2e-04,4e-04,5e-04,8e-04,9e-04,0.0011,0.0013,0.0019,4.06,0.01,0
2025-12-27 10:17:06,0,0,30.06,0,16,312,5.2,0,0,21,0.35,4.7,0,0,0,0,0,0,0,0,195,104,2e-04,4e-04,4e-04,7e-04,8e-04,0.001,0.0012,0.0017,3.52,0,0
2025-12-27 10:18:06,0,0,30.25,0,16,1277,21.2833,14,0.233333,99,1.65,4.81,0,0,0,0,0,0,0,0,182,102,2e-04,4e-04,5e-04,7e-04,8e-04,0.001,0.0012,0.0017,3.84,0,0
2025-12-27 10:19:06,0,0,30.25,0,16,1213,20.2167,11,0.183333,89,1.48333,4.86,0,0,0,0,0,0,0,0,190,110,2e-04,4e-04,5e-04,7e-04,9e-04,0.001,0.0012,0.0017,3.96,0,0
2025-12-27 10:20:06,0,0,30.19,0,16,846,14.1,7,0.116667,76,1.26667,5.38,0,0,0,0,0,0,0,0,175,107,2e-04,4e-04,5e-04,8e-04,0.001,0.0011,0.0013,0.0018,4.33,0.01,0
2025-12-27 10:21:06,0,0,30.12,0,16,5677,94.6167,142,2.36667,228,3.8,5.53,0,0,0,0,0,0,0,0,181,114,2e-04,4e-04,6e-04,9e-04,0.001,0.0011,0.0013,0.0018,4.76,0.01,0
2025-12-27 10:22:06,0,0,29.88,0,16,1241,20.6833,10,0.166667,117,1.95,5.37,0,0,0,0,0,0,0,0,169,110,2e-04,4e-04,5e-04,8e-04,9e-04,0.0011,0.0013,0.0018,4.37,0.01,0
2025-12-27 10:23:06,0,0,29.81,0,16,491,8.18333,0,0,37,0.616667,6.04,0,0,0,0,0,0,0,0,166,106,2e-04,4e-04,6e-04,9e-04,0.0011,0.0012,0.0015,0.0021,4.75,0.01,0
2025-12-27 10:24:06,0,0,30,0,16,1273,21.2167,6,0.1,124,2.06667,6.25,0,0,0,0,0,0,0,0,182,107,2e-04,4e-04,6e-04,9e-04,0.0011,0.0013,0.0015,0.0022,4.75,0.01,0
2025-12-27 10:25:06,0,0,30.06,0,16,1678,27.9667,13,0.216667,156,2.6,6.74,0,0,0,0,0,0,0,0,169,106,3e-04,5e-04,6e-04,0.001,0.0012,0.0014,0.0017,0.0025,5.13,0.01,0
2025-12-27 10:26:06,0,0,29.81,0,16,1657,27.6167,10,0.166667,178,2.96667,7.12,0,0,0,0,0,0,0,0,203,155,3e-04,5e-04,7e-04,0.001,0.0013,0.0015,0.0018,0.0026,5.42,0.01,0
2025-12-27 10:27:06,0,0,30.12,0,16,2713,45.2167,53,0.883333,239,3.98333,6.44,0,0,0,0,0,0,0,0,192,135,2e-04,4e-04,6e-04,9e-04,0.0011,0.0013,0.0016,0.0023,4.84,0.01,0
2025-12-27 10:28:06,0,0,30.25,0,16,2603,43.3833,30,0.5,262,4.36667,6.25,0,0,0,0,0,0,0,0,179,124,2e-04,5e-04,6e-04,9e-04,0.0011,0.0013,0.0016,0.0021,4.82,0.01,0
2025-12-27 10:29:06,0,0,30.12,0,8,5230,87.1667,159,2.65,368,6.13333,7.67,0,0,0,0,0,0,0,0,192,116,3e-04,6e-04,8e-04,0.0011,0.0014,0.0016,0.0019,0.0027,6.14,0.01,0
2025-12-27 10:30:06,0,0,29.94,0,16,1861,31.0167,21,0.35,170,2.83333,7.51,0,0,0,0,0,0,0,0,170,116,3e-04,5e-04,7e-04,0.0011,0.0013,0.0015,0.0019,0.0026,5.66,0.01,0
2025-12-27 10:31:06,0,0,30.12,0,8,1200,20,23,0.383333,89,1.48333,4.32,0,0,0,0,0,0,0,0,193,149,2e-04,3e-04,4e-04,7e-04,8e-04,9e-04,0.0012,0.0018,2.93,0,0
2025-12-27 10:32:06,0,0,30.12,0,8,885,14.75,15,0.25,86,1.43333,4.01,0,0,0,0,0,0,0,0,174,128,1e-04,3e-04,4e-04,6e-04,8e-04,9e-04,0.0011,0.0018,2.55,0,0
2025-12-27 10:33:06,0,0,29.56,0,16,2275,37.9167,27,0.45,237,3.95,6.14,0,0,0,0,0,0,0,0,231,162,2e-04,4e-04,6e-04,9e-04,0.0011,0.0012,0.0016,0.0022,4.66,0.01,0
2025-12-27 10:34:06,0,0,29.75,0,16,1946,32.4333,23,0.383333,167,2.78333,8.31,0,0,0,0,0,0,0,0,189,148,3e-04,6e-04,8e-04,0.0012,0.0014,0.0017,0.0021,0.0028,6.72,0.01,0
2025-12-27 10:35:06,0,0,30,0,2,1308,21.8,14,0.233333,105,1.75,18.66,0,0,0,0,0.01,0,0,0,191,134,7e-04,0.0015,0.0019,0.0027,0.0032,0.0037,0.0045,0.0061,15.76,0.02,0
2025-12-27 10:36:06,0,0,29.88,0,16,761,12.6833,3,0.05,68,1.13333,8.21,0,0,0,0,0,0,0,0,180,118,3e-04,6e-04,8e-04,0.0012,0.0014,0.0017,0.0021,0.0028,6.37,0.01,0
2025-12-27 10:37:06,0,0,29.94,0,16,1850,30.8333,15,0.25,187,3.11667,7.36,0,0,0,0,0,0,0,0,183,106,3e-04,5e-04,7e-04,0.0011,0.0013,0.0015,0.0018,0.0026,5.73,0.01,0
2025-12-27 10:38:06,0,0,29.69,0,16,1806,30.1,26,0.433333,139,2.31667,5.14,0,0,0,0,0,0,0,0,207,132,2e-04,4e-04,4e-04,8e-04,9e-04,0.001,0.0013,0.0017,3.69,0,0
2025-12-27 10:39:06,0,0,30,0,16,2044,34.0667,48,0.8,152,2.53333,4.42,0,0,0,0,0,0,0,0,190,109,2e-04,3e-04,4e-04,6e-04,8e-04,9e-04,0.0011,0.0016,3.37,0,0
2025-12-27 10:40:06,0,0,29.81,0,16,4923,82.05,125,2.08333,351,5.85,4.93,0,0,0,0,0,0,0,0,212,151,2e-04,4e-04,4e-04,7e-04,9e-04,0.001,0.0012,0.0017,3.84,0,0
2025-12-27 10:41:06,0,0,30,0,16,1121,18.6833,3,0.05,128,2.13333,5.97,0,0,0,0,0,0,0,0,165,124,2e-04,4e-04,6e-04,9e-04,0.001,0.0012,0.0015,0.002,4.77,0.01,0
2025-12-27 10:42:06,0,0,29.81,0,16,1191,19.85,3,0.05,138,2.3,6.74,0,0,0,0,0,0,0,0,165,120,2e-04,5e-04,7e-04,0.001,0.0012,0.0013,0.0017,0.0023,5.41,0.01,0
2025-12-27 10:43:06,0,0,29.88,0,16,2021,33.6833,20,0.333333,258,4.3,6.41,0,0,0,0,0,0,0,0,167,118,2e-04,5e-04,6e-04,9e-04,0.0011,0.0013,0.0016,0.0022,4.89,0.01,0
2025-12-27 10:44:06,0,0,29.5,0,16,7116,118.6,213,3.55,354,5.9,24.93,0,0,0,0,0.01,0,0,0,195,123,0.0012,0.0022,0.0029,0.0039,0.004,0.0042,0.0049,0.006,27.86,0.02,0
2025-12-27 10:45:06,0,0,29.06,0,16,401,6.68333,1,0.0166667,47,0.783333,0.7,0,0,0,0,0,0,0,0,183,116,0,0,0,1e-04,2e-04,2e-04,2e-04,3e-04,0.03,0,0
2025-12-27 10:46:06,0,0,29.12,0,16,971,16.1833,6,0.1,111,1.85,0.75,0,0,0,0,0,0,0,0,168,130,0,0,0,1e-04,2e-04,2e-04,2e-04,2e-04,0.1,0,0
2025-12-27 10:47:06,0,0,29,0,16,1917,31.95,10,0.166667,244,4.06667,0.77,0,0,0,0,0,0,0,0,191,124,0,1e-04,0,1e-04,2e-04,2e-04,2e-04,3e-04,0.28,0,0
2025-12-27 10:48:06,0,0,28.81,0,16,1074,17.9,9,0.15,116,1.93333,0.79,0,0,0,0,0,0,0,0,191,142,0,1e-04,1e-04,1e-04,2e-04,2e-04,2e-04,3e-04,0.47,0,0
2025-12-27 10:49:06,0,0,28.75,0,16,954,15.9,4,0.0666667,121,2.01667,0.87,0,0,0,0,0,0,0,0,192,143,0,0,1e-04,2e-04,2e-04,2e-04,2e-04,4e-04,0.55,0,0
2025-12-27 10:50:06,0,0,29.12,0,16,1418,23.6333,14,0.233333,146,2.43333,0.8,0,0,0,0,0,0,0,0,178,116,0,0,1e-04,1e-04,2e-04,2e-04,2e-04,3e-04,0.54,0,0
2025-12-27 10:51:06,0,0,29.06,0,16,1260,21,11,0.183333,151,2.51667,0.8,0,0,0,0,0,0,0,0,168,129,0,0,1e-04,2e-04,2e-04,2e-04,2e-04,3e-04,0.45,0,0
2025-12-27 10:52:06,0,0,29.12,0,16,333,5.55,0,0,35,0.583333,0.75,0,0,0,0,0,0,0,0,162,114,0,0,0,1e-04,2e-04,2e-04,2e-04,2e-04,0.22,0,0
2025-12-27 10:53:06,0,0,29.31,0,16,164,2.73333,0,0,8,0.133333,0.74,0,0,0,0,0,0,0,0,160,111,0,0,0,1e-04,2e-04,2e-04,2e-04,3e-04,0,0,0
2025-12-27 10:54:06,0,0,29.5,0,16,0,0,0,0,0,0,0.58,0,0,0,0,0,0,0,0,158,110,0,0,0,1e-04,2e-04,1e-04,2e-04,2e-04,0,0,0
2025-12-27 10:55:06,0,0,29.62,0,16,248,4.13333,1,0.0166667,15,0.25,0.69,0,0,0,0,0,0,0,0,165,109,0,0,0,1e-04,2e-04,2e-04,2e-04,3e-04,0,0,0
2025-12-27 10:56:06,0,0,29.25,0,16,899,14.9833,6,0.1,104,1.73333,0.75,0,0,0,0,0,0,0,0,198,153,0,0,1e-04,1e-04,2e-04,2e-04,2e-04,4e-04,0.3,0,0
2025-12-27 10:57:06,0,0,29.31,0,16,711,11.85,3,0.05,97,1.61667,1,0,0,0,0,0,0,0,0,178,143,0,1e-04,1e-04,2e-04,2e-04,2e-04,2e-04,4e-04,0.63,0,0
2025-12-27 10:58:06,0,0,29.38,0,16,785,13.0833,2,0.0333333,107,1.78333,1.07,0,0,0,0,0,0,0,0,171,134,0,1e-04,1e-04,2e-04,2e-04,2e-04,2e-04,4e-04,0.52,0,0
2025-12-27 10:59:06,0,0,29.5,0,16,1351,22.5167,11,0.183333,151,2.51667,1.1,0,0,0,0,0,0,0,0,181,142,0,1e-04,1e-04,2e-04,2e-04,2e-04,3e-04,4e-04,0.46,0,0
2025-12-27 11:00:06,0,0,29.25,0,16,949,15.8167,7,0.116667,120,2,0.93,0,0,0,0,0,0,0,0,175,142,0,1e-04,1e-04,1e-04,2e-04,2e-04,2e-04,4e-04,0.45,0,0
2025-12-27 11:01:06,0,0,29.75,0,16,1138,18.9667,1,0.0166667,135,2.25,0.93,0,0,0,0,0,0,0,0,183,141,0,1e-04,1e-04,2e-04,2e-04,2e-04,2e-04,4e-04,0.5,0,0
2025-12-27 11:02:06,0,0,29.81,0,16,1595,26.5833,11,0.183333,186,3.1,0.76,0,0,0,0,0,0,0,0,176,116,0,0,0,1e-04,2e-04,2e-04,2e-04,3e-04,0.27,0,0
2025-12-27 11:03:06,0,0,29.5,0,16,262,4.36667,0,0,24,0.4,0.67,0,0,0,0,0,0,0,0,172,120,0,0,0,1e-04,2e-04,1e-04,2e-04,3e-04,0,0,0
2025-12-27 11:04:06,0,0,29.81,0,16,1612,26.8667,18,0.3,180,3,0.65,0,0,0,0,0,0,0,0,165,112,0,0,0,1e-04,1e-04,1e-04,1e-04,2e-04,0.05,0,0
2025-12-27 11:05:06,0,0,29.56,0,16,3803,63.3833,83,1.38333,271,4.51667,0.36,0,0,0,0,0,0,0,0,183,156,0,0,0,1e-04,1e-04,1e-04,1e-04,2e-04,0,0,0
2025-12-27 11:06:06,0,0,29.5,0,16,3856,64.2667,93,1.55,257,4.28333,6.45,0,0,0,0,0,0,0,0,195,122,3e-04,5e-04,7e-04,0.001,0.0011,0.0013,0.0017,0.0024,5.15,0.01,0
2025-12-27 11:07:06,0,0,29.56,0,16,1940,32.3333,30,0.5,106,1.76667,6.42,0,0,0,0,0,0,0,0,200,124,3e-04,5e-04,6e-04,9e-04,0.0012,0.0014,0.0017,0.0026,4.59,0.01,0
2025-12-27 11:08:06,0,0,29.5,0,16,1069,17.8167,27,0.45,62,1.03333,6.51,0,0,0,0,0,0,0,0,198,130,2e-04,5e-04,6e-04,9e-04,0.0012,0.0014,0.0017,0.0025,4.66,0.01,0
2025-12-27 11:09:06,0,0,29.62,0,16,3536,58.9333,63,1.05,270,4.5,8.45,0,0,0,0,0,0,0,0,208,155,3e-04,6e-04,8e-04,0.0012,0.0015,0.0018,0.0022,0.0031,6.43,0.01,0
2025-12-27 11:10:06,0,0,29.5,0,1,1871,31.1833,32,0.533333,104,1.73333,4.74,0,0,0,0,0,0,0,0,218,158,2e-04,3e-04,5e-04,7e-04,8e-04,0.001,0.0012,0.0018,3.44,0.01,0
2025-12-27 11:11:06,0,0,29.62,0,16,2154,35.9,27,0.45,169,2.81667,5.4,0,0,0,0,0,0,0,0,205,147,2e-04,4e-04,5e-04,7e-04,0.001,0.0011,0.0014,0.0021,3.67,0.01,0
2025-12-27 11:12:06,0,0,29.62,0,1,2248,37.4667,34,0.566667,162,2.7,5.6,0,0,0,0,0,0,0,0,214,155,2e-04,4e-04,5e-04,9e-04,0.001,0.0012,0.0015,0.0022,4.15,0.01,0
2025-12-27 11:13:06,0,0,29.5,0,16,1207,20.1167,12,0.2,77,1.28333,8.53,0,0,0,0,0,0,0,0,193,115,4e-04,6e-04,8e-04,0.0012,0.0015,0.0018,0.0022,0.0032,6.46,0.01,0
2025-12-27 11:14:06,0,0,29.38,0,16,1314,21.9,20,0.333333,92,1.53333,6.99,0,0,0,0,0,0,0,0,217,158,3e-04,5e-04,7e-04,0.001,0.0012,0.0014,0.0018,0.0025,5.38,0.01,0
2025-12-27 11:15:06,0,0,29.44,0,16,1217,20.2833,15,0.25,98,1.63333,7.78,0,0,0,0,0,0,0,0,183,134,3e-04,6e-04,7e-04,0.0011,0.0014,0.0016,0.002,0.0027,5.97,0.01,0
2025-12-27 11:16:06,0,0,29.75,0,16,1242,20.7,1,0.0166667,141,2.35,7.63,0,0,0,0,0,0,0,0,175,128,3e-04,6e-04,7e-04,0.0011,0.0013,0.0015,0.002,0.0026,5.67,0.01,0
2025-12-27 11:17:06,0,0,29.75,0,16,1755,29.25,11,0.183333,212,3.53333,7.78,0,0,0,0,0,0,0,0,174,114,3e-04,6e-04,7e-04,0.0011,0.0014,0.0015,0.002,0.0027,5.95,0.01,0
2025-12-27 11:18:06,0,0,29.81,0,16,2484,41.4,40,0.666667,229,3.81667,8.22,0,0,0,0,0,0,0,0,193,143,3e-04,6e-04,7e-04,0.0011,0.0015,0.0016,0.0021,0.0027,6.07,0.01,0
2025-12-27 11:19:06,0,0,29.69,0,16,1238,20.6333,8,0.133333,123,2.05,8.74,0,0,0,0,0,0,0,0,179,121,3e-04,7e-04,8e-04,0.0013,0.0015,0.0017,0.0022,0.0029,6.8,0.01,0
2025-12-27 11:20:06,0,0,29.5,0,16,868,14.4667,2,0.0333333,90,1.5,9.63,0,0,0,0,0,0,0,0,169,122,4e-04,7e-04,9e-04,0.0014,0.0017,0.002,0.0025,0.0034,7.35,0.01,0
2025-12-27 11:21:06,0,0,29.19,0,16,1255,20.9167,16,0.266667,117,1.95,9.28,0,0,0,0,0,0,0,0,213,151,4e-04,7e-04,9e-04,0.0013,0.0016,0.0019,0.0024,0.0033,7.16,0.01,0
2025-12-27 11:22:06,0,0,29.19,0,16,1550,25.8333,12,0.2,167,2.78333,9.17,0,0,0,0,0,0,0,0,224,162,4e-04,7e-04,9e-04,0.0013,0.0016,0.0018,0.0023,0.0032,7.21,0.01,0
2025-12-27 11:23:06,0,0,29.06,0,16,1038,17.3,0,0,120,2,9.6,0,0,0,0,0,0,0,0,219,159,4e-04,7e-04,9e-04,0.0013,0.0017,0.0019,0.0024,0.0033,7.51,0.01,0
2025-12-27 11:24:06,0,0,29.62,0,16,3965,66.0833,82,1.36667,298,4.96667,7.02,0,0,0,0,0,0,0,0,205,151,3e-04,5e-04,7e-04,0.001,0.0012,0.0015,0.0018,0.0025,5.38,0.01,0
2025-12-27 11:25:06,0,0,29.62,0,1,8844,147.4,270,4.5,533,8.88333,1.96,0,0,0,0,0,0,0,0,193,144,1e-04,1e-04,2e-04,3e-04,4e-04,4e-04,5e-04,8e-04,1.32,0,0
2025-12-27 11:26:06,0,0,29.62,0,8,7194,119.9,212,3.53333,486,8.1,7.2,0,0,0,0,0,0,0,0,215,159,1e-04,1e-04,2e-04,5e-04,0.0011,0.0019,0.0021,0.0014,2.06,0,0
2025-12-27 11:27:06,0,0,29.75,0,1,9234,153.9,297,4.95,535,8.91667,20.74,0,0,0,0,0,0,0,0,190,142,2e-04,5e-04,7e-04,0.0017,0.0032,0.0053,0.0058,0.0037,7.93,0.01,0
2025-12-27 11:28:06,0,0,29.62,0,1,5187,86.45,73,1.21667,460,7.66667,58.25,0,0,0,0,0,0,0,0,220,158,7e-04,0.0015,0.0019,0.0045,0.009,0.0148,0.016,0.0099,22.31,0.02,0
2025-12-27 11:29:06,0,0,29.5,0,1,9460,157.667,226,3.76667,722,12.0333,47.04,0,0,0,0,0,0,0,0,201,143,6e-04,0.0013,0.0015,0.0037,0.0072,0.012,0.0129,0.008,18.37,0.02,0
2025-12-27 11:30:06,0,0,29.44,0,1,7866,131.1,157,2.61667,882,14.7,44.42,0,0,0,0,0,0,0,0,229,161,6e-04,0.0012,0.0014,0.0036,0.0068,0.0112,0.0121,0.0075,17.25,0.02,0
2025-12-27 11:31:06,0,0,29.38,0,1,6895,114.917,103,1.71667,863,14.3833,45.77,0,0,0,0,0,0,0,0,223,158,6e-04,0.0012,0.0015,0.0036,0.0071,0.0116,0.0125,0.0078,17.74,0.02,0
2025-12-27 11:32:06,0,0,29.31,0,4,10523,175.383,286,4.76667,717,11.95,75.4,0,0,0,0,0,0,0,0,208,151,9e-04,0.002,0.0025,0.0059,0.0117,0.019,0.0203,0.0121,29.61,0.03,0
2025-12-27 11:33:06,0,0,29.19,0,4,5896,98.2667,117,1.95,456,7.6,16.4,0,0,0,0,0.01,0,0,0,220,160,6e-04,0.0011,0.0015,0.0022,0.0028,0.0034,0.0038,0.0043,12.64,0.01,0
2025-12-27 11:34:06,0,0,28.94,0,1,8664,144.4,271,4.51667,521,8.68333,29.65,0,0,0,0,0,0,0,0,224,157,3e-04,8e-04,0.001,0.0023,0.0046,0.0075,0.0081,0.005,11.3,0.01,0
2025-12-27 11:35:06,0,0,28.94,0,8,7426,123.767,259,4.31667,432,7.2,19.35,0,0,0,0,0,0,0,0,208,158,2e-04,5e-04,6e-04,0.0015,0.003,0.005,0.0053,0.0034,7.06,0.01,0
2025-12-27 11:36:06,0,0,29.12,0,16,6881,114.683,220,3.66667,397,6.61667,6.35,0,0,0,0,0,0,0,0,214,155,1e-04,2e-04,2e-04,5e-04,0.001,0.0016,0.0018,0.0011,2.18,0,0
2025-12-27 11:37:06,0,0,28.94,0,16,3435,57.25,85,1.41667,184,3.06667,2.78,0,0,0,0,0,0,0,0,208,151,1e-04,2e-04,2e-04,4e-04,5e-04,5e-04,7e-04,9e-04,1.76,0,0
2025-12-27 11:38:06,0,0,28.44,0,16,3486,58.1,74,1.23333,210,3.5,5.54,0,0,0,0,0,0,0,0,212,155,2e-04,4e-04,6e-04,8e-04,0.001,0.0011,0.0013,0.0017,4.49,0.01,0
2025-12-27 11:39:06,0,0,28.69,0,16,467,7.78333,1,0.0166667,36,0.6,0.34,0,0,0,0,0,0,0,0,209,153,0,0,0,1e-04,1e-04,1e-04,1e-04,2e-04,0,0,0
2025-12-27 11:40:06,0,0,28.69,0,1,1747,29.1167,49,0.816667,110,1.83333,0.05,0,0,0,0,0,0,0,0,190,136,0,0,0,0,0,0,0,1e-04,0,0,0
2025-12-27 11:41:06,0,0,29.12,0,1,3481,58.0167,75,1.25,232,3.86667,0.99,0,0,0,0,0,0,0,0,210,142,0,1e-04,1e-04,2e-04,2e-04,2e-04,3e-04,5e-04,0.46,0,0
2025-12-27 11:42:06,0,0,29.19,0,1,370,6.16667,2,0.0333333,27,0.45,2.11,0,0,0,0,0,0,0,0,199,139,1e-04,2e-04,2e-04,3e-04,4e-04,5e-04,6e-04,9e-04,1.37,0,0
2025-12-27 11:43:06,0,0,29.44,0,1,90,1.5,0,0,7,0.116667,6.3,0,0,0,0,0,0,0,0,187,134,1e-04,3e-04,3e-04,7e-04,0.0011,0.0014,0.0015,0.0014,3.19,0,0
2025-12-27 11:44:06,0,0,29.75,0,1,0,0,0,0,0,0,2.91,0,0,0,0,0,0,0,0,176,128,0,1e-04,1e-04,3e-04,5e-04,7e-04,7e-04,7e-04,1.07,0,0
2025-12-27 11:45:06,0,0,30.06,0,1,4,0.0666667,0,0,0,0,1.36,0,0,0,0,0,0,0,0,170,128,0,0,0,2e-04,2e-04,3e-04,3e-04,4e-04,0.35,0,0
2025-12-27 11:46:06,0,0,30.44,0,1,0,0,0,0,0,0,0.4,0,0,0,0,0,0,0,0,168,124,0,0,0,1e-04,1e-04,1e-04,1e-04,2e-04,0,0,0
2025-12-27 11:47:06,0,0,30.75,0,1,0,0,0,0,0,0,0.08,0,0,0,0,0,0,0,0,166,123,0,0,0,0,1e-04,0,1e-04,2e-04,0,0,0
2025-12-27 11:48:06,0,0,31.06,0,1,0,0,0,0,0,0,0.08,0,0,0,0,0,0,0,0,163,123,0,0,0,0,1e-04,0,0,1e-04,0,0,0
2025-12-27 11:49:06,0,0,31.31,0,1,3,0.05,0,0,0,0,0.07,0,0,0,0,0,0,0,0,162,123,0,0,0,0,1e-04,0,0,2e-04,0,0,0
2025-12-27 11:50:06,0,0,31.56,0,1,0,0,0,0,0,0,0.05,0,0,0,0,0,0,0,0,161,125,0,0,0,0,1e-04,0,0,2e-04,0,0,0
2025-12-27 11:51:06,0,0,31.81,0,1,13,0.216667,0,0,0,0,0.07,0,0,0,0,0,0,0,0,160,126,0,0,0,0,1e-04,0,0,2e-04,0,0,0
2025-12-27 11:52:06,0,0,32,0,1,0,0,0,0,0,0,0.17,0,0,0,0,0,0,0,0,160,126,0,0,0,0,1e-04,1e-04,1e-04,2e-04,0,0,0
2025-12-27 11:53:06,0,0,32.19,0,1,0,0,0,0,0,0,0.21,0,0,0,0,0,0,0,0,158,123,0,0,0,0,1e-04,1e-04,1e-04,2e-04,0,0,0
2025-12-27 11:54:06,0,0,32.31,0,1,17,0.283333,0,0,0,0,0.12,0,0,0,0,0,0,0,0,166,119,0,0,0,0,1e-04,1e-04,1e-04,2e-04,0,0,0
2025-12-27 11:55:06,0,0,32.5,0,1,5,0.0833333,0,0,1,0.0166667,0,0,0,0,0,0,0,0,0,163,119,0,0,0,0,0,0,0,0,0,0,0
2025-12-27 11:56:06,0,0,32.56,0,1,334,5.56667,3,0.05,32,0.533333,0.59,0,0,0,0,0,0,0,0,177,118,0,0,1e-04,1e-04,1e-04,1e-04,2e-04,3e-04,0.38,0,0
2025-12-27 11:57:06,0,0,32.69,0,1,33,0.55,0,0,1,0.0166667,0,0,0,0,0,0,0,0,0,163,118,0,0,0,0,0,0,0,0,0,0,0
2025-12-27 11:58:06,0,0,32.81,0,1,916,15.2667,20,0.333333,71,1.18333,0.02,0,0,0,0,0,0,0,0,177,111,0,0,0,0,0,0,0,1e-04,0,0,0
2025-12-27 11:59:06,0,0,32.31,0,16,2732,45.5333,56,0.933333,181,3.01667,0.68,0,0,0,0,0,0,0,0,211,156,0,0,0,1e-04,2e-04,1e-04,2e-04,3e-04,0.07,0,0
2025-12-27 12:00:06,0,0,32.06,0,16,479,7.98333,0,0,43,0.716667,0.34,0,0,0,0,0,0,0,0,201,147,0,0,0,1e-04,1e-04,1e-04,1e-04,2e-04,0,0,0
2025-12-27 12:01:06,0,0,31.81,0,16,668,11.1333,1,0.0166667,59,0.983333,0.4,0,0,0,0,0,0,0,0,207,151,0,0,0,1e-04,1e-04,1e-04,1e-04,2e-04,0,0,0
2025-12-27 12:02:06,0,0,31.75,0,16,1309,21.8167,4,0.0666667,157,2.61667,0.39,0,0,0,0,0,0,0,0,201,141,0,0,0,1e-04,1e-04,1e-04,1e-04,2e-04,0,0,0
2025-12-27 12:03:06,0,0,31.5,0,16,518,8.63333,0,0,51,0.85,0.46,0,0,0,0,0,0,0,0,169,111,0,0,0,1e-04,1e-04,1e-04,2e-04,2e-04,0,0,0
2025-12-27 12:04:06,0,0,31.5,0,16,762,12.7,5,0.0833333,76,1.26667,0.55,0,0,0,0,0,0,0,0,181,125,0,0,0,1e-04,1e-04,1e-04,2e-04,2e-04,0,0,0
2025-12-27 12:05:06,0,0,31.5,0,16,764,12.7333,0,0,75,1.25,0.46,0,0,0,0,0,0,0,0,174,123,0,0,0,1e-04,1e-04,1e-04,1e-04,2e-04,0,0,0
2025-12-27 12:06:06,0,0,31.44,0,16,616,10.2667,0,0,55,0.916667,0.51,0,0,0,0,0,0,0,0,171,122,0,0,0,1e-04,1e-04,1e-04,1e-04,2e-04,0,0,0
2025-12-27 12:07:06,0,0,31.44,0,16,572,9.53333,0,0,47,0.783333,0.21,0,0,0,0,0,0,0,0,172,120,0,0,0,0,1e-04,1e-04,1e-04,2e-04,0,0,0
2025-12-27 12:08:06,0,0,31.75,0,16,1047,17.45,15,0.25,55,0.916667,0.18,0,0,0,0,0,0,0,0,168,129,0,0,0,0,1e-04,1e-04,1e-04,1e-04,0,0,0
2025-12-27 12:09:06,0,0,31.69,0,16,446,7.43333,5,0.0833333,35,0.583333,0.21,0,0,0,0,0,0,0,0,160,113,0,0,0,0,1e-04,1e-04,1e-04,1e-04,0,0,0
2025-12-27 12:10:06,0,0,31.62,0,16,1328,22.1333,8,0.133333,151,2.51667,0.43,0,0,0,0,0,0,0,0,158,109,0,0,0,1e-04,1e-04,1e-04,1e-04,2e-04,0,0,0
2025-12-27 12:11:06,0,0,31.56,0,16,845,14.0833,5,0.0833333,76,1.26667,0.51,0,0,0,0,0,0,0,0,175,131,0,0,0,1e-04,1e-04,1e-04,2e-04,2e-04,0,0,0
2025-12-27 12:12:06,0,0,31.31,0,1,34,0.566667,0,0,3,0.05,0.06,0,0,0,0,0,0,0,0,175,140,0,0,0,0,0,0,1e-04,1e-04,0,0,0
2025-12-27 12:13:06,0,0,31.31,0,1,501,8.35,4,0.0666667,36,0.6,0.14,0,0,0,0,0,0,0,0,157,113,0,0,0,1e-04,0,0,1e-04,1e-04,0,0,0
2025-12-27 12:14:06,0,0,31.44,0,16,770,12.8333,3,0.05,86,1.43333,0.21,0,0,0,0,0,0,0,0,158,109,0,0,0,0,1e-04,1e-04,1e-04,2e-04,0,0,0
2025-12-27 12:15:06,0,0,31.5,0,16,427,7.11667,0,0,32,0.533333,0.4,0,0,0,0,0,0,0,0,152,108,0,0,0,1e-04,1e-04,1e-04,1e-04,2e-04,0,0,0
2025-12-27 12:16:06,0,0,31.5,0,16,644,10.7333,1,0.0166667,64,1.06667,0.51,0,0,0,0,0,0,0,0,158,108,0,0,0,1e-04,1e-04,1e-04,1e-04,2e-04,0,0,0
2025-12-27 12:17:06,0,0,31.56,0,16,1273,21.2167,4,0.0666667,142,2.36667,0.47,0,0,0,0,0,0,0,0,155,107,0,0,0,1e-04,1e-04,1e-04,1e-04,2e-04,0,0,0
2025-12-27 12:18:06,0,0,31.31,0,16,1339,22.3167,17,0.283333,152,2.53333,0.26,0,0,0,0,0,0,0,0,178,109,0,0,0,1e-04,1e-04,1e-04,1e-04,2e-04,0,0,0
2025-12-27 12:19:06,0,0,31.38,0,16,966,16.1,9,0.15,90,1.5,0.27,0,0,0,0,0,0,0,0,186,112,0,0,0,1e-04,1e-04,1e-04,1e-04,2e-04,0,0,0
2025-12-27 12:20:06,0,0,31.38,0,16,576,9.6,1,0.0166667,57,0.95,0.3,0,0,0,0,0,0,0,0,185,110,0,0,0,1e-04,1e-04,1e-04,1e-04,1e-04,0,0,0
2025-12-27 12:21:06,0,0,31.44,0,16,856,14.2667,2,0.0333333,88,1.46667,0.22,0,0,0,0,0,0,0,0,186,153,0,0,0,1e-04,1e-04,1e-04,1e-04,2e-04,0,0,0
2025-12-27 12:22:06,0,0,31.5,0,8,4372,72.8667,136,2.26667,201,3.35,5.73,0,0,0,0,0,0,0,0,187,154,2e-04,4e-04,6e-04,8e-04,0.001,0.0011,0.0013,0.0017,4.97,0,0
2025-12-27 12:23:06,0,0,31.25,0,16,4863,81.05,105,1.75,328,5.46667,25.51,0,0,0,0,0.01,0,0,0,186,136,0.001,0.002,0.0026,0.0036,0.0043,0.0047,0.0055,0.0069,23.64,0.02,0
2025-12-27 12:24:06,0,0,31,0,1,7301,121.683,184,3.06667,531,8.85,67.29,0,0,0,0,0.01,0,0,0,190,143,0.0015,0.0104,0.0055,0.0086,0.011,0.0114,0.0095,0.007,76.71,0.03,0
2025-12-27 12:25:06,0,0,30.81,0,1,7603,126.717,203,3.38333,486,8.1,18.33,0,0,0,0,0,0,0,0,204,145,6e-04,0.002,0.0017,0.0025,0.0031,0.0033,0.0035,0.0039,17.73,0.01,0
2025-12-27 12:26:06,0,0,30.56,0,1,4423,73.7167,95,1.58333,291,4.85,3.84,0,0,0,0,0,0,0,0,227,162,2e-04,3e-04,4e-04,6e-04,7e-04,7e-04,9e-04,0.0012,3.26,0,0
2025-12-27 12:27:06,0,0,30.44,0,1,197,3.28333,0,0,21,0.35,0,0,0,0,0,0,0,0,0,224,144,0,0,0,0,0,0,0,1e-04,0,0,0
2025-12-27 12:28:06,0,0,30.12,0,1,222,3.7,0,0,18,0.3,0.01,0,0,0,0,0,0,0,0,225,150,0,0,0,0,0,0,0,1e-04,0,0,0
2025-12-27 12:29:06,0,0,29.94,0,1,11774,196.233,464,7.73333,502,8.36667,6.99,0,0,0,0,0,0,0,0,227,154,3e-04,5e-04,6e-04,0.001,0.0012,0.0015,0.0018,0.0025,4.77,0.01,0
2025-12-27 12:30:06,0,0,29.88,0,1,6796,113.267,160,2.66667,516,8.6,18.16,0,0,0,0,0.01,0,0,0,215,155,7e-04,0.0014,0.0018,0.0026,0.0031,0.0034,0.004,0.0052,15.87,0.01,0
2025-12-27 12:31:06,0,0,29.69,0,1,4983,83.05,93,1.55,365,6.08333,12.96,0,0,0,0,0.01,0,0,0,180,118,5e-04,0.001,0.0013,0.0019,0.0023,0.0026,0.0031,0.0041,10.74,0.01,0
2025-12-27 12:32:06,0,0,29.38,0,1,6864,114.4,167,2.78333,512,8.53333,18.18,0,0,0,0,0.01,0,0,0,196,146,7e-04,0.0013,0.0017,0.0024,0.0032,0.0037,0.0045,0.0058,14,0.02,0
2025-12-27 12:33:06,0,0,29.44,0,1,8837,147.283,254,4.23333,650,10.8333,14.72,0,0,0,0,0.01,0,0,0,215,156,6e-04,0.0011,0.0015,0.0021,0.0026,0.0029,0.0036,0.0047,12.05,0.01,0
2025-12-27 12:34:06,0,0,29.44,0,1,10393,173.217,335,5.58333,591,9.85,23.2,0,0,0,0,0.01,0,0,0,222,156,9e-04,0.0018,0.0023,0.0032,0.004,0.0046,0.0054,0.0069,19.28,0.02,0
2025-12-27 12:35:06,0,0,28.94,0,1,7730,128.833,194,3.23333,453,7.55,9.26,0,0,0,0,0.01,0,0,0,208,159,4e-04,7e-04,9e-04,0.0013,0.0016,0.0019,0.0022,0.003,7.54,0.01,0
2025-12-27 12:36:06,0,0,29,0,2,9197,153.283,298,4.96667,543,9.05,16.55,0,0,0,0,0.01,0,0,0,186,150,6e-04,0.0013,0.0017,0.0023,0.0029,0.0033,0.0039,0.0053,13.88,0.01,0
2025-12-27 12:37:06,0,0,29,0,1,851,14.1833,14,0.233333,57,0.95,6.25,0,0,0,0,0,0,0,0,199,153,3e-04,6e-04,6e-04,9e-04,0.0011,0.0013,0.0016,0.0022,4.83,0.01,0
2025-12-27 12:38:06,0,0,28.5,0,1,912,15.2,24,0.4,55,0.916667,6.18,0,0,0,0,0,0,0,0,222,172,3e-04,5e-04,6e-04,9e-04,0.0011,0.0013,0.0016,0.0023,4.82,0.01,0
2025-12-27 12:39:06,0,0,28.38,0,1,380,6.33333,0,0,29,0.483333,7.87,0,0,0,0,0,0,0,0,216,165,3e-04,9e-04,7e-04,0.0012,0.0014,0.0015,0.0018,0.0025,6.97,0.01,0
2025-12-27 12:40:06,0,0,28.25,0,1,843,14.05,4,0.0666667,109,1.81667,7.57,0,0,0,0,0,0,0,0,216,167,3e-04,8e-04,7e-04,0.0011,0.0013,0.0015,0.0017,0.0023,6.42,0.01,0
2025-12-27 12:41:06,0,0,28.25,0,1,1227,20.45,3,0.05,160,2.66667,5.97,0,0,0,0,0,0,0,0,207,155,2e-04,5e-04,6e-04,9e-04,0.0011,0.0013,0.0015,0.0021,4.61,0.01,0
2025-12-27 12:42:06,0,0,28.62,0,1,632,10.5333,0,0,78,1.3,5.9,0,0,0,0,0,0,0,0,199,139,2e-04,5e-04,5e-04,9e-04,0.0011,0.0012,0.0015,0.0021,4.55,0.01,0
2025-12-27 12:43:06,0,0,28.88,0,1,602,10.0333,0,0,75,1.25,6.14,0,0,0,0,0,0,0,0,201,136,2e-04,6e-04,6e-04,9e-04,0.0011,0.0013,0.0015,0.0022,4.95,0.01,0
2025-12-27 12:44:06,0,0,29.62,0,1,146,2.43333,0,0,13,0.216667,4.55,0,0,0,0,0,0,0,0,192,111,2e-04,4e-04,4e-04,7e-04,8e-04,9e-04,0.0011,0.0017,3.54,0.01,0
2025-12-27 12:45:06,0,0,29.44,0,1,1108,18.4667,5,0.0833333,142,2.36667,4.89,0,0,0,0,0,0,0,0,198,141,2e-04,4e-04,5e-04,8e-04,9e-04,0.001,0.0013,0.0019,3.75,0.01,0
2025-12-27 12:46:06,0,0,29.44,0,1,1601,26.6833,12,0.2,200,3.33333,5.05,0,0,0,0,0,0,0,0,206,151,2e-04,4e-04,5e-04,8e-04,9e-04,0.0011,0.0013,0.002,3.79,0.01,0
2025-12-27 12:47:06,0,0,29.44,0,1,421,7.01667,0,0,29,0.483333,4.79,0,0,0,0,0,0,0,0,200,160,2e-04,4e-04,5e-04,7e-04,9e-04,0.0011,0.0013,0.0019,3.64,0.01,0
2025-12-27 12:48:06,0,0,29.81,0,1,179,2.98333,0,0,10,0.166667,4.71,0,0,0,0,0,0,0,0,194,128,2e-04,4e-04,4e-04,7e-04,9e-04,0.001,0.0012,0.0019,3.38,0.01,0
2025-12-27 12:49:06,0,0,30.31,0,1,34,0.566667,0,0,1,0.0166667,3.99,0,0,0,0,0,0,0,0,184,114,2e-04,4e-04,4e-04,6e-04,7e-04,9e-04,0.001,0.0016,2.84,0,0
2025-12-27 12:50:06,0,0,30.56,0,1,628,10.4667,0,0,94,1.56667,4.38,0,0,0,0,0,0,0,0,186,119,2e-04,4e-04,4e-04,7e-04,8e-04,9e-04,0.0011,0.0017,3.3,0.01,0
2025-12-27 12:51:06,0,0,30.81,0,1,249,4.15,0,0,21,0.35,4.18,0,0,0,0,0,0,0,0,184,110,2e-04,4e-04,4e-04,7e-04,8e-04,9e-04,0.0011,0.0017,3.13,0,0
2025-12-27 12:52:06,0,0,31.12,0,1,147,2.45,0,0,13,0.216667,4.48,0,0,0,0,0,0,0,0,189,110,2e-04,4e-04,5e-04,7e-04,8e-04,9e-04,0.0011,0.0018,3.44,0.01,0
2025-12-27 12:53:06,0,0,31.06,0,1,646,10.7667,0,0,59,0.983333,5.8,0,0,0,0,0,0,0,0,197,122,2e-04,6e-04,5e-04,9e-04,0.001,0.0012,0.0014,0.0019,4.84,0.01,0
2025-12-27 12:54:06,0,0,31.12,0,1,261,4.35,0,0,27,0.45,6.43,0,0,0,0,0,0,0,0,190,114,2e-04,6e-04,5e-04,0.001,0.0011,0.0013,0.0015,0.0021,5.2,0.01,0
2025-12-27 12:55:06,0,0,31.12,0,1,348,5.8,0,0,45,0.75,4.91,0,0,0,0,0,0,0,0,193,124,2e-04,4e-04,5e-04,8e-04,9e-04,0.001,0.0012,0.0018,4,0.01,0
2025-12-27 12:56:06,0,0,31.06,0,1,116,1.93333,0,0,7,0.116667,4.88,0,0,0,0,0,0,0,0,207,157,2e-04,4e-04,5e-04,8e-04,9e-04,0.001,0.0012,0.0018,3.86,0.01,0
2025-12-27 12:57:06,0,0,31.06,0,1,1418,23.6333,2,0.0333333,177,2.95,5.08,0,0,0,0,0,0,0,0,199,142,2e-04,4e-04,5e-04,8e-04,9e-04,0.0011,0.0013,0.002,3.92,0.01,0
2025-12-27 12:58:06,0,0,31.19,0,1,5957,99.2833,242,4.03333,330,5.5,6.85,0,0,0,0,0,0,0,0,215,158,2e-04,5e-04,5e-04,9e-04,0.0012,0.0015,0.0016,0.0021,4.59,0.01,0
2025-12-27 12:59:06,0,0,31.31,0,1,10543,175.717,347,5.78333,576,9.6,42.46,0,0,0,0,0.01,0,0,0,210,154,0.0012,0.0028,0.0031,0.005,0.0071,0.0085,0.0088,0.0082,31.63,0.02,0
2025-12-27 13:00:06,0,0,31.06,0,1,3949,65.8167,73,1.21667,129,2.15,6.6,0,0,0,0,0,0,0,0,227,162,2e-04,5e-04,6e-04,9e-04,0.0012,0.0014,0.0016,0.0024,5.11,0.01,0
2025-12-27 13:01:06,0,0,30.62,0,1,715,11.9167,1,0.0166667,81,1.35,4.51,0,0,0,0,0,0,0,0,214,131,2e-04,4e-04,4e-04,7e-04,8e-04,9e-04,0.0011,0.0018,3.37,0.01,0
2025-12-27 13:02:06,0,0,30.69,0,1,1337,22.2833,22,0.366667,130,2.16667,4.85,0,0,0,0,0,0,0,0,217,128,2e-04,4e-04,4e-04,7e-04,9e-04,0.001,0.0012,0.0019,3.5,0.01,0
2025-12-27 13:03:06,0,0,30.62,0,1,5804,96.7333,182,3.03333,330,5.5,21.54,0,0,0,0,0,0,0,0,206,142,3e-04,7e-04,9e-04,0.0019,0.0034,0.0053,0.006,0.0042,9.46,0.01,0
2025-12-27 13:04:06,0,0,30.56,0,1,9989,166.483,350,5.83333,437,7.28333,32.7,0,0,0,0,0,0,0,0,212,169,4e-04,9e-04,0.001,0.0026,0.0051,0.0081,0.0089,0.0055,12.8,0.01,0
2025-12-27 13:05:06,0,0,30.25,0,8,17594,293.233,686,11.4333,622,10.3667,20.6,0,0,0,0,0,0,0,0,221,166,3e-04,8e-04,9e-04,0.0018,0.0034,0.0048,0.0052,0.0042,9.85,0.01,0
2025-12-27 13:06:06,0,0,30,0,1,10596,176.6,352,5.86667,652,10.8667,11.51,0,0,0,0,0,0,0,0,215,154,4e-04,7e-04,9e-04,0.0015,0.002,0.0024,0.0029,0.0034,7.95,0.01,0
2025-12-27 13:07:06,0,0,29.75,0,1,9210,153.5,279,4.65,527,8.78333,3.59,0,0,0,0,0,0,0,0,220,159,1e-04,1e-04,2e-04,3e-04,6e-04,8e-04,9e-04,7e-04,1.72,0,0
2025-12-27 13:08:06,0,0,30.12,0,1,10678,177.967,347,5.78333,534,8.9,0,0,0,0,0,0.01,0,0,0,192,150,2e-04,2e-04,2e-04,2e-04,1e-04,2e-04,2e-04,2e-04,0,0,0
2025-12-27 13:09:06,0,0,29.81,0,1,5641,94.0167,107,1.78333,353,5.88333,0,0,0,0,0,0.03,0,0,0,208,146,6e-04,8e-04,6e-04,8e-04,5e-04,9e-04,7e-04,7e-04,0,0.01,0
2025-12-27 13:10:06,0,0,29.56,0,1,5480,91.3333,91,1.51667,409,6.81667,0,0,0,0,0,0.03,0,0,0,206,147,6e-04,7e-04,6e-04,8e-04,5e-04,9e-04,7e-04,6e-04,0,0.01,0
2025-12-27 13:11:06,0,0,29.5,0,1,5689,94.8167,101,1.68333,352,5.86667,3.11,0,0,0,0,0.03,0,0,0,176,141,9e-04,0.0012,0.0011,0.0015,0.001,0.0014,0.0014,0.0016,4.07,0.02,0
2025-12-27 13:12:06,0,0,29.31,0,1,9009,150.15,196,3.26667,486,8.1,0,0,0,0,0,0.05,0,0,0,157,119,0.0011,0.0014,0.0012,0.0015,0.001,0.0016,0.0013,0.0013,0,0.03,0
2025-12-27 13:13:06,0,0,28.81,0,1,7118,118.633,144,2.4,458,7.63333,0,0,0,0,0,0.01,0,0,0,183,134,2e-04,2e-04,2e-04,3e-04,2e-04,3e-04,3e-04,3e-04,0,0.01,0
2025-12-27 13:14:06,0,0,28.19,0,1,11000,183.333,341,5.68333,570,9.5,73.64,0,0,0,0,0,0,0,0,223,160,9e-04,0.0024,0.0027,0.0059,0.0115,0.018,0.0193,0.0119,32.23,0.03,0
2025-12-27 13:15:06,0,0,28.5,0,1,19181,319.683,739,12.3167,757,12.6167,28.01,0,0,0,0,0,0,0,0,172,114,4e-04,9e-04,0.0011,0.0026,0.0042,0.0069,0.0073,0.0043,13.22,0.01,0
2025-12-27 13:16:06,0,0,27.69,0,1,1304,21.7333,13,0.216667,118,1.96667,1.13,0,0,0,0,0,0,0,0,197,153,0,0,0,1e-04,2e-04,3e-04,3e-04,2e-04,0.21,0,0
2025-12-27 13:17:06,0,0,27.56,0,8,7625,127.083,199,3.31667,431,7.18333,20.6,0,0,0,0,0,0,0,0,185,143,3e-04,8e-04,8e-04,0.0018,0.0033,0.0048,0.0051,0.0035,9.62,0.01,0
2025-12-27 13:18:06,0,0,27.31,0,1,6034,100.567,193,3.21667,303,5.05,0,0,0,0,0,0,0,0,0,223,143,0,0,0,0,0,0,0,0,0,0,0
2025-12-27 13:19:06,0,0,27.31,0,1,9053,150.883,304,5.06667,464,7.73333,0,0,0,0,0,0,0,0,0,220,128,0,0,0,0,0,0,0,0,0,0,0
2025-12-27 13:20:06,0,0,27.75,0,8,6622,110.367,238,3.96667,304,5.06667,3.58,0,0,0,0,0,0,0,0,174,105,2e-04,3e-04,4e-04,5e-04,6e-04,7e-04,8e-04,0.001,3.14,0,0
2025-12-27 13:21:06,0,0,26.25,0,8,10682,178.033,311,5.18333,568,9.46667,927.94,0,0,0,0,0.36,0,0,0,213,163,0.0483,0.0828,0.1046,0.1356,0.1556,0.1709,0.2017,0.2552,934.37,0.73,0
2025-12-27 13:22:06,0,0,24.62,0,1,9277,154.617,280,4.66667,553,9.21667,599.39,0,0,0,0,0.21,0,0,0,202,119,0.0298,0.0525,0.0684,0.0895,0.0989,0.1073,0.1246,0.1539,621.09,0.45,0
2025-12-27 13:23:06,0,0,23.75,0,16,2747,45.7833,77,1.28333,137,2.28333,387.72,0,0,0,0,0.05,0,0,0,216,153,0.0159,0.0306,0.0435,0.0575,0.061,0.062,0.0676,0.0745,427.23,0.21,0
2025-12-27 13:24:06,0,0,24,0,1,3216,53.6,31,0.516667,363,6.05,625.41,0,0,0,0,0.07,0,0,0,221,165,0.0247,0.0477,0.0681,0.0901,0.0995,0.1011,0.1095,0.1196,667.16,0.34,0
2025-12-27 13:25:06,0,0,24,0,1,1481,24.6833,14,0.233333,147,2.45,705.9,0,0,0,0,0.09,0,0,0,218,165,0.0281,0.0544,0.0767,0.1013,0.1131,0.1153,0.1256,0.1391,746.27,0.39,0
2025-12-27 13:26:06,0,0,24.19,0,1,5496,91.6,106,1.76667,543,9.05,522.76,0,0,0,0,0.07,0,0,0,211,144,0.0219,0.0424,0.0593,0.0773,0.0829,0.0839,0.0906,0.0998,578.21,0.29,0
2025-12-27 13:27:06,0,0,24.5,0,16,5236,87.2667,104,1.73333,483,8.05,599.2,0,0,0,0,0.07,0,0,0,196,102,0.0241,0.0468,0.0659,0.0869,0.0954,0.0971,0.1058,0.1169,643.67,0.33,0
2025-12-27 13:28:06,0,0,24.75,0,16,2436,40.6,38,0.633333,235,3.91667,561.79,0,0,0,0,0.06,0,0,0,207,114,0.0227,0.0441,0.0623,0.0817,0.0891,0.0902,0.0979,0.1075,610.85,0.3,0
2025-12-27 13:29:06,0,0,24.5,0,16,3720,62,49,0.816667,363,6.05,457.61,0,0,0,0,0.06,0,0,0,179,101,0.0191,0.0366,0.0509,0.0667,0.0728,0.0745,0.082,0.0924,495.52,0.26,0
2025-12-27 13:30:06,0,0,24.69,0,1,3493,58.2167,36,0.6,475,7.91667,456.32,0,0,0,0,0.05,0,0,0,197,101,0.0179,0.0347,0.0497,0.0658,0.0725,0.0734,0.0792,0.0862,488.41,0.24,0
2025-12-27 13:31:06,0,0,24.75,0,1,1897,31.6167,22,0.366667,192,3.2,350.6,0,0,0,0,0.06,0,0,0,192,107,0.0147,0.0281,0.0393,0.0516,0.0566,0.0576,0.0622,0.0699,375.82,0.21,0
2025-12-27 13:32:06,0,0,24.19,0,16,2662,44.3667,24,0.4,294,4.9,848.19,0,0,0,0,0.13,0,0,0,226,173,0.0343,0.0661,0.0929,0.1232,0.1357,0.1393,0.1531,0.1724,899.4,0.49,0
2025-12-27 13:33:06,0,0,24.25,0,16,2426,40.4333,25,0.416667,206,3.43333,688.62,0,0,0,0,0.09,0,0,0,226,165,0.0275,0.053,0.0744,0.098,0.111,0.1129,0.123,0.1368,721.51,0.39,0
2025-12-27 13:34:06,0,0,24.38,0,2,4478,74.6333,39,0.65,465,7.75,354.43,0,0,0,0,0.04,0,0,0,211,168,0.0145,0.0275,0.0395,0.052,0.0565,0.0563,0.0596,0.0633,386.7,0.19,0
2025-12-27 13:35:06,0,0,24.94,0,1,3720,62,53,0.883333,333,5.55,456.74,0,0,0,0,0.07,0,0,0,219,130,0.02,0.0388,0.0526,0.0671,0.0733,0.0735,0.0787,0.0876,509.29,0.26,0
2025-12-27 13:36:06,0,0,24.62,0,16,1875,31.25,0,0,198,3.3,728.99,0,0,0,0,0.11,0,0,0,211,160,0.0315,0.0614,0.0837,0.1076,0.1167,0.1176,0.1275,0.1423,809.81,0.42,0
2025-12-27 13:37:06,0,0,24.5,0,16,3495,58.25,47,0.783333,367,6.11667,870.92,0,0,0,0,0.15,0,0,0,227,178,0.0362,0.07,0.0969,0.1269,0.1404,0.1435,0.1572,0.1775,929.58,0.52,0
2025-12-27 13:38:06,0,0,24.25,0,16,2474,41.2333,10,0.166667,275,4.58333,980.43,0,0,0,0,0.16,0,0,0,207,155,0.0411,0.0791,0.1103,0.1448,0.1568,0.1601,0.1753,0.197,1062.82,0.58,0
2025-12-27 13:39:06,0,0,24.31,0,16,2668,44.4667,6,0.1,317,5.28333,783.25,0,0,0,0,0.12,0,0,0,215,171,0.0327,0.0633,0.0875,0.1137,0.1258,0.1279,0.1398,0.1569,844.56,0.45,0
2025-12-27 13:40:06,0,0,24.5,0,1,2402,40.0333,21,0.35,222,3.7,683.11,0,0,0,0,0.1,0,0,0,160,116,0.0284,0.0549,0.0764,0.1001,0.1092,0.1117,0.1227,0.1384,738.04,0.4,0
2025-12-27 13:41:06,0,0,25.06,0,16,1883,31.3833,37,0.616667,117,1.95,646.51,0,0,0,0,0.08,0,0,0,187,128,0.0268,0.0516,0.0729,0.095,0.1027,0.103,0.1103,0.1195,712.86,0.35,0
2025-12-27 13:42:06,0,0,25.62,0,16,634,10.5667,4,0.0666667,60,1,845.13,0,0,0,0,0.13,0,0,0,182,125,0.0355,0.0686,0.095,0.1236,0.1351,0.1376,0.1505,0.1691,918.83,0.49,0
2025-12-27 13:43:06,0,0,25.75,0,16,1919,31.9833,15,0.25,167,2.78333,664.85,0,0,0,0,0.11,0,0,0,186,133,0.0277,0.0532,0.0739,0.0971,0.1064,0.1096,0.1213,0.1379,712.08,0.39,0
2025-12-27 13:44:06,0,0,25.69,0,16,2537,42.2833,37,0.616667,244,4.06667,359.26,0,0,0,0,0.04,0,0,0,211,145,0.0146,0.0283,0.0398,0.0521,0.0571,0.0579,0.063,0.0698,389.43,0.2,0
2025-12-27 13:45:06,0,0,25.81,0,1,8723,145.383,216,3.6,452,7.53333,438.66,0,0,0,0,0.04,0,0,0,213,142,0.0175,0.034,0.0485,0.0635,0.0695,0.0695,0.0743,0.0799,478.88,0.23,0
2025-12-27 13:46:06,0,0,25.81,0,16,5084,84.7333,82,1.36667,552,9.2,726.34,0,0,0,0,0.07,0,0,0,210,140,0.0293,0.0573,0.0812,0.1057,0.1149,0.1148,0.1229,0.1325,800.69,0.38,0
2025-12-27 13:47:06,0,0,25.75,0,16,7696,128.267,177,2.95,920,15.3333,910.55,0,0,0,0,0.09,0,0,0,217,152,0.0368,0.0714,0.1018,0.1325,0.1442,0.1432,0.152,0.1617,1005.47,0.47,0
2025-12-27 13:48:06,0,0,25.94,0,1,6790,113.167,146,2.43333,697,11.6167,917.49,0,0,0,0,0.09,0,0,0,206,129,0.0371,0.0715,0.1024,0.1336,0.1454,0.1443,0.153,0.1624,1010.47,0.47,0
2025-12-27 13:49:06,0,0,25.88,0,1,5658,94.3,90,1.5,748,12.4667,775.05,0,0,0,0,0.1,0,0,0,213,167,0.0318,0.0617,0.0866,0.1133,0.1233,0.1251,0.1363,0.1522,843.61,0.43,0
2025-12-27 13:50:06,0,0,26.12,0,16,4153,69.2167,58,0.966667,491,8.18333,1070.88,0,0,0,0,0.14,0,0,0,168,117,0.043,0.0833,0.1176,0.1548,0.1711,0.1742,0.1905,0.2127,1143.27,0.6,0
2025-12-27 13:51:06,0,0,26.31,0,16,3136,52.2667,23,0.383333,405,6.75,1072.82,0,0,0,0,0.12,0,0,0,200,128,0.0416,0.0809,0.1161,0.1543,0.1707,0.1737,0.1898,0.209,1136.31,0.58,0
2025-12-27 13:52:06,0,0,26.12,0,16,2220,37,34,0.566667,178,2.96667,244.92,0,0,0,0,0.02,0,0,0,229,176,0.0084,0.0196,0.0255,0.0347,0.0391,0.0394,0.0403,0.0409,259.41,0.12,0
2025-12-27 13:53:06,0,0,26.12,0,1,206,3.43333,0,0,10,0.166667,1.06,0,0,0,0,0,0,0,0,224,171,0,1e-04,0,1e-04,2e-04,2e-04,1e-04,2e-04,0.55,0,0
2025-12-27 13:54:06,0,0,25.81,0,8,4245,70.75,89,1.48333,301,5.01667,64.48,0,0,0,0,0.01,0,0,0,229,176,0.0014,0.0053,0.0046,0.0072,0.0113,0.0122,0.0114,0.0105,50.25,0.03,0
2025-12-27 13:55:06,0,0,26.06,0,8,9392,156.533,206,3.43333,534,8.9,9.51,0,0,0,0,0,0,0,0,215,147,2e-04,0.0012,8e-04,0.0013,0.0016,0.0018,0.0014,9e-04,9.5,0.01,0
2025-12-27 13:56:06,0,0,25.94,0,8,9720,162,339,5.65,420,7,212.48,0,0,0,0,0.01,0,0,0,217,165,0.0036,0.009,0.0122,0.0215,0.0329,0.0464,0.0499,0.0338,132.27,0.09,0
2025-12-27 13:57:06,0,0,25.94,0,8,6939,115.65,202,3.36667,341,5.68333,241.47,0,0,0,0,0.01,0,0,0,218,166,0.0032,0.0097,0.0116,0.0221,0.0375,0.0551,0.061,0.0396,130.85,0.1,0
2025-12-27 13:58:06,0,0,25.75,0,8,9859,164.317,301,5.01667,467,7.78333,350.69,0,0,0,0,0.01,0,0,0,217,172,0.0044,0.0147,0.017,0.0327,0.0548,0.079,0.0857,0.0539,194.34,0.14,0
2025-12-27 13:59:06,0,0,26.06,0,8,8701,145.017,295,4.91667,430,7.16667,109.04,0,0,0,0,0,0,0,0,147,117,0.0014,0.0041,0.0051,0.0098,0.0171,0.025,0.0268,0.0179,57.23,0.04,0
2025-12-27 14:00:06,0,0,25.62,0,8,4469,74.4833,99,1.65,264,4.4,7.14,0,0,0,0,0,0,0,0,155,153,1e-04,3e-04,3e-04,7e-04,0.0012,0.0015,0.0015,0.001,3.68,0,0
2025-12-27 14:01:06,0,0,25.88,0,1,5774,96.2333,132,2.2,396,6.6,65.26,0,0,0,0,0,0,0,0,220,153,7e-04,0.0033,0.0026,0.0068,0.0106,0.0132,0.0129,0.0048,38.51,0.02,0
2025-12-27 14:02:06,0,0,25.94,0,1,10023,167.05,345,5.75,558,9.3,300.04,0,0,0,0,0.02,0,0,0,189,153,0.005,0.0136,0.0161,0.0289,0.0478,0.0664,0.0712,0.0483,175.96,0.13,0
2025-12-27 14:03:06,0,0,25.94,0,8,9000,150,321,5.35,387,6.45,318.85,0,0,0,0,0.01,0,0,0,196,149,0.0065,0.0152,0.0207,0.0338,0.0496,0.0668,0.0723,0.0525,219.52,0.14,0
2025-12-27 14:04:06,0,0,25.5,0,1,7127,118.783,244,4.06667,326,5.43333,224.21,0,0,0,0,0.01,0,0,0,211,169,0.0029,0.0074,0.0091,0.0193,0.0344,0.0531,0.0661,0.0479,102.55,0.1,0
2025-12-27 14:05:06,0,0,25.5,0,8,4492,74.8667,116,1.93333,278,4.63333,209.41,0,0,0,0,0.01,0,0,0,226,166,0.0026,0.0074,0.0091,0.0181,0.0325,0.0488,0.0565,0.0379,102.46,0.09,0
2025-12-27 14:06:06,0,0,25.31,0,1,7860,131,276,4.6,409,6.81667,362.15,0,0,0,0,0.01,0,0,0,215,159,0.0049,0.0144,0.0178,0.0346,0.0555,0.0832,0.0903,0.0574,200.86,0.15,0
2025-12-27 14:07:06,0,0,25.62,0,1,8898,148.3,323,5.38333,401,6.68333,96.06,0,0,0,0,0,0,0,0,207,121,0.0013,0.0036,0.0043,0.0086,0.015,0.0224,0.0247,0.0169,48.61,0.04,0
2025-12-27 14:08:06,0,0,25.75,0,1,13426,223.767,513,8.55,561,9.35,199.54,0,0,0,0,0.01,0,0,0,204,163,0.0029,0.0091,0.0102,0.0216,0.0297,0.0439,0.0526,0.0266,121.96,0.09,0
2025-12-27 14:09:06,0,0,25.69,0,1,5340,89,171,2.85,294,4.9,509.45,0,0,0,0,0.01,0,0,0,170,134,0.0065,0.0201,0.0213,0.0454,0.0799,0.1149,0.1296,0.0831,261.87,0.2,0
2025-12-27 14:10:06,0,0,25.62,0,1,4612,76.8667,93,1.55,337,5.61667,207.17,0,0,0,0,0.01,0,0,0,221,161,0.003,0.0093,0.0096,0.0209,0.0317,0.0455,0.0517,0.0346,120.22,0.09,0
2025-12-27 14:11:06,0,0,25,0,1,8813,146.883,245,4.08333,527,8.78333,264.7,0,0,0,0,0.01,0,0,0,199,146,0.0036,0.0109,0.0119,0.0247,0.0407,0.0607,0.0686,0.045,141.52,0.11,0
2025-12-27 14:12:06,0,0,25.31,0,8,11459,190.983,411,6.85,518,8.63333,251.3,0,0,0,0,0.01,0,0,0,213,161,0.0043,0.0109,0.0115,0.0246,0.0378,0.0577,0.0773,0.0628,133.04,0.13,0
2025-12-27 14:13:06,0,0,25.75,0,8,9066,151.1,286,4.76667,401,6.68333,49.22,0,0,0,0,0,0,0,0,205,161,8e-04,0.0018,0.0018,0.004,0.0076,0.0119,0.0179,0.017,19.43,0.03,0
2025-12-27 14:14:06,0,0,26.19,0,1,6564,109.4,164,2.73333,371,6.18333,501.75,0,0,0,0,0.01,0,0,0,227,161,0.007,0.0194,0.0198,0.0429,0.0788,0.1132,0.1507,0.1229,235.64,0.23,0
2025-12-27 14:15:06,0,0,26.5,0,8,5671,94.5167,162,2.7,289,4.81667,0.11,0,0,0,0,0,0,0,0,203,137,0,0,0,0,0,1e-04,1e-04,1e-04,0,0,0
2025-12-27 14:16:06,0,0,26.88,0,1,6021,100.35,174,2.9,336,5.6,17.91,0,0,0,0,0,0,0,0,224,160,3e-04,8e-04,7e-04,0.0017,0.0028,0.0041,0.0059,0.0054,8.52,0.01,0
2025-12-27 14:17:06,0,0,27.12,0,8,3805,63.4167,98,1.63333,217,3.61667,0.06,0,0,0,0,0,0,0,0,152,117,0,0,0,0,0,0,0,1e-04,0,0,0
2025-12-27 14:18:06,0,0,28.31,0,1,6033,100.55,155,2.58333,413,6.88333,355.58,0,0,0,0,0.01,0,0,0,167,99,0.0054,0.0153,0.0147,0.0327,0.0554,0.0793,0.1041,0.083,180.69,0.16,0
2025-12-27 14:19:06,0,0,27.88,0,1,2050,34.1667,32,0.533333,130,2.16667,426.89,0,0,0,0,0.01,0,0,0,229,175,0.0065,0.0189,0.0175,0.0397,0.0666,0.0944,0.1235,0.0973,220.21,0.19,0
2025-12-27 14:20:06,0,0,27.81,0,1,1709,28.4833,2,0.0333333,123,2.05,1.28,0,0,0,0,0,0,0,0,221,163,0,0,0,1e-04,2e-04,3e-04,5e-04,6e-04,0.03,0,0
2025-12-27 14:21:06,0,0,28.5,0,1,5150,85.8333,139,2.31667,284,4.73333,0.47,0,0,0,0,0,0,0,0,213,148,0,0,0,0,1e-04,1e-04,2e-04,2e-04,0,0,0
2025-12-27 14:22:06,0,0,29.38,0,1,6485,108.083,192,3.2,341,5.68333,0,0,0,0,0,0,0,0,0,166,98,0,0,0,0,0,0,0,0,0,0,0
2025-12-27 14:23:06,0,0,29.94,0,8,6535,108.917,150,2.5,398,6.63333,293.61,0,0,0,0,0.01,0,0,0,165,130,0.0045,0.0106,0.011,0.0243,0.0458,0.0682,0.0982,0.088,124.73,0.15,0
2025-12-27 14:24:06,0,0,30.19,0,8,4981,83.0167,96,1.6,333,5.55,272.23,0,0,0,0,0.01,0,0,0,180,106,0.0042,0.0094,0.0103,0.023,0.0412,0.065,0.0944,0.0752,115.1,0.14,0
2025-12-27 14:25:06,0,0,30,0,1,2640,44,68,1.13333,174,2.9,925.95,0,0,0,0,0.03,0,0,0,199,148,0.013,0.0385,0.0394,0.0866,0.1424,0.2056,0.2747,0.1829,477.65,0.41,0
2025-12-27 14:26:06,0,0,29.75,0,8,7743,129.05,165,2.75,383,6.38333,264.89,0,0,0,0,0.01,0,0,0,206,162,0.0038,0.0098,0.0113,0.0225,0.0404,0.0637,0.0803,0.0573,124.36,0.12,0
2025-12-27 14:27:06,0,0,29.62,0,8,9208,153.467,277,4.61667,370,6.16667,236.55,0,0,0,0,0.01,0,0,0,209,166,0.003,0.0088,0.0101,0.0208,0.0367,0.056,0.0602,0.0371,117.34,0.1,0
2025-12-27 14:28:06,0,0,29.25,0,8,5838,97.3,96,1.6,315,5.25,210.18,0,0,0,0,0.01,0,0,0,207,167,0.003,0.0077,0.0098,0.0193,0.0322,0.0475,0.0639,0.0511,106.74,0.1,0
2025-12-27 14:29:06,0,0,29.25,0,8,3248,54.1333,41,0.683333,184,3.06667,267.67,0,0,0,0,0.01,0,0,0,207,149,0.0036,0.0159,0.0177,0.0284,0.0407,0.0554,0.0685,0.0516,191.76,0.12,0
2025-12-27 14:30:06,0,0,29.62,0,8,699,11.65,1,0.0166667,58,0.966667,114.85,0,0,0,0,0,0,0,0,199,144,0.0017,0.0032,0.0046,0.0098,0.0172,0.0273,0.041,0.0348,47.4,0.06,0
2025-12-27 14:31:06,0,0,29.88,0,8,2259,37.65,30,0.5,187,3.11667,114.38,0,0,0,0,0,0,0,0,199,147,0.0015,0.0037,0.0049,0.0098,0.0175,0.027,0.0344,0.0256,52.6,0.05,0
2025-12-27 14:32:06,0,0,29.62,0,8,6655,110.917,110,1.83333,431,7.18333,259.32,0,0,0,0,0.01,0,0,0,206,160,0.0039,0.0108,0.0131,0.0246,0.0405,0.0581,0.0626,0.0407,148.21,0.11,0
2025-12-27 14:33:06,0,0,29.38,0,8,9945,165.75,266,4.43333,457,7.61667,201.38,0,0,0,0,0.02,0,0,0,200,160,0.0029,0.0076,0.0093,0.0183,0.0312,0.0481,0.0526,0.0342,101.34,0.09,0
2025-12-27 14:34:06,0,0,29.44,0,8,5959,99.3167,131,2.18333,309,5.15,132.15,0,0,0,0,0,0,0,0,204,163,0.0017,0.0053,0.0061,0.0119,0.0205,0.0306,0.0332,0.0209,70.17,0.05,0
2025-12-27 14:35:06,0,0,29.25,0,8,4457,74.2833,103,1.71667,258,4.3,185.56,0,0,0,0,0.01,0,0,0,178,157,0.0025,0.006,0.0077,0.0155,0.0284,0.0445,0.058,0.0436,82.25,0.09,0
2025-12-27 14:36:06,0,0,29.25,0,8,2968,49.4667,98,1.63333,168,2.8,196.23,0,0,0,0,0.01,0,0,0,183,99,0.0028,0.0058,0.0082,0.0166,0.0296,0.0472,0.0658,0.0529,84.22,0.1,0
2025-12-27 14:37:06,0,0,29.19,0,1,7033,117.217,170,2.83333,379,6.31667,194.03,0,0,0,0,0.01,0,0,0,198,170,0.0027,0.0079,0.0097,0.0192,0.0293,0.0446,0.0502,0.0331,109.51,0.09,0
2025-12-27 14:38:06,0,0,29.31,0,8,6011,100.183,89,1.48333,331,5.51667,303.92,0,0,0,0,0.01,0,0,0,203,164,0.0044,0.0144,0.0156,0.0298,0.0463,0.0683,0.0822,0.0615,177.8,0.14,0
2025-12-27 14:39:06,0,0,29.81,0,8,3783,63.05,41,0.683333,266,4.43333,79.02,0,0,0,0,0,0,0,0,202,160,0.0011,0.0032,0.0034,0.0068,0.0122,0.0185,0.0245,0.0213,37.85,0.04,0
2025-12-27 14:40:06,0,0,30.06,0,8,4273,71.2167,58,0.966667,266,4.43333,64.18,0,0,0,0,0,0,0,0,187,162,9e-04,0.0028,0.0029,0.0057,0.0098,0.0152,0.0196,0.0172,32.22,0.03,0
2025-12-27 14:41:06,0,0,30.56,0,8,5939,98.9833,105,1.75,305,5.08333,165.87,0,0,0,0,0,0,0,0,210,147,0.0024,0.0069,0.0083,0.0157,0.0256,0.0377,0.0424,0.0291,92.94,0.07,0
2025-12-27 14:42:06,0,0,30.19,0,8,6194,103.233,133,2.21667,384,6.4,143.87,0,0,0,0,0,0,0,0,199,170,0.0024,0.0063,0.0081,0.0143,0.0223,0.0316,0.0344,0.0233,88.61,0.06,0
2025-12-27 14:43:06,0,0,29.88,0,8,8838,147.3,257,4.28333,426,7.1,165.33,0,0,0,0,0.01,0,0,0,179,146,0.0025,0.0072,0.0084,0.0159,0.0258,0.0371,0.0393,0.0252,95.57,0.07,0
2025-12-27 14:44:06,0,0,29.25,0,8,9836,163.933,273,4.55,476,7.93333,20.5,0,0,0,0,0,0,0,0,199,169,4e-04,0.0019,0.0016,0.0026,0.0034,0.0036,0.0033,0.0027,18.83,0.01,0
2025-12-27 14:45:06,0,0,28.81,0,16,6320,105.333,221,3.68333,338,5.63333,57.45,0,0,0,0,0.01,0,0,0,199,136,0.001,0.0053,0.0042,0.0069,0.0099,0.0107,0.0092,0.0073,48.34,0.03,0
2025-12-27 14:46:06,0,0,27.69,0,1,4402,73.3667,112,1.86667,278,4.63333,1.65,0,0,0,0,0,0,0,0,222,162,0,1e-04,1e-04,2e-04,3e-04,3e-04,2e-04,1e-04,1.2,0,0
2025-12-27 14:47:06,0,0,27.69,0,1,1085,18.0833,7,0.116667,91,1.51667,2.19,0,0,0,0,0,0,0,0,221,155,0,2e-04,2e-04,3e-04,4e-04,3e-04,3e-04,1e-04,2.11,0,0
2025-12-27 14:48:06,0,0,27.5,0,1,1020,17,9,0.15,64,1.06667,33.39,0,0,0,0,0,0,0,0,207,157,0.0015,0.003,0.0041,0.0051,0.0053,0.0051,0.0055,0.0063,39.41,0.02,0
2025-12-27 14:49:06,0,0,27.56,0,1,1991,33.1833,8,0.133333,231,3.85,129.11,0,0,0,0,0.02,0,0,0,213,163,0.0054,0.0106,0.0146,0.0186,0.0209,0.0205,0.0227,0.0258,140.9,0.07,0
2025-12-27 14:50:06,0,0,28.56,0,1,2516,41.9333,8,0.133333,270,4.5,42.09,0,0,0,0,0.01,0,0,0,216,129,0.0018,0.0036,0.0049,0.0063,0.0067,0.0067,0.0074,0.0087,47.54,0.02,0
2025-12-27 14:51:06,0,0,29.06,0,1,3375,56.25,73,1.21667,241,4.01667,10.21,0,0,0,0,0,0,0,0,183,106,4e-04,9e-04,0.0012,0.0016,0.0016,0.0016,0.0018,0.0021,11.44,0.01,0
2025-12-27 14:52:06,0,0,29.38,0,16,5505,91.75,69,1.15,715,11.9167,0,0,0,0,0,0,0,0,0,178,103,0,0,0,0,0,0,0,0,0,0,0
2025-12-27 14:53:06,0,0,29.81,0,16,6588,109.8,139,2.31667,805,13.4167,0,0,0,0,0,0,0,0,0,178,102,0,0,0,0,0,0,0,0,0,0,0
2025-12-27 14:54:06,0,0,30,0,16,9356,155.933,244,4.06667,1104,18.4,256.28,0,0,0,0,0.03,0,0,0,197,146,0.0112,0.0222,0.031,0.0392,0.0401,0.0388,0.0422,0.0467,304.6,0.14,0
2025-12-27 14:55:06,0,0,30.25,0,16,4270,71.1667,90,1.5,527,8.78333,288.04,0,0,0,0,0.03,0,0,0,193,145,0.0124,0.0246,0.0344,0.0435,0.0453,0.0438,0.0477,0.0528,337.38,0.16,0
2025-12-27 14:56:06,0,0,30.31,0,16,1067,17.7833,2,0.0333333,138,2.3,301.53,0,0,0,0,0.03,0,0,0,194,144,0.013,0.0257,0.0361,0.0457,0.0473,0.0459,0.0502,0.0557,353.43,0.16,0
2025-12-27 14:57:06,0,0,30.38,0,16,355,5.91667,1,0.0166667,31,0.516667,295.35,0,0,0,0,0.03,0,0,0,194,144,0.0127,0.0251,0.0352,0.0447,0.0464,0.0451,0.0495,0.0551,344.61,0.16,0
2025-12-27 14:58:06,0,0,30.56,0,16,3666,61.1,43,0.716667,485,8.08333,278.77,0,0,0,0,0.03,0,0,0,189,140,0.0123,0.0244,0.034,0.0426,0.0437,0.042,0.0456,0.0504,333.16,0.15,0
2025-12-27 14:59:06,0,0,30.69,0,16,6807,113.45,142,2.36667,508,8.46667,269.1,0,0,0,0,0.03,0,0,0,164,112,0.012,0.0237,0.0329,0.0412,0.0422,0.0405,0.044,0.0488,322.59,0.15,0
2025-12-27 15:00:06,0,0,30.75,0,16,3364,56.0667,34,0.566667,428,7.13333,252.92,0,0,0,0,0.03,0,0,0,173,128,0.0112,0.022,0.0307,0.0388,0.0397,0.0384,0.0422,0.0474,300.14,0.14,0
2025-12-27 15:01:06,0,0,30.88,0,1,2446,40.7667,11,0.183333,379,6.31667,88.29,0,0,0,0,0.01,0,0,0,182,134,0.0038,0.0076,0.0106,0.0134,0.0138,0.0132,0.0144,0.0159,104.62,0.05,0
2025-12-27 15:02:06,0,0,31.06,0,1,2008,33.4667,1,0.0166667,292,4.86667,96.95,0,0,0,0,0.01,0,0,0,179,130,0.0041,0.0082,0.0115,0.0146,0.0153,0.0147,0.0161,0.0181,112.77,0.05,0
2025-12-27 15:03:06,0,0,31.25,0,1,2316,38.6,7,0.116667,380,6.33333,93.07,0,0,0,0,0.01,0,0,0,167,117,0.0039,0.0078,0.011,0.014,0.0147,0.0142,0.0155,0.0175,107.77,0.05,0
2025-12-27 15:04:06,0,0,31.25,0,1,2732,45.5333,25,0.416667,389,6.48333,116.08,0,0,0,0,0.01,0,0,0,182,133,0.0049,0.0096,0.0136,0.0174,0.0183,0.0178,0.0197,0.0222,133.15,0.06,0
2025-12-27 15:05:06,0,0,30.81,0,1,2830,47.1667,46,0.766667,349,5.81667,12.49,0,0,0,0,0,0,0,0,212,156,5e-04,0.0011,0.0015,0.002,0.0019,0.0019,0.0021,0.0023,14.94,0.01,0
2025-12-27 15:06:06,0,0,30.88,0,1,4056,67.6,89,1.48333,377,6.28333,228.06,0,0,0,0,0.03,0,0,0,200,153,0.0101,0.0198,0.0275,0.0347,0.036,0.0351,0.0393,0.0454,266.51,0.13,0
2025-12-27 15:07:06,0,0,31.12,0,16,1930,32.1667,6,0.1,178,2.96667,375.7,0,0,0,0,0.04,0,0,0,186,144,0.0169,0.0332,0.0462,0.0579,0.059,0.0566,0.0623,0.0703,450.49,0.21,0
2025-12-27 15:08:06,0,0,30.75,0,1,2254,37.5667,24,0.4,207,3.45,131.86,0,0,0,0,0.02,0,0,0,223,168,0.006,0.0119,0.0163,0.0204,0.0206,0.0201,0.0224,0.026,158.57,0.08,0
2025-12-27 15:09:06,0,0,30.69,0,1,1677,27.95,8,0.133333,144,2.4,212.84,0,0,0,0,0.03,0,0,0,233,170,0.0093,0.0183,0.0254,0.0323,0.0335,0.0331,0.0377,0.0442,245.83,0.12,0
2025-12-27 15:10:06,0,0,30.5,0,16,2315,38.5833,16,0.266667,222,3.7,147.26,0,0,0,0,0.02,0,0,0,227,173,0.0065,0.0128,0.0178,0.0226,0.0231,0.0226,0.0254,0.0294,173.05,0.08,0
2025-12-27 15:11:06,0,0,30.5,0,16,1316,21.9333,0,0,119,1.98333,237.58,0,0,0,0,0.03,0,0,0,220,160,0.0105,0.0207,0.0287,0.0362,0.0374,0.0366,0.0415,0.0484,278.12,0.14,0
2025-12-27 15:12:06,0,0,30.69,0,16,736,12.2667,0,0,77,1.28333,225.64,0,0,0,0,0.03,0,0,0,215,160,0.01,0.0198,0.0275,0.0345,0.0354,0.0347,0.0392,0.0458,266.38,0.13,0
2025-12-27 15:13:06,0,0,30.69,0,16,2018,33.6333,3,0.05,219,3.65,204.05,0,0,0,0,0.03,0,0,0,215,158,0.0092,0.0182,0.0252,0.0315,0.032,0.031,0.0348,0.0405,244.48,0.12,0
2025-12-27 15:14:06,0,0,30.81,0,16,1369,22.8167,1,0.0166667,138,2.3,198.46,0,0,0,0,0.02,0,0,0,211,155,0.009,0.0181,0.0249,0.0308,0.031,0.0298,0.0331,0.0381,242.19,0.11,0
2025-12-27 15:15:06,0,0,31.06,0,1,2888,48.1333,32,0.533333,234,3.9,169.35,0,0,0,0,0.02,0,0,0,207,172,0.0078,0.0158,0.0216,0.0265,0.0262,0.0253,0.0273,0.0308,211.54,0.09,0
2025-12-27 15:16:06,0,0,31.88,0,16,2699,44.9833,20,0.333333,313,5.21667,205.18,0,0,0,0,0.02,0,0,0,174,105,0.0095,0.0192,0.0265,0.0323,0.0317,0.0299,0.0326,0.0368,259.33,0.11,0
2025-12-27 15:17:06,0,0,31.88,0,1,1902,31.7,19,0.316667,179,2.98333,91.64,0,0,0,0,0.01,0,0,0,183,144,0.0041,0.0082,0.0114,0.0143,0.0143,0.0138,0.0156,0.0181,110.55,0.05,0
2025-12-27 15:18:06,0,0,31.88,0,1,9430,157.167,285,4.75,513,8.55,36.19,0,0,0,0,0.01,0,0,0,199,153,0.0016,0.0031,0.0044,0.0056,0.0057,0.0055,0.0061,0.0069,42.56,0.02,0
2025-12-27 15:19:06,0,0,31.94,0,8,7664,127.733,204,3.4,479,7.98333,0,0,0,0,0,0,0,0,0,158,107,0,0,0,0,0,0,0,0,0,0,0
2025-12-27 15:20:06,0,0,31.69,0,8,13878,231.3,485,8.08333,662,11.0333,9.39,0,0,0,0,0,0,0,0,171,122,1e-04,3e-04,3e-04,8e-04,0.0015,0.0023,0.0025,0.0017,3.94,0,0
2025-12-27 15:21:06,0,0,31.62,0,8,12118,201.967,431,7.18333,566,9.43333,30.04,0,0,0,0,0,0,0,0,189,137,3e-04,8e-04,0.001,0.0024,0.0046,0.0075,0.0083,0.0051,11.8,0.01,0
2025-12-27 15:22:06,0,0,31.25,0,1,7462,124.367,222,3.7,414,6.9,25.94,0,0,0,0,0,0,0,0,193,136,2e-04,5e-04,7e-04,0.0018,0.0041,0.0067,0.0073,0.0044,8.35,0.01,0
2025-12-27 15:23:06,0,0,31,0,1,11733,195.55,384,6.4,537,8.95,17.46,0,0,0,0,0,0,0,0,188,143,2e-04,7e-04,7e-04,0.0015,0.0028,0.0041,0.0044,0.0031,7.99,0.01,0
2025-12-27 15:24:06,0,0,30.81,0,16,12244,204.067,425,7.08333,465,7.75,5.31,0,0,0,0,0,0,0,0,151,105,1e-04,2e-04,2e-04,5e-04,8e-04,0.0013,0.0013,9e-04,2.23,0,0
2025-12-27 15:25:06,0,0,30.69,0,16,462,7.7,0,0,40,0.666667,2.26,0,0,0,0,0,0,0,0,145,102,0,1e-04,0,2e-04,4e-04,5e-04,6e-04,3e-04,0.48,0,0
2025-12-27 15:26:06,0,0,30.5,0,16,426,7.1,0,0,35,0.583333,2.27,0,0,0,0,0,0,0,0,144,102,0,1e-04,0,2e-04,4e-04,5e-04,6e-04,4e-04,0.53,0,0
2025-12-27 15:27:06,0,0,30.5,0,16,2008,33.4667,33,0.55,155,2.58333,1.46,0,0,0,0,0,0,0,0,144,102,0,0,0,1e-04,3e-04,4e-04,4e-04,2e-04,0.26,0,0
2025-12-27 15:28:06,0,0,30.5,0,16,440,7.33333,0,0,30,0.5,0,0,0,0,0,0,0,0,0,143,101,0,0,0,0,0,0,0,0,0,0,0
2025-12-27 15:29:06,0,0,30.56,0,16,1655,27.5833,27,0.45,121,2.01667,0,0,0,0,0,0,0,0,0,147,102,0,0,0,0,0,0,0,0,0,0,0
2025-12-27 15:30:06,0,0,30.62,0,16,1393,23.2167,28,0.466667,97,1.61667,0,0,0,0,0,0,0,0,0,144,103,0,0,0,0,0,0,0,0,0,0,0
2025-12-27 15:31:06,0,0,30.69,0,16,332,5.53333,0,0,21,0.35,0,0,0,0,0,0,0,0,0,142,102,0,0,0,0,0,0,0,0,0,0,0
2025-12-27 15:32:06,0,0,30.75,0,16,471,7.85,0,0,33,0.55,0,0,0,0,0,0,0,0,0,141,102,0,0,0,0,0,0,0,0,0,0,0
2025-12-27 15:33:06,0,0,30.81,0,1,3944,65.7333,54,0.9,291,4.85,10.16,0,0,0,0,0,0,0,0,139,102,1e-04,3e-04,4e-04,9e-04,0.0015,0.0025,0.0031,0.0022,4.21,0,0
2025-12-27 15:34:06,0,0,30.75,0,1,6558,109.3,166,2.76667,390,6.5,10.77,0,0,0,0,0,0,0,0,180,134,1e-04,2e-04,4e-04,9e-04,0.0016,0.0027,0.0036,0.0031,3.99,0.01,0
2025-12-27 15:35:06,0,0,30.94,0,1,209,3.48333,0,0,12,0.2,3.25,0,0,0,0,0,0,0,0,154,112,0,1e-04,1e-04,3e-04,5e-04,8e-04,0.001,0.001,0.96,0,0
2025-12-27 15:36:06,0,0,31.19,0,1,979,16.3167,17,0.283333,65,1.08333,6.44,0,0,0,0,0,0,0,0,180,120,1e-04,1e-04,3e-04,6e-04,0.001,0.0016,0.0022,0.0019,2.37,0,0
2025-12-27 15:37:06,0,0,31.06,0,1,792,13.2,16,0.266667,58,0.966667,6.7,0,0,0,0,0,0,0,0,180,124,1e-04,1e-04,2e-04,5e-04,0.001,0.0017,0.0023,0.0021,2.19,0,0
2025-12-27 15:38:06,0,0,30.81,0,1,0,0,0,0,0,0,6.16,0,0,0,0,0,0,0,0,177,124,1e-04,1e-04,2e-04,5e-04,9e-04,0.0016,0.0022,0.002,2.04,0,0
2025-12-27 15:39:06,0,0,30.81,0,1,12,0.2,0,0,2,0.0333333,6.61,0,0,0,0,0,0,0,0,173,120,1e-04,2e-04,2e-04,6e-04,0.001,0.0017,0.0023,0.002,2.48,0,0
2025-12-27 15:40:06,0,0,30.88,0,1,0,0,0,0,0,0,6.38,0,0,0,0,0,0,0,0,171,118,1e-04,2e-04,2e-04,6e-04,0.001,0.0016,0.0021,0.0019,2.56,0,0
2025-12-27 15:41:06,0,0,31.25,0,1,235,3.91667,6,0.1,14,0.233333,16.44,0,0,0,0,0,0,0,0,146,117,2e-04,5e-04,7e-04,0.0015,0.0024,0.004,0.0052,0.0041,7.35,0.01,0
2025-12-27 15:42:06,0,0,31,0,1,4043,67.3833,130,2.16667,270,4.5,12.54,0,0,0,0,0,0,0,0,222,157,1e-04,4e-04,5e-04,0.0011,0.0019,0.003,0.0039,0.0032,5.46,0.01,0
2025-12-27 15:43:06,0,0,30.56,0,1,631,10.5167,14,0.233333,38,0.633333,7.14,0,0,0,0,0,0,0,0,218,156,1e-04,2e-04,3e-04,7e-04,0.0011,0.0017,0.0023,0.002,2.96,0,0
2025-12-27 15:44:06,0,0,30.88,0,1,2970,49.5,78,1.3,193,3.21667,12.11,0,0,0,0,0,0,0,0,169,108,1e-04,3e-04,4e-04,0.001,0.0018,0.003,0.0039,0.0032,4.74,0.01,0
2025-12-27 15:45:06,0,0,31,0,1,467,7.78333,4,0.0666667,25,0.416667,8.3,0,0,0,0,0,0,0,0,149,117,1e-04,2e-04,3e-04,7e-04,0.0013,0.0021,0.0027,0.0024,3.16,0,0
2025-12-27 15:46:06,0,0,31.19,0,1,272,4.53333,0,0,14,0.233333,5.09,0,0,0,0,0,0,0,0,147,111,0,1e-04,2e-04,4e-04,8e-04,0.0013,0.0017,0.0017,1.53,0,0
2025-12-27 15:47:06,0,0,31.38,0,1,1453,24.2167,29,0.483333,70,1.16667,9.53,0,0,0,0,0,0,0,0,151,113,1e-04,2e-04,4e-04,8e-04,0.0014,0.0024,0.0032,0.0027,3.58,0.01,0
2025-12-27 15:48:06,0,0,31.38,0,32,3242,54.0333,72,1.2,214,3.56667,6.68,0,0,0,0,0,0,0,0,194,137,1e-04,2e-04,2e-04,5e-04,0.001,0.0017,0.0023,0.0019,2.35,0,0
2025-12-27 15:49:06,0,0,31.31,0,32,4826,80.4333,103,1.71667,290,4.83333,39.97,0,0,0,0,0,0,0,0,177,132,6e-04,0.0023,0.0017,0.0031,0.0056,0.0108,0.0144,0.0086,19.72,0.02,0
2025-12-27 15:50:06,0,0,31.38,0,1,3616,60.2667,49,0.816667,233,3.88333,47.16,0,0,0,0,0,0,0,0,188,108,6e-04,0.0023,0.0018,0.0033,0.0067,0.0129,0.0175,0.0105,20.08,0.02,0
2025-12-27 15:51:06,0,0,31.25,0,1,3645,60.75,39,0.65,242,4.03333,54.14,0,0,0,0,0,0,0,0,151,109,8e-04,0.0031,0.0024,0.0043,0.0076,0.0145,0.0195,0.0119,27.13,0.03,0
2025-12-27 15:52:06,0,0,31.12,0,1,5835,97.25,114,1.9,361,6.01667,64.43,0,0,0,0,0,0,0,0,213,160,9e-04,0.0033,0.0026,0.0045,0.0091,0.0176,0.0237,0.0141,28.55,0.03,0
2025-12-27 15:53:06,0,0,31.12,0,16,10962,182.7,275,4.58333,471,7.85,127.94,0,0,0,0,0,0,0,0,165,106,0.002,0.0078,0.0056,0.0097,0.0178,0.0346,0.0464,0.0266,64.84,0.06,0
2025-12-27 15:54:06,0,0,31.06,0,1,2691,44.85,21,0.35,192,3.2,68.34,0,0,0,0,0,0,0,0,165,114,0.001,0.0037,0.0029,0.0052,0.0095,0.0185,0.0249,0.0147,32.94,0.03,0
2025-12-27 15:55:06,0,0,31,0,1,1766,29.4333,13,0.216667,126,2.1,34.39,0,0,0,0,0,0,0,0,175,104,5e-04,0.0017,0.0014,0.0026,0.0048,0.0093,0.0128,0.0079,15.25,0.02,0
2025-12-27 15:56:06,0,0,30.81,0,1,2223,37.05,19,0.316667,142,2.36667,29.9,0,0,0,0,0,0,0,0,218,156,4e-04,0.0012,0.0012,0.0022,0.0042,0.0081,0.0111,0.0071,12.2,0.02,0
2025-12-27 15:57:06,0,0,30.88,0,1,3876,64.6,49,0.816667,287,4.78333,55.9,0,0,0,0,0,0,0,0,158,108,8e-04,0.0031,0.0024,0.0042,0.0078,0.0152,0.0207,0.0122,26.91,0.03,0
2025-12-27 15:58:06,0,0,30.81,0,1,4192,69.8667,58,0.966667,257,4.28333,30.77,0,0,0,0,0,0,0,0,155,108,4e-04,0.0012,0.0012,0.0024,0.0044,0.0081,0.0111,0.0072,13.24,0.02,0
2025-12-27 15:59:06,0,0,30.81,0,1,1523,25.3833,25,0.416667,103,1.71667,31.06,0,0,0,0,0,0,0,0,183,130,4e-04,9e-04,0.0013,0.0026,0.0046,0.0078,0.0104,0.0075,13.44,0.02,0
2025-12-27 16:00:06,0,0,30.62,0,1,2718,45.3,37,0.616667,181,3.01667,27.99,0,0,0,0,0,0,0,0,163,114,4e-04,9e-04,0.0011,0.0023,0.004,0.0072,0.0098,0.0068,11.81,0.01,0
2025-12-27 16:01:06,0,0,30.75,0,16,4032,67.2,75,1.25,293,4.88333,88.86,0,0,0,0,0,0,0,0,171,130,0.0013,0.005,0.0038,0.0067,0.0124,0.0239,0.0325,0.0187,43.25,0.04,0
2025-12-27 16:02:06,0,0,30.75,0,1,3585,59.75,35,0.583333,250,4.16667,31.25,0,0,0,0,0,0,0,0,164,109,5e-04,0.0014,0.0013,0.0024,0.0044,0.0084,0.0115,0.0074,13.53,0.02,0
2025-12-27 16:03:06,0,0,30.75,0,1,3148,52.4667,39,0.65,220,3.66667,50.56,0,0,0,0,0,0,0,0,221,158,7e-04,0.0026,0.0022,0.0038,0.0071,0.0136,0.0186,0.0111,23.76,0.03,0
2025-12-27 16:04:06,0,0,30.69,0,4,3412,56.8667,54,0.9,231,3.85,31.71,0,0,0,0,0,0,0,0,209,150,4e-04,0.0011,0.0013,0.0026,0.0046,0.0082,0.0111,0.0075,13.87,0.02,0
2025-12-27 16:05:06,0,0,30.69,0,16,5158,85.9667,144,2.4,302,5.03333,59.87,0,0,0,0,0,0,0,0,178,106,8e-04,0.0028,0.0025,0.0045,0.0084,0.016,0.022,0.0134,27.06,0.03,0
2025-12-27 16:06:06,0,0,30.81,0,4,4713,78.55,110,1.83333,332,5.53333,62.63,0,0,0,0,0,0,0,0,184,130,9e-04,0.003,0.0026,0.0045,0.0089,0.0168,0.023,0.0136,27.92,0.03,0
2025-12-27 16:07:06,0,0,30.56,0,1,2371,39.5167,24,0.4,172,2.86667,68.68,0,0,0,0,0,0,0,0,202,143,0.001,0.0035,0.0028,0.005,0.0097,0.0184,0.0251,0.0147,31.56,0.03,0
2025-12-27 16:08:06,0,0,30.56,0,1,5951,99.1833,105,1.75,421,7.01667,44.45,0,0,0,0,0,0,0,0,176,108,6e-04,0.0019,0.0019,0.0034,0.0063,0.0117,0.016,0.0099,20.03,0.02,0
2025-12-27 16:09:06,0,0,30.62,0,1,4094,68.2333,84,1.4,275,4.58333,30.33,0,0,0,0,0,0,0,0,217,158,4e-04,0.0012,0.0012,0.0024,0.0044,0.0078,0.0106,0.0071,13.22,0.01,0
2025-12-27 16:10:06,0,0,30.5,0,16,1921,32.0167,33,0.55,132,2.2,42.38,0,0,0,0,0,0,0,0,217,156,5e-04,0.0014,0.0016,0.0031,0.0062,0.0111,0.015,0.0097,16.57,0.02,0
2025-12-27 16:11:06,0,0,30.69,0,1,8494,141.567,220,3.66667,471,7.85,40.13,0,0,0,0,0,0,0,0,177,124,5e-04,0.0013,0.0014,0.0031,0.006,0.0103,0.0125,0.0076,16.17,0.02,0
2025-12-27 16:12:06,0,0,30.44,0,1,8316,138.6,226,3.76667,402,6.7,12.1,0,0,0,0,0,0,0,0,229,163,1e-04,3e-04,4e-04,0.001,0.0018,0.003,0.0039,0.0029,4.62,0.01,0
2025-12-27 16:13:06,0,0,29.94,0,1,5433,90.55,118,1.96667,345,5.75,18.21,0,0,0,0,0,0,0,0,202,144,2e-04,5e-04,7e-04,0.0015,0.0027,0.0046,0.0059,0.0043,7.38,0.01,0
2025-12-27 16:14:06,0,0,29.69,0,1,3617,60.2833,98,1.63333,193,3.21667,7.83,0,0,0,0,0,0,0,0,219,173,1e-04,2e-04,3e-04,6e-04,0.0012,0.002,0.0026,0.0022,2.59,0,0
2025-12-27 16:15:06,0,0,29.25,0,2,53,0.883333,0,0,6,0.1,7.85,0,0,0,0,0,0,0,0,204,161,1e-04,1e-04,3e-04,6e-04,0.0012,0.002,0.0026,0.0022,2.6,0,0
2025-12-27 16:16:06,0,0,29.12,0,2,0,0,0,0,0,0,6.32,0,0,0,0,0,0,0,0,206,160,1e-04,1e-04,2e-04,5e-04,0.001,0.0016,0.0022,0.0019,1.94,0,0
2025-12-27 16:17:06,0,0,29.5,0,16,4438,73.9667,140,2.33333,247,4.11667,13.81,0,0,0,0,0,0,0,0,211,155,2e-04,3e-04,6e-04,0.0012,0.0021,0.0034,0.0045,0.0036,5.5,0.01,0
2025-12-27 16:18:06,0,0,29.56,0,16,1354,22.5667,26,0.433333,78,1.3,20.98,0,0,0,0,0,0,0,0,212,159,2e-04,5e-04,9e-04,0.0018,0.0031,0.0051,0.0067,0.005,8.78,0.01,0
2025-12-27 16:19:06,0,0,30,0,16,1734,28.9,54,0.9,77,1.28333,13.58,0,0,0,0,0,0,0,0,195,142,1e-04,4e-04,5e-04,0.0012,0.002,0.0032,0.0042,0.0032,5.81,0.01,0
2025-12-27 16:20:06,0,0,30.12,0,16,16,0.266667,0,0,0,0,13.03,0,0,0,0,0,0,0,0,181,124,2e-04,4e-04,5e-04,0.0013,0.002,0.003,0.0039,0.003,6.07,0.01,0
2025-12-27 16:21:06,0,0,30.31,0,16,12,0.2,0,0,0,0,12.86,0,0,0,0,0,0,0,0,175,116,2e-04,4e-04,5e-04,0.0013,0.0019,0.003,0.0038,0.0029,6.1,0.01,0
2025-12-27 16:22:06,0,0,30.44,0,1,278,4.63333,2,0.0333333,17,0.283333,10.59,0,0,0,0,0,0,0,0,175,127,1e-04,4e-04,4e-04,0.001,0.0016,0.0025,0.0032,0.0025,4.83,0.01,0
2025-12-27 16:23:06,0,0,30.38,0,1,357,5.95,1,0.0166667,21,0.35,8.41,0,0,0,0,0,0,0,0,190,137,1e-04,2e-04,3e-04,7e-04,0.0013,0.002,0.0027,0.0022,3.24,0,0
2025-12-27 16:24:06,0,0,30.31,0,1,1137,18.95,17,0.283333,85,1.41667,11.95,0,0,0,0,0,0,0,0,200,148,1e-04,3e-04,5e-04,0.0011,0.0018,0.0029,0.0038,0.0029,5.04,0.01,0
2025-12-27 16:25:06,0,0,30.44,0,16,346,5.76667,5,0.0833333,19,0.316667,17.21,0,0,0,0,0,0,0,0,178,117,2e-04,4e-04,7e-04,0.0015,0.0026,0.0042,0.0055,0.0042,7.3,0.01,0
2025-12-27 16:26:06,0,0,30.31,0,1,25,0.416667,0,0,2,0.0333333,3.75,0,0,0,0,0,0,0,0,194,110,0,1e-04,1e-04,4e-04,6e-04,9e-04,0.0012,0.001,1.27,0,0
2025-12-27 16:27:06,0,0,30.25,0,2,706,11.7667,9,0.15,44,0.733333,19.71,0,0,0,0,0,0,0,0,231,175,2e-04,4e-04,8e-04,0.0017,0.0029,0.0048,0.0063,0.0049,8.05,0.01,0
2025-12-27 16:28:06,0,0,30,0,2,15,0.25,0,0,1,0.0166667,8.93,0,0,0,0,0,0,0,0,226,172,1e-04,1e-04,3e-04,7e-04,0.0014,0.0023,0.003,0.0028,2.86,0,0
2025-12-27 16:29:06,0,0,31,0,2,233,3.88333,5,0.0833333,17,0.283333,16.36,0,0,0,0,0,0,0,0,198,153,2e-04,3e-04,7e-04,0.0014,0.0024,0.004,0.0053,0.0042,6.61,0.01,0
2025-12-27 16:30:06,0,0,30.69,0,2,552,9.2,10,0.166667,33,0.55,19.41,0,0,0,0,0,0,0,0,211,160,2e-04,4e-04,8e-04,0.0017,0.0029,0.0047,0.0062,0.0048,8.26,0.01,0
2025-12-27 16:31:06,0,0,30.56,0,2,0,0,0,0,0,0,24.11,0,0,0,0,0,0,0,0,210,156,3e-04,5e-04,0.001,0.0021,0.0036,0.0059,0.0077,0.0059,10.3,0.01,0
2025-12-27 16:32:06,0,0,30.75,0,1,3033,50.55,123,2.05,110,1.83333,9.72,0,0,0,0,0,0,0,0,175,121,1e-04,2e-04,4e-04,8e-04,0.0014,0.0024,0.0032,0.0026,3.53,0,0
2025-12-27 16:33:06,0,0,30.44,0,4,574,9.56667,20,0.333333,29,0.483333,11.8,0,0,0,0,0,0,0,0,216,167,1e-04,2e-04,5e-04,0.001,0.0018,0.0029,0.0039,0.003,4.63,0.01,0
2025-12-27 16:34:06,0,0,30.31,0,4,366,6.1,13,0.216667,15,0.25,14.92,0,0,0,0,0,0,0,0,203,155,2e-04,3e-04,6e-04,0.0012,0.0022,0.0037,0.0049,0.0037,5.79,0.01,0
2025-12-27 16:35:06,0,0,30.25,0,16,16,0.266667,0,0,2,0.0333333,20.55,0,0,0,0,0,0,0,0,170,114,2e-04,4e-04,9e-04,0.0018,0.003,0.005,0.0066,0.005,8.82,0.01,0
2025-12-27 16:36:06,0,0,30.06,0,4,674,11.2333,20,0.333333,28,0.466667,18.05,0,0,0,0,0,0,0,0,217,161,2e-04,4e-04,7e-04,0.0016,0.0027,0.0044,0.0058,0.0044,7.47,0.01,0
2025-12-27 16:37:06,0,0,29.88,0,4,0,0,0,0,0,0,16.15,0,0,0,0,0,0,0,0,217,160,2e-04,3e-04,7e-04,0.0014,0.0024,0.004,0.0052,0.004,6.53,0.01,0
2025-12-27 16:38:06,0,0,29.88,0,4,8,0.133333,0,0,0,0,15.75,0,0,0,0,0,0,0,0,218,161,2e-04,3e-04,7e-04,0.0014,0.0023,0.0039,0.0051,0.0039,6.37,0.01,0
2025-12-27 16:39:06,0,0,29.88,0,4,0,0,0,0,0,0,15.41,0,0,0,0,0,0,0,0,219,159,2e-04,3e-04,7e-04,0.0014,0.0023,0.0038,0.005,0.0038,6.47,0.01,0
2025-12-27 16:40:06,0,0,29.69,0,1,7170,119.5,187,3.11667,416,6.93333,2.55,0,0,0,0,0,0,0,0,212,151,0,0,1e-04,2e-04,4e-04,6e-04,8e-04,6e-04,1.05,0,0
2025-12-27 16:41:06,0,0,30.06,0,2,4796,79.9333,154,2.56667,214,3.56667,0,0,0,0,0,0,0,0,0,196,150,0,0,0,0,0,0,0,0,0,0,0
2025-12-27 16:42:06,0,0,30.12,0,2,0,0,0,0,0,0,0,0,0,0,0,0,0,0,0,192,147,0,0,0,0,0,0,0,0,0,0,0
2025-12-27 16:43:06,0,0,30.06,0,2,2597,43.2833,51,0.85,173,2.88333,2.36,0,0,0,0,0,0,0,0,215,156,0,0,1e-04,2e-04,4e-04,6e-04,7e-04,4e-04,0.71,0,0
2025-12-27 16:44:06,0,0,29.94,0,1,1746,29.1,42,0.7,72,1.2,22.2,0,0,0,0,0,0,0,0,204,151,3e-04,6e-04,7e-04,0.0018,0.0034,0.0056,0.0062,0.0038,8.48,0.01,0
2025-12-27 16:45:06,0,0,30,0,8,3294,54.9,87,1.45,194,3.23333,12.79,0,0,0,0,0,0,0,0,211,152,1e-04,3e-04,4e-04,0.001,0.002,0.0032,0.0035,0.0022,5.03,0.01,0
2025-12-27 16:46:06,0,0,29.94,0,1,10655,177.583,321,5.35,448,7.46667,29.23,0,0,0,0,0,0,0,0,222,164,4e-04,8e-04,0.0011,0.0025,0.0045,0.0073,0.0079,0.0047,12.51,0.01,0
2025-12-27 16:47:06,0,0,29.75,0,1,4111,68.5167,64,1.06667,289,4.81667,17.28,0,0,0,0,0,0,0,0,225,163,2e-04,4e-04,7e-04,0.0014,0.0026,0.0042,0.0055,0.0041,7.01,0.01,0
2025-12-27 16:48:06,0,0,29.69,0,8,5206,86.7667,156,2.6,281,4.68333,28.08,0,0,0,0,0,0,0,0,218,157,3e-04,7e-04,0.0013,0.0025,0.0042,0.0068,0.0089,0.0068,12.59,0.01,0
2025-12-27 16:49:06,0,0,29.38,0,1,908,15.1333,20,0.333333,64,1.06667,28.21,0,0,0,0,0,0,0,0,181,125,3e-04,6e-04,0.0012,0.0025,0.0042,0.0068,0.0089,0.0068,12.44,0.01,0
2025-12-27 16:50:06,0,0,29.5,0,16,711,11.85,12,0.2,41,0.683333,32.79,0,0,0,0,0,0,0,0,213,157,4e-04,7e-04,0.0015,0.0029,0.0049,0.0079,0.0104,0.0078,14.44,0.02,0
2025-12-27 16:51:06,0,0,29.06,0,16,55,0.916667,0,0,3,0.05,34.07,0,0,0,0,0,0,0,0,214,157,4e-04,8e-04,0.0015,0.003,0.0051,0.0082,0.0108,0.0081,15.07,0.02,0
2025-12-27 16:52:06,0,0,29.38,0,16,3585,59.75,119,1.98333,192,3.2,28.72,0,0,0,0,0,0,0,0,217,160,4e-04,7e-04,0.0013,0.0026,0.0042,0.0069,0.0091,0.0069,13.01,0.01,0
2025-12-27 16:53:06,0,0,29.62,0,16,4800,80,156,2.6,248,4.13333,20.57,0,0,0,0,0,0,0,0,207,131,2e-04,4e-04,9e-04,0.0018,0.003,0.005,0.0067,0.005,8.63,0.01,0
2025-12-27 16:54:06,0,0,29.69,0,1,3112,51.8667,70,1.16667,208,3.46667,3.76,0,0,0,0,0,0,0,0,190,154,0,0,1e-04,3e-04,6e-04,0.001,0.0013,0.0011,0.9,0,0
2025-12-27 16:55:06,0,0,29.81,0,1,530,8.83333,5,0.0833333,28,0.466667,6.75,0,0,0,0,0,0,0,0,193,138,0,1e-04,2e-04,6e-04,0.001,0.0017,0.0022,0.0017,2.33,0,0
2025-12-27 16:56:06,0,0,29.88,0,8,3604,60.0667,110,1.83333,196,3.26667,7.37,0,0,0,0,0,0,0,0,183,147,1e-04,1e-04,2e-04,6e-04,0.0011,0.0019,0.0024,0.002,2.38,0,0
2025-12-27 16:57:06,0,0,29.81,0,8,3767,62.7833,53,0.883333,231,3.85,2.81,0,0,0,0,0,0,0,0,192,162,0,0,1e-04,2e-04,4e-04,7e-04,0.001,8e-04,0.59,0,0
2025-12-27 16:58:06,0,0,29.69,0,1,9452,157.533,265,4.41667,603,10.05,12.77,0,0,0,0,0,0,0,0,208,155,2e-04,3e-04,5e-04,0.0012,0.0019,0.0031,0.0041,0.0032,5.44,0.01,0
2025-12-27 16:59:06,0,0,29.44,0,16,3072,51.2,62,1.03333,195,3.25,21.12,0,0,0,0,0,0,0,0,192,138,2e-04,4e-04,8e-04,0.0018,0.0032,0.0052,0.0068,0.0052,8.41,0.01,0
2025-12-27 17:00:06,0,0,29.5,0,1,6870,114.5,193,3.21667,354,5.9,11.48,0,0,0,0,0,0,0,0,220,165,1e-04,3e-04,4e-04,0.001,0.0017,0.0029,0.0036,0.0024,4.37,0.01,0
2025-12-27 17:01:06,0,0,29.19,0,8,4204,70.0667,97,1.61667,244,4.06667,9.72,0,0,0,0,0,0,0,0,207,163,1e-04,2e-04,4e-04,8e-04,0.0014,0.0024,0.0032,0.0026,3.74,0,0
2025-12-27 17:02:06,0,0,29.19,0,1,7178,119.633,163,2.71667,481,8.01667,4.77,0,0,0,0,0,0,0,0,222,163,0,1e-04,1e-04,4e-04,7e-04,0.0012,0.0015,0.0011,1.43,0,0
2025-12-27 17:03:06,0,0,29.38,0,1,4125,68.75,119,1.98333,206,3.43333,14.72,0,0,0,0,0,0,0,0,199,137,1e-04,4e-04,6e-04,0.0012,0.0022,0.0036,0.0045,0.0034,6.07,0.01,0
2025-12-27 17:04:06,0,0,29.25,0,1,236,3.93333,0,0,14,0.233333,3.68,0,0,0,0,0,0,0,0,187,137,0,1e-04,1e-04,3e-04,5e-04,0.001,0.0013,0.0012,0.95,0,0
2025-12-27 17:05:06,0,0,29.56,0,1,133,2.21667,0,0,9,0.15,4.22,0,0,0,0,0,0,0,0,179,134,0,1e-04,1e-04,4e-04,6e-04,0.0011,0.0014,0.0013,1.46,0,0
2025-12-27 17:06:06,0,0,29.75,0,1,174,2.9,0,0,6,0.1,3.7,0,0,0,0,0,0,0,0,176,133,0,1e-04,1e-04,3e-04,6e-04,9e-04,0.0013,0.0011,1.22,0,0
2025-12-27 17:07:06,0,0,29.75,0,1,1983,33.05,48,0.8,103,1.71667,12.01,0,0,0,0,0,0,0,0,205,148,1e-04,3e-04,5e-04,0.001,0.0018,0.003,0.0039,0.0031,4.91,0.01,0
2025-12-27 17:08:06,0,0,30.12,0,1,4986,83.1,118,1.96667,382,6.36667,16.11,0,0,0,0,0,0,0,0,219,158,2e-04,4e-04,7e-04,0.0014,0.0024,0.0039,0.0052,0.004,6.66,0.01,0
2025-12-27 17:09:06,0,0,30.06,0,1,3486,58.1,65,1.08333,255,4.25,18.41,0,0,0,0,0,0,0,0,226,158,2e-04,5e-04,8e-04,0.0017,0.0027,0.0044,0.0058,0.0044,8.46,0.01,0
2025-12-27 17:10:06,0,0,29.88,0,1,2816,46.9333,60,1,195,3.25,8.6,0,0,0,0,0,0,0,0,222,155,1e-04,3e-04,3e-04,8e-04,0.0013,0.0021,0.0027,0.0021,3.79,0,0
2025-12-27 17:11:06,0,0,29.75,0,1,2279,37.9833,43,0.716667,202,3.36667,10.15,0,0,0,0,0,0,0,0,206,146,1e-04,2e-04,4e-04,9e-04,0.0015,0.0025,0.0033,0.0026,4.09,0.01,0
2025-12-27 17:12:06,0,0,29.94,0,1,1390,23.1667,15,0.25,108,1.8,17.45,0,0,0,0,0,0,0,0,225,158,2e-04,4e-04,7e-04,0.0015,0.0026,0.0042,0.0056,0.0042,7.46,0.01,0
2025-12-27 17:13:06,0,0,29.69,0,1,2450,40.8333,50,0.833333,175,2.91667,10.69,0,0,0,0,0,0,0,0,227,160,1e-04,3e-04,4e-04,9e-04,0.0016,0.0026,0.0034,0.0027,4.27,0.01,0
2025-12-27 17:14:06,0,0,29.62,0,1,1978,32.9667,33,0.55,150,2.5,8.51,0,0,0,0,0,0,0,0,216,159,1e-04,1e-04,3e-04,8e-04,0.0013,0.0021,0.0028,0.0022,3.13,0,0
2025-12-27 17:15:06,0,0,29.88,0,1,7720,128.667,200,3.33333,522,8.7,3.91,0,0,0,0,0,0,0,0,183,111,0,1e-04,1e-04,3e-04,6e-04,0.001,0.0013,0.001,1.43,0,0
2025-12-27 17:16:06,0,0,29.62,0,16,1306,21.7667,6,0.1,143,2.38333,1.9,0,0,0,0,0,0,0,0,172,110,0,1e-04,0,3e-04,3e-04,2e-04,6e-04,0,1.05,0,0
2025-12-27 17:17:06,0,0,29.56,0,1,1241,20.6833,22,0.366667,113,1.88333,0.36,0,0,0,0,0,0,0,0,199,109,0,0,0,1e-04,1e-04,0,1e-04,0,0.11,0,0
2025-12-27 17:18:06,0,0,29.38,0,1,5,0.0833333,0,0,1,0.0166667,0.01,0,0,0,0,0,0,0,0,193,106,0,0,0,0,0,0,0,0,0.01,0,0
2025-12-27 17:19:06,0,0,29.31,0,1,236,3.93333,3,0.05,23,0.383333,0.03,0,0,0,0,0,0,0,0,182,109,0,0,0,0,0,0,0,0,0,0,0
2025-12-27 17:20:06,0,0,29.44,0,1,0,0,0,0,0,0,0.16,0,0,0,0,0,0,0,0,171,107,0,0,0,0,0,0,1e-04,0,0.02,0,0
2025-12-27 17:21:06,0,0,29.5,0,1,0,0,0,0,0,0,0,0,0,0,0,0,0,0,0,170,107,0,0,0,0,0,0,0,0,0,0,0
2025-12-27 17:22:06,0,0,29.62,0,1,0,0,0,0,0,0,0,0,0,0,0,0,0,0,0,168,108,0,0,0,0,0,0,1e-04,0,0,0,0
2025-12-27 17:23:06,0,0,29.88,0,1,418,6.96667,10,0.166667,35,0.583333,0,0,0,0,0,0,0,0,0,171,123,0,0,0,0,0,0,0,0,0,0,0
2025-12-27 17:24:06,0,0,29.94,0,1,0,0,0,0,0,0,0,0,0,0,0,0,0,0,0,168,115,0,0,0,0,0,0,0,0,0,0,0
2025-12-27 17:25:06,0,0,29.94,0,1,19,0.316667,0,0,1,0.0166667,0.08,0,0,0,0,0,0,0,0,166,110,0,0,0,0,0,0,0,0,0.02,0,0
2025-12-27 17:26:06,0,0,30,0,1,0,0,0,0,0,0,0.32,0,0,0,0,0,0,0,0,163,108,0,0,0,0,1e-04,0,2e-04,0,0,0,0
2025-12-27 17:27:06,0,0,29.75,0,16,345,5.75,3,0.05,32,0.533333,0,0,0,0,0,0,0,0,0,165,128,0,0,0,0,0,0,0,0,0,0,0
2025-12-27 17:28:06,0,0,29.88,0,16,35,0.583333,0,0,2,0.0333333,0,0,0,0,0,0,0,0,0,169,115,0,0,0,0,0,0,0,0,0,0,0
2025-12-27 17:29:06,0,0,30,0,16,511,8.51667,3,0.05,42,0.7,0,0,0,0,0,0,0,0,0,192,131,0,0,0,0,0,0,0,0,0,0,0
2025-12-27 17:30:06,0,0,30.12,0,16,838,13.9667,9,0.15,77,1.28333,0,0,0,0,0,0,0,0,0,204,135,0,0,0,0,0,0,0,0,0,0,0
2025-12-27 17:31:06,0,0,30,0,1,426,7.1,3,0.05,25,0.416667,0.33,0,0,0,0,0,0,0,0,176,110,0,0,0,0,1e-04,0,1e-04,0,0.09,0,0
2025-12-27 17:32:06,0,0,30.25,0,1,102,1.7,0,0,5,0.0833333,0.88,0,0,0,0,0,0,0,0,160,102,0,0,0,1e-04,2e-04,1e-04,4e-04,0,0.33,0,0
2025-12-27 17:33:06,0,0,30.5,0,16,230,3.83333,0,0,12,0.2,0.16,0,0,0,0,0,0,0,0,166,105,0,0,0,0,0,0,1e-04,0,0,0,0
2025-12-27 17:34:06,0,0,30.62,0,16,122,2.03333,0,0,10,0.166667,0.02,0,0,0,0,0,0,0,0,159,104,0,0,0,0,0,0,0,0,0.01,0,0
2025-12-27 17:35:06,0,0,30.62,0,16,408,6.8,6,0.1,31,0.516667,0.15,0,0,0,0,0,0,0,0,166,111,0,0,0,0,0,0,1e-04,0,0.03,0,0
2025-12-27 17:36:06,0,0,30.69,0,16,117,1.95,0,0,15,0.25,0.2,0,0,0,0,0,0,0,0,156,108,0,0,0,1e-04,0,0,1e-04,0,0.11,0,0
2025-12-27 17:37:06,0,0,30.81,0,16,580,9.66667,0,0,41,0.683333,0.13,0,0,0,0,0,0,0,0,157,110,0,0,0,0,0,0,1e-04,0,0.02,0,0
2025-12-27 17:38:06,0,0,30.75,0,16,829,13.8167,10,0.166667,75,1.25,0.1,0,0,0,0,0,0,0,0,153,106,0,0,0,0,0,0,1e-04,0,0,0,0
2025-12-27 17:39:06,0,0,30.88,0,16,366,6.1,0,0,24,0.4,0.19,0,0,0,0,0,0,0,0,151,104,0,0,0,0,0,0,1e-04,0,0.06,0,0
2025-12-27 17:40:06,0,0,30.81,0,16,1086,18.1,24,0.4,80,1.33333,0.17,0,0,0,0,0,0,0,0,153,102,0,0,0,1e-04,0,0,1e-04,0,0.09,0,0
2025-12-27 17:41:06,0,0,31,0,16,927,15.45,6,0.1,89,1.48333,0,0,0,0,0,0,0,0,0,170,135,0,0,0,0,0,0,1e-04,0,0,0,0
2025-12-27 17:42:06,0,0,30.81,0,16,1467,24.45,5,0.0833333,141,2.35,0,0,0,0,0,0,0,0,0,145,111,0,0,0,0,0,0,0,0,0,0,0
2025-12-27 17:43:06,0,0,31.06,0,16,2253,37.55,45,0.75,165,2.75,0,0,0,0,0,0,0,0,0,185,121,0,0,0,0,0,0,0,0,0,0,0
2025-12-27 17:44:06,0,0,30.69,0,16,520,8.66667,6,0.1,57,0.95,0,0,0,0,0,0,0,0,0,192,113,0,0,0,0,0,0,0,0,0,0,0
2025-12-27 17:45:06,0,0,30.31,0,16,267,4.45,0,0,33,0.55,0,0,0,0,0,0,0,0,0,207,154,0,0,0,0,0,0,0,0,0,0,0
2025-12-27 17:46:06,0,0,30.19,0,16,364,6.06667,3,0.05,39,0.65,0.22,0,0,0,0,0,0,0,0,210,156,0,0,0,0,1e-04,0,1e-04,0,0.04,0,0
2025-12-27 17:47:06,0,0,30.19,0,16,102,1.7,0,0,10,0.166667,0.02,0,0,0,0,0,0,0,0,207,153,0,0,0,0,0,0,0,0,0,0,0
2025-12-27 17:48:06,0,0,30.44,0,16,204,3.4,0,0,21,0.35,0.62,0,0,0,0,0,0,0,0,206,152,0,0,0,1e-04,1e-04,1e-04,2e-04,0,0.19,0,0
2025-12-27 17:49:06,0,0,30.56,0,16,15,0.25,0,0,0,0,1.17,0,0,0,0,0,0,0,0,206,152,0,1e-04,0,2e-04,2e-04,1e-04,3e-04,0,0.75,0,0
2025-12-27 17:50:06,0,0,30.62,0,16,451,7.51667,2,0.0333333,40,0.666667,0.82,0,0,0,0,0,0,0,0,207,153,0,0,0,1e-04,2e-04,1e-04,3e-04,0,0.32,0,0
2025-12-27 17:51:06,0,0,30.56,0,16,1280,21.3333,12,0.2,111,1.85,0.93,0,0,0,0,0,0,0,0,211,156,0,0,0,1e-04,2e-04,1e-04,3e-04,0,0.35,0,0
2025-12-27 17:52:06,0,0,30.69,0,16,278,4.63333,0,0,24,0.4,0.65,0,0,0,0,0,0,0,0,189,137,0,0,0,1e-04,1e-04,1e-04,2e-04,0,0.22,0,0
2025-12-27 17:53:06,0,0,30.75,0,16,272,4.53333,1,0.0166667,25,0.416667,0.49,0,0,0,0,0,0,0,0,181,129,0,0,0,1e-04,1e-04,0,2e-04,0,0.15,0,0
2025-12-27 17:54:06,0,0,30.69,0,16,974,16.2333,3,0.05,125,2.08333,0,0,0,0,0,0,0,0,0,207,152,0,0,0,0,0,0,0,0,0,0,0
2025-12-27 17:55:06,0,0,30.5,0,1,718,11.9667,4,0.0666667,71,1.18333,0.02,0,0,0,0,0,0,0,0,208,154,0,0,0,0,0,0,1e-04,0,0,0,0
2025-12-27 17:56:06,0,0,30.81,0,16,689,11.4833,11,0.183333,51,0.85,0,0,0,0,0,0,0,0,0,192,143,0,0,0,0,0,0,0,0,0,0,0
2025-12-27 17:57:06,0,0,30.75,0,1,253,4.21667,8,0.133333,19,0.316667,0.02,0,0,0,0,0,0,0,0,196,148,0,0,0,0,0,0,0,0,0.01,0,0
2025-12-27 17:58:06,0,0,30.56,0,16,661,11.0167,7,0.116667,58,0.966667,0,0,0,0,0,0,0,0,0,192,142,0,0,0,0,0,0,0,0,0,0,0
2025-12-27 17:59:06,0,0,30.44,0,16,70,1.16667,0,0,9,0.15,0,0,0,0,0,0,0,0,0,197,148,0,0,0,0,0,0,0,0,0,0,0
2025-12-27 18:00:06,0,0,30.56,0,16,616,10.2667,1,0.0166667,65,1.08333,0.05,0,0,0,0,0,0,0,0,177,130,0,0,0,0,0,0,0,0,0,0,0
2025-12-27 18:01:06,0,0,30.88,0,16,3245,54.0833,62,1.03333,222,3.7,0.49,0,0,0,0,0,0,0,0,215,158,0,0,0,1e-04,1e-04,1e-04,2e-04,0,0.29,0,0
2025-12-27 18:02:06,0,0,30.88,0,8,6406,106.767,156,2.6,403,6.71667,3.96,0,0,0,0,0,0,0,0,221,158,0,1e-04,1e-04,3e-04,6e-04,0.001,0.0011,7e-04,1.2,0,0
2025-12-27 18:03:06,0,0,30.69,0,16,4489,74.8167,109,1.81667,298,4.96667,0.29,0,0,0,0,0,0,0,0,217,163,0,0,0,0,1e-04,1e-04,1e-04,1e-04,0,0,0
2025-12-27 18:04:06,0,0,30.75,0,16,3803,63.3833,83,1.38333,260,4.33333,0.72,0,0,0,0,0,0,0,0,227,164,0,0,0,1e-04,1e-04,1e-04,2e-04,1e-04,0.28,0,0
2025-12-27 18:05:06,0,0,30.94,0,1,2685,44.75,47,0.783333,139,2.31667,0.33,0,0,0,0,0,0,0,0,182,128,0,0,0,0,1e-04,1e-04,1e-04,1e-04,0.02,0,0
2025-12-27 18:06:06,0,0,30.94,0,1,6894,114.9,181,3.01667,414,6.9,3.37,0,0,0,0,0,0,0,0,228,160,0,0,1e-04,2e-04,5e-04,9e-04,0.001,6e-04,0.74,0,0
2025-12-27 18:07:06,0,0,30.5,0,1,4243,70.7167,89,1.48333,261,4.35,74.36,0,0,0,0,0,0,0,0,227,162,0.0012,0.0104,0.0049,0.0087,0.0119,0.0136,0.0115,0.0062,76.01,0.03,0
2025-12-27 18:08:06,0,0,30.12,0,1,4741,79.0167,95,1.58333,291,4.85,9.69,0,0,0,0,0,0,0,0,224,159,1e-04,2e-04,2e-04,7e-04,0.0015,0.0025,0.0029,0.0018,2.98,0,0
2025-12-27 18:09:06,0,0,29.88,0,1,4475,74.5833,93,1.55,266,4.43333,12.13,0,0,0,0,0,0,0,0,221,169,1e-04,3e-04,3e-04,9e-04,0.0019,0.0031,0.0033,0.002,3.78,0.01,0
2025-12-27 18:10:06,0,0,30.19,0,1,3049,50.8167,82,1.36667,162,2.7,6.1,0,0,0,0,0,0,0,0,234,156,1e-04,1e-04,2e-04,5e-04,0.001,0.0016,0.0017,0.0011,2.02,0,0
2025-12-27 18:11:06,0,0,30.12,0,1,3450,57.5,91,1.51667,189,3.15,5.57,0,0,0,0,0,0,0,0,227,160,0,1e-04,1e-04,4e-04,9e-04,0.0015,0.0015,0.001,1.49,0,0
2025-12-27 18:12:06,0,0,29.81,0,1,1123,18.7167,11,0.183333,72,1.2,16.36,0,0,0,0,0,0,0,0,233,166,1e-04,4e-04,5e-04,0.0012,0.0026,0.0042,0.0044,0.0027,5.75,0.01,0
2025-12-27 18:13:06,0,0,29.56,0,4,435,7.25,1,0.0166667,28,0.466667,16.43,0,0,0,0,0,0,0,0,229,165,2e-04,4e-04,5e-04,0.0013,0.0026,0.0042,0.0044,0.0026,5.99,0.01,0
2025-12-27 18:14:06,0,0,29.38,0,4,590,9.83333,0,0,37,0.616667,17.64,0,0,0,0,0,0,0,0,229,161,2e-04,4e-04,5e-04,0.0014,0.0027,0.0045,0.0047,0.0028,6.47,0.01,0
2025-12-27 18:15:06,0,0,29.12,0,16,587,9.78333,0,0,26,0.433333,23.35,0,0,0,0,0,0,0,0,226,165,2e-04,6e-04,7e-04,0.0018,0.0036,0.0059,0.0062,0.0036,8.72,0.01,0
2025-12-27 18:16:06,0,0,29.5,0,16,867,14.45,1,0.0166667,58,0.966667,20.22,0,0,0,0,0,0,0,0,219,160,2e-04,5e-04,6e-04,0.0015,0.0032,0.0052,0.0054,0.0032,7.35,0.01,0
2025-12-27 18:17:06,0,0,29.69,0,8,1005,16.75,16,0.266667,59,0.983333,17.67,0,0,0,0,0,0,0,0,182,128,2e-04,5e-04,5e-04,0.0013,0.0028,0.0045,0.0047,0.0029,6.28,0.01,0
2025-12-27 18:18:06,0,0,29.31,0,16,1154,19.2333,25,0.416667,56,0.933333,15.71,0,0,0,0,0,0,0,0,210,128,1e-04,4e-04,5e-04,0.0012,0.0025,0.004,0.0043,0.0026,5.55,0.01,0
2025-12-27 18:19:06,0,0,29.38,0,16,6499,108.317,197,3.28333,275,4.58333,19.12,0,0,0,0,0,0,0,0,174,128,2e-04,5e-04,6e-04,0.0014,0.003,0.0049,0.0052,0.0031,6.77,0.01,0
2025-12-27 18:20:06,0,0,29.44,0,1,4184,69.7333,99,1.65,244,4.06667,14.15,0,0,0,0,0,0,0,0,181,125,1e-04,3e-04,4e-04,0.001,0.0022,0.0037,0.0039,0.0024,4.7,0.01,0
2025-12-27 18:21:06,0,0,29.81,0,1,3656,60.9333,85,1.41667,218,3.63333,13.72,0,0,0,0,0,0,0,0,197,147,1e-04,3e-04,4e-04,0.0011,0.0021,0.0035,0.0037,0.0022,5.05,0.01,0
2025-12-27 18:22:06,0,0,29.81,0,1,5994,99.9,146,2.43333,306,5.1,12.13,0,0,0,0,0,0,0,0,186,134,1e-04,3e-04,3e-04,9e-04,0.0019,0.0032,0.0033,0.0021,3.82,0.01,0
2025-12-27 18:23:06,0,0,29.88,0,8,2167,36.1167,40,0.666667,129,2.15,16,0,0,0,0,0,0,0,0,192,158,2e-04,4e-04,5e-04,0.0012,0.0025,0.0041,0.0043,0.0026,5.63,0.01,0
2025-12-27 18:24:06,0,0,30.06,0,16,1661,27.6833,40,0.666667,91,1.51667,18.23,0,0,0,0,0,0,0,0,184,112,2e-04,5e-04,6e-04,0.0014,0.0028,0.0047,0.0049,0.0029,6.72,0.01,0
2025-12-27 18:25:06,0,0,30.31,0,1,1637,27.2833,44,0.733333,76,1.26667,15.34,0,0,0,0,0,0,0,0,224,164,2e-04,4e-04,5e-04,0.0012,0.0024,0.0039,0.0041,0.0026,5.49,0.01,0
2025-12-27 18:26:06,0,0,30.06,0,1,3682,61.3667,85,1.41667,220,3.66667,7.8,0,0,0,0,0,0,0,0,217,151,1e-04,2e-04,2e-04,6e-04,0.0012,0.002,0.0021,0.0013,2.56,0,0
2025-12-27 18:27:06,0,0,30.19,0,1,3037,50.6167,53,0.883333,193,3.21667,11.14,0,0,0,0,0,0,0,0,211,150,1e-04,3e-04,3e-04,8e-04,0.0018,0.0029,0.003,0.0019,3.65,0,0
2025-12-27 18:28:06,0,0,30.38,0,1,2316,38.6,57,0.95,166,2.76667,12.74,0,0,0,0,0,0,0,0,184,120,1e-04,3e-04,4e-04,9e-04,0.002,0.0033,0.0035,0.0022,4.34,0.01,0
2025-12-27 18:29:06,0,0,30.38,0,1,70,1.16667,0,0,6,0.1,16.8,0,0,0,0,0,0,0,0,197,146,2e-04,4e-04,5e-04,0.0013,0.0026,0.0043,0.0045,0.0027,6.1,0.01,0
2025-12-27 18:30:06,0,0,30.19,0,1,1914,31.9,35,0.583333,124,2.06667,14.74,0,0,0,0,0,0,0,0,225,157,1e-04,4e-04,4e-04,0.0011,0.0023,0.0038,0.004,0.0025,5.05,0.01,0
2025-12-27 18:31:06,0,0,30.38,0,16,2472,41.2,57,0.95,158,2.63333,14.19,0,0,0,0,0,0,0,0,174,124,1e-04,4e-04,4e-04,0.001,0.0022,0.0037,0.0038,0.0023,5.02,0.01,0
2025-12-27 18:32:06,0,0,30.44,0,16,608,10.1333,16,0.266667,33,0.55,18.63,0,0,0,0,0,0,0,0,163,109,2e-04,5e-04,6e-04,0.0014,0.0029,0.0048,0.005,0.003,6.69,0.01,0
2025-12-27 18:33:06,0,0,30.38,0,16,585,9.75,12,0.2,37,0.616667,15.31,0,0,0,0,0,0,0,0,189,138,1e-04,4e-04,5e-04,0.0011,0.0024,0.0039,0.0041,0.0025,5.45,0.01,0
2025-12-27 18:34:06,0,0,30.31,0,16,5,0.0833333,0,0,0,0,17.78,0,0,0,0,0,0,0,0,175,126,2e-04,4e-04,6e-04,0.0013,0.0028,0.0045,0.0047,0.0029,6.38,0.01,0
2025-12-27 18:35:06,0,0,30.31,0,16,3723,62.05,101,1.68333,221,3.68333,11.7,0,0,0,0,0,0,0,0,205,154,1e-04,3e-04,3e-04,8e-04,0.0018,0.003,0.0032,0.002,3.9,0,0
2025-12-27 18:36:06,0,0,30.31,0,1,2109,35.15,31,0.516667,134,2.23333,9.13,0,0,0,0,0,0,0,0,230,160,1e-04,2e-04,2e-04,7e-04,0.0014,0.0024,0.0024,0.0015,2.98,0,0
2025-12-27 18:37:06,0,0,30.69,0,16,830,13.8333,19,0.316667,54,0.9,11.15,0,0,0,0,0,0,0,0,219,166,1e-04,3e-04,4e-04,8e-04,0.0017,0.0029,0.003,0.0018,4,0,0
2025-12-27 18:38:06,0,0,30.81,0,16,2709,45.15,51,0.85,165,2.75,14.88,0,0,0,0,0,0,0,0,198,118,1e-04,4e-04,4e-04,0.0011,0.0023,0.0038,0.004,0.0024,5.23,0.01,0
2025-12-27 18:39:06,0,0,30.62,0,16,5573,92.8833,163,2.71667,307,5.11667,9.51,0,0,0,0,0,0,0,0,201,146,1e-04,2e-04,3e-04,7e-04,0.0015,0.0025,0.0026,0.0016,2.97,0,0
2025-12-27 18:40:06,0,0,30.31,0,1,1832,30.5333,37,0.616667,125,2.08333,19.36,0,0,0,0,0,0,0,0,223,157,2e-04,5e-04,6e-04,0.0015,0.003,0.0049,0.0051,0.003,7.29,0.01,0
2025-12-27 18:41:06,0,0,30.19,0,4,667,11.1167,5,0.0833333,53,0.883333,20.21,0,0,0,0,0,0,0,0,220,158,2e-04,6e-04,6e-04,0.0015,0.0032,0.0052,0.0054,0.0032,7.45,0.01,0
2025-12-27 18:42:06,0,0,30.19,0,4,1351,22.5167,19,0.316667,74,1.23333,14.6,0,0,0,0,0,0,0,0,192,128,1e-04,4e-04,5e-04,0.0011,0.0023,0.0038,0.0039,0.0024,5.33,0.01,0
2025-12-27 18:43:06,0,0,30.12,0,1,450,7.5,9,0.15,30,0.5,18.29,0,0,0,0,0,0,0,0,216,154,2e-04,5e-04,6e-04,0.0014,0.0029,0.0047,0.0049,0.0029,6.64,0.01,0
2025-12-27 18:44:06,0,0,30.06,0,4,1797,29.95,36,0.6,110,1.83333,16.58,0,0,0,0,0,0,0,0,195,137,1e-04,4e-04,5e-04,0.0013,0.0026,0.0042,0.0044,0.0027,6.01,0.01,0
2025-12-27 18:45:06,0,0,30.19,0,4,1694,28.2333,54,0.9,88,1.46667,18.18,0,0,0,0,0,0,0,0,211,149,2e-04,5e-04,6e-04,0.0014,0.0028,0.0046,0.0048,0.0029,6.72,0.01,0
2025-12-27 18:46:06,0,0,31.12,0,16,2798,46.6333,50,0.833333,199,3.31667,20.97,0,0,0,0,0,0,0,0,164,116,2e-04,6e-04,7e-04,0.0016,0.0033,0.0053,0.0056,0.0033,8.11,0.01,0
2025-12-27 18:47:06,0,0,31.25,0,16,430,7.16667,1,0.0166667,34,0.566667,27.1,0,0,0,0,0,0,0,0,173,112,3e-04,8e-04,9e-04,0.0021,0.0042,0.0069,0.0072,0.0043,10.56,0.01,0
2025-12-27 18:48:06,0,0,31.25,0,16,285,4.75,1,0.0166667,20,0.333333,26.36,0,0,0,0,0,0,0,0,162,110,3e-04,7e-04,9e-04,0.002,0.0041,0.0067,0.007,0.0042,10.13,0.01,0
2025-12-27 18:49:06,0,0,31.38,0,16,15,0.25,0,0,0,0,25.74,0,0,0,0,0,0,0,0,158,106,2e-04,7e-04,9e-04,0.0019,0.004,0.0066,0.0068,0.0041,9.69,0.01,0
2025-12-27 18:50:06,0,0,31.44,0,16,1347,22.45,36,0.6,85,1.41667,20.26,0,0,0,0,0,0,0,0,195,128,2e-04,6e-04,6e-04,0.0015,0.0032,0.0052,0.0054,0.0032,7.5,0.01,0
2025-12-27 18:51:06,0,0,31.12,0,16,1644,27.4,27,0.45,116,1.93333,17.94,0,0,0,0,0,0,0,0,195,152,2e-04,5e-04,6e-04,0.0014,0.0028,0.0046,0.0048,0.0029,6.64,0.01,0
2025-12-27 18:52:06,0,0,31.56,0,8,659,10.9833,9,0.15,36,0.6,14.81,0,0,0,0,0,0,0,0,166,112,1e-04,4e-04,5e-04,0.0011,0.0023,0.0038,0.0039,0.0024,5.54,0.01,0
2025-12-27 18:53:06,0,0,31.38,0,8,438,7.3,4,0.0666667,31,0.516667,12.91,0,0,0,0,0,0,0,0,164,143,1e-04,3e-04,4e-04,0.001,0.002,0.0033,0.0034,0.0021,4.53,0.01,0
2025-12-27 18:54:06,0,0,31.38,0,8,6208,103.467,189,3.15,334,5.56667,7.63,0,0,0,0,0,0,0,0,180,128,1e-04,2e-04,2e-04,6e-04,0.0012,0.002,0.0021,0.0013,2.4,0,0
2025-12-27 18:55:06,0,0,30.75,0,1,11904,198.4,396,6.6,497,8.28333,3.82,0,0,0,0,0,0,0,0,170,125,0,1e-04,1e-04,3e-04,6e-04,0.001,0.001,7e-04,1.11,0,0
2025-12-27 18:56:06,0,0,30.56,0,8,11842,197.367,417,6.95,489,8.15,7.01,0,0,0,0,0,0,0,0,195,128,1e-04,2e-04,2e-04,6e-04,0.0011,0.0018,0.0019,0.0012,2.52,0,0
2025-12-27 18:57:06,0,0,30.44,0,1,446,7.43333,4,0.0666667,31,0.516667,1.1,0,0,0,0,0,0,0,0,192,126,0,0,0,1e-04,2e-04,3e-04,3e-04,3e-04,0.02,0,0
2025-12-27 18:58:06,0,0,30.31,0,1,55,0.916667,0,0,2,0.0333333,1.3,0,0,0,0,0,0,0,0,200,128,0,0,0,1e-04,2e-04,4e-04,4e-04,3e-04,0,0,0
2025-12-27 18:59:06,0,0,30.44,0,1,26,0.433333,0,0,2,0.0333333,1.2,0,0,0,0,0,0,0,0,192,120,0,0,0,1e-04,2e-04,4e-04,4e-04,3e-04,0.01,0,0
2025-12-27 19:00:06,0,0,30.62,0,1,26,0.433333,0,0,1,0.0166667,1.06,0,0,0,0,0,0,0,0,193,116,0,0,0,1e-04,2e-04,3e-04,3e-04,3e-04,0,0,0
2025-12-27 19:01:06,0,0,30.69,0,1,24,0.4,0,0,0,0,1.42,0,0,0,0,0,0,0,0,192,116,0,0,0,1e-04,2e-04,4e-04,5e-04,4e-04,0,0,0
2025-12-27 19:02:06,0,0,30.69,0,1,4,0.0666667,0,0,0,0,1.95,0,0,0,0,0,0,0,0,190,114,0,0,0,1e-04,3e-04,5e-04,6e-04,4e-04,0.16,0,0
2025-12-27 19:03:06,0,0,30.75,0,1,0,0,0,0,0,0,2,0,0,0,0,0,0,0,0,188,114,0,0,0,1e-04,3e-04,6e-04,6e-04,5e-04,0.12,0,0
2025-12-27 19:04:06,0,0,30.62,0,1,109,1.81667,0,0,10,0.166667,4.63,0,0,0,0,0,0,0,0,219,158,0,1e-04,1e-04,3e-04,7e-04,0.0012,0.0013,9e-04,1.02,0,0
2025-12-27 19:05:06,0,0,31.25,0,1,1890,31.5,40,0.666667,124,2.06667,7.34,0,0,0,0,0,0,0,0,166,142,1e-04,1e-04,2e-04,5e-04,0.0012,0.0019,0.002,0.0012,2.23,0,0
2025-12-27 19:06:06,0,0,31.19,0,1,682,11.3667,1,0.0166667,41,0.683333,2.23,0,0,0,0,0,0,0,0,157,130,0,0,0,1e-04,4e-04,7e-04,7e-04,5e-04,0.04,0,0
2025-12-27 19:07:06,0,0,31.25,0,1,382,6.36667,0,0,33,0.55,4.79,0,0,0,0,0,0,0,0,151,105,0,1e-04,1e-04,4e-04,8e-04,0.0013,0.0013,9e-04,1.27,0,0
2025-12-27 19:08:06,0,0,31,0,1,12118,201.967,445,7.41667,518,8.63333,3.65,0,0,0,0,0,0,0,0,224,162,0,0,1e-04,2e-04,6e-04,0.001,0.001,7e-04,0.74,0,0
2025-12-27 19:09:06,0,0,30.5,0,16,3838,63.9667,98,1.63333,234,3.9,20.55,0,0,0,0,0,0,0,0,198,148,2e-04,6e-04,7e-04,0.0019,0.0031,0.0049,0.0061,0.0034,8.87,0.01,0
2025-12-27 19:10:06,0,0,30.25,0,16,477,7.95,0,0,46,0.766667,25.55,0,0,0,0,0,0,0,0,175,135,3e-04,8e-04,9e-04,0.0023,0.0038,0.006,0.0077,0.0041,11.36,0.01,0
2025-12-27 19:11:06,0,0,30.25,0,16,930,15.5,6,0.1,109,1.81667,24.33,0,0,0,0,0,0,0,0,198,144,2e-04,8e-04,8e-04,0.0022,0.0037,0.0057,0.0073,0.0039,10.87,0.01,0
2025-12-27 19:12:06,0,0,30.62,0,16,5021,83.6833,116,1.93333,359,5.98333,21.03,0,0,0,0,0,0,0,0,223,162,2e-04,7e-04,7e-04,0.0019,0.0032,0.005,0.0063,0.0035,9.18,0.01,0
2025-12-27 19:13:06,0,0,30.5,0,1,9699,161.65,346,5.76667,453,7.55,28.68,0,0,0,0,0,0,0,0,204,148,3e-04,8e-04,9e-04,0.0023,0.0044,0.0073,0.0079,0.0048,11.17,0.01,0
2025-12-27 19:14:06,0,0,30.44,0,8,4787,79.7833,112,1.86667,242,4.03333,33.24,0,0,0,0,0,0,0,0,231,175,4e-04,0.0011,0.0011,0.0029,0.0051,0.008,0.0093,0.0055,14.54,0.01,0
2025-12-27 19:15:06,0,0,30.38,0,1,9521,158.683,289,4.81667,545,9.08333,1.2,0,0,0,0,0,0,0,0,213,166,0,0,0,1e-04,2e-04,3e-04,3e-04,2e-04,0.32,0,0
2025-12-27 19:16:06,0,0,30.62,0,1,9678,161.3,325,5.41667,476,7.93333,0.02,0,0,0,0,0,0,0,0,199,144,0,0,0,0,0,0,0,0,0.03,0,0
2025-12-27 19:17:06,0,0,30.75,0,1,7336,122.267,198,3.3,411,6.85,0,0,0,0,0,0,0,0,0,185,132,0,0,0,0,0,0,0,0,0,0,0
2025-12-27 19:18:06,0,0,30.81,0,1,3750,62.5,98,1.63333,213,3.55,0,0,0,0,0,0,0,0,0,168,108,0,0,0,0,0,0,0,0,0,0,0
2025-12-27 19:19:06,0,0,30.62,0,1,2419,40.3167,10,0.166667,233,3.88333,0,0,0,0,0,0,0,0,0,165,108,0,0,0,0,0,0,0,0,0,0,0
2025-12-27 19:20:06,0,0,30.44,0,1,151,2.51667,0,0,6,0.1,0,0,0,0,0,0,0,0,0,185,108,0,0,0,0,0,0,0,0,0,0,0
2025-12-27 19:21:06,0,0,30.12,0,1,1515,25.25,6,0.1,161,2.68333,0,0,0,0,0,0,0,0,0,194,130,0,0,0,0,0,0,0,0,0,0,0
2025-12-27 19:22:06,0,0,30,0,1,2253,37.55,4,0.0666667,236,3.93333,0,0,0,0,0,0,0,0,0,194,112,0,0,0,0,0,0,0,0,0,0,0
2025-12-27 19:23:06,0,0,29.88,0,1,2052,34.2,2,0.0333333,247,4.11667,0,0,0,0,0,0,0,0,0,194,120,0,0,0,0,0,0,0,0,0,0,0
2025-12-27 19:24:06,0,0,29.94,0,1,1159,19.3167,2,0.0333333,107,1.78333,0,0,0,0,0,0,0,0,0,211,155,0,0,0,0,0,0,0,0,0,0,0
2025-12-27 19:25:06,0,0,30,0,1,2431,40.5167,18,0.3,223,3.71667,0,0,0,0,0,0,0,0,0,214,160,0,0,0,0,0,0,0,0,0,0,0
2025-12-27 19:26:06,0,0,29.56,0,1,3891,64.85,27,0.45,351,5.85,0,0,0,0,0,0,0,0,0,222,162,0,0,0,0,0,0,0,0,0,0,0
2025-12-27 19:27:06,0,0,29.31,0,1,4450,74.1667,38,0.633333,400,6.66667,0,0,0,0,0,0,0,0,0,218,160,0,0,0,0,0,0,0,0,0,0,0
2025-12-27 19:28:06,0,0,29.88,0,1,4554,75.9,141,2.35,256,4.26667,0,0,0,0,0,0,0,0,0,207,151,0,0,0,0,0,0,0,0,0,0,0
2025-12-27 19:29:06,0,0,29.44,0,1,10200,170,345,5.75,493,8.21667,0,0,0,0,0,0,0,0,0,237,182,0,0,0,0,0,0,0,0,0,0,0
2025-12-27 19:30:06,0,0,29.75,0,8,6827,113.783,142,2.36667,381,6.35,0,0,0,0,0,0,0,0,0,215,167,0,0,0,0,0,0,0,0,0,0,0
2025-12-27 19:31:06,0,0,30.06,0,8,4191,69.85,57,0.95,295,4.91667,0,0,0,0,0,0,0,0,0,209,158,0,0,0,0,0,0,0,0,0,0,0
2025-12-27 19:32:06,0,0,30.38,0,8,7191,119.85,142,2.36667,421,7.01667,0,0,0,0,0,0,0,0,0,198,156,0,0,0,0,0,0,0,0,0,0,0
2025-12-27 19:33:06,0,0,30.56,0,8,5008,83.4667,89,1.48333,294,4.9,0,0,0,0,0,0,0,0,0,216,159,0,0,0,0,0,0,0,0,0,0,0
2025-12-27 19:34:06,0,0,30.56,0,1,1249,20.8167,19,0.316667,84,1.4,0,0,0,0,0,0,0,0,0,204,153,0,0,0,0,0,0,0,0,0,0,0
2025-12-27 19:35:06,0,0,30.69,0,8,2836,47.2667,48,0.8,179,2.98333,0,0,0,0,0,0,0,0,0,221,162,0,0,0,0,0,0,0,0,0,0,0
2025-12-27 19:36:06,0,0,31,0,8,3060,51,40,0.666667,193,3.21667,0,0,0,0,0,0,0,0,0,213,153,0,0,0,0,0,0,0,0,0,0,0
2025-12-27 19:37:06,0,0,31.44,0,8,6096,101.6,126,2.1,362,6.03333,0,0,0,0,0,0,0,0,0,227,159,0,0,0,0,0,0,0,0,0,0,0
2025-12-27 19:38:06,0,0,31.44,0,8,10903,181.717,393,6.55,488,8.13333,0,0,0,0,0,0,0,0,0,218,158,0,0,0,0,0,0,0,0,0,0,0
2025-12-27 19:39:06,0,0,31.69,0,1,8579,142.983,282,4.7,495,8.25,0,0,0,0,0,0,0,0,0,215,160,0,0,0,0,0,0,0,0,0,0,0
2025-12-27 19:40:06,0,0,31.81,0,1,2234,37.2333,7,0.116667,197,3.28333,0,0,0,0,0,0,0,0,0,224,170,0,0,0,0,0,0,0,0,0,0,0
2025-12-27 19:41:06,0,0,31.5,0,1,4688,78.1333,53,0.883333,392,6.53333,0,0,0,0,0,0,0,0,0,203,167,0,0,0,0,0,0,0,0,0,0,0
2025-12-27 19:42:06,0,0,31.31,0,1,3463,57.7167,19,0.316667,331,5.51667,0,0,0,0,0,0,0,0,0,195,137,0,0,0,0,0,0,0,0,0,0,0
2025-12-27 19:43:06,0,0,31.19,0,1,1990,33.1667,18,0.3,178,2.96667,0,0,0,0,0,0,0,0,0,221,167,0,0,0,0,0,0,0,0,0,0,0
2025-12-27 19:44:06,0,0,31.88,0,1,1904,31.7333,0,0,185,3.08333,0,0,0,0,0,0,0,0,0,184,131,0,0,0,0,0,0,0,0,0,0,0
2025-12-27 19:45:06,0,0,32.19,0,1,1345,22.4167,1,0.0166667,131,2.18333,0,0,0,0,0,0,0,0,0,181,120,0,0,0,0,0,0,0,0,0,0,0
2025-12-27 19:46:06,0,0,32.31,0,1,1886,31.4333,1,0.0166667,180,3,0,0,0,0,0,0,0,0,0,182,118,0,0,0,0,0,0,0,0,0,0,0
2025-12-27 19:47:06,0,0,32.75,0,1,2097,34.95,1,0.0166667,208,3.46667,0,0,0,0,0,0,0,0,0,179,113,0,0,0,0,0,0,0,0,0,0,0
2025-12-27 19:48:06,0,0,33.12,0,1,1357,22.6167,7,0.116667,102,1.7,0,0,0,0,0,0,0,0,0,221,153,0,0,0,0,0,0,0,0,0,0,0
2025-12-27 19:49:06,0,0,33.25,0,1,2799,46.65,107,1.78333,141,2.35,0,0,0,0,0,0,0,0,0,204,154,0,0,0,0,0,0,0,0,0,0,0
2025-12-27 19:50:06,0,0,33.25,0,1,5046,84.1,119,1.98333,331,5.51667,0,0,0,0,0,0,0,0,0,211,156,0,0,0,0,0,0,0,0,0,0,0
2025-12-27 19:51:06,0,0,32.75,0,8,12643,210.717,493,8.21667,533,8.88333,0,0,0,0,0,0,0,0,0,212,163,0,0,0,0,0,0,0,0,0,0,0
2025-12-27 19:52:06,0,0,32.62,0,8,7115,118.583,215,3.58333,342,5.7,0,0,0,0,0,0,0,0,0,205,159,0,0,0,0,0,0,0,0,0,0,0
2025-12-27 19:53:06,0,0,32.31,0,8,8176,136.267,254,4.23333,352,5.86667,0,0,0,0,0,0,0,0,0,220,160,0,0,0,0,0,0,0,0,0,0,0
2025-12-27 19:54:06,0,0,31.81,0,1,8943,149.05,305,5.08333,443,7.38333,0,0,0,0,0,0,0,0,0,217,160,0,0,0,0,0,0,0,0,0,0,0
2025-12-27 19:55:06,0,0,31.62,0,8,15507,258.45,737,12.2833,404,6.73333,0,0,0,0,0,0,0,0,0,222,172,0,0,0,0,0,0,0,0,0,0,0
2025-12-27 19:56:06,0,0,31.25,0,1,8549,142.483,259,4.31667,381,6.35,0,0,0,0,0,0,0,0,0,217,155,0,0,0,0,0,0,0,0,0,0,0
2025-12-27 19:57:06,0,0,30.94,0,1,10067,167.783,351,5.85,454,7.56667,0,0,0,0,0,0,0,0,0,217,155,0,0,0,0,0,0,0,0,0,0,0
2025-12-27 19:58:06,0,0,30.75,0,1,6107,101.783,183,3.05,348,5.8,0,0,0,0,0,0,0,0,0,192,136,0,0,0,0,0,0,0,0,0,0,0
2025-12-27 19:59:06,0,0,30.69,0,1,5832,97.2,93,1.55,318,5.3,0,0,0,0,0,0,0,0,0,173,136,0,0,0,0,0,0,0,0,0,0,0
2025-12-27 20:00:06,0,0,30.31,0,1,14236,237.267,528,8.8,643,10.7167,7.24,0,0,0,0,0,0,0,0,175,104,1e-04,2e-04,2e-04,6e-04,0.0011,0.0018,0.0018,0.0011,2.75,0,0
2025-12-27 20:01:06,0,0,30,0,16,2560,42.6667,54,0.9,202,3.36667,4.85,0,0,0,0,0,0,0,0,155,107,0,2e-04,2e-04,6e-04,8e-04,8e-04,0.0014,4e-04,2.6,0,0
2025-12-27 20:02:06,0,0,29.81,0,16,1906,31.7667,3,0.05,263,4.38333,5.59,0,0,0,0,0,0,0,0,148,99,0,2e-04,2e-04,6e-04,9e-04,9e-04,0.0017,5e-04,3.08,0,0
2025-12-27 20:03:06,0,0,29.94,0,16,1377,22.95,3,0.05,156,2.6,5.76,0,0,0,0,0,0,0,0,142,100,0,2e-04,2e-04,7e-04,9e-04,0.001,0.0017,5e-04,3.08,0,0
2025-12-27 20:04:06,0,0,30,0,1,426,7.1,3,0.05,55,0.916667,5.49,0,0,0,0,0,0,0,0,146,98,0,2e-04,2e-04,6e-04,9e-04,0.001,0.0017,5e-04,2.83,0,0
2025-12-27 20:05:06,0,0,30.06,0,16,2068,34.4667,6,0.1,287,4.78333,5.66,0,0,0,0,0,0,0,0,144,100,0,2e-04,2e-04,6e-04,9e-04,9e-04,0.0017,5e-04,2.99,0,0
2025-12-27 20:06:06,0,0,29.5,0,16,769,12.8167,4,0.0666667,88,1.46667,2.93,0,0,0,0,0,0,0,0,149,105,0,1e-04,1e-04,3e-04,5e-04,5e-04,9e-04,3e-04,1.18,0,0
2025-12-27 20:07:06,0,0,29.5,0,16,301,5.01667,0,0,35,0.583333,2.38,0,0,0,0,0,0,0,0,148,108,0,1e-04,0,2e-04,4e-04,5e-04,7e-04,3e-04,0.67,0,0
2025-12-27 20:08:06,0,0,29.62,0,16,260,4.33333,3,0.05,29,0.483333,2.59,0,0,0,0,0,0,0,0,150,108,0,1e-04,0,2e-04,5e-04,5e-04,7e-04,3e-04,0.79,0,0
2025-12-27 20:09:06,0,0,29.88,0,16,519,8.65,11,0.183333,27,0.45,2.14,0,0,0,0,0,0,0,0,153,102,0,1e-04,0,2e-04,4e-04,5e-04,6e-04,3e-04,0.65,0,0
2025-12-27 20:10:06,0,0,30.38,0,16,557,9.28333,4,0.0666667,55,0.916667,0.31,0,0,0,0,0,0,0,0,149,104,0,0,0,0,1e-04,0,2e-04,0,0.01,0,0
2025-12-27 20:11:06,0,0,30.62,0,16,1498,24.9667,16,0.266667,154,2.56667,0.24,0,0,0,0,0,0,0,0,152,102,0,0,0,0,1e-04,0,2e-04,0,0,0,0
2025-12-27 20:12:06,0,0,30.38,0,1,1040,17.3333,13,0.216667,94,1.56667,0.83,0,0,0,0,0,0,0,0,183,103,0,1e-04,0,1e-04,2e-04,0,2e-04,0,0.78,0,0
2025-12-27 20:13:06,0,0,30.06,0,1,32,0.533333,0,0,1,0.0166667,0.28,0,0,0,0,0,0,0,0,179,103,0,0,0,0,1e-04,0,1e-04,0,0,0,0
2025-12-27 20:14:06,0,0,30.25,0,1,488,8.13333,4,0.0666667,52,0.866667,0.49,0,0,0,0,0,0,0,0,171,101,0,0,0,1e-04,1e-04,0,2e-04,0,0.13,0,0
2025-12-27 20:15:06,0,0,30.25,0,1,55,0.916667,0,0,6,0.1,0.11,0,0,0,0,0,0,0,0,167,100,0,0,0,0,0,0,1e-04,0,0,0,0
2025-12-27 20:16:06,0,0,30,0,1,449,7.48333,7,0.116667,39,0.65,0.03,0,0,0,0,0,0,0,0,209,146,0,0,0,0,0,0,1e-04,0,0,0,0
2025-12-27 20:17:06,0,0,30.12,0,1,735,12.25,15,0.25,58,0.966667,0.22,0,0,0,0,0,0,0,0,210,149,0,0,0,0,1e-04,0,1e-04,0,0.05,0,0
2025-12-27 20:18:06,0,0,30.25,0,1,689,11.4833,19,0.316667,41,0.683333,0.1,0,0,0,0,0,0,0,0,192,102,0,0,0,0,0,0,1e-04,0,0,0,0
2025-12-27 20:19:06,0,0,30.25,0,1,486,8.1,9,0.15,34,0.566667,0.04,0,0,0,0,0,0,0,0,196,102,0,0,0,0,0,0,1e-04,0,0,0,0
2025-12-27 20:20:06,0,0,30.06,0,1,11,0.183333,0,0,0,0,0.16,0,0,0,0,0,0,0,0,196,103,0,0,0,0,0,0,1e-04,0,0.05,0,0
2025-12-27 20:21:06,0,0,30.25,0,1,787,13.1167,12,0.2,56,0.933333,0.09,0,0,0,0,0,0,0,0,156,110,0,0,0,0,0,0,1e-04,0,0.04,0,0
2025-12-27 20:22:06,0,0,30.12,0,1,498,8.3,16,0.266667,32,0.533333,0.23,0,0,0,0,0,0,0,0,190,140,0,0,0,0,1e-04,0,1e-04,0,0.04,0,0
2025-12-27 20:23:06,0,0,30.69,0,1,5638,93.9667,155,2.58333,309,5.15,18.33,0,0,0,0,0,0,0,0,196,122,2e-04,6e-04,6e-04,0.0014,0.0029,0.0046,0.0049,0.0031,7.28,0.01,0
2025-12-27 20:24:06,0,0,31,0,1,8858,147.633,261,4.35,594,9.9,8.54,0,0,0,0,0,0,0,0,150,98,1e-04,2e-04,2e-04,7e-04,0.0014,0.0022,0.0023,0.0015,2.85,0,0
2025-12-27 20:25:06,0,0,31,0,1,6587,109.783,150,2.5,390,6.5,1.43,0,0,0,0,0,0,0,0,193,124,0,0,0,1e-04,2e-04,4e-04,4e-04,3e-04,0.3,0,0
2025-12-27 20:26:06,0,0,30.56,0,16,3213,53.55,76,1.26667,225,3.75,1,0,0,0,0,0,0,0,0,212,148,0,0,0,1e-04,2e-04,1e-04,4e-04,0,0.43,0,0
2025-12-27 20:27:06,0,0,30.31,0,16,1590,26.5,17,0.283333,146,2.43333,0.52,0,0,0,0,0,0,0,0,177,108,0,0,0,1e-04,1e-04,1e-04,2e-04,0,0.3,0,0
2025-12-27 20:28:06,0,0,30.44,0,1,1592,26.5333,22,0.366667,97,1.61667,0.63,0,0,0,0,0,0,0,0,174,101,0,0,0,1e-04,1e-04,1e-04,2e-04,0,0.36,0,0
2025-12-27 20:29:06,0,0,30.25,0,1,2145,35.75,36,0.6,142,2.36667,0.61,0,0,0,0,0,0,0,0,164,106,0,0,0,1e-04,1e-04,1e-04,2e-04,0,0.32,0,0
2025-12-27 20:30:06,0,0,29.5,0,1,719,11.9833,0,0,76,1.26667,0.66,0,0,0,0,0,0,0,0,200,157,0,0,0,1e-04,1e-04,1e-04,2e-04,0,0.23,0,0
2025-12-27 20:31:06,0,0,29.56,0,1,647,10.7833,1,0.0166667,59,0.983333,0.71,0,0,0,0,0,0,0,0,183,130,0,0,0,1e-04,1e-04,1e-04,2e-04,0,0.4,0,0
2025-12-27 20:32:06,0,0,30.62,0,16,1015,16.9167,23,0.383333,53,0.883333,0,0,0,0,0,0,0,0,0,175,110,0,0,0,0,0,0,0,0,0,0,0
2025-12-27 20:33:06,0,0,31.31,0,16,236,3.93333,9,0.15,12,0.2,0,0,0,0,0,0,0,0,0,151,102,0,0,0,0,0,0,0,0,0,0,0
2025-12-27 20:34:06,0,0,31.44,0,8,1751,29.1833,57,0.95,70,1.16667,0,0,0,0,0,0,0,0,0,145,128,0,0,0,0,0,0,0,0,0,0,0
2025-12-27 20:35:06,0,0,31.56,0,8,0,0,0,0,0,0,0,0,0,0,0,0,0,0,0,142,118,0,0,0,0,0,0,0,0,0,0,0
2025-12-27 20:36:06,0,0,31.88,0,8,606,10.1,10,0.166667,51,0.85,0,0,0,0,0,0,0,0,0,141,116,0,0,0,0,0,0,0,0,0,0,0
2025-12-27 20:37:06,0,0,32.06,0,16,479,7.98333,8,0.133333,33,0.55,0,0,0,0,0,0,0,0,0,164,101,0,0,0,0,0,0,0,0,0,0,0
2025-12-27 20:38:06,0,0,32.12,0,16,74,1.23333,0,0,4,0.0666667,0,0,0,0,0,0,0,0,0,165,101,0,0,0,0,0,0,0,0,0,0,0
2025-12-27 20:39:06,0,0,32.19,0,16,66,1.1,0,0,4,0.0666667,0,0,0,0,0,0,0,0,0,173,101,0,0,0,0,0,0,0,0,0,0,0
2025-12-27 20:40:06,0,0,32.38,0,16,45,0.75,0,0,0,0,0,0,0,0,0,0,0,0,0,152,101,0,0,0,0,0,0,0,0,0,0,0
2025-12-27 20:41:06,0,0,32.56,0,16,12,0.2,0,0,1,0.0166667,0,0,0,0,0,0,0,0,0,163,101,0,0,0,0,0,0,0,0,0,0,0
2025-12-27 20:42:06,0,0,32.5,0,8,412,6.86667,15,0.25,16,0.266667,0,0,0,0,0,0,0,0,0,163,131,0,0,0,0,0,0,0,0,0,0,0
2025-12-27 20:43:06,0,0,31.88,0,8,450,7.5,1,0.0166667,44,0.733333,0,0,0,0,0,0,0,0,0,218,155,0,0,0,0,0,0,0,0,0,0,0
2025-12-27 20:44:06,0,0,32.12,0,4,1719,28.65,29,0.483333,165,2.75,0.04,0,0,0,0,0,0,0,0,160,111,0,0,0,0,0,0,0,0,0,0,0
2025-12-27 20:45:06,0,0,31.44,0,4,669,11.15,13,0.216667,68,1.13333,0,0,0,0,0,0,0,0,0,216,168,0,0,0,0,0,0,0,0,0,0,0
2025-12-27 20:46:06,0,0,31.69,0,16,2209,36.8167,40,0.666667,182,3.03333,0,0,0,0,0,0,0,0,0,160,107,0,0,0,0,0,0,0,0,0,0,0
2025-12-27 20:47:06,0,0,31.75,0,1,2815,46.9167,21,0.35,290,4.83333,0,0,0,0,0,0,0,0,0,162,101,0,0,0,0,0,0,0,0,0,0,0
2025-12-27 20:48:06,0,0,31.56,0,16,3801,63.35,72,1.2,340,5.66667,0.16,0,0,0,0,0,0,0,0,180,116,0,0,0,0,0,0,1e-04,0,0,0,0
2025-12-27 20:49:06,0,0,31.38,0,1,4598,76.6333,70,1.16667,409,6.81667,0.12,0,0,0,0,0,0,0,0,204,145,0,0,0,0,0,0,1e-04,0,0.01,0,0
2025-12-27 20:50:06,0,0,31,0,1,1838,30.6333,23,0.383333,118,1.96667,0.37,0,0,0,0,0,0,0,0,166,117,0,0,0,1e-04,1e-04,0,1e-04,0,0.15,0,0
2025-12-27 20:51:06,0,0,31.19,0,16,1811,30.1833,40,0.666667,108,1.8,0.16,0,0,0,0,0,0,0,0,230,173,0,0,0,0,0,0,0,0,0.09,0,0
2025-12-27 20:52:06,0,0,30.56,0,1,1365,22.75,42,0.7,61,1.01667,0,0,0,0,0,0,0,0,0,208,151,0,0,0,0,0,0,0,0,0,0,0
2025-12-27 20:53:06,0,0,30.62,0,1,9653,160.883,285,4.75,435,7.25,10.88,0,0,0,0,0,0,0,0,211,154,2e-04,4e-04,5e-04,0.0013,0.0016,0.0025,0.0028,0.0017,6.29,0.01,0
2025-12-27 20:54:06,0,0,30.31,0,16,392,6.53333,1,0.0166667,36,0.6,0.92,0,0,0,0,0,0,0,0,214,154,0,0,1e-04,1e-04,2e-04,1e-04,2e-04,0,0.66,0,0
2025-12-27 20:55:06,0,0,30.62,0,16,74,1.23333,0,0,9,0.15,0.36,0,0,0,0,0,0,0,0,164,107,0,0,0,0,1e-04,0,1e-04,0,0,0,0
2025-12-27 20:56:06,0,0,30.62,0,16,196,3.26667,1,0.0166667,11,0.183333,0.5,0,0,0,0,0,0,0,0,160,108,0,0,0,1e-04,1e-04,0,1e-04,0,0.18,0,0
2025-12-27 20:57:06,0,0,30.25,0,1,3,0.05,0,0,0,0,0.09,0,0,0,0,0,0,0,0,217,139,0,0,0,0,0,0,0,0,0,0,0
2025-12-27 20:58:06,0,0,30,0,1,977,16.2833,24,0.4,53,0.883333,0.51,0,0,0,0,0,0,0,0,220,151,0,0,0,1e-04,1e-04,0,1e-04,0,0.33,0,0
2025-12-27 20:59:06,0,0,30.12,0,1,1555,25.9167,44,0.733333,96,1.6,1.11,0,0,0,0,0,0,0,0,166,109,0,1e-04,0,1e-04,2e-04,1e-04,3e-04,0,0.65,0,0
2025-12-27 21:00:06,0,0,30.31,0,16,262,4.36667,0,0,21,0.35,0.44,0,0,0,0,0,0,0,0,164,110,0,0,0,1e-04,1e-04,0,2e-04,0,0.12,0,0
2025-12-27 21:01:06,0,0,30.5,0,16,922,15.3667,0,0,121,2.01667,2.37,0,0,0,0,0,0,0,0,163,114,0,1e-04,1e-04,3e-04,4e-04,2e-04,8e-04,1e-04,1.42,0,0
2025-12-27 21:02:06,0,0,30.44,0,16,714,11.9,3,0.05,79,1.31667,3.17,0,0,0,0,0,0,0,0,171,122,0,1e-04,1e-04,4e-04,5e-04,4e-04,0.0011,1e-04,1.79,0,0
2025-12-27 21:03:06,0,0,30.62,0,16,558,9.3,1,0.0166667,48,0.8,2.92,0,0,0,0,0,0,0,0,168,120,0,1e-04,1e-04,4e-04,5e-04,3e-04,0.001,1e-04,1.8,0,0
2025-12-27 21:04:06,0,0,30.31,0,16,623,10.3833,3,0.05,69,1.15,1.68,0,0,0,0,0,0,0,0,204,150,0,1e-04,0,2e-04,3e-04,2e-04,6e-04,1e-04,0.66,0,0
2025-12-27 21:05:06,0,0,30.31,0,16,595,9.91667,2,0.0333333,71,1.18333,1.67,0,0,0,0,0,0,0,0,199,147,0,1e-04,0,2e-04,3e-04,2e-04,6e-04,0,0.72,0,0
2025-12-27 21:06:06,0,0,30.44,0,1,720,12,10,0.166667,66,1.1,1.08,0,0,0,0,0,0,0,0,213,115,0,0,0,1e-04,2e-04,1e-04,4e-04,0,0.4,0,0
2025-12-27 21:07:06,0,0,30.31,0,1,720,12,18,0.3,60,1,1.37,0,0,0,0,0,0,0,0,205,109,0,0,0,2e-04,2e-04,2e-04,5e-04,0,0.5,0,0
2025-12-27 21:08:06,0,0,30.38,0,16,683,11.3833,7,0.116667,80,1.33333,1.37,0,0,0,0,0,0,0,0,228,156,0,0,0,2e-04,2e-04,2e-04,5e-04,1e-04,0.53,0,0
2025-12-27 21:09:06,0,0,30,0,16,1539,25.65,29,0.483333,143,2.38333,1.49,0,0,0,0,0,0,0,0,173,128,0,1e-04,0,2e-04,3e-04,2e-04,6e-04,1e-04,0.58,0,0
2025-12-27 21:10:06,0,0,29.81,0,16,793,13.2167,9,0.15,77,1.28333,1.56,0,0,0,0,0,0,0,0,166,128,0,1e-04,0,2e-04,3e-04,2e-04,6e-04,0,0.83,0,0
2025-12-27 21:11:06,0,0,30.38,0,16,1654,27.5667,9,0.15,198,3.3,1.51,0,0,0,0,0,0,0,0,170,114,0,0,0,2e-04,3e-04,2e-04,5e-04,0,0.62,0,0
2025-12-27 21:12:06,0,0,30,0,16,744,12.4,8,0.133333,60,1,1.5,0,0,0,0,0,0,0,0,173,118,0,0,0,2e-04,2e-04,2e-04,6e-04,0,0.76,0,0
2025-12-27 21:13:06,0,0,30.12,0,16,1130,18.8333,6,0.1,99,1.65,1.26,0,0,0,0,0,0,0,0,224,156,0,0,0,2e-04,2e-04,2e-04,5e-04,0,0.25,0,0
2025-12-27 21:14:06,0,0,30.56,0,16,1149,19.15,5,0.0833333,103,1.71667,1.43,0,0,0,0,0,0,0,0,172,108,0,1e-04,0,2e-04,3e-04,2e-04,6e-04,1e-04,0.45,0,0
2025-12-27 21:15:06,0,0,30.69,0,16,1303,21.7167,27,0.45,95,1.58333,1.63,0,0,0,0,0,0,0,0,190,145,0,1e-04,0,2e-04,3e-04,2e-04,6e-04,1e-04,0.67,0,0
2025-12-27 21:16:06,0,0,31,0,16,3928,65.4667,80,1.33333,269,4.48333,0.77,0,0,0,0,0,0,0,0,202,132,0,0,0,1e-04,1e-04,1e-04,3e-04,0,0.19,0,0
2025-12-27 21:17:06,0,0,30.81,0,1,3286,54.7667,63,1.05,192,3.2,2.87,0,0,0,0,0,0,0,0,193,135,0,1e-04,1e-04,2e-04,5e-04,8e-04,8e-04,5e-04,0.83,0,0
2025-12-27 21:18:06,0,0,30.75,0,1,295,4.91667,0,0,15,0.25,9.37,0,0,0,0,0,0,0,0,185,128,1e-04,2e-04,3e-04,7e-04,0.0015,0.0024,0.0026,0.0017,2.99,0,0
2025-12-27 21:19:06,0,0,30.88,0,1,0,0,0,0,0,0,13.44,0,0,0,0,0,0,0,0,173,124,1e-04,3e-04,4e-04,0.001,0.0021,0.0034,0.0036,0.0022,4.49,0.01,0
2025-12-27 21:20:06,0,0,31.06,0,1,196,3.26667,1,0.0166667,16,0.266667,12.5,0,0,0,0,0,0,0,0,160,130,1e-04,3e-04,4e-04,9e-04,0.002,0.0032,0.0034,0.0021,4.07,0.01,0
2025-12-27 21:21:06,0,0,31.31,0,1,344,5.73333,2,0.0333333,23,0.383333,18.43,0,0,0,0,0,0,0,0,182,132,2e-04,5e-04,6e-04,0.0014,0.0029,0.0047,0.0049,0.003,6.77,0.01,0
2025-12-27 21:22:06,0,0,31.44,0,1,1889,31.4833,64,1.06667,96,1.6,16.42,0,0,0,0,0,0,0,0,196,148,1e-04,4e-04,5e-04,0.0012,0.0026,0.0042,0.0044,0.0027,5.76,0.01,0
2025-12-27 21:23:06,0,0,31,0,16,1439,23.9833,13,0.216667,112,1.86667,0,0,0,0,0,0,0,0,0,208,152,0,0,0,0,0,0,0,0,0,0,0
2025-12-27 21:24:06,0,0,30.88,0,16,1270,21.1667,4,0.0666667,154,2.56667,0.36,0,0,0,0,0,0,0,0,212,159,0,0,0,0,1e-04,0,2e-04,0,0,0,0
2025-12-27 21:25:06,0,0,31.19,0,16,2556,42.6,53,0.883333,136,2.26667,12.28,0,0,0,0,0,0,0,0,196,156,1e-04,3e-04,4e-04,9e-04,0.0019,0.0031,0.0033,0.002,4.46,0.01,0
2025-12-27 21:26:06,0,0,31.12,0,1,4282,71.3667,133,2.21667,208,3.46667,6.35,0,0,0,0,0,0,0,0,208,156,1e-04,1e-04,2e-04,5e-04,0.001,0.0016,0.0017,0.001,2.23,0,0
2025-12-27 21:27:06,0,0,31.38,0,1,1242,20.7,27,0.45,70,1.16667,5.73,0,0,0,0,0,0,0,0,186,138,0,1e-04,1e-04,4e-04,9e-04,0.0015,0.0015,0.001,1.73,0,0
2025-12-27 21:28:06,0,0,31.38,0,8,795,13.25,23,0.383333,57,0.95,2.17,0,0,0,0,0,0,0,0,157,102,0,0,0,2e-04,3e-04,6e-04,6e-04,4e-04,0.66,0,0
2025-12-27 21:29:06,0,0,31.06,0,1,4955,82.5833,102,1.7,325,5.41667,14.19,0,0,0,0,0,0,0,0,208,153,2e-04,4e-04,5e-04,0.0013,0.0021,0.0035,0.0039,0.0024,5.9,0.01,0
2025-12-27 21:30:06,0,0,31,0,1,3609,60.15,82,1.36667,267,4.45,26.51,0,0,0,0,0,0,0,0,164,108,3e-04,7e-04,9e-04,0.0021,0.0041,0.0067,0.0072,0.0044,10.3,0.01,0
2025-12-27 21:31:06,0,0,31.12,0,8,2195,36.5833,21,0.35,203,3.38333,109.23,0,0,0,0,0,0,0,0,205,150,0.0013,0.003,0.0039,0.0089,0.0168,0.0271,0.029,0.0167,46.08,0.04,0
2025-12-27 21:32:06,0,0,30.69,0,1,3769,62.8167,92,1.53333,208,3.46667,46.98,0,0,0,0,0,0,0,0,211,154,5e-04,0.0011,0.0014,0.0033,0.0073,0.012,0.0129,0.0076,16.49,0.02,0
2025-12-27 21:33:06,0,0,30.94,0,1,3486,58.1,52,0.866667,299,4.98333,150.33,0,0,0,0,0,0,0,0,156,103,0.0018,0.0041,0.0053,0.012,0.0232,0.0376,0.04,0.0231,61.94,0.06,0
2025-12-27 21:34:06,0,0,30.88,0,1,4755,79.25,115,1.91667,291,4.85,43.86,0,0,0,0,0,0,0,0,221,168,5e-04,0.0012,0.0015,0.0035,0.0068,0.011,0.0118,0.007,17.71,0.02,0
2025-12-27 21:35:06,0,0,30.88,0,1,16026,267.1,573,9.55,757,12.6167,110.54,0,0,0,0,0,0,0,0,207,152,0.0014,0.0033,0.0043,0.0095,0.0168,0.0273,0.0288,0.0167,49.99,0.05,0
2025-12-27 21:36:06,0,0,31,0,1,4684,78.0667,73,1.21667,357,5.95,54.97,0,0,0,0,0,0,0,0,210,148,6e-04,0.0015,0.0019,0.0043,0.0085,0.0137,0.0145,0.0084,22.42,0.02,0
2025-12-27 21:37:06,0,0,30.94,0,1,4524,75.4,79,1.31667,288,4.8,20.66,0,0,0,0,0,0,0,0,172,108,2e-04,8e-04,6e-04,0.0017,0.0035,0.0047,0.0045,0.0028,9.03,0.01,0
2025-12-27 21:38:06,0,0,31,0,8,9148,152.467,324,5.4,455,7.58333,51.57,0,0,0,0,0,0,0,0,157,108,6e-04,0.0022,0.0015,0.0042,0.0087,0.0116,0.0108,0.0066,22.91,0.02,0
2025-12-27 21:39:06,0,0,31.06,0,16,13612,226.867,391,6.51667,571,9.51667,44.11,0,0,0,0,0,0,0,0,196,122,6e-04,0.0019,0.0013,0.0037,0.0074,0.01,0.0094,0.0057,19.78,0.02,0
2025-12-27 21:40:06,0,0,31.38,0,16,13724,228.733,461,7.68333,604,10.0667,48.26,0,0,0,0,0,0,0,0,157,102,6e-04,0.0019,0.0015,0.004,0.0081,0.011,0.0104,0.0064,21.06,0.02,0
2025-12-27 21:41:06,0,0,31.31,0,16,10404,173.4,350,5.83333,379,6.31667,44.12,0,0,0,0,0,0,0,0,159,100,5e-04,0.0017,0.0013,0.0036,0.0074,0.0101,0.0097,0.006,18.84,0.02,0
2025-12-27 21:42:06,0,0,30.94,0,8,2509,41.8167,64,1.06667,155,2.58333,23.6,0,0,0,0,0,0,0,0,218,154,2e-04,6e-04,7e-04,0.0017,0.0037,0.0059,0.0064,0.0041,8.35,0.01,0
2025-12-27 21:43:06,0,0,30.81,0,1,3638,60.6333,77,1.28333,239,3.98333,23.38,0,0,0,0,0,0,0,0,225,160,3e-04,6e-04,7e-04,0.0018,0.0037,0.0059,0.0064,0.0041,8.63,0.01,0
2025-12-27 21:44:06,0,0,30.81,0,1,3784,63.0667,51,0.85,285,4.75,36.59,0,0,0,0,0,0,0,0,183,104,4e-04,0.001,0.0011,0.0028,0.0057,0.0092,0.0099,0.0061,13.8,0.01,0
2025-12-27 21:45:06,0,0,31,0,8,17256,287.6,629,10.4833,659,10.9833,25.49,0,0,0,0,0,0,0,0,152,98,3e-04,6e-04,8e-04,0.002,0.0039,0.0065,0.0071,0.0043,9.56,0.01,0
2025-12-27 21:46:06,0,0,30.69,0,8,8484,141.4,271,4.51667,411,6.85,21.28,0,0,0,0,0,0,0,0,182,132,2e-04,5e-04,7e-04,0.0017,0.0033,0.0054,0.0059,0.0035,8.09,0.01,0
2025-12-27 21:47:06,0,0,30.38,0,16,1841,30.6833,43,0.716667,127,2.11667,2,0,0,0,0,0,0,0,0,155,104,0,1e-04,1e-04,3e-04,3e-04,2e-04,7e-04,1e-04,1.28,0,0
2025-12-27 21:48:06,0,0,30.44,0,16,336,5.6,0,0,21,0.35,2.88,0,0,0,0,0,0,0,0,150,102,0,1e-04,1e-04,4e-04,5e-04,3e-04,0.001,1e-04,1.62,0,0
2025-12-27 21:49:06,0,0,30.69,0,16,808,13.4667,0,0,84,1.4,2.84,0,0,0,0,0,0,0,0,151,100,0,1e-04,1e-04,4e-04,5e-04,3e-04,0.001,1e-04,1.64,0,0
2025-12-27 21:50:06,0,0,30.75,0,16,525,8.75,7,0.116667,47,0.783333,3.14,0,0,0,0,0,0,0,0,150,102,0,1e-04,1e-04,4e-04,5e-04,4e-04,0.001,1e-04,1.79,0,0
2025-12-27 21:51:06,0,0,31.25,0,16,754,12.5667,2,0.0333333,69,1.15,3.14,0,0,0,0,0,0,0,0,149,99,0,1e-04,1e-04,4e-04,5e-04,4e-04,0.0011,1e-04,1.93,0,0
2025-12-27 21:52:06,0,0,31.06,0,16,1016,16.9333,8,0.133333,111,1.85,3.09,0,0,0,0,0,0,0,0,153,102,0,1e-04,1e-04,4e-04,5e-04,4e-04,0.001,1e-04,1.91,0,0
2025-12-27 21:53:06,0,0,31.12,0,16,1132,18.8667,5,0.0833333,124,2.06667,2.98,0,0,0,0,0,0,0,0,155,100,0,1e-04,1e-04,4e-04,5e-04,3e-04,0.001,1e-04,1.72,0,0
2025-12-27 21:54:06,0,0,31,0,16,1081,18.0167,1,0.0166667,138,2.3,3.23,0,0,0,0,0,0,0,0,148,106,0,1e-04,1e-04,5e-04,5e-04,4e-04,0.0011,1e-04,2.02,0,0
2025-12-27 21:55:06,0,0,31,0,16,995,16.5833,1,0.0166667,113,1.88333,3.13,0,0,0,0,0,0,0,0,148,103,0,1e-04,1e-04,4e-04,5e-04,4e-04,0.001,1e-04,1.89,0,0
2025-12-27 21:56:06,0,0,31.25,0,16,3267,54.45,63,1.05,270,4.5,2.58,0,0,0,0,0,0,0,0,150,98,0,1e-04,1e-04,3e-04,4e-04,3e-04,9e-04,1e-04,1.41,0,0
2025-12-27 21:57:06,0,0,31.12,0,8,6283,104.717,149,2.48333,347,5.78333,11.2,0,0,0,0,0,0,0,0,139,130,1e-04,3e-04,4e-04,9e-04,0.0017,0.0029,0.003,0.0018,4.15,0,0
2025-12-27 21:58:06,0,0,31.31,0,1,644,10.7333,12,0.2,36,0.6,1.13,0,0,0,0,0,0,0,0,143,100,0,0,0,1e-04,2e-04,3e-04,3e-04,2e-04,0.25,0,0
2025-12-27 21:59:06,0,0,31.69,0,32,49,0.816667,0,0,2,0.0333333,0,0,0,0,0,0,0,0,0,139,98,0,0,0,0,0,0,0,0,0,0,0
2025-12-27 22:00:06,0,0,32,0,32,0,0,0,0,0,0,0.05,0,0,0,0,0,0,0,0,140,99,0,0,0,0,0,0,0,0,0,0,0
2025-12-27 22:01:06,0,0,31.94,0,1,455,7.58333,10,0.166667,34,0.566667,10.67,0,0,0,0,0,0,0,0,144,100,1e-04,3e-04,3e-04,8e-04,0.0017,0.0027,0.0029,0.0018,3.91,0,0
2025-12-27 22:02:06,0,0,31.75,0,1,254,4.23333,1,0.0166667,20,0.333333,15.14,0,0,0,0,0,0,0,0,146,104,2e-04,4e-04,4e-04,0.0011,0.0024,0.0038,0.0041,0.0026,5.38,0.01,0
2025-12-27 22:03:06,0,0,31.81,0,1,204,3.4,0,0,16,0.266667,14.37,0,0,0,0,0,0,0,0,148,109,2e-04,4e-04,4e-04,0.0011,0.0023,0.0037,0.0039,0.0025,5.11,0.01,0
2025-12-27 22:04:06,0,0,31.31,0,1,227,3.78333,3,0.05,19,0.316667,14.4,0,0,0,0,0,0,0,0,151,101,1e-04,4e-04,4e-04,0.0011,0.0023,0.0037,0.0039,0.0025,5.21,0.01,0
2025-12-27 22:05:06,0,0,31.12,0,1,12,0.2,0,0,0,0,16.21,0,0,0,0,0,0,0,0,152,102,2e-04,4e-04,5e-04,0.0013,0.0025,0.0041,0.0043,0.0027,6.14,0.01,0
2025-12-27 22:06:06,0,0,30.94,0,1,36,0.6,0,0,2,0.0333333,15,0,0,0,0,0,0,0,0,154,103,1e-04,4e-04,4e-04,0.0012,0.0023,0.0038,0.004,0.0025,5.37,0.01,0
2025-12-27 22:07:06,0,0,30.94,0,1,43,0.716667,0,0,1,0.0166667,13.6,0,0,0,0,0,0,0,0,157,104,1e-04,4e-04,4e-04,0.001,0.0021,0.0035,0.0037,0.0023,4.97,0.01,0
2025-12-27 22:08:06,0,0,30.94,0,1,21,0.35,0,0,0,0,13.55,0,0,0,0,0,0,0,0,162,104,2e-04,4e-04,4e-04,0.001,0.0021,0.0034,0.0036,0.0023,5.04,0.01,0
2025-12-27 22:09:06,0,0,31,0,16,839,13.9833,7,0.116667,57,0.95,23.16,0,0,0,0,0,0,0,0,148,100,2e-04,6e-04,8e-04,0.0018,0.0036,0.0059,0.0061,0.0037,8.96,0.01,0
2025-12-27 22:10:06,0,0,31.25,0,16,2163,36.05,52,0.866667,130,2.16667,20.26,0,0,0,0,0,0,0,0,142,100,2e-04,5e-04,7e-04,0.0015,0.0032,0.0052,0.0054,0.0033,7.66,0.01,0
2025-12-27 22:11:06,0,0,31.69,0,16,4564,76.0667,83,1.38333,290,4.83333,16.18,0,0,0,0,0,0,0,0,143,112,2e-04,5e-04,5e-04,0.0013,0.0026,0.0039,0.0039,0.0025,6.07,0.01,0
2025-12-27 22:12:06,0,0,31.75,0,16,5029,83.8167,55,0.916667,324,5.4,31.13,0,0,0,0,0,0,0,0,160,104,4e-04,0.001,0.001,0.0025,0.0051,0.0073,0.0074,0.0046,12.82,0.01,0
2025-12-27 22:13:06,0,0,31.88,0,16,5416,90.2667,84,1.4,376,6.26667,26.3,0,0,0,0,0,0,0,0,162,102,3e-04,9e-04,8e-04,0.0021,0.0043,0.0063,0.0062,0.0039,10.52,0.01,0
2025-12-27 22:14:06,0,0,32,0,16,4251,70.85,25,0.416667,349,5.81667,22.28,0,0,0,0,0,0,0,0,147,100,2e-04,8e-04,6e-04,0.0018,0.0037,0.0051,0.005,0.0031,9.04,0.01,0
2025-12-27 22:15:06,0,0,31.94,0,8,5159,85.9833,66,1.1,402,6.7,23.34,0,0,0,0,0,0,0,0,158,98,2e-04,8e-04,7e-04,0.0019,0.0039,0.0055,0.0053,0.0033,9.3,0.01,0
2025-12-27 22:16:06,0,0,32.12,0,16,4206,70.1,43,0.716667,330,5.5,24.86,0,0,0,0,0,0,0,0,140,99,3e-04,8e-04,7e-04,0.002,0.0041,0.0059,0.0058,0.0037,9.94,0.01,0
2025-12-27 22:17:06,0,0,32.19,0,1,2029,33.8167,29,0.483333,175,2.91667,24.11,0,0,0,0,0,0,0,0,147,99,3e-04,8e-04,7e-04,0.002,0.0039,0.0057,0.0059,0.0037,9.57,0.01,0
2025-12-27 22:18:06,0,0,32.25,0,16,3529,58.8167,50,0.833333,223,3.71667,23.77,0,0,0,0,0,0,0,0,137,100,3e-04,8e-04,7e-04,0.0019,0.0039,0.0056,0.0055,0.0035,9.7,0.01,0
2025-12-27 22:19:06,0,0,32.25,0,16,3732,62.2,60,1,221,3.68333,27.6,0,0,0,0,0,0,0,0,148,99,3e-04,9e-04,8e-04,0.0022,0.0045,0.0065,0.0065,0.0041,11.13,0.01,0
2025-12-27 22:20:06,0,0,32.31,0,1,4883,81.3833,123,2.05,314,5.23333,24.7,0,0,0,0,0,0,0,0,152,99,3e-04,8e-04,7e-04,0.002,0.0041,0.0058,0.0059,0.0037,9.74,0.01,0
2025-12-27 22:21:06,0,0,32.38,0,1,2919,48.65,71,1.18333,202,3.36667,21.08,0,0,0,0,0,0,0,0,139,99,2e-04,7e-04,6e-04,0.0017,0.0034,0.0051,0.0053,0.0033,8.27,0.01,0
2025-12-27 22:22:06,0,0,32.44,0,1,4544,75.7333,103,1.71667,319,5.31667,15.39,0,0,0,0,0,0,0,0,139,99,2e-04,5e-04,4e-04,0.0012,0.0025,0.0036,0.0036,0.0023,5.99,0.01,0
2025-12-27 22:23:06,0,0,32.25,0,1,4434,73.9,55,0.916667,376,6.26667,20.85,0,0,0,0,0,0,0,0,137,99,2e-04,8e-04,6e-04,0.0017,0.0035,0.0048,0.0047,0.0029,8.4,0.01,0
2025-12-27 22:24:06,0,0,32.25,0,1,3950,65.8333,25,0.416667,368,6.13333,20.4,0,0,0,0,0,0,0,0,136,99,2e-04,8e-04,6e-04,0.0017,0.0035,0.0047,0.0044,0.0027,8.39,0.01,0
2025-12-27 22:25:06,0,0,32.31,0,1,3793,63.2167,39,0.65,335,5.58333,21.16,0,0,0,0,0,0,0,0,134,97,2e-04,8e-04,6e-04,0.0017,0.0036,0.0048,0.0046,0.0028,8.62,0.01,0
2025-12-27 22:26:06,0,0,32.31,0,1,5288,88.1333,86,1.43333,456,7.6,18.83,0,0,0,0,0,0,0,0,134,99,2e-04,7e-04,5e-04,0.0016,0.0032,0.0043,0.004,0.0024,7.81,0.01,0
2025-12-27 22:27:06,0,0,32.38,0,1,4881,81.35,66,1.1,429,7.15,20.37,0,0,0,0,0,0,0,0,134,98,2e-04,8e-04,6e-04,0.0017,0.0034,0.0046,0.0043,0.0026,8.94,0.01,0
2025-12-27 22:28:06,0,0,32.38,0,1,4703,78.3833,43,0.716667,515,8.58333,17.42,0,0,0,0,0,0,0,0,134,98,2e-04,7e-04,5e-04,0.0015,0.0029,0.0039,0.0037,0.0022,7.45,0.01,0
2025-12-27 22:29:06,0,0,32.44,0,1,4749,79.15,60,1,449,7.48333,26.38,0,0,0,0,0,0,0,0,134,98,3e-04,8e-04,7e-04,0.0019,0.0044,0.0063,0.0063,0.0039,9.81,0.01,0
2025-12-27 22:30:06,0,0,32.44,0,1,6071,101.183,111,1.85,580,9.66667,22.61,0,0,0,0,0,0,0,0,134,98,2e-04,8e-04,6e-04,0.0018,0.0038,0.0052,0.0049,0.003,9.16,0.01,0
2025-12-27 22:31:06,0,0,32.5,0,1,6098,101.633,127,2.11667,550,9.16667,17.61,0,0,0,0,0,0,0,0,134,98,2e-04,6e-04,5e-04,0.0014,0.0029,0.0042,0.0041,0.0025,6.81,0.01,0
2025-12-27 22:32:06,0,0,31.94,0,1,11413,190.217,338,5.63333,586,9.76667,22.48,0,0,0,0,0,0,0,0,135,98,3e-04,7e-04,7e-04,0.0019,0.0035,0.0055,0.0058,0.0035,9.1,0.01,0
2025-12-27 22:33:06,0,0,32,0,1,12407,206.783,449,7.48333,644,10.7333,18.81,0,0,0,0,0,0,0,0,134,98,2e-04,6e-04,5e-04,0.0015,0.0032,0.0044,0.0043,0.0026,7.31,0.01,0
2025-12-27 22:34:06,0,0,31.81,0,8,20212,336.867,701,11.6833,784,13.0667,20.32,0,0,0,0,0,0,0,0,134,97,2e-04,8e-04,6e-04,0.0018,0.0033,0.0047,0.0046,0.0029,8.86,0.01,0
2025-12-27 22:35:06,0,0,31.44,0,1,8800,146.667,239,3.98333,467,7.78333,25.41,0,0,0,0,0,0,0,0,134,98,2e-04,7e-04,7e-04,0.0018,0.0041,0.0063,0.0064,0.0039,9.23,0.01,0
2025-12-27 22:36:06,0,0,31.5,0,1,2326,38.7667,22,0.366667,177,2.95,19.58,0,0,0,0,0,0,0,0,134,98,2e-04,6e-04,5e-04,0.0015,0.0033,0.0046,0.0045,0.0028,7.5,0.01,0
2025-12-27 22:37:06,0,0,31.5,0,16,4778,79.6333,103,1.71667,257,4.28333,25.26,0,0,0,0,0,0,0,0,134,100,3e-04,9e-04,8e-04,0.0021,0.0042,0.0059,0.0058,0.0037,10.49,0.01,0
2025-12-27 22:38:06,0,0,31.5,0,16,5241,87.35,117,1.95,343,5.71667,24.96,0,0,0,0,0,0,0,0,135,98,3e-04,8e-04,7e-04,0.002,0.0041,0.0059,0.0058,0.0037,10,0.01,0
2025-12-27 22:39:06,0,0,31.56,0,1,6282,104.7,125,2.08333,423,7.05,24.17,0,0,0,0,0,0,0,0,133,105,3e-04,8e-04,7e-04,0.002,0.004,0.0056,0.0055,0.0034,9.97,0.01,0
2025-12-27 22:40:06,0,0,31.44,0,16,5114,85.2333,78,1.3,388,6.46667,25.01,0,0,0,0,0,0,0,0,134,97,3e-04,8e-04,7e-04,0.002,0.0041,0.0059,0.0058,0.0036,10.2,0.01,0
2025-12-27 22:41:06,0,0,31.69,0,16,4563,76.05,74,1.23333,351,5.85,32.96,0,0,0,0,0,0,0,0,134,97,4e-04,0.0011,0.001,0.0027,0.0053,0.0079,0.0081,0.0051,13.46,0.01,0
2025-12-27 22:42:06,0,0,31.62,0,16,4837,80.6167,73,1.21667,381,6.35,29.39,0,0,0,0,0,0,0,0,134,98,3e-04,0.001,9e-04,0.0024,0.0048,0.007,0.007,0.0043,11.89,0.01,0
2025-12-27 22:43:06,0,0,31.75,0,16,4666,77.7667,111,1.85,340,5.66667,31.8,0,0,0,0,0,0,0,0,134,97,4e-04,0.001,0.001,0.0025,0.0052,0.0076,0.0077,0.0048,12.75,0.01,0
2025-12-27 22:44:06,0,0,31.81,0,16,3688,61.4667,67,1.11667,293,4.88333,34.85,0,0,0,0,0,0,0,0,133,97,4e-04,0.0011,0.0011,0.0028,0.0056,0.0084,0.0086,0.0054,14.12,0.01,0
2025-12-27 22:45:06,0,0,31.94,0,16,6281,104.683,128,2.13333,465,7.75,27.9,0,0,0,0,0,0,0,0,133,97,3e-04,9e-04,8e-04,0.0023,0.0046,0.0066,0.0066,0.0041,11.26,0.01,0
2025-12-27 22:46:06,0,0,31.94,0,16,5676,94.6,110,1.83333,371,6.18333,30.38,0,0,0,0,0,0,0,0,134,97,3e-04,0.001,9e-04,0.0023,0.005,0.0073,0.0074,0.0046,11.63,0.01,0
2025-12-27 22:47:06,0,0,32,0,16,6286,104.767,172,2.86667,360,6,29.37,0,0,0,0,0,0,0,0,133,98,3e-04,0.001,9e-04,0.0024,0.0048,0.007,0.0071,0.0044,12.05,0.01,0
2025-12-27 22:48:06,0,0,32.06,0,16,6892,114.867,171,2.85,440,7.33333,27.41,0,0,0,0,0,0,0,0,133,97,3e-04,9e-04,8e-04,0.0022,0.0045,0.0066,0.0067,0.0042,10.74,0.01,0
2025-12-27 22:49:06,0,0,32.06,0,16,7416,123.6,199,3.31667,463,7.71667,27.97,0,0,0,0,0,0,0,0,133,97,3e-04,9e-04,8e-04,0.0022,0.0046,0.0066,0.0067,0.0042,11.18,0.01,0
2025-12-27 22:50:06,0,0,32.12,0,8,6031,100.517,115,1.91667,473,7.88333,21.48,0,0,0,0,0,0,0,0,134,97,2e-04,8e-04,6e-04,0.0018,0.0036,0.005,0.0048,0.003,8.81,0.01,0
2025-12-27 22:51:06,0,0,31.94,0,1,5736,95.6,86,1.43333,430,7.16667,25.72,0,0,0,0,0,0,0,0,133,105,3e-04,9e-04,7e-04,0.0021,0.0043,0.006,0.0058,0.0036,10.28,0.01,0
2025-12-27 22:52:06,0,0,32.25,0,16,6076,101.267,100,1.66667,457,7.61667,26.87,0,0,0,0,0,0,0,0,133,98,3e-04,9e-04,8e-04,0.0021,0.0045,0.0063,0.0061,0.0038,10.8,0.01,0
2025-12-27 22:53:06,0,0,32.31,0,8,8078,134.633,207,3.45,543,9.05,17.44,0,0,0,0,0,0,0,0,134,103,2e-04,6e-04,5e-04,0.0014,0.0029,0.0042,0.0041,0.0026,7.01,0.01,0
2025-12-27 22:54:06,0,0,32.19,0,1,7038,117.3,214,3.56667,351,5.85,20.86,0,0,0,0,0,0,0,0,140,101,2e-04,6e-04,7e-04,0.0018,0.0032,0.0052,0.0058,0.0036,8.5,0.01,0
2025-12-27 22:55:06,0,0,31.62,0,1,4155,69.25,105,1.75,243,4.05,3.83,0,0,0,0,0,0,0,0,135,99,0,1e-04,0,3e-04,6e-04,0.001,0.001,7e-04,0.94,0,0
2025-12-27 22:56:06,0,0,31.62,0,1,532,8.86667,14,0.233333,39,0.65,0.2,0,0,0,0,0,0,0,0,135,98,0,0,0,0,0,1e-04,1e-04,0,0,0,0
2025-12-27 22:57:06,0,0,31.88,0,1,40,0.666667,0,0,1,0.0166667,0,0,0,0,0,0,0,0,0,136,98,0,0,0,0,0,0,0,0,0,0,0
2025-12-27 22:58:06,0,0,31.94,0,1,6395,106.583,181,3.01667,314,5.23333,0,0,0,0,0,0,0,0,0,149,105,0,0,0,0,0,0,0,0,0,0,0
2025-12-27 22:59:06,0,0,31.75,0,1,1893,31.55,46,0.766667,116,1.93333,5.86,0,0,0,0,0,0,0,0,147,100,0,1e-04,1e-04,4e-04,0.001,0.0015,0.0017,0.0011,1.37,0,0
2025-12-27 23:00:06,0,0,31.44,0,1,26,0.433333,0,0,2,0.0333333,3,0,0,0,0,0,0,0,0,148,100,0,0,0,2e-04,5e-04,9e-04,9e-04,7e-04,0.21,0,0
2025-12-27 23:01:06,0,0,31.19,0,1,11,0.183333,0,0,1,0.0166667,2.94,0,0,0,0,0,0,0,0,150,99,0,0,0,2e-04,5e-04,8e-04,9e-04,7e-04,0.19,0,0
2025-12-27 23:02:06,0,0,31,0,1,41,0.683333,0,0,3,0.05,3.02,0,0,0,0,0,0,0,0,156,99,0,0,0,2e-04,5e-04,9e-04,9e-04,7e-04,0.17,0,0
2025-12-27 23:03:06,0,0,30.81,0,1,1483,24.7167,22,0.366667,88,1.46667,2.88,0,0,0,0,0,0,0,0,160,102,0,0,0,2e-04,5e-04,8e-04,8e-04,6e-04,0.29,0,0
2025-12-27 23:04:06,0,0,30.81,0,1,5465,91.0833,156,2.6,291,4.85,1.47,0,0,0,0,0,0,0,0,145,98,0,0,0,1e-04,2e-04,4e-04,5e-04,3e-04,0.18,0,0
2025-12-27 23:05:06,0,0,31.25,0,4,1200,20,42,0.7,55,0.916667,0.89,0,0,0,0,0,0,0,0,136,98,0,0,0,0,2e-04,3e-04,3e-04,2e-04,0,0,0
2025-12-27 23:06:06,0,0,31.5,0,2,43,0.716667,0,0,0,0,0.44,0,0,0,0,0,0,0,0,136,98,0,0,0,0,1e-04,2e-04,2e-04,1e-04,0,0,0
2025-12-27 23:07:06,0,0,31.69,0,2,249,4.15,0,0,18,0.3,0.44,0,0,0,0,0,0,0,0,136,98,0,0,0,0,1e-04,1e-04,1e-04,1e-04,0,0,0
2025-12-27 23:08:06,0,0,31.88,0,2,0,0,0,0,0,0,0.39,0,0,0,0,0,0,0,0,136,97,0,0,0,0,1e-04,1e-04,2e-04,1e-04,0,0,0
2025-12-27 23:09:06,0,0,32,0,4,344,5.73333,1,0.0166667,31,0.516667,0.72,0,0,0,0,0,0,0,0,139,98,0,0,0,0,1e-04,2e-04,3e-04,2e-04,0,0,0
2025-12-27 23:10:06,0,0,32.25,0,4,303,5.05,13,0.216667,14,0.233333,1.02,0,0,0,0,0,0,0,0,138,99,0,0,0,0,2e-04,3e-04,4e-04,3e-04,0,0,0
2025-12-27 23:11:06,0,0,32.44,0,4,218,3.63333,5,0.0833333,11,0.183333,1.02,0,0,0,0,0,0,0,0,138,99,0,0,0,1e-04,2e-04,3e-04,3e-04,3e-04,0.03,0,0
2025-12-27 23:12:06,0,0,32.69,0,4,37,0.616667,0,0,1,0.0166667,0.75,0,0,0,0,0,0,0,0,135,98,0,0,0,0,1e-04,3e-04,3e-04,2e-04,0,0,0
2025-12-27 23:13:06,0,0,32.81,0,4,4,0.0666667,0,0,0,0,0.85,0,0,0,0,0,0,0,0,136,98,0,0,0,0,1e-04,3e-04,3e-04,2e-04,0,0,0
2025-12-27 23:14:06,0,0,32.88,0,4,0,0,0,0,0,0,0.87,0,0,0,0,0,0,0,0,136,98,0,0,0,0,1e-04,3e-04,3e-04,2e-04,0,0,0
2025-12-27 23:15:06,0,0,32.94,0,4,97,1.61667,1,0.0166667,8,0.133333,0.63,0,0,0,0,0,0,0,0,136,98,0,0,0,0,1e-04,2e-04,2e-04,2e-04,0,0,0
2025-12-27 23:16:06,0,0,32.88,0,2,2153,35.8833,64,1.06667,102,1.7,0.5,0,0,0,0,0,0,0,0,200,129,0,0,0,0,1e-04,1e-04,1e-04,1e-04,0.09,0,0
2025-12-27 23:17:06,0,0,32.38,0,16,2917,48.6167,55,0.916667,196,3.26667,18.71,0,0,0,0,0,0,0,0,171,105,2e-04,6e-04,6e-04,0.0016,0.0028,0.0047,0.0055,0.0034,7.52,0.01,0
2025-12-27 23:18:06,0,0,32,0,16,5631,93.85,196,3.26667,201,3.35,22.82,0,0,0,0,0,0,0,0,169,102,2e-04,6e-04,7e-04,0.0019,0.0034,0.0058,0.0067,0.0041,8.78,0.01,0
2025-12-27 23:19:06,0,0,31.94,0,8,7443,124.05,218,3.63333,507,8.45,16.92,0,0,0,0,0,0,0,0,193,137,2e-04,4e-04,5e-04,0.0013,0.0026,0.0043,0.0048,0.003,5.88,0.01,0
2025-12-27 23:20:06,0,0,31.56,0,1,8819,146.983,229,3.81667,549,9.15,12.48,0,0,0,0,0,0,0,0,156,106,1e-04,3e-04,4e-04,0.001,0.0019,0.0032,0.0035,0.0022,4.62,0.01,0
2025-12-27 23:21:06,0,0,31.06,0,16,9689,161.483,275,4.58333,574,9.56667,8.8,0,0,0,0,0,0,0,0,206,101,1e-04,2e-04,2e-04,7e-04,0.0013,0.0022,0.0026,0.0016,3.08,0,0
2025-12-27 23:22:06,0,0,30.5,0,1,11829,197.15,414,6.9,559,9.31667,17.9,0,0,0,0,0,0,0,0,212,161,2e-04,4e-04,5e-04,0.0013,0.0028,0.0045,0.0049,0.003,6.18,0.01,0
2025-12-27 23:23:06,0,0,29.81,0,8,10283,171.383,339,5.65,540,9,0.24,0,0,0,0,0,0,0,0,206,148,0,0,0,0,0,1e-04,1e-04,0,0,0,0
2025-12-27 23:24:06,0,0,30.06,0,1,6207,103.45,172,2.86667,367,6.11667,0,0,0,0,0,0,0,0,0,214,136,0,0,0,0,0,0,0,0,0,0,0
2025-12-27 23:25:06,0,0,30.5,0,1,4678,77.9667,70,1.16667,279,4.65,0,0,0,0,0,0,0,0,0,155,98,0,0,0,0,0,0,0,0,0,0,0
2025-12-27 23:26:06,0,0,30.12,0,1,4827,80.45,48,0.8,320,5.33333,0,0,0,0,0,0,0,0,0,230,160,0,0,0,0,0,0,0,0,0,0,0
2025-12-27 23:27:06,0,0,30.12,0,1,8405,140.083,221,3.68333,556,9.26667,0.23,0,0,0,0,0,0,0,0,207,135,0,0,0,0,0,1e-04,1e-04,0,0,0,0
2025-12-27 23:28:06,0,0,29.25,0,1,6303,105.05,108,1.8,363,6.05,0.93,0,0,0,0,0,0,0,0,219,166,0,0,0,0,2e-04,4e-04,2e-04,1e-04,0,0,0
2025-12-27 23:29:06,0,0,28,0,1,7261,121.017,133,2.21667,408,6.8,0.42,0,0,0,0,0,0,0,0,227,164,0,0,0,0,1e-04,1e-04,1e-04,1e-04,0,0,0
2025-12-27 23:30:06,0,0,27.44,0,1,2537,42.2833,10,0.166667,185,3.08333,0,0,0,0,0,0,0,0,0,221,155,0,0,0,0,0,0,0,0,0,0,0
2025-12-27 23:31:06,0,0,27.94,0,1,7259,120.983,104,1.73333,442,7.36667,0,0,0,0,0,0,0,0,0,157,103,0,0,0,0,0,0,0,0,0,0,0
2025-12-27 23:32:06,0,0,27.81,0,1,4571,76.1833,26,0.433333,297,4.95,0,0,0,0,0,0,0,0,0,144,100,0,0,0,0,0,0,0,0,0,0,0
2025-12-27 23:33:06,0,0,27.25,0,1,10593,176.55,331,5.51667,574,9.56667,0,0,0,0,0,0,0,0,0,166,103,0,0,0,0,0,0,0,0,0,0,0
2025-12-27 23:34:06,0,0,27.06,0,16,2613,43.55,51,0.85,170,2.83333,0,0,0,0,0,0,0,0,0,205,157,0,0,0,0,0,0,0,0,0,0,0
2025-12-27 23:35:06,0,0,27.38,0,16,793,13.2167,8,0.133333,102,1.7,0,0,0,0,0,0,0,0,0,173,133,0,0,0,0,0,0,0,0,0,0,0
2025-12-27 23:36:06,0,0,28.44,0,8,5896,98.2667,159,2.65,324,5.4,3.37,0,0,0,0,0,0,0,0,191,122,0,1e-04,1e-04,2e-04,5e-04,9e-04,0.001,7e-04,0.93,0,0
2025-12-27 23:37:06,0,0,29,0,1,8499,141.65,254,4.23333,489,8.15,5.28,0,0,0,0,0,0,0,0,171,103,0,1e-04,1e-04,4e-04,8e-04,0.0014,0.0016,0.0011,1.23,0,0
2025-12-27 23:38:06,0,0,29,0,1,4922,82.0333,104,1.73333,322,5.36667,13.72,0,0,0,0,0,0,0,0,150,110,1e-04,7e-04,5e-04,0.0011,0.0021,0.0033,0.0034,0.0022,6.75,0.01,0
2025-12-27 23:39:06,0,0,28.81,0,8,7608,126.8,198,3.3,443,7.38333,12.7,0,0,0,0,0,0,0,0,147,112,1e-04,3e-04,4e-04,0.001,0.002,0.0032,0.0034,0.0021,4.77,0.01,0
2025-12-27 23:40:06,0,0,28.56,0,16,18365,306.083,798,13.3,717,11.95,86.62,0,0,0,0,0,0,0,0,139,108,0.001,0.0024,0.003,0.0069,0.0133,0.0217,0.0234,0.0136,35.55,0.03,0
2025-12-27 23:41:06,0,0,28.62,0,16,13128,218.8,512,8.53333,451,7.51667,119.71,0,0,0,0,0,0,0,0,135,100,0.0015,0.0034,0.0042,0.0094,0.0185,0.03,0.0321,0.0188,49.15,0.05,0
2025-12-27 23:42:06,0,0,28.69,0,1,6207,103.45,146,2.43333,378,6.3,15.22,0,0,0,0,0,0,0,0,135,99,1e-04,4e-04,5e-04,0.0011,0.0024,0.0039,0.004,0.0025,5.61,0.01,0
2025-12-27 23:43:06,0,0,28.69,0,1,486,8.1,4,0.0666667,40,0.666667,18.36,0,0,0,0,0,0,0,0,135,100,2e-04,5e-04,6e-04,0.0014,0.0029,0.0047,0.0049,0.0029,6.9,0.01,0
2025-12-27 23:44:06,0,0,28.81,0,1,107,1.78333,0,0,11,0.183333,17.97,0,0,0,0,0,0,0,0,135,100,2e-04,5e-04,6e-04,0.0014,0.0028,0.0046,0.0048,0.0029,6.68,0.01,0
2025-12-27 23:45:06,0,0,29.12,0,1,28,0.466667,0,0,0,0,18.72,0,0,0,0,0,0,0,0,135,101,2e-04,6e-04,6e-04,0.0014,0.0029,0.0047,0.0049,0.003,7.36,0.01,0
2025-12-27 23:46:06,0,0,29.44,0,1,97,1.61667,0,0,5,0.0833333,17.8,0,0,0,0,0,0,0,0,135,99,2e-04,5e-04,6e-04,0.0014,0.0028,0.0045,0.0047,0.0028,6.83,0.01,0
2025-12-27 23:47:06,0,0,29.69,0,1,27,0.45,0,0,1,0.0166667,17.8,0,0,0,0,0,0,0,0,135,99,2e-04,5e-04,6e-04,0.0014,0.0028,0.0045,0.0047,0.0028,6.9,0.01,0
2025-12-27 23:48:06,0,0,29.88,0,1,47,0.783333,0,0,3,0.05,18.01,0,0,0,0,0,0,0,0,135,99,2e-04,5e-04,6e-04,0.0014,0.0028,0.0046,0.0048,0.0029,6.89,0.01,0
2025-12-27 23:49:06,0,0,30.12,0,1,85,1.41667,0,0,2,0.0333333,17.81,0,0,0,0,0,0,0,0,135,102,2e-04,5e-04,6e-04,0.0013,0.0028,0.0046,0.0048,0.0029,6.5,0.01,0
2025-12-27 23:50:06,0,0,30.25,0,1,185,3.08333,0,0,9,0.15,17.09,0,0,0,0,0,0,0,0,135,99,2e-04,4e-04,5e-04,0.0013,0.0027,0.0043,0.0045,0.0027,6.39,0.01,0
2025-12-27 23:51:06,0,0,30.44,0,1,309,5.15,0,0,18,0.3,16.34,0,0,0,0,0,0,0,0,135,100,2e-04,4e-04,5e-04,0.0013,0.0026,0.0042,0.0043,0.0027,6.14,0.01,0
2025-12-27 23:52:06,0,0,30.44,0,1,165,2.75,3,0.05,10,0.166667,18.6,0,0,0,0,0,0,0,0,135,100,2e-04,5e-04,6e-04,0.0014,0.0029,0.0047,0.0049,0.0029,7.05,0.01,0
2025-12-27 23:53:06,0,0,30.5,0,1,176,2.93333,4,0.0666667,12,0.2,16.48,0,0,0,0,0,0,0,0,135,99,2e-04,5e-04,5e-04,0.0012,0.0026,0.0042,0.0044,0.0026,6.14,0.01,0
2025-12-27 23:54:06,0,0,30.75,0,1,555,9.25,1,0.0166667,52,0.866667,16.08,0,0,0,0,0,0,0,0,135,100,1e-04,4e-04,5e-04,0.0012,0.0025,0.0041,0.0043,0.0026,5.99,0.01,0
2025-12-27 23:55:06,0,0,30.88,0,1,73,1.21667,0,0,3,0.05,18.73,0,0,0,0,0,0,0,0,135,100,2e-04,5e-04,6e-04,0.0014,0.0029,0.0048,0.005,0.003,7.09,0.01,0
2025-12-27 23:56:06,0,0,30.94,0,1,38,0.633333,0,0,1,0.0166667,19.22,0,0,0,0,0,0,0,0,135,100,2e-04,5e-04,6e-04,0.0015,0.003,0.0049,0.0051,0.003,7.25,0.01,0
2025-12-27 23:57:06,0,0,31.06,0,1,15,0.25,0,0,0,0,19.72,0,0,0,0,0,0,0,0,135,100,2e-04,5e-04,6e-04,0.0015,0.0031,0.005,0.0052,0.0031,7.42,0.01,0
2025-12-27 23:58:06,0,0,31.12,0,1,126,2.1,0,0,12,0.2,18.82,0,0,0,0,0,0,0,0,135,99,2e-04,5e-04,6e-04,0.0014,0.0029,0.0048,0.005,0.003,7.14,0.01,0
2025-12-27 23:59:06,0,0,31.19,0,1,356,5.93333,3,0.05,23,0.383333,18.98,0,0,0,0,0,0,0,0,135,99,2e-04,5e-04,6e-04,0.0015,0.003,0.0048,0.005,0.003,7.21,0.01,0
2025-12-28 00:00:06,0,0,31.31,0,1,3589,59.8167,85,1.41667,221,3.68333,13.22,0,0,0,0,0,0,0,0,137,100,1e-04,4e-04,4e-04,0.001,0.0021,0.0034,0.0035,0.0022,4.88,0.01,0
2025-12-28 00:01:06,0,0,31.19,0,8,4117,68.6167,88,1.46667,257,4.28333,10.28,0,0,0,0,0,0,0,0,138,100,1e-04,2e-04,3e-04,8e-04,0.0016,0.0026,0.0028,0.0018,3.54,0,0
2025-12-28 00:02:06,0,0,31,0,8,2219,36.9833,46,0.766667,153,2.55,11.99,0,0,0,0,0,0,0,0,197,161,1e-04,3e-04,4e-04,9e-04,0.0019,0.0031,0.0032,0.002,4.33,0.01,0
2025-12-28 00:03:06,0,0,31.06,0,2,2523,42.05,41,0.683333,170,2.83333,7.99,0,0,0,0,0,0,0,0,141,100,1e-04,2e-04,2e-04,6e-04,0.0013,0.0021,0.0022,0.0014,2.51,0,0
2025-12-28 00:04:06,0,0,31,0,2,2506,41.7667,53,0.883333,147,2.45,4.82,0,0,0,0,0,0,0,0,142,108,0,1e-04,1e-04,3e-04,8e-04,0.0013,0.0014,0.001,0.98,0,0
2025-12-28 00:05:06,0,0,30.31,0,16,15,0.25,0,0,0,0,20.96,0,0,0,0,0,0,0,0,216,160,2e-04,6e-04,7e-04,0.0016,0.0033,0.0053,0.0055,0.0033,7.94,0.01,0
2025-12-28 00:06:06,0,0,30.81,0,8,9106,151.767,303,5.05,451,7.51667,10.5,0,0,0,0,0,0,0,0,137,100,1e-04,3e-04,3e-04,8e-04,0.0017,0.0027,0.0028,0.0018,3.51,0,0
2025-12-28 00:07:06,0,0,29.88,0,4,1536,25.6,22,0.366667,108,1.8,2.97,0,0,0,0,0,0,0,0,221,162,0,0,0,2e-04,5e-04,8e-04,9e-04,7e-04,0.38,0,0
2025-12-28 00:08:06,0,0,30.44,0,4,960,16,5,0.0833333,52,0.866667,2.65,0,0,0,0,0,0,0,0,140,108,0,1e-04,0,2e-04,4e-04,7e-04,7e-04,6e-04,0.63,0,0
2025-12-28 00:09:06,0,0,30.81,0,1,1906,31.7667,34,0.566667,74,1.23333,2.53,0,0,0,0,0,0,0,0,147,108,0,0,0,2e-04,4e-04,7e-04,8e-04,6e-04,0.38,0,0
2025-12-28 00:10:06,0,0,30.81,0,1,654,10.9,7,0.116667,25,0.416667,2.52,0,0,0,0,0,0,0,0,151,114,0,0,0,2e-04,4e-04,7e-04,8e-04,6e-04,0.32,0,0
2025-12-28 00:11:06,0,0,30.5,0,4,446,7.43333,4,0.0666667,21,0.35,4.82,0,0,0,0,0,0,0,0,232,164,0,1e-04,1e-04,4e-04,8e-04,0.0012,0.0013,8e-04,1.72,0,0
2025-12-28 00:12:06,0,0,29.81,0,1,20,0.333333,0,0,0,0,7.71,0,0,0,0,0,0,0,0,230,163,1e-04,2e-04,2e-04,6e-04,0.0012,0.002,0.0021,0.0014,2.4,0,0
2025-12-28 00:13:06,0,0,29.56,0,1,219,3.65,0,0,13,0.216667,8.16,0,0,0,0,0,0,0,0,229,162,1e-04,2e-04,2e-04,6e-04,0.0013,0.0021,0.0022,0.0014,2.52,0,0
2025-12-28 00:14:06,0,0,29.94,0,4,245,4.08333,4,0.0666667,9,0.15,7.1,0,0,0,0,0,0,0,0,190,148,1e-04,1e-04,2e-04,5e-04,0.0011,0.0019,0.002,0.0012,2,0,0
2025-12-28 00:15:06,0,0,30.5,0,4,235,3.91667,1,0.0166667,16,0.266667,3.64,0,0,0,0,0,0,0,0,192,146,0,1e-04,0,3e-04,6e-04,9e-04,0.001,7e-04,0.99,0,0
2025-12-28 00:16:06,0,0,30.81,0,4,5,0.0833333,0,0,0,0,3.67,0,0,0,0,0,0,0,0,174,130,0,1e-04,0,3e-04,6e-04,9e-04,0.001,7e-04,1.13,0,0
2025-12-28 00:17:06,0,0,30.69,0,32,310,5.16667,1,0.0166667,14,0.233333,1.81,0,0,0,0,0,0,0,0,216,174,0,0,0,1e-04,3e-04,5e-04,6e-04,5e-04,0.19,0,0
2025-12-28 00:18:06,0,0,30,0,2,55,0.916667,0,0,3,0.05,2.55,0,0,0,0,0,0,0,0,217,174,0,0,0,2e-04,4e-04,7e-04,8e-04,6e-04,0.25,0,0
2025-12-28 00:19:06,0,0,29.81,0,2,531,8.85,2,0.0333333,18,0.3,2.52,0,0,0,0,0,0,0,0,184,142,0,0,0,2e-04,4e-04,7e-04,7e-04,6e-04,0.35,0,0
2025-12-28 00:20:06,0,0,30.06,0,8,7078,117.967,205,3.41667,345,5.75,1.65,0,0,0,0,0,0,0,0,223,166,0,0,0,1e-04,3e-04,5e-04,5e-04,4e-04,0.25,0,0
2025-12-28 00:21:06,0,0,30.19,0,1,5170,86.1667,155,2.58333,292,4.86667,28.76,0,0,0,0,0,0,0,0,205,148,3e-04,7e-04,8e-04,0.0022,0.0044,0.0073,0.008,0.0048,10.3,0.01,0
2025-12-28 00:22:06,0,0,30,0,1,3852,64.2,114,1.9,209,3.48333,31.3,0,0,0,0,0,0,0,0,214,156,3e-04,8e-04,0.001,0.0023,0.0048,0.008,0.0089,0.0054,11.13,0.01,0
2025-12-28 00:23:06,0,0,29.62,0,8,8932,148.867,236,3.93333,452,7.53333,4.39,0,0,0,0,0,0,0,0,225,170,0,1e-04,1e-04,3e-04,7e-04,0.0012,0.0012,8e-04,1.26,0,0
2025-12-28 00:24:06,0,0,29.88,0,1,3792,63.2,47,0.783333,233,3.88333,1.88,0,0,0,0,0,0,0,0,192,145,0,0,0,1e-04,3e-04,5e-04,5e-04,4e-04,0.22,0,0
2025-12-28 00:25:06,0,0,29.62,0,16,6778,112.967,208,3.46667,407,6.78333,0.82,0,0,0,0,0,0,0,0,186,140,0,0,0,0,1e-04,3e-04,3e-04,2e-04,0,0,0
2025-12-28 00:26:06,0,0,29.75,0,4,1957,32.6167,60,1,92,1.53333,0.52,0,0,0,0,0,0,0,0,145,103,0,0,0,0,1e-04,2e-04,2e-04,1e-04,0,0,0
2025-12-28 00:27:06,0,0,29.25,0,1,115,1.91667,0,0,7,0.116667,0.98,0,0,0,0,0,0,0,11,199,128,0,0,0,0,2e-04,3e-04,3e-04,2e-04,0,0,0
2025-12-28 00:28:06,0,0,29.19,0,1,7,0.116667,0,0,0,0,1.03,0,0,0,0,0,0,0,11,191,119,0,0,0,1e-04,2e-04,3e-04,3e-04,2e-04,0,0,0
2025-12-28 00:29:06,0,0,29.25,0,1,0,0,0,0,0,0,1.02,0,0,0,0,0,0,0,11,187,115,0,0,0,1e-04,2e-04,3e-04,3e-04,2e-04,0.03,0,0
2025-12-28 00:30:06,0,0,29.31,0,1,0,0,0,0,0,0,1.06,0,0,0,0,0,0,0,1,184,111,0,0,0,0,2e-04,3e-04,3e-04,2e-04,0,0,1
2025-12-28 00:31:06,0,0,29.31,0,1,204,3.4,4,0.0666667,7,0.116667,1.95,0,0,0,0,0,0,0,1,169,105,0,0,0,1e-04,3e-04,5e-04,6e-04,5e-04,0.12,0,1
2025-12-28 00:32:06,0,0,29.38,0,16,132,2.2,3,0.05,5,0.0833333,2.96,0,0,0,0,0,0,0,1,201,147,0,0,0,2e-04,5e-04,8e-04,0.001,7e-04,0.26,0,1
2025-12-28 00:33:06,0,0,29.38,0,16,4,0.0666667,0,0,0,0,2.93,0,0,0,0,0,0,0,1,181,121,0,0,0,2e-04,5e-04,8e-04,9e-04,7e-04,0.26,0,1
2025-12-28 00:34:06,0,0,29.38,0,16,6,0.1,0,0,0,0,2.89,0,0,0,0,0,0,0,1,179,119,0,0,0,2e-04,5e-04,8e-04,9e-04,7e-04,0.16,0,1
2025-12-28 00:35:06,0,0,29.5,0,16,207,3.45,3,0.05,14,0.233333,2.6,0,0,0,0,0,0,0,1,203,151,0,0,0,1e-04,4e-04,7e-04,9e-04,7e-04,0.16,0,1
2025-12-28 00:36:06,0,0,29.5,0,16,0,0,0,0,0,0,2.45,0,0,0,0,0,0,0,1,183,123,0,0,0,1e-04,4e-04,7e-04,9e-04,6e-04,0.02,0,1
2025-12-28 00:37:06,0,0,29.62,0,16,0,0,0,0,0,0,2.47,0,0,0,0,0,0,0,1,178,116,0,0,0,1e-04,4e-04,7e-04,9e-04,6e-04,0.09,0,1
2025-12-28 00:38:06,0,0,29.69,0,16,0,0,0,0,0,0,2.46,0,0,0,0,0,0,0,1,173,111,0,0,0,1e-04,4e-04,7e-04,9e-04,7e-04,0.08,0,1
2025-12-28 00:39:06,0,0,29.75,0,16,0,0,0,0,0,0,2.39,0,0,0,0,0,0,0,1,172,110,0,0,0,1e-04,4e-04,7e-04,9e-04,6e-04,0,0,1
2025-12-28 00:40:06,0,0,29.75,0,16,0,0,0,0,0,0,2.45,0,0,0,0,0,0,0,1,170,108,0,0,0,1e-04,4e-04,7e-04,9e-04,7e-04,0.03,0,1
2025-12-28 00:41:06,0,0,29.81,0,16,0,0,0,0,0,0,2.45,0,0,0,0,0,0,0,2,169,107,0,0,0,1e-04,4e-04,7e-04,9e-04,6e-04,0.08,0,1
2025-12-28 00:42:06,0,0,29.88,0,16,2526,42.1,68,1.13333,145,2.41667,0.93,0,0,0,0,0,0,0,2,230,166,0,0,0,0,2e-04,3e-04,3e-04,3e-04,0,0,1
2025-12-28 00:43:06,0,0,30.12,0,16,6106,101.767,224,3.73333,283,4.71667,0,0,0,0,0,0,0,0,2,201,150,0,0,0,0,0,0,0,0,0,0,1
2025-12-28 00:44:06,0,0,30.19,0,16,51,0.85,0,0,5,0.0833333,0,0,0,0,0,0,0,0,2,208,153,0,0,0,0,0,0,0,0,0,0,1
2025-12-28 00:45:06,0,0,30.44,0,16,0,0,0,0,0,0,0,0,0,0,0,0,0,0,2,206,152,0,0,0,0,0,0,0,0,0,0,1
2025-12-28 00:46:06,0,0,30.69,0,16,66,1.1,0,0,7,0.116667,0,0,0,0,0,0,0,0,2,205,151,0,0,0,0,0,0,0,0,0,0,1
2025-12-28 00:47:06,0,0,30.88,0,16,6,0.1,0,0,0,0,0,0,0,0,0,0,0,0,2,204,149,0,0,0,0,0,0,0,0,0,0,1
2025-12-28 00:48:06,0,0,31.06,0,16,15,0.25,0,0,0,0,0,0,0,0,0,0,0,0,1,206,152,0,0,0,0,0,0,0,0,0,0,1
2025-12-28 00:49:06,0,0,31.25,0,16,22,0.366667,0,0,3,0.05,0,0,0,0,0,0,0,0,1,206,150,0,0,0,0,0,0,0,0,0,0,1
2025-12-28 00:50:06,0,0,31.44,0,16,3,0.05,0,0,0,0,0,0,0,0,0,0,0,0,1,204,149,0,0,0,0,0,0,0,0,0,0,1
2025-12-28 00:51:06,0,0,31.56,0,16,0,0,0,0,0,0,0,0,0,0,0,0,0,0,1,203,150,0,0,0,0,0,0,0,0,0,0,1
2025-12-28 00:52:06,0,0,31.69,0,16,147,2.45,0,0,13,0.216667,0,0,0,0,0,0,0,0,1,207,151,0,0,0,0,0,0,0,0,0,0,1
2025-12-28 00:53:06,0,0,31.81,0,16,10,0.166667,0,0,1,0.0166667,0,0,0,0,0,0,0,0,1,202,149,0,0,0,0,0,0,0,0,0,0,1
2025-12-28 00:54:06,0,0,32,0,16,0,0,0,0,0,0,0,0,0,0,0,0,0,0,1,201,148,0,0,0,0,0,0,0,0,0,0,1
2025-12-28 00:55:06,0,0,32.12,0,16,0,0,0,0,0,0,0,0,0,0,0,0,0,0,1,201,148,0,0,0,0,0,0,0,0,0,0,1
2025-12-28 00:56:06,0,0,32.25,0,16,0,0,0,0,0,0,0,0,0,0,0,0,0,0,1,203,148,0,0,0,0,0,0,0,0,0,0,1
2025-12-28 00:57:06,0,0,32.38,0,16,0,0,0,0,0,0,0,0,0,0,0,0,0,0,1,202,148,0,0,0,0,0,0,0,0,0,0,1
2025-12-28 00:58:06,0,0,32.5,0,16,0,0,0,0,0,0,0,0,0,0,0,0,0,0,1,201,146,0,0,0,0,0,0,0,0,0,0,1
2025-12-28 00:59:06,0,0,32.62,0,16,0,0,0,0,0,0,0,0,0,0,0,0,0,0,1,201,146,0,0,0,0,0,0,0,0,0,0,1
2025-12-28 01:00:06,0,0,32.69,0,16,0,0,0,0,0,0,0,0,0,0,0,0,0,0,1,201,147,0,0,0,0,0,0,0,0,0,0,1
2025-12-28 01:01:06,0,0,32.81,0,16,0,0,0,0,0,0,0,0,0,0,0,0,0,0,1,201,146,0,0,0,0,0,0,0,0,0,0,1
2025-12-28 01:02:06,0,0,32.88,0,16,0,0,0,0,0,0,0,0,0,0,0,0,0,0,1,200,145,0,0,0,0,0,0,0,0,0,0,1
2025-12-28 01:03:06,0,0,33,0,16,0,0,0,0,0,0,0,0,0,0,0,0,0,0,1,201,145,0,0,0,0,0,0,0,0,0,0,1
2025-12-28 01:04:06,0,0,33.06,0,16,0,0,0,0,0,0,0,0,0,0,0,0,0,0,1,199,144,0,0,0,0,0,0,0,0,0,0,1
2025-12-28 01:05:06,0,0,33.19,0,16,0,0,0,0,0,0,0,0,0,0,0,0,0,0,1,199,145,0,0,0,0,0,0,0,0,0,0,1
2025-12-28 01:06:06,0,0,33.25,0,16,0,0,0,0,0,0,0,0,0,0,0,0,0,0,1,199,143,0,0,0,0,0,0,0,0,0,0,1
2025-12-28 01:07:06,0,0,33.38,0,16,903,15.05,38,0.633333,56,0.933333,0,0,0,0,0,0,0,0,2,164,108,0,0,0,0,0,0,0,0,0,0,1
2025-12-28 01:08:06,0,0,33.44,0,16,0,0,0,0,0,0,0,0,0,0,0,0,0,0,1,162,106,0,0,0,0,0,0,0,0,0,0,1
2025-12-28 01:09:06,0,0,33.5,0,16,0,0,0,0,0,0,0,0,0,0,0,0,0,0,1,162,105,0,0,0,0,0,0,0,0,0,0,1
2025-12-28 01:10:06,0,0,33.5,0,16,0,0,0,0,0,0,0,0,0,0,0,0,0,0,1,161,105,0,0,0,0,0,0,0,0,0,0,1
2025-12-28 01:11:06,0,0,33.56,0,16,0,0,0,0,0,0,0,0,0,0,0,0,0,0,1,160,104,0,0,0,0,0,0,0,0,0,0,1
2025-12-28 01:12:06,0,0,33.62,0,16,1771,29.5167,49,0.816667,112,1.86667,0,0,0,0,0,0,0,0,2,155,105,0,0,0,0,0,0,0,0,0,0,1
2025-12-28 01:13:06,0,0,33.62,0,1,0,0,0,0,0,0,0,0,0,0,0,0,0,0,1,158,109,0,0,0,0,0,0,0,0,0,0,1
2025-12-28 01:14:06,0,0,33.75,0,1,0,0,0,0,0,0,0,0,0,0,0,0,0,0,1,156,107,0,0,0,0,0,0,0,0,0,0,1
2025-12-28 01:15:06,0,0,33.81,0,1,0,0,0,0,0,0,0,0,0,0,0,0,0,0,1,156,107,0,0,0,0,0,0,0,0,0,0,1
2025-12-28 01:16:06,0,0,34,0,1,0,0,0,0,0,0,0,0,0,0,0,0,0,0,2,155,107,0,0,0,0,0,0,0,0,0,0,1
2025-12-28 01:17:06,0,0,34.06,0,16,1373,22.8833,44,0.733333,83,1.38333,0,0,0,0,0,0,0,0,2,148,102,0,0,0,0,0,0,0,0,0,0,1
2025-12-28 01:18:06,0,0,34.06,0,1,61,1.01667,1,0.0166667,4,0.0666667,0,0,0,0,0,0,0,0,1,161,128,0,0,0,0,0,0,0,0,0,0,1
2025-12-28 01:19:06,0,0,34.06,0,1,0,0,0,0,0,0,0,0,0,0,0,0,0,0,1,158,128,0,0,0,0,0,0,0,0,0,0,1
2025-12-28 01:20:06,0,0,34.12,0,1,0,0,0,0,0,0,0,0,0,0,0,0,0,0,1,157,123,0,0,0,0,0,0,0,0,0,0,1
2025-12-28 01:21:06,0,0,34.19,0,1,0,0,0,0,0,0,0,0,0,0,0,0,0,0,1,157,123,0,0,0,0,0,0,0,0,0,0,1
2025-12-28 01:22:06,0,0,34.19,0,1,34,0.566667,1,0.0166667,3,0.05,0,0,0,0,0,0,0,0,1,158,123,0,0,0,0,0,0,0,0,0,0,1
2025-12-28 01:23:06,0,0,34.25,0,1,0,0,0,0,0,0,0,0,0,0,0,0,0,0,1,158,122,0,0,0,0,0,0,0,0,0,0,1
2025-12-28 01:24:06,0,0,34.25,0,16,0,0,0,0,0,0,0,0,0,0,0,0,0,0,1,157,122,0,0,0,0,0,0,0,0,0,0,1
2025-12-28 01:25:06,0,0,34.31,0,16,0,0,0,0,0,0,0,0,0,0,0,0,0,0,1,158,122,0,0,0,0,0,0,0,0,0,0,1
2025-12-28 01:26:06,0,0,34.31,0,1,0,0,0,0,0,0,0,0,0,0,0,0,0,0,1,157,120,0,0,0,0,0,0,0,0,0,0,1
2025-12-28 01:27:06,0,0,34.38,0,16,0,0,0,0,0,0,0,0,0,0,0,0,0,0,1,156,120,0,0,0,0,0,0,0,0,0,0,1
2025-12-28 01:28:06,0,0,34.38,0,16,0,0,0,0,0,0,0,0,0,0,0,0,0,0,2,158,121,0,0,0,0,0,0,0,0,0,0,1
2025-12-28 01:29:06,0,0,34.31,0,16,1560,26,50,0.833333,116,1.93333,0,0,0,0,0,0,0,0,2,164,133,0,0,0,0,0,0,0,0,0,0,1
2025-12-28 01:30:06,0,0,34.38,0,16,3061,51.0167,86,1.43333,198,3.3,0,0,0,0,0,0,0,0,2,150,103,0,0,0,0,0,0,0,0,0,0,1
2025-12-28 01:31:06,0,0,34.31,0,1,0,0,0,0,0,0,0,0,0,0,0,0,0,0,2,141,102,0,0,0,0,0,0,0,0,0,0,1
2025-12-28 01:32:06,0,0,34.31,0,1,0,0,0,0,0,0,0,0,0,0,0,0,0,0,1,140,102,0,0,0,0,0,0,0,0,0,0,1
2025-12-28 01:33:06,0,0,34.31,0,1,0,0,0,0,0,0,0,0,0,0,0,0,0,0,2,140,101,0,0,0,0,0,0,0,0,0,0,1
2025-12-28 01:34:06,0,0,34.38,0,1,0,0,0,0,0,0,0,0,0,0,0,0,0,0,2,140,101,0,0,0,0,0,0,0,0,0,0,1
2025-12-28 01:35:06,0,0,34.44,0,1,0,0,0,0,0,0,0,0,0,0,0,0,0,0,1,140,102,0,0,0,0,0,0,0,0,0,0,1
2025-12-28 01:36:06,0,0,34.5,0,1,0,0,0,0,0,0,0,0,0,0,0,0,0,0,1,139,101,0,0,0,0,0,0,0,0,0,0,1
2025-12-28 01:37:06,0,0,34.56,0,1,18,0.3,0,0,3,0.05,0,0,0,0,0,0,0,0,1,139,101,0,0,0,0,0,0,0,0,0,0,1
2025-12-28 01:38:06,0,0,34.56,0,1,0,0,0,0,0,0,0,0,0,0,0,0,0,0,1,139,102,0,0,0,0,0,0,0,0,0,0,1
2025-12-28 01:39:06,0,0,34.62,0,1,0,0,0,0,0,0,0,0,0,0,0,0,0,0,1,139,101,0,0,0,0,0,0,0,0,0,0,1
2025-12-28 01:40:06,0,0,34.62,0,1,0,0,0,0,0,0,0,0,0,0,0,0,0,0,1,139,101,0,0,0,0,0,0,0,0,0,0,1
2025-12-28 01:41:06,0,0,34.62,0,1,0,0,0,0,0,0,0,0,0,0,0,0,0,0,1,139,101,0,0,0,0,0,0,0,0,0,0,1
2025-12-28 01:42:06,0,0,34.69,0,1,0,0,0,0,0,0,0,0,0,0,0,0,0,0,1,139,101,0,0,0,0,0,0,0,0,0,0,1
2025-12-28 01:43:06,0,0,34.69,0,1,0,0,0,0,0,0,0,0,0,0,0,0,0,0,1,139,100,0,0,0,0,0,0,0,0,0,0,1
2025-12-28 01:44:06,0,0,34.69,0,1,0,0,0,0,0,0,0,0,0,0,0,0,0,0,1,139,100,0,0,0,0,0,0,0,0,0,0,1
2025-12-28 01:45:06,0,0,34.69,0,1,11,0.183333,0,0,1,0.0166667,0,0,0,0,0,0,0,0,1,139,100,0,0,0,0,0,0,0,0,0,0,1
2025-12-28 01:46:06,0,0,34.69,0,1,7,0.116667,0,0,0,0,0,0,0,0,0,0,0,0,1,139,100,0,0,0,0,0,0,0,0,0,0,1
2025-12-28 01:47:06,0,0,34.69,0,1,0,0,0,0,0,0,0,0,0,0,0,0,0,0,1,139,100,0,0,0,0,0,0,0,0,0,0,1
2025-12-28 01:48:06,0,0,34.69,0,1,1772,29.5333,59,0.983333,118,1.96667,0,0,0,0,0,0,0,0,2,141,100,0,0,0,0,0,0,0,0,0,0,1
2025-12-28 01:49:06,0,0,34.62,0,16,840,14,21,0.35,66,1.1,0,0,0,0,0,0,0,0,2,148,102,0,0,0,0,0,0,0,0,0,0,1
2025-12-28 01:50:06,0,0,34.62,0,16,0,0,0,0,0,0,0,0,0,0,0,0,0,0,1,148,103,0,0,0,0,0,0,0,0,0,0,1
2025-12-28 01:51:06,0,0,34.56,0,16,0,0,0,0,0,0,0,0,0,0,0,0,0,0,1,148,103,0,0,0,0,0,0,0,0,0,0,1
2025-12-28 01:52:06,0,0,34.56,0,16,0,0,0,0,0,0,0,0,0,0,0,0,0,0,2,147,102,0,0,0,0,0,0,0,0,0,0,1
2025-12-28 01:53:06,0,0,34.56,0,16,0,0,0,0,0,0,0,0,0,0,0,0,0,0,1,147,101,0,0,0,0,0,0,0,0,0,0,1
2025-12-28 01:54:06,0,0,34.56,0,1,871,14.5167,22,0.366667,59,0.983333,0,0,0,0,0,0,0,0,1,139,101,0,0,0,0,0,0,0,0,0,0,1
2025-12-28 01:55:06,0,0,34.31,0,1,0,0,0,0,0,0,0,0,0,0,0,0,0,0,1,138,100,0,0,0,0,0,0,0,0,0,0,1
2025-12-28 01:56:06,0,0,34.06,0,1,0,0,0,0,0,0,0,0,0,0,0,0,0,0,1,138,100,0,0,0,0,0,0,0,0,0,0,1
2025-12-28 01:57:06,0,0,33.75,0,1,0,0,0,0,0,0,0,0,0,0,0,0,0,0,1,137,100,0,0,0,0,0,0,0,0,0,0,1
2025-12-28 01:58:06,0,0,33.5,0,1,0,0,0,0,0,0,0,0,0,0,0,0,0,0,1,137,100,0,0,0,0,0,0,0,0,0,0,1
2025-12-28 01:59:06,0,0,33.31,0,1,0,0,0,0,0,0,0,0,0,0,0,0,0,0,1,137,99,0,0,0,0,0,0,0,0,0,0,1
2025-12-28 02:00:06,0,0,33.12,0,1,0,0,0,0,0,0,0,0,0,0,0,0,0,0,1,137,100,0,0,0,0,0,0,0,0,0,0,1
2025-12-28 02:01:06,0,0,33,0,1,0,0,0,0,0,0,0,0,0,0,0,0,0,0,1,137,100,0,0,0,0,0,0,0,0,0,0,1
2025-12-28 02:02:06,0,0,32.88,0,1,0,0,0,0,0,0,0,0,0,0,0,0,0,0,1,137,100,0,0,0,0,0,0,0,0,0,0,1
2025-12-28 02:03:06,0,0,32.81,0,1,0,0,0,0,0,0,0,0,0,0,0,0,0,0,1,137,100,0,0,0,0,0,0,0,0,0,0,1
2025-12-28 02:04:06,0,0,32.75,0,1,0,0,0,0,0,0,0,0,0,0,0,0,0,0,1,137,99,0,0,0,0,0,0,0,0,0,0,1
2025-12-28 02:05:06,0,0,32.69,0,1,0,0,0,0,0,0,0,0,0,0,0,0,0,0,1,137,100,0,0,0,0,0,0,0,0,0,0,1
2025-12-28 02:06:06,0,0,32.62,0,1,0,0,0,0,0,0,0,0,0,0,0,0,0,0,1,137,100,0,0,0,0,0,0,0,0,0,0,1
2025-12-28 02:07:06,0,0,32.56,0,1,0,0,0,0,0,0,0,0,0,0,0,0,0,0,1,137,100,0,0,0,0,0,0,0,0,0,0,1
2025-12-28 02:08:06,0,0,32.5,0,1,0,0,0,0,0,0,0,0,0,0,0,0,0,0,1,137,100,0,0,0,0,0,0,0,0,0,0,1
2025-12-28 02:09:06,0,0,32.5,0,1,0,0,0,0,0,0,0,0,0,0,0,0,0,0,1,136,99,0,0,0,0,0,0,0,0,0,0,1
2025-12-28 02:10:06,0,0,32.5,0,1,0,0,0,0,0,0,0,0,0,0,0,0,0,0,1,136,99,0,0,0,0,0,0,0,0,0,0,1
2025-12-28 02:11:06,0,0,32.44,0,1,0,0,0,0,0,0,0,0,0,0,0,0,0,0,1,136,100,0,0,0,0,0,0,0,0,0,0,1
2025-12-28 02:12:06,0,0,32.44,0,1,0,0,0,0,0,0,0,0,0,0,0,0,0,0,1,137,99,0,0,0,0,0,0,0,0,0,0,1
2025-12-28 02:13:06,0,0,32.44,0,1,0,0,0,0,0,0,0,0,0,0,0,0,0,0,1,136,100,0,0,0,0,0,0,0,0,0,0,1
2025-12-28 02:14:06,0,0,32.38,0,1,0,0,0,0,0,0,0,0,0,0,0,0,0,0,1,136,99,0,0,0,0,0,0,0,0,0,0,1
2025-12-28 02:15:06,0,0,32.38,0,1,0,0,0,0,0,0,0,0,0,0,0,0,0,0,1,136,100,0,0,0,0,0,0,0,0,0,0,1
2025-12-28 02:16:06,0,0,32.38,0,1,0,0,0,0,0,0,0,0,0,0,0,0,0,0,1,136,99,0,0,0,0,0,0,0,0,0,0,1
2025-12-28 02:17:06,0,0,32.31,0,1,0,0,0,0,0,0,0,0,0,0,0,0,0,0,1,136,99,0,0,0,0,0,0,0,0,0,0,1
2025-12-28 02:18:06,0,0,32.31,0,1,0,0,0,0,0,0,0,0,0,0,0,0,0,0,1,136,99,0,0,0,0,0,0,0,0,0,0,1
2025-12-28 02:19:06,0,0,32.31,0,1,0,0,0,0,0,0,0,0,0,0,0,0,0,0,1,136,99,0,0,0,0,0,0,0,0,0,0,1
2025-12-28 02:20:06,0,0,32.31,0,1,0,0,0,0,0,0,0,0,0,0,0,0,0,0,1,136,99,0,0,0,0,0,0,0,0,0,0,1
2025-12-28 02:21:06,0,0,32.31,0,1,0,0,0,0,0,0,0,0,0,0,0,0,0,0,1,136,99,0,0,0,0,0,0,0,0,0,0,1
2025-12-28 02:22:06,0,0,32.31,0,1,0,0,0,0,0,0,0,0,0,0,0,0,0,0,1,136,99,0,0,0,0,0,0,0,0,0,0,1
2025-12-28 02:23:06,0,0,32.31,0,1,0,0,0,0,0,0,0,0,0,0,0,0,0,0,1,136,99,0,0,0,0,0,0,0,0,0,0,1
2025-12-28 02:24:06,0,0,32.31,0,1,0,0,0,0,0,0,0,0,0,0,0,0,0,0,1,136,99,0,0,0,0,0,0,0,0,0,0,1
2025-12-28 02:25:06,0,0,32.31,0,1,0,0,0,0,0,0,0,0,0,0,0,0,0,0,1,136,99,0,0,0,0,0,0,0,0,0,0,1
2025-12-28 02:26:06,0,0,32.31,0,1,0,0,0,0,0,0,0,0,0,0,0,0,0,0,1,136,99,0,0,0,0,0,0,0,0,0,0,1
2025-12-28 02:27:06,0,0,32.38,0,1,0,0,0,0,0,0,0,0,0,0,0,0,0,0,1,136,99,0,0,0,0,0,0,0,0,0,0,1
2025-12-28 02:28:06,0,0,32.38,0,1,0,0,0,0,0,0,0,0,0,0,0,0,0,0,1,136,99,0,0,0,0,0,0,0,0,0,0,1
2025-12-28 02:29:06,0,0,32.31,0,1,0,0,0,0,0,0,0,0,0,0,0,0,0,0,1,136,99,0,0,0,0,0,0,0,0,0,0,1
2025-12-28 02:30:06,0,0,32.31,0,1,0,0,0,0,0,0,0,0,0,0,0,0,0,0,1,136,99,0,0,0,0,0,0,0,0,0,0,1
2025-12-28 02:31:06,0,0,32.31,0,1,37,0.616667,0,0,4,0.0666667,0,0,0,0,0,0,0,0,1,137,102,0,0,0,0,0,0,0,0,0,0,1
2025-12-28 02:32:06,0,0,32.12,0,1,530,8.83333,15,0.25,39,0.65,0,0,0,0,0,0,0,0,2,137,102,0,0,0,0,0,0,0,0,0,0,1
2025-12-28 02:33:06,0,0,32.19,0,1,2211,36.85,75,1.25,153,2.55,0,0,0,0,0,0,0,0,2,150,108,0,0,0,0,0,0,0,0,0,0,1
2025-12-28 02:34:06,0,0,32.19,0,1,0,0,0,0,0,0,0,0,0,0,0,0,0,0,1,149,106,0,0,0,0,0,0,0,0,0,0,1
2025-12-28 02:35:06,0,0,32.19,0,1,0,0,0,0,0,0,0,0,0,0,0,0,0,0,1,149,105,0,0,0,0,0,0,0,0,0,0,1
2025-12-28 02:36:06,0,0,32.19,0,1,15,0.25,0,0,1,0.0166667,0,0,0,0,0,0,0,0,1,150,105,0,0,0,0,0,0,0,0,0,0,1
2025-12-28 02:37:06,0,0,32.12,0,1,0,0,0,0,0,0,0,0,0,0,0,0,0,0,1,149,104,0,0,0,0,0,0,0,0,0,0,1
2025-12-28 02:38:06,0,0,32.12,0,1,0,0,0,0,0,0,0,0,0,0,0,0,0,0,1,149,104,0,0,0,0,0,0,0,0,0,0,1
2025-12-28 02:39:06,0,0,32.12,0,1,0,0,0,0,0,0,0,0,0,0,0,0,0,0,1,150,105,0,0,0,0,0,0,0,0,0,0,1
2025-12-28 02:40:06,0,0,32.12,0,1,0,0,0,0,0,0,0,0,0,0,0,0,0,0,1,151,104,0,0,0,0,0,0,0,0,0,0,1
2025-12-28 02:41:06,0,0,32.12,0,1,0,0,0,0,0,0,0,0,0,0,0,0,0,0,1,149,104,0,0,0,0,0,0,0,0,0,0,1
2025-12-28 02:42:06,0,0,32.12,0,1,0,0,0,0,0,0,0,0,0,0,0,0,0,0,1,152,104,0,0,0,0,0,0,0,0,0,0,1
2025-12-28 02:43:06,0,0,32.12,0,1,0,0,0,0,0,0,0,0,0,0,0,0,0,0,1,152,105,0,0,0,0,0,0,0,0,0,0,1
2025-12-28 02:44:06,0,0,32.12,0,1,0,0,0,0,0,0,0,0,0,0,0,0,0,0,1,153,105,0,0,0,0,0,0,0,0,0,0,1
2025-12-28 02:45:06,0,0,32.12,0,1,0,0,0,0,0,0,0,0,0,0,0,0,0,0,1,152,105,0,0,0,0,0,0,0,0,0,0,1
2025-12-28 02:46:06,0,0,32.12,0,1,0,0,0,0,0,0,0,0,0,0,0,0,0,0,1,153,105,0,0,0,0,0,0,0,0,0,0,1
2025-12-28 02:47:06,0,0,32.12,0,1,0,0,0,0,0,0,0,0,0,0,0,0,0,0,1,153,105,0,0,0,0,0,0,0,0,0,0,1
2025-12-28 02:48:06,0,0,32.12,0,1,0,0,0,0,0,0,0,0,0,0,0,0,0,0,1,153,105,0,0,0,0,0,0,0,0,0,0,1
2025-12-28 02:49:06,0,0,32.06,0,2,695,11.5833,12,0.2,65,1.08333,0,0,0,0,0,0,0,0,1,164,101,0,0,0,0,0,0,0,0,0,0,1
2025-12-28 02:50:06,0,0,32.19,0,16,476,7.93333,13,0.216667,27,0.45,0,0,0,0,0,0,0,0,1,137,99,0,0,0,0,0,0,0,0,0,0,1
2025-12-28 02:51:06,0,0,32.19,0,16,0,0,0,0,0,0,0,0,0,0,0,0,0,0,1,137,99,0,0,0,0,0,0,0,0,0,0,1
2025-12-28 02:52:06,0,0,32.19,0,16,868,14.4667,24,0.4,47,0.783333,0,0,0,0,0,0,0,0,1,142,119,0,0,0,0,0,0,0,0,0,0,1
2025-12-28 02:53:06,0,0,32.06,0,1,0,0,0,0,0,0,0,0,0,0,0,0,0,0,1,139,103,0,0,0,0,0,0,0,0,0,0,1
2025-12-28 02:54:06,0,0,31.81,0,1,0,0,0,0,0,0,0,0,0,0,0,0,0,0,1,138,103,0,0,0,0,0,0,0,0,0,0,1
2025-12-28 02:55:06,0,0,31.62,0,1,0,0,0,0,0,0,0,0,0,0,0,0,0,0,1,138,102,0,0,0,0,0,0,0,0,0,0,1
2025-12-28 02:56:06,0,0,31.44,0,1,9,0.15,0,0,0,0,0,0,0,0,0,0,0,0,1,138,102,0,0,0,0,0,0,0,0,0,0,1
2025-12-28 02:57:06,0,0,31.25,0,1,0,0,0,0,0,0,0,0,0,0,0,0,0,0,1,138,101,0,0,0,0,0,0,0,0,0,0,1
2025-12-28 02:58:06,0,0,31.06,0,1,0,0,0,0,0,0,0,0,0,0,0,0,0,0,1,138,101,0,0,0,0,0,0,0,0,0,0,1
2025-12-28 02:59:06,0,0,30.94,0,1,0,0,0,0,0,0,0,0,0,0,0,0,0,0,1,138,101,0,0,0,0,0,0,0,0,0,0,1
2025-12-28 03:00:06,0,0,30.75,0,1,10,0.166667,0,0,1,0.0166667,0,0,0,0,0,0,0,0,1,138,101,0,0,0,0,0,0,0,0,0,0,1
2025-12-28 03:01:06,0,0,30.69,0,1,0,0,0,0,0,0,0,0,0,0,0,0,0,0,1,137,101,0,0,0,0,0,0,0,0,0,0,1
2025-12-28 03:02:06,0,0,30.56,0,1,0,0,0,0,0,0,0,0,0,0,0,0,0,0,1,138,101,0,0,0,0,0,0,0,0,0,0,1
2025-12-28 03:03:06,0,0,30.44,0,1,0,0,0,0,0,0,0,0,0,0,0,0,0,0,1,137,101,0,0,0,0,0,0,0,0,0,0,1
2025-12-28 03:04:06,0,0,30.31,0,1,201,3.35,7,0.116667,11,0.183333,0,0,0,0,0,0,0,0,1,138,101,0,0,0,0,0,0,0,0,0,0,1
2025-12-28 03:05:06,0,0,30.31,0,1,538,8.96667,15,0.25,42,0.7,0,0,0,0,0,0,0,0,1,141,99,0,0,0,0,0,0,0,0,0,0,1
2025-12-28 03:06:06,0,0,30.5,0,1,0,0,0,0,0,0,0,0,0,0,0,0,0,0,1,140,99,0,0,0,0,0,0,0,0,0,0,1
2025-12-28 03:07:06,0,0,30.75,0,1,1744,29.0667,47,0.783333,133,2.21667,0,0,0,0,0,0,0,0,2,136,99,0,0,0,0,0,0,0,0,0,0,1
2025-12-28 03:08:06,0,0,31.06,0,1,0,0,0,0,0,0,0,0,0,0,0,0,0,0,1,136,99,0,0,0,0,0,0,0,0,0,0,1
2025-12-28 03:09:06,0,0,31.25,0,1,0,0,0,0,0,0,0,0,0,0,0,0,0,0,1,136,99,0,0,0,0,0,0,0,0,0,0,1
2025-12-28 03:10:06,0,0,31.31,0,1,0,0,0,0,0,0,0,0,0,0,0,0,0,0,1,136,99,0,0,0,0,0,0,0,0,0,0,1
2025-12-28 03:11:06,0,0,31.31,0,1,0,0,0,0,0,0,0,0,0,0,0,0,0,0,1,136,99,0,0,0,0,0,0,0,0,0,0,1
2025-12-28 03:12:06,0,0,31.38,0,1,0,0,0,0,0,0,0,0,0,0,0,0,0,0,1,136,99,0,0,0,0,0,0,0,0,0,0,1
2025-12-28 03:13:06,0,0,31.38,0,1,0,0,0,0,0,0,0,0,0,0,0,0,0,0,1,136,99,0,0,0,0,0,0,0,0,0,0,1
2025-12-28 03:14:06,0,0,31.38,0,1,0,0,0,0,0,0,0,0,0,0,0,0,0,0,1,135,99,0,0,0,0,0,0,0,0,0,0,1
2025-12-28 03:15:06,0,0,31.38,0,1,0,0,0,0,0,0,0,0,0,0,0,0,0,0,1,135,99,0,0,0,0,0,0,0,0,0,0,1
2025-12-28 03:16:06,0,0,31.31,0,16,1437,23.95,33,0.55,115,1.91667,0,0,0,0,0,0,0,0,2,153,99,0,0,0,0,0,0,0,0,0,0,1
2025-12-28 03:17:06,0,0,31.19,0,16,8,0.133333,0,0,0,0,0,0,0,0,0,0,0,0,1,146,99,0,0,0,0,0,0,0,0,0,0,1
2025-12-28 03:18:06,0,0,31.06,0,16,1309,21.8167,34,0.566667,74,1.23333,0,0,0,0,0,0,0,0,2,153,117,0,0,0,0,0,0,0,0,0,0,1
2025-12-28 03:19:06,0,0,31.06,0,16,0,0,0,0,0,0,0,0,0,0,0,0,0,0,1,150,103,0,0,0,0,0,0,0,0,0,0,1
2025-12-28 03:20:06,0,0,31.12,0,16,936,15.6,24,0.4,74,1.23333,0,0,0,0,0,0,0,0,2,160,112,0,0,0,0,0,0,0,0,0,0,1
2025-12-28 03:21:06,0,0,31.06,0,16,0,0,0,0,0,0,0,0,0,0,0,0,0,0,1,159,111,0,0,0,0,0,0,0,0,0,0,1
2025-12-28 03:22:06,0,0,31,0,16,0,0,0,0,0,0,0,0,0,0,0,0,0,0,1,160,112,0,0,0,0,0,0,0,0,0,0,1
2025-12-28 03:23:06,0,0,30.88,0,16,0,0,0,0,0,0,0,0,0,0,0,0,0,0,1,160,113,0,0,0,0,0,0,0,0,0,0,1
2025-12-28 03:24:06,0,0,30.81,0,16,0,0,0,0,0,0,0,0,0,0,0,0,0,0,1,160,112,0,0,0,0,0,0,0,0,0,0,1
2025-12-28 03:25:06,0,0,30.75,0,16,0,0,0,0,0,0,0,0,0,0,0,0,0,0,1,160,113,0,0,0,0,0,0,0,0,0,0,1
2025-12-28 03:26:06,0,0,30.69,0,16,0,0,0,0,0,0,0,0,0,0,0,0,0,0,1,160,113,0,0,0,0,0,0,0,0,0,0,1
2025-12-28 03:27:06,0,0,30.62,0,16,0,0,0,0,0,0,0,0,0,0,0,0,0,0,1,160,113,0,0,0,0,0,0,0,0,0,0,1
2025-12-28 03:28:06,0,0,30.62,0,4,580,9.66667,18,0.3,49,0.816667,0,0,0,0,0,0,0,0,1,171,117,0,0,0,0,0,0,0,0,0,0,1
2025-12-28 03:29:06,0,0,30.5,0,4,0,0,0,0,0,0,0,0,0,0,0,0,0,0,1,169,117,0,0,0,0,0,0,0,0,0,0,1
2025-12-28 03:30:06,0,0,30.44,0,4,0,0,0,0,0,0,0,0,0,0,0,0,0,0,1,168,117,0,0,0,0,0,0,0,0,0,0,1
2025-12-28 03:31:06,0,0,30.44,0,4,927,15.45,20,0.333333,64,1.06667,0,0,0,0,0,0,0,0,1,152,101,0,0,0,0,0,0,0,0,0,0,1
2025-12-28 03:32:06,0,0,30.44,0,16,0,0,0,0,0,0,0,0,0,0,0,0,0,0,1,151,100,0,0,0,0,0,0,0,0,0,0,1
2025-12-28 03:33:06,0,0,30.38,0,16,0,0,0,0,0,0,0,0,0,0,0,0,0,0,1,151,101,0,0,0,0,0,0,0,0,0,0,1
2025-12-28 03:34:06,0,0,30.31,0,16,0,0,0,0,0,0,0,0,0,0,0,0,0,0,1,152,100,0,0,0,0,0,0,0,0,0,0,1
2025-12-28 03:35:06,0,0,30.31,0,16,0,0,0,0,0,0,0,0,0,0,0,0,0,0,1,150,100,0,0,0,0,0,0,0,0,0,0,1
2025-12-28 03:36:06,0,0,30.31,0,16,0,0,0,0,0,0,0,0,0,0,0,0,0,0,1,151,100,0,0,0,0,0,0,0,0,0,0,1
2025-12-28 03:37:06,0,0,30.25,0,16,0,0,0,0,0,0,0,0,0,0,0,0,0,0,1,151,100,0,0,0,0,0,0,0,0,0,0,1
2025-12-28 03:38:06,0,0,30.25,0,16,4,0.0666667,0,0,0,0,0,0,0,0,0,0,0,0,1,151,100,0,0,0,0,0,0,0,0,0,0,1
2025-12-28 03:39:06,0,0,30.25,0,16,0,0,0,0,0,0,0,0,0,0,0,0,0,0,1,152,100,0,0,0,0,0,0,0,0,0,0,1
2025-12-28 03:40:06,0,0,30.19,0,16,0,0,0,0,0,0,0,0,0,0,0,0,0,0,1,152,100,0,0,0,0,0,0,0,0,0,0,1
2025-12-28 03:41:06,0,0,30.12,0,16,0,0,0,0,0,0,0,0,0,0,0,0,0,0,1,151,100,0,0,0,0,0,0,0,0,0,0,1
2025-12-28 03:42:06,0,0,30.12,0,16,0,0,0,0,0,0,0,0,0,0,0,0,0,0,1,151,100,0,0,0,0,0,0,0,0,0,0,1
2025-12-28 03:43:06,0,0,30.12,0,16,0,0,0,0,0,0,0,0,0,0,0,0,0,0,1,151,100,0,0,0,0,0,0,0,0,0,0,1
2025-12-28 03:44:06,0,0,30.12,0,16,0,0,0,0,0,0,0,0,0,0,0,0,0,0,1,151,100,0,0,0,0,0,0,0,0,0,0,1
2025-12-28 03:45:06,0,0,30.12,0,16,0,0,0,0,0,0,0,0,0,0,0,0,0,0,1,151,100,0,0,0,0,0,0,0,0,0,0,1
2025-12-28 03:46:06,0,0,30.12,0,16,0,0,0,0,0,0,0,0,0,0,0,0,0,0,1,151,100,0,0,0,0,0,0,0,0,0,0,1
2025-12-28 03:47:06,0,0,30.12,0,16,0,0,0,0,0,0,0,0,0,0,0,0,0,0,1,151,100,0,0,0,0,0,0,0,0,0,0,1
2025-12-28 03:48:06,0,0,30.12,0,16,0,0,0,0,0,0,0,0,0,0,0,0,0,0,1,151,100,0,0,0,0,0,0,0,0,0,0,1
2025-12-28 03:49:06,0,0,30.12,0,16,29,0.483333,0,0,3,0.05,0,0,0,0,0,0,0,0,1,152,100,0,0,0,0,0,0,0,0,0,0,1
2025-12-28 03:50:06,0,0,30.12,0,16,0,0,0,0,0,0,0,0,0,0,0,0,0,0,1,154,100,0,0,0,0,0,0,0,0,0,0,1
2025-12-28 03:51:06,0,0,30,0,16,0,0,0,0,0,0,0,0,0,0,0,0,0,0,1,152,100,0,0,0,0,0,0,0,0,0,0,1
2025-12-28 03:52:06,0,0,30,0,16,0,0,0,0,0,0,0,0,0,0,0,0,0,0,1,152,100,0,0,0,0,0,0,0,0,0,0,1
2025-12-28 03:53:06,0,0,30,0,16,0,0,0,0,0,0,0,0,0,0,0,0,0,0,1,154,100,0,0,0,0,0,0,0,0,0,0,1
2025-12-28 03:54:06,0,0,29.94,0,16,0,0,0,0,0,0,0,0,0,0,0,0,0,0,1,152,99,0,0,0,0,0,0,0,0,0,0,1
2025-12-28 03:55:06,0,0,30,0,16,0,0,0,0,0,0,0,0,0,0,0,0,0,0,1,153,100,0,0,0,0,0,0,0,0,0,0,1
2025-12-28 03:56:06,0,0,30,0,16,0,0,0,0,0,0,0,0,0,0,0,0,0,0,1,152,100,0,0,0,0,0,0,0,0,0,0,1
2025-12-28 03:57:06,0,0,30,0,16,0,0,0,0,0,0,0,0,0,0,0,0,0,0,1,152,100,0,0,0,0,0,0,0,0,0,0,1
2025-12-28 03:58:06,0,0,30,0,16,0,0,0,0,0,0,0,0,0,0,0,0,0,0,1,151,100,0,0,0,0,0,0,0,0,0,0,1
2025-12-28 03:59:06,0,0,30,0,16,0,0,0,0,0,0,0,0,0,0,0,0,0,0,1,152,100,0,0,0,0,0,0,0,0,0,0,1
2025-12-28 04:00:06,0,0,30,0,16,0,0,0,0,0,0,0,0,0,0,0,0,0,0,1,152,100,0,0,0,0,0,0,0,0,0,0,1
2025-12-28 04:01:06,0,0,30,0,16,0,0,0,0,0,0,0,0,0,0,0,0,0,0,1,151,100,0,0,0,0,0,0,0,0,0,0,1
2025-12-28 04:02:06,0,0,30,0,16,0,0,0,0,0,0,0,0,0,0,0,0,0,0,1,151,100,0,0,0,0,0,0,0,0,0,0,1
2025-12-28 04:03:06,0,0,30,0,16,0,0,0,0,0,0,0,0,0,0,0,0,0,0,1,152,99,0,0,0,0,0,0,0,0,0,0,1
2025-12-28 04:04:06,0,0,29.94,0,16,1097,18.2833,31,0.516667,81,1.35,0,0,0,0,0,0,0,0,2,168,100,0,0,0,0,0,0,0,0,0,0,1
2025-12-28 04:05:06,0,0,29.94,0,16,1802,30.0333,50,0.833333,94,1.56667,0,0,0,0,0,0,0,0,2,143,99,0,0,0,0,0,0,0,0,0,0,1
2025-12-28 04:06:06,0,0,29.81,0,1,102,1.7,3,0.05,3,0.05,0,0,0,0,0,0,0,0,1,141,99,0,0,0,0,0,0,0,0,0,0,1
2025-12-28 04:07:06,0,0,29.81,0,1,0,0,0,0,0,0,0,0,0,0,0,0,0,0,1,140,99,0,0,0,0,0,0,0,0,0,0,1
2025-12-28 04:08:06,0,0,29.75,0,1,0,0,0,0,0,0,0,0,0,0,0,0,0,0,1,140,99,0,0,0,0,0,0,0,0,0,0,1
2025-12-28 04:09:06,0,0,29.69,0,1,0,0,0,0,0,0,0,0,0,0,0,0,0,0,1,139,100,0,0,0,0,0,0,0,0,0,0,1
2025-12-28 04:10:06,0,0,29.69,0,1,0,0,0,0,0,0,0,0,0,0,0,0,0,0,1,139,99,0,0,0,0,0,0,0,0,0,0,1
2025-12-28 04:11:06,0,0,29.69,0,1,0,0,0,0,0,0,0,0,0,0,0,0,0,0,1,139,100,0,0,0,0,0,0,0,0,0,0,1
2025-12-28 04:12:06,0,0,29.62,0,16,672,11.2,12,0.2,40,0.666667,0,0,0,0,0,0,0,0,1,143,99,0,0,0,0,0,0,0,0,0,0,1
2025-12-28 04:13:06,0,0,29.62,0,16,0,0,0,0,0,0,0,0,0,0,0,0,0,0,1,141,99,0,0,0,0,0,0,0,0,0,0,1
2025-12-28 04:14:06,0,0,29.69,0,16,0,0,0,0,0,0,0,0,0,0,0,0,0,0,1,141,98,0,0,0,0,0,0,0,0,0,0,1
2025-12-28 04:15:06,0,0,29.81,0,16,0,0,0,0,0,0,0,0,0,0,0,0,0,0,1,141,99,0,0,0,0,0,0,0,0,0,0,1
2025-12-28 04:16:06,0,0,30,0,16,0,0,0,0,0,0,0,0,0,0,0,0,0,0,1,141,98,0,0,0,0,0,0,0,0,0,0,1
2025-12-28 04:17:06,0,0,30.12,0,16,0,0,0,0,0,0,0,0,0,0,0,0,0,0,1,141,99,0,0,0,0,0,0,0,0,0,0,1
2025-12-28 04:18:06,0,0,30.19,0,16,0,0,0,0,0,0,0,0,0,0,0,0,0,0,1,140,99,0,0,0,0,0,0,0,0,0,0,1
2025-12-28 04:19:06,0,0,30.25,0,16,0,0,0,0,0,0,0,0,0,0,0,0,0,0,1,141,98,0,0,0,0,0,0,0,0,0,0,1
2025-12-28 04:20:06,0,0,30.25,0,16,196,3.26667,0,0,19,0.316667,0,0,0,0,0,0,0,0,1,144,99,0,0,0,0,0,0,0,0,0,0,1
2025-12-28 04:21:06,0,0,30.25,0,16,0,0,0,0,0,0,0,0,0,0,0,0,0,0,1,142,98,0,0,0,0,0,0,0,0,0,0,1
2025-12-28 04:22:06,0,0,30.31,0,16,23,0.383333,0,0,0,0,0,0,0,0,0,0,0,0,1,142,98,0,0,0,0,0,0,0,0,0,0,1
2025-12-28 04:23:06,0,0,30.31,0,16,85,1.41667,0,0,4,0.0666667,0,0,0,0,0,0,0,0,1,143,99,0,0,0,0,0,0,0,0,0,0,1
2025-12-28 04:24:06,0,0,30.31,0,16,9,0.15,0,0,0,0,0,0,0,0,0,0,0,0,1,143,98,0,0,0,0,0,0,0,0,0,0,1
2025-12-28 04:25:06,0,0,30.25,0,16,0,0,0,0,0,0,0,0,0,0,0,0,0,0,1,142,99,0,0,0,0,0,0,0,0,0,0,1
2025-12-28 04:26:06,0,0,30.31,0,16,0,0,0,0,0,0,0,0,0,0,0,0,0,0,1,142,99,0,0,0,0,0,0,0,0,0,0,1
2025-12-28 04:27:06,0,0,30.31,0,16,0,0,0,0,0,0,0,0,0,0,0,0,0,0,1,142,98,0,0,0,0,0,0,0,0,0,0,1
2025-12-28 04:28:06,0,0,30.31,0,16,0,0,0,0,0,0,0,0,0,0,0,0,0,0,1,142,98,0,0,0,0,0,0,0,0,0,0,1
2025-12-28 04:29:06,0,0,30.31,0,16,0,0,0,0,0,0,0,0,0,0,0,0,0,0,1,142,98,0,0,0,0,0,0,0,0,0,0,1
2025-12-28 04:30:06,0,0,30.25,0,16,0,0,0,0,0,0,0,0,0,0,0,0,0,0,1,142,98,0,0,0,0,0,0,0,0,0,0,1
2025-12-28 04:31:06,0,0,30.19,0,16,0,0,0,0,0,0,0,0,0,0,0,0,0,0,1,143,98,0,0,0,0,0,0,0,0,0,0,1
2025-12-28 04:32:06,0,0,30.12,0,16,0,0,0,0,0,0,0,0,0,0,0,0,0,0,1,142,98,0,0,0,0,0,0,0,0,0,0,1
2025-12-28 04:33:06,0,0,30.12,0,16,0,0,0,0,0,0,0,0,0,0,0,0,0,0,1,142,98,0,0,0,0,0,0,0,0,0,0,1
2025-12-28 04:34:06,0,0,30.06,0,16,0,0,0,0,0,0,0,0,0,0,0,0,0,0,1,142,98,0,0,0,0,0,0,0,0,0,0,1
2025-12-28 04:35:06,0,0,30,0,16,0,0,0,0,0,0,0,0,0,0,0,0,0,0,1,142,98,0,0,0,0,0,0,0,0,0,0,1
2025-12-28 04:36:06,0,0,29.94,0,16,0,0,0,0,0,0,0,0,0,0,0,0,0,0,1,142,98,0,0,0,0,0,0,0,0,0,0,1
2025-12-28 04:37:06,0,0,29.81,0,16,0,0,0,0,0,0,0,0,0,0,0,0,0,0,1,145,98,0,0,0,0,0,0,0,0,0,0,1
2025-12-28 04:38:06,0,0,29.75,0,16,0,0,0,0,0,0,0,0,0,0,0,0,0,0,1,143,98,0,0,0,0,0,0,0,0,0,0,1
2025-12-28 04:39:06,0,0,29.69,0,16,0,0,0,0,0,0,0,0,0,0,0,0,0,0,1,142,98,0,0,0,0,0,0,0,0,0,0,1
2025-12-28 04:40:06,0,0,29.69,0,16,0,0,0,0,0,0,0,0,0,0,0,0,0,0,1,142,98,0,0,0,0,0,0,0,0,0,0,1
2025-12-28 04:41:06,0,0,29.56,0,16,0,0,0,0,0,0,0,0,0,0,0,0,0,0,1,144,99,0,0,0,0,0,0,0,0,0,0,1
2025-12-28 04:42:06,0,0,29.5,0,16,0,0,0,0,0,0,0,0,0,0,0,0,0,0,1,145,98,0,0,0,0,0,0,0,0,0,0,1
2025-12-28 04:43:06,0,0,29.44,0,16,0,0,0,0,0,0,0,0,0,0,0,0,0,0,1,143,98,0,0,0,0,0,0,0,0,0,0,1
2025-12-28 04:44:06,0,0,29.38,0,16,0,0,0,0,0,0,0,0,0,0,0,0,0,0,1,143,99,0,0,0,0,0,0,0,0,0,0,1
2025-12-28 04:45:06,0,0,29.31,0,16,0,0,0,0,0,0,0,0,0,0,0,0,0,0,1,143,99,0,0,0,0,0,0,0,0,0,0,1
2025-12-28 04:46:06,0,0,29.25,0,16,0,0,0,0,0,0,0,0,0,0,0,0,0,0,1,142,98,0,0,0,0,0,0,0,0,0,0,1
2025-12-28 04:47:06,0,0,29.19,0,16,219,3.65,2,0.0333333,12,0.2,0,0,0,0,0,0,0,0,1,143,102,0,0,0,0,0,0,0,0,0,0,1
2025-12-28 04:48:06,0,0,29.06,0,16,240,4,8,0.133333,8,0.133333,0,0,0,0,0,0,0,0,1,144,99,0,0,0,0,0,0,0,0,0,0,1
2025-12-28 04:49:06,0,0,29,0,16,7,0.116667,0,0,0,0,0,0,0,0,0,0,0,0,1,143,98,0,0,0,0,0,0,0,0,0,0,1
2025-12-28 04:50:06,0,0,29,0,1,1886,31.4333,58,0.966667,94,1.56667,0,0,0,0,0,0,0,0,2,149,99,0,0,0,0,0,0,0,0,0,0,1
2025-12-28 04:51:06,0,0,29.25,0,1,37,0.616667,0,0,1,0.0166667,0,0,0,0,0,0,0,0,1,144,98,0,0,0,0,0,0,0,0,0,0,1
2025-12-28 04:52:06,0,0,29.56,0,1,814,13.5667,20,0.333333,63,1.05,0,0,0,0,0,0,0,0,2,142,98,0,0,0,0,0,0,0,0,0,0,1
2025-12-28 04:53:06,0,0,29.94,0,1,0,0,0,0,0,0,0,0,0,0,0,0,0,0,1,141,98,0,0,0,0,0,0,0,0,0,0,1
2025-12-28 04:54:06,0,0,30.25,0,1,0,0,0,0,0,0,0,0,0,0,0,0,0,0,2,141,98,0,0,0,0,0,0,0,0,0,0,1
2025-12-28 04:55:06,0,0,30.5,0,16,647,10.7833,22,0.366667,37,0.616667,0,0,0,0,0,0,0,0,1,143,101,0,0,0,0,0,0,0,0,0,0,1
2025-12-28 04:56:06,0,0,30.81,0,16,0,0,0,0,0,0,0,0,0,0,0,0,0,0,1,141,100,0,0,0,0,0,0,0,0,0,0,1
2025-12-28 04:57:06,0,0,31.06,0,16,0,0,0,0,0,0,0,0,0,0,0,0,0,0,1,141,99,0,0,0,0,0,0,0,0,0,0,1
2025-12-28 04:58:06,0,0,31.31,0,16,0,0,0,0,0,0,0,0,0,0,0,0,0,0,1,141,100,0,0,0,0,0,0,0,0,0,0,1
2025-12-28 04:59:06,0,0,31.56,0,16,0,0,0,0,0,0,0,0,0,0,0,0,0,0,1,142,100,0,0,0,0,0,0,0,0,0,0,1
2025-12-28 05:00:06,0,0,31.69,0,16,0,0,0,0,0,0,0,0,0,0,0,0,0,0,1,141,100,0,0,0,0,0,0,0,0,0,0,1
2025-12-28 05:01:06,0,0,31.94,0,16,0,0,0,0,0,0,0,0,0,0,0,0,0,0,1,141,100,0,0,0,0,0,0,0,0,0,0,1
2025-12-28 05:02:06,0,0,32.06,0,16,0,0,0,0,0,0,0,0,0,0,0,0,0,0,1,141,100,0,0,0,0,0,0,0,0,0,0,1
2025-12-28 05:03:06,0,0,32.25,0,16,0,0,0,0,0,0,0,0,0,0,0,0,0,0,1,141,100,0,0,0,0,0,0,0,0,0,0,1
2025-12-28 05:04:06,0,0,32.38,0,16,0,0,0,0,0,0,0,0,0,0,0,0,0,0,1,141,100,0,0,0,0,0,0,0,0,0,0,1
2025-12-28 05:05:06,0,0,32.5,0,16,0,0,0,0,0,0,0,0,0,0,0,0,0,0,1,141,100,0,0,0,0,0,0,0,0,0,0,1
2025-12-28 05:06:06,0,0,32.62,0,16,0,0,0,0,0,0,0,0,0,0,0,0,0,0,1,141,100,0,0,0,0,0,0,0,0,0,0,1
2025-12-28 05:07:06,0,0,32.75,0,16,0,0,0,0,0,0,0,0,0,0,0,0,0,0,1,141,100,0,0,0,0,0,0,0,0,0,0,1
2025-12-28 05:08:06,0,0,32.88,0,16,986,16.4333,20,0.333333,67,1.11667,0,0,0,0,0,0,0,0,1,146,100,0,0,0,0,0,0,0,0,0,0,1
2025-12-28 05:09:06,0,0,32.94,0,16,0,0,0,0,0,0,0,0,0,0,0,0,0,0,1,144,99,0,0,0,0,0,0,0,0,0,0,1
2025-12-28 05:10:06,0,0,33,0,16,0,0,0,0,0,0,0,0,0,0,0,0,0,0,1,143,99,0,0,0,0,0,0,0,0,0,0,1
2025-12-28 05:11:06,0,0,33,0,16,0,0,0,0,0,0,0,0,0,0,0,0,0,0,1,143,99,0,0,0,0,0,0,0,0,0,0,1
2025-12-28 05:12:06,0,0,33.06,0,16,0,0,0,0,0,0,0,0,0,0,0,0,0,0,1,144,100,0,0,0,0,0,0,0,0,0,0,1
2025-12-28 05:13:06,0,0,33.12,0,16,0,0,0,0,0,0,0,0,0,0,0,0,0,0,1,144,99,0,0,0,0,0,0,0,0,0,0,1
2025-12-28 05:14:06,0,0,33.19,0,16,0,0,0,0,0,0,0,0,0,0,0,0,0,0,1,143,99,0,0,0,0,0,0,0,0,0,0,1
2025-12-28 05:15:06,0,0,33.19,0,16,0,0,0,0,0,0,0,0,0,0,0,0,0,0,1,144,100,0,0,0,0,0,0,0,0,0,0,1
2025-12-28 05:16:06,0,0,33.25,0,16,0,0,0,0,0,0,0,0,0,0,0,0,0,0,1,144,99,0,0,0,0,0,0,0,0,0,0,1
2025-12-28 05:17:06,0,0,33.25,0,16,0,0,0,0,0,0,0,0,0,0,0,0,0,0,1,144,99,0,0,0,0,0,0,0,0,0,0,1
2025-12-28 05:18:06,0,0,33.31,0,16,0,0,0,0,0,0,0,0,0,0,0,0,0,0,1,144,99,0,0,0,0,0,0,0,0,0,0,1
2025-12-28 05:19:06,0,0,33.31,0,16,0,0,0,0,0,0,0,0,0,0,0,0,0,0,1,143,99,0,0,0,0,0,0,0,0,0,0,1
2025-12-28 05:20:06,0,0,33.38,0,16,0,0,0,0,0,0,0,0,0,0,0,0,0,0,1,144,99,0,0,0,0,0,0,0,0,0,0,1
2025-12-28 05:21:06,0,0,33.38,0,16,0,0,0,0,0,0,0,0,0,0,0,0,0,0,1,144,99,0,0,0,0,0,0,0,0,0,0,1
2025-12-28 05:22:06,0,0,33.44,0,16,0,0,0,0,0,0,0,0,0,0,0,0,0,0,1,144,99,0,0,0,0,0,0,0,0,0,0,1
2025-12-28 05:23:06,0,0,33.44,0,16,760,12.6667,18,0.3,50,0.833333,0,0,0,0,0,0,0,0,1,149,101,0,0,0,0,0,0,0,0,0,0,1
2025-12-28 05:24:06,0,0,33.44,0,16,0,0,0,0,0,0,0,0,0,0,0,0,0,0,1,147,100,0,0,0,0,0,0,0,0,0,0,1
2025-12-28 05:25:06,0,0,33.44,0,16,0,0,0,0,0,0,0,0,0,0,0,0,0,0,1,147,100,0,0,0,0,0,0,0,0,0,0,1
2025-12-28 05:26:06,0,0,33.44,0,16,0,0,0,0,0,0,0,0,0,0,0,0,0,0,1,147,100,0,0,0,0,0,0,0,0,0,0,1
2025-12-28 05:27:06,0,0,33.5,0,16,0,0,0,0,0,0,0,0,0,0,0,0,0,0,1,147,100,0,0,0,0,0,0,0,0,0,0,1
2025-12-28 05:28:06,0,0,33.5,0,16,401,6.68333,5,0.0833333,44,0.733333,0,0,0,0,0,0,0,0,1,145,100,0,0,0,0,0,0,0,0,0,0,1
2025-12-28 05:29:06,0,0,33.38,0,16,0,0,0,0,0,0,0,0,0,0,0,0,0,0,1,140,99,0,0,0,0,0,0,0,0,0,0,1
2025-12-28 05:30:06,0,0,33.19,0,16,0,0,0,0,0,0,0,0,0,0,0,0,0,0,1,140,99,0,0,0,0,0,0,0,0,0,0,1
2025-12-28 05:31:06,0,0,33.06,0,16,0,0,0,0,0,0,0,0,0,0,0,0,0,0,1,140,99,0,0,0,0,0,0,0,0,0,0,1
2025-12-28 05:32:06,0,0,32.88,0,16,0,0,0,0,0,0,0,0,0,0,0,0,0,0,1,139,99,0,0,0,0,0,0,0,0,0,0,1
2025-12-28 05:33:06,0,0,32.75,0,16,0,0,0,0,0,0,0,0,0,0,0,0,0,0,1,140,99,0,0,0,0,0,0,0,0,0,0,1
2025-12-28 05:34:06,0,0,32.62,0,16,0,0,0,0,0,0,0,0,0,0,0,0,0,0,1,140,99,0,0,0,0,0,0,0,0,0,0,1
2025-12-28 05:35:06,0,0,32.5,0,16,0,0,0,0,0,0,0,0,0,0,0,0,0,0,1,140,99,0,0,0,0,0,0,0,0,0,0,1
2025-12-28 05:36:06,0,0,32.44,0,16,0,0,0,0,0,0,0,0,0,0,0,0,0,0,1,139,98,0,0,0,0,0,0,0,0,0,0,1
2025-12-28 05:37:06,0,0,32.38,0,16,0,0,0,0,0,0,0,0,0,0,0,0,0,0,1,139,99,0,0,0,0,0,0,0,0,0,0,1
2025-12-28 05:38:06,0,0,32.38,0,16,0,0,0,0,0,0,0,0,0,0,0,0,0,0,1,139,98,0,0,0,0,0,0,0,0,0,0,1
2025-12-28 05:39:06,0,0,32.31,0,16,0,0,0,0,0,0,0,0,0,0,0,0,0,0,1,139,99,0,0,0,0,0,0,0,0,0,0,1
2025-12-28 05:40:06,0,0,32.31,0,16,0,0,0,0,0,0,0,0,0,0,0,0,0,0,1,139,99,0,0,0,0,0,0,0,0,0,0,1
2025-12-28 05:41:06,0,0,32.25,0,16,0,0,0,0,0,0,0,0,0,0,0,0,0,0,1,139,98,0,0,0,0,0,0,0,0,0,0,1
2025-12-28 05:42:06,0,0,32.25,0,16,0,0,0,0,0,0,0,0,0,0,0,0,0,0,1,139,99,0,0,0,0,0,0,0,0,0,0,1
2025-12-28 05:43:06,0,0,32.25,0,16,0,0,0,0,0,0,0,0,0,0,0,0,0,0,1,139,99,0,0,0,0,0,0,0,0,0,0,1
2025-12-28 05:44:06,0,0,32.25,0,16,0,0,0,0,0,0,0,0,0,0,0,0,0,0,1,139,99,0,0,0,0,0,0,0,0,0,0,1
2025-12-28 05:45:06,0,0,32.25,0,16,0,0,0,0,0,0,0,0,0,0,0,0,0,0,1,139,99,0,0,0,0,0,0,0,0,0,0,1
2025-12-28 05:46:06,0,0,32.19,0,16,589,9.81667,16,0.266667,55,0.916667,0,0,0,0,0,0,0,0,1,153,104,0,0,0,0,0,0,0,0,0,0,1
2025-12-28 05:47:06,0,0,32,0,16,0,0,0,0,0,0,0,0,0,0,0,0,0,0,1,150,103,0,0,0,0,0,0,0,0,0,0,1
2025-12-28 05:48:06,0,0,31.75,0,16,1244,20.7333,28,0.466667,80,1.33333,0,0,0,0,0,0,0,0,1,152,101,0,0,0,0,0,0,0,0,0,0,1
2025-12-28 05:49:06,0,0,31.5,0,16,0,0,0,0,0,0,0,0,0,0,0,0,0,0,1,149,101,0,0,0,0,0,0,0,0,0,0,1
2025-12-28 05:50:06,0,0,31.38,0,16,0,0,0,0,0,0,0,0,0,0,0,0,0,0,1,149,101,0,0,0,0,0,0,0,0,0,0,1
2025-12-28 05:51:06,0,0,31.19,0,16,0,0,0,0,0,0,0,0,0,0,0,0,0,0,1,152,100,0,0,0,0,0,0,0,0,0,0,1
2025-12-28 05:52:06,0,0,31.06,0,16,1550,25.8333,54,0.9,81,1.35,0,0,0,0,0,0,0,0,2,153,103,0,0,0,0,0,0,0,0,0,0,1
2025-12-28 05:53:06,0,0,31.06,0,1,0,0,0,0,0,0,0,0,0,0,0,0,0,0,1,150,101,0,0,0,0,0,0,0,0,0,0,1
2025-12-28 05:54:06,0,0,31.25,0,1,0,0,0,0,0,0,0,0,0,0,0,0,0,0,1,153,101,0,0,0,0,0,0,0,0,0,0,1
2025-12-28 05:55:06,0,0,31.44,0,1,0,0,0,0,0,0,0,0,0,0,0,0,0,0,1,152,101,0,0,0,0,0,0,0,0,0,0,1
2025-12-28 05:56:06,0,0,31.62,0,1,0,0,0,0,0,0,0,0,0,0,0,0,0,0,2,151,101,0,0,0,0,0,0,0,0,0,0,1
2025-12-28 05:57:06,0,0,31.88,0,16,862,14.3667,16,0.266667,64,1.06667,0,0,0,0,0,0,0,0,2,155,99,0,0,0,0,0,0,0,0,0,0,1
2025-12-28 05:58:06,0,0,32,0,16,5293,88.2167,175,2.91667,283,4.71667,0,0,0,0,0,0,0,0,2,143,100,0,0,0,0,0,0,0,0,0,0,1
2025-12-28 05:59:06,0,0,32,0,1,1548,25.8,24,0.4,102,1.7,0,0,0,0,0,0,0,0,2,137,103,0,0,0,0,0,0,0,0,0,0,1
2025-12-28 06:00:06,0,0,31.81,0,16,3745,62.4167,106,1.76667,201,3.35,0,0,0,0,0,0,0,0,2,136,99,0,0,0,0,0,0,0,0,0,0,1
2025-12-28 06:01:06,0,0,31.69,0,16,0,0,0,0,0,0,0,0,0,0,0,0,0,0,2,136,99,0,0,0,0,0,0,0,0,0,0,1
2025-12-28 06:02:06,0,0,31.62,0,16,0,0,0,0,0,0,0,0,0,0,0,0,0,0,2,136,99,0,0,0,0,0,0,0,0,0,0,1
2025-12-28 06:03:06,0,0,31.56,0,16,26,0.433333,0,0,1,0.0166667,0,0,0,0,0,0,0,0,2,136,99,0,0,0,0,0,0,0,0,0,0,1
2025-12-28 06:04:06,0,0,31.56,0,16,0,0,0,0,0,0,0,0,0,0,0,0,0,0,2,136,99,0,0,0,0,0,0,0,0,0,0,1
2025-12-28 06:05:06,0,0,31.62,0,16,0,0,0,0,0,0,0,0,0,0,0,0,0,0,1,136,99,0,0,0,0,0,0,0,0,0,0,1
2025-12-28 06:06:06,0,0,31.69,0,16,0,0,0,0,0,0,0,0,0,0,0,0,0,0,1,136,99,0,0,0,0,0,0,0,0,0,0,1
2025-12-28 06:07:06,0,0,31.75,0,16,0,0,0,0,0,0,0,0,0,0,0,0,0,0,1,136,99,0,0,0,0,0,0,0,0,0,0,1
2025-12-28 06:08:06,0,0,31.81,0,16,0,0,0,0,0,0,0,0,0,0,0,0,0,0,1,136,99,0,0,0,0,0,0,0,0,0,0,1
2025-12-28 06:09:06,0,0,31.88,0,16,0,0,0,0,0,0,0,0,0,0,0,0,0,0,1,136,98,0,0,0,0,0,0,0,0,0,0,1
2025-12-28 06:10:06,0,0,31.88,0,4,1113,18.55,29,0.483333,80,1.33333,0,0,0,0,0,0,0,0,1,141,99,0,0,0,0,0,0,0,0,0,0,1
2025-12-28 06:11:06,0,0,31.75,0,16,32,0.533333,0,0,3,0.05,0,0,0,0,0,0,0,0,1,140,99,0,0,0,0,0,0,0,0,0,0,1
2025-12-28 06:12:06,0,0,31.62,0,16,77,1.28333,0,0,5,0.0833333,0,0,0,0,0,0,0,0,1,140,99,0,0,0,0,0,0,0,0,0,0,1
2025-12-28 06:13:06,0,0,31.62,0,16,0,0,0,0,0,0,0,0,0,0,0,0,0,0,1,139,99,0,0,0,0,0,0,0,0,0,0,1
2025-12-28 06:14:06,0,0,31.69,0,16,0,0,0,0,0,0,0,0,0,0,0,0,0,0,1,139,99,0,0,0,0,0,0,0,0,0,0,1
2025-12-28 06:15:06,0,0,31.69,0,16,3,0.05,0,0,0,0,0,0,0,0,0,0,0,0,1,139,99,0,0,0,0,0,0,0,0,0,0,1
2025-12-28 06:16:06,0,0,31.75,0,16,0,0,0,0,0,0,0,0,0,0,0,0,0,0,1,139,99,0,0,0,0,0,0,0,0,0,0,1
2025-12-28 06:17:06,0,0,31.75,0,16,0,0,0,0,0,0,0,0,0,0,0,0,0,0,1,139,99,0,0,0,0,0,0,0,0,0,0,1
2025-12-28 06:18:06,0,0,31.75,0,16,0,0,0,0,0,0,0,0,0,0,0,0,0,0,1,139,99,0,0,0,0,0,0,0,0,0,0,1
2025-12-28 06:19:06,0,0,31.81,0,16,58,0.966667,0,0,4,0.0666667,0,0,0,0,0,0,0,0,1,139,99,0,0,0,0,0,0,0,0,0,0,1
2025-12-28 06:20:06,0,0,31.81,0,16,0,0,0,0,0,0,0,0,0,0,0,0,0,0,1,140,99,0,0,0,0,0,0,0,0,0,0,1
2025-12-28 06:21:06,0,0,31.81,0,16,0,0,0,0,0,0,0,0,0,0,0,0,0,0,1,139,99,0,0,0,0,0,0,0,0,0,0,1
2025-12-28 06:22:06,0,0,31.88,0,16,0,0,0,0,0,0,0,0,0,0,0,0,0,0,1,139,99,0,0,0,0,0,0,0,0,0,0,1
2025-12-28 06:23:06,0,0,31.88,0,16,0,0,0,0,0,0,0,0,0,0,0,0,0,0,1,140,99,0,0,0,0,0,0,0,0,0,0,1
2025-12-28 06:24:06,0,0,31.88,0,16,0,0,0,0,0,0,0,0,0,0,0,0,0,0,1,139,99,0,0,0,0,0,0,0,0,0,0,1
2025-12-28 06:25:06,0,0,31.81,0,4,463,7.71667,10,0.166667,33,0.55,0,0,0,0,0,0,0,0,1,145,99,0,0,0,0,0,0,0,0,0,0,1
2025-12-28 06:26:06,0,0,31.75,0,4,3,0.05,0,0,0,0,0,0,0,0,0,0,0,0,1,142,99,0,0,0,0,0,0,0,0,0,0,1
2025-12-28 06:27:06,0,0,31.81,0,16,758,12.6333,22,0.366667,55,0.916667,0,0,0,0,0,0,0,0,1,148,99,0,0,0,0,0,0,0,0,0,0,1
2025-12-28 06:28:06,0,0,31.81,0,16,0,0,0,0,0,0,0,0,0,0,0,0,0,0,1,147,99,0,0,0,0,0,0,0,0,0,0,1
2025-12-28 06:29:06,0,0,31.81,0,16,0,0,0,0,0,0,0,0,0,0,0,0,0,0,1,148,99,0,0,0,0,0,0,0,0,0,0,1
2025-12-28 06:30:06,0,0,31.75,0,16,0,0,0,0,0,0,0,0,0,0,0,0,0,0,1,149,99,0,0,0,0,0,0,0,0,0,0,1
2025-12-28 06:31:06,0,0,31.75,0,16,0,0,0,0,0,0,0,0,0,0,0,0,0,0,1,147,99,0,0,0,0,0,0,0,0,0,0,1
2025-12-28 06:32:06,0,0,31.81,0,16,0,0,0,0,0,0,0,0,0,0,0,0,0,0,1,147,99,0,0,0,0,0,0,0,0,0,0,1
2025-12-28 06:33:06,0,0,31.81,0,16,404,6.73333,6,0.1,37,0.616667,0,0,0,0,0,0,0,0,1,145,99,0,0,0,0,0,0,0,0,0,0,1
2025-12-28 06:34:06,0,0,31.75,0,16,0,0,0,0,0,0,0,0,0,0,0,0,0,0,1,155,99,0,0,0,0,0,0,0,0,0,0,1
2025-12-28 06:35:06,0,0,31.69,0,16,0,0,0,0,0,0,0,0,0,0,0,0,0,0,1,155,99,0,0,0,0,0,0,0,0,0,0,1
2025-12-28 06:36:06,0,0,31.56,0,16,0,0,0,0,0,0,0,0,0,0,0,0,0,0,1,153,99,0,0,0,0,0,0,0,0,0,0,1
2025-12-28 06:37:06,0,0,31.5,0,16,0,0,0,0,0,0,0,0,0,0,0,0,0,0,1,155,99,0,0,0,0,0,0,0,0,0,0,1
2025-12-28 06:38:06,0,0,31.38,0,16,0,0,0,0,0,0,0,0,0,0,0,0,0,0,1,154,99,0,0,0,0,0,0,0,0,0,0,1
2025-12-28 06:39:06,0,0,31.31,0,16,0,0,0,0,0,0,0,0,0,0,0,0,0,0,1,154,99,0,0,0,0,0,0,0,0,0,0,1
2025-12-28 06:40:06,0,0,31.25,0,16,0,0,0,0,0,0,0,0,0,0,0,0,0,0,1,156,99,0,0,0,0,0,0,0,0,0,0,1
2025-12-28 06:41:06,0,0,31.12,0,16,0,0,0,0,0,0,0,0,0,0,0,0,0,0,1,156,99,0,0,0,0,0,0,0,0,0,0,1
2025-12-28 06:42:06,0,0,31.06,0,16,0,0,0,0,0,0,0,0,0,0,0,0,0,0,1,156,99,0,0,0,0,0,0,0,0,0,0,1
2025-12-28 06:43:06,0,0,31,0,16,0,0,0,0,0,0,0,0,0,0,0,0,0,0,1,156,99,0,0,0,0,0,0,0,0,0,0,1
2025-12-28 06:44:06,0,0,30.94,0,16,0,0,0,0,0,0,0,0,0,0,0,0,0,0,1,154,99,0,0,0,0,0,0,0,0,0,0,1
2025-12-28 06:45:06,0,0,30.88,0,16,0,0,0,0,0,0,0,0,0,0,0,0,0,0,1,155,98,0,0,0,0,0,0,0,0,0,0,1
2025-12-28 06:46:06,0,0,30.81,0,16,723,12.05,10,0.166667,65,1.08333,0,0,0,0,0,0,0,0,1,143,101,0,0,0,0,0,0,0,0,0,0,1
2025-12-28 06:47:06,0,0,30.88,0,4,3,0.05,0,0,1,0.0166667,0,0,0,0,0,0,0,0,1,142,100,0,0,0,0,0,0,0,0,0,0,1
2025-12-28 06:48:06,0,0,31,0,1,0,0,0,0,0,0,0,0,0,0,0,0,0,0,1,142,101,0,0,0,0,0,0,0,0,0,0,1
2025-12-28 06:49:06,0,0,31.19,0,1,0,0,0,0,0,0,0,0,0,0,0,0,0,0,1,141,101,0,0,0,0,0,0,0,0,0,0,1
2025-12-28 06:50:06,0,0,31.38,0,1,0,0,0,0,0,0,0,0,0,0,0,0,0,0,1,142,101,0,0,0,0,0,0,0,0,0,0,1
2025-12-28 06:51:06,0,0,31.56,0,16,405,6.75,6,0.1,35,0.583333,0,0,0,0,0,0,0,0,1,149,101,0,0,0,0,0,0,0,0,0,0,1
2025-12-28 06:52:06,0,0,31.62,0,16,0,0,0,0,0,0,0,0,0,0,0,0,0,0,1,149,101,0,0,0,0,0,0,0,0,0,0,1
2025-12-28 06:53:06,0,0,31.69,0,4,355,5.91667,5,0.0833333,26,0.433333,0,0,0,0,0,0,0,0,1,149,101,0,0,0,0,0,0,0,0,0,0,1
2025-12-28 06:54:06,0,0,31.69,0,1,0,0,0,0,0,0,0,0,0,0,0,0,0,0,1,147,100,0,0,0,0,0,0,0,0,0,0,1
2025-12-28 06:55:06,0,0,31.62,0,4,0,0,0,0,0,0,0,0,0,0,0,0,0,0,1,147,100,0,0,0,0,0,0,0,0,0,0,1
2025-12-28 06:56:06,0,0,31.56,0,4,731,12.1833,12,0.2,51,0.85,0,0,0,0,0,0,0,0,1,162,101,0,0,0,0,0,0,0,0,0,0,1
2025-12-28 06:57:06,0,0,31.31,0,4,0,0,0,0,0,0,0,0,0,0,0,0,0,0,1,160,100,0,0,0,0,0,0,0,0,0,0,1
2025-12-28 06:58:06,0,0,31.12,0,4,0,0,0,0,0,0,0,0,0,0,0,0,0,0,1,159,101,0,0,0,0,0,0,0,0,0,0,1
2025-12-28 06:59:06,0,0,30.88,0,4,0,0,0,0,0,0,0,0,0,0,0,0,0,0,1,162,101,0,0,0,0,0,0,0,0,0,0,1
2025-12-28 07:00:06,0,0,30.62,0,4,0,0,0,0,0,0,0,0,0,0,0,0,0,0,1,159,100,0,0,0,0,0,0,0,0,0,0,1
2025-12-28 07:01:06,0,0,30.44,0,4,0,0,0,0,0,0,0,0,0,0,0,0,0,0,1,160,100,0,0,0,0,0,0,0,0,0,0,1
2025-12-28 07:02:06,0,0,30.25,0,4,14,0.233333,0,0,1,0.0166667,0,0,0,0,0,0,0,0,1,159,100,0,0,0,0,0,0,0,0,0,0,1
2025-12-28 07:03:06,0,0,30.38,0,16,1056,17.6,33,0.55,77,1.28333,0,0,0,0,0,0,0,0,2,145,100,0,0,0,0,0,0,0,0,0,0,1
2025-12-28 07:04:06,0,0,30.56,0,16,0,0,0,0,0,0,0,0,0,0,0,0,0,0,1,143,99,0,0,0,0,0,0,0,0,0,0,1
2025-12-28 07:05:06,0,0,30.81,0,16,1368,22.8,48,0.8,83,1.38333,0,0,0,0,0,0,0,0,2,140,99,0,0,0,0,0,0,0,0,0,0,1
2025-12-28 07:06:06,0,0,31.12,0,16,7,0.116667,0,0,2,0.0333333,0,0,0,0,0,0,0,0,1,140,99,0,0,0,0,0,0,0,0,0,0,1
2025-12-28 07:07:06,0,0,31.31,0,16,0,0,0,0,0,0,0,0,0,0,0,0,0,0,1,139,99,0,0,0,0,0,0,0,0,0,0,1
2025-12-28 07:08:06,0,0,31.5,0,16,0,0,0,0,0,0,0,0,0,0,0,0,0,0,1,139,99,0,0,0,0,0,0,0,0,0,0,1
2025-12-28 07:09:06,0,0,31.69,0,16,0,0,0,0,0,0,0,0,0,0,0,0,0,0,1,139,99,0,0,0,0,0,0,0,0,0,0,1
2025-12-28 07:10:06,0,0,31.81,0,16,0,0,0,0,0,0,0,0,0,0,0,0,0,0,1,139,99,0,0,0,0,0,0,0,0,0,0,1
2025-12-28 07:11:06,0,0,31.94,0,16,0,0,0,0,0,0,0,0,0,0,0,0,0,0,1,139,99,0,0,0,0,0,0,0,0,0,0,1
2025-12-28 07:12:06,0,0,32.06,0,16,0,0,0,0,0,0,0,0,0,0,0,0,0,0,1,139,99,0,0,0,0,0,0,0,0,0,0,1
2025-12-28 07:13:06,0,0,32.19,0,16,0,0,0,0,0,0,0,0,0,0,0,0,0,0,1,139,99,0,0,0,0,0,0,0,0,0,0,1
2025-12-28 07:14:06,0,0,32.31,0,16,0,0,0,0,0,0,0,0,0,0,0,0,0,0,1,139,99,0,0,0,0,0,0,0,0,0,0,1
2025-12-28 07:15:06,0,0,32.38,0,16,0,0,0,0,0,0,0,0,0,0,0,0,0,0,1,139,99,0,0,0,0,0,0,0,0,0,0,1
2025-12-28 07:16:06,0,0,32.5,0,16,0,0,0,0,0,0,0,0,0,0,0,0,0,0,1,139,100,0,0,0,0,0,0,0,0,0,0,1
2025-12-28 07:17:06,0,0,32.62,0,16,0,0,0,0,0,0,0,0,0,0,0,0,0,0,1,140,100,0,0,0,0,0,0,0,0,0,0,1
2025-12-28 07:18:06,0,0,32.69,0,16,0,0,0,0,0,0,0,0,0,0,0,0,0,0,1,139,100,0,0,0,0,0,0,0,0,0,0,1
2025-12-28 07:19:06,0,0,32.75,0,16,0,0,0,0,0,0,0,0,0,0,0,0,0,0,1,139,100,0,0,0,0,0,0,0,0,0,0,1
2025-12-28 07:20:06,0,0,32.81,0,16,7,0.116667,0,0,0,0,0,0,0,0,0,0,0,0,1,139,100,0,0,0,0,0,0,0,0,0,0,1
2025-12-28 07:21:06,0,0,32.94,0,16,0,0,0,0,0,0,0,0,0,0,0,0,0,0,1,139,100,0,0,0,0,0,0,0,0,0,0,1
2025-12-28 07:22:06,0,0,32.94,0,16,0,0,0,0,0,0,0,0,0,0,0,0,0,0,1,139,100,0,0,0,0,0,0,0,0,0,0,1
2025-12-28 07:23:06,0,0,33.06,0,16,12,0.2,0,0,1,0.0166667,0,0,0,0,0,0,0,0,1,139,99,0,0,0,0,0,0,0,0,0,0,1
2025-12-28 07:24:06,0,0,33.12,0,16,0,0,0,0,0,0,0,0,0,0,0,0,0,0,1,139,99,0,0,0,0,0,0,0,0,0,0,1
2025-12-28 07:25:06,0,0,33.19,0,16,0,0,0,0,0,0,0,0,0,0,0,0,0,0,1,139,100,0,0,0,0,0,0,0,0,0,0,1
2025-12-28 07:26:06,0,0,33.19,0,16,0,0,0,0,0,0,0,0,0,0,0,0,0,0,1,139,100,0,0,0,0,0,0,0,0,0,0,1
2025-12-28 07:27:06,0,0,33.25,0,16,0,0,0,0,0,0,0,0,0,0,0,0,0,0,1,139,100,0,0,0,0,0,0,0,0,0,0,1
2025-12-28 07:28:06,0,0,33.31,0,16,0,0,0,0,0,0,0,0,0,0,0,0,0,0,1,139,100,0,0,0,0,0,0,0,0,0,0,1
2025-12-28 07:29:06,0,0,33.31,0,16,0,0,0,0,0,0,0,0,0,0,0,0,0,0,1,139,100,0,0,0,0,0,0,0,0,0,0,1
2025-12-28 07:30:06,0,0,33.38,0,16,0,0,0,0,0,0,0,0,0,0,0,0,0,0,1,139,99,0,0,0,0,0,0,0,0,0,0,1
2025-12-28 07:31:06,0,0,33.44,0,16,0,0,0,0,0,0,0,0,0,0,0,0,0,0,1,139,100,0,0,0,0,0,0,0,0,0,0,1
2025-12-28 07:32:06,0,0,33.5,0,16,0,0,0,0,0,0,0,0,0,0,0,0,0,0,1,139,99,0,0,0,0,0,0,0,0,0,0,1
2025-12-28 07:33:06,0,0,33.5,0,16,905,15.0833,34,0.566667,69,1.15,0,0,0,0,0,0,0,0,2,139,99,0,0,0,0,0,0,0,0,0,0,1
2025-12-28 07:34:06,0,0,33.5,0,16,504,8.4,15,0.25,34,0.566667,0,0,0,0,0,0,0,0,1,150,102,0,0,0,0,0,0,0,0,0,0,1
2025-12-28 07:35:06,0,0,33.38,0,16,0,0,0,0,0,0,0,0,0,0,0,0,0,0,1,149,102,0,0,0,0,0,0,0,0,0,0,1
2025-12-28 07:36:06,0,0,33.19,0,16,0,0,0,0,0,0,0,0,0,0,0,0,0,0,1,150,102,0,0,0,0,0,0,0,0,0,0,1
2025-12-28 07:37:06,0,0,33.06,0,16,0,0,0,0,0,0,0,0,0,0,0,0,0,0,1,150,102,0,0,0,0,0,0,0,0,0,0,1
2025-12-28 07:38:06,0,0,32.94,0,16,1218,20.3,37,0.616667,84,1.4,0,0,0,0,0,0,0,0,2,149,100,0,0,0,0,0,0,0,0,0,0,1
2025-12-28 07:39:06,0,0,32.94,0,16,0,0,0,0,0,0,0,0,0,0,0,0,0,0,1,151,100,0,0,0,0,0,0,0,0,0,0,1
2025-12-28 07:40:06,0,0,33,0,16,698,11.6333,12,0.2,50,0.833333,0,0,0,0,0,0,0,0,1,155,100,0,0,0,0,0,0,0,0,0,0,1
2025-12-28 07:41:06,0,0,33.06,0,16,0,0,0,0,0,0,0,0,0,0,0,0,0,0,1,152,100,0,0,0,0,0,0,0,0,0,0,1
2025-12-28 07:42:06,0,0,33.19,0,16,0,0,0,0,0,0,0,0,0,0,0,0,0,0,1,153,100,0,0,0,0,0,0,0,0,0,0,1
2025-12-28 07:43:06,0,0,33.31,0,16,22,0.366667,0,0,2,0.0333333,0,0,0,0,0,0,0,0,1,150,100,0,0,0,0,0,0,0,0,0,0,1
2025-12-28 07:44:06,0,0,33.44,0,16,0,0,0,0,0,0,0,0,0,0,0,0,0,0,1,152,100,0,0,0,0,0,0,0,0,0,0,1
2025-12-28 07:45:06,0,0,33.56,0,16,0,0,0,0,0,0,0,0,0,0,0,0,0,0,1,151,100,0,0,0,0,0,0,0,0,0,0,1
2025-12-28 07:46:06,0,0,33.69,0,16,0,0,0,0,0,0,0,0,0,0,0,0,0,0,1,150,100,0,0,0,0,0,0,0,0,0,0,1
2025-12-28 07:47:06,0,0,33.81,0,16,0,0,0,0,0,0,0,0,0,0,0,0,0,0,1,151,100,0,0,0,0,0,0,0,0,0,0,1
2025-12-28 07:48:06,0,0,33.88,0,16,14,0.233333,0,0,2,0.0333333,0,0,0,0,0,0,0,0,1,151,99,0,0,0,0,0,0,0,0,0,0,1
2025-12-28 07:49:06,0,0,34,0,16,0,0,0,0,0,0,0,0,0,0,0,0,0,0,1,152,100,0,0,0,0,0,0,0,0,0,0,1
2025-12-28 07:50:06,0,0,34.06,0,16,0,0,0,0,0,0,0,0,0,0,0,0,0,0,1,151,100,0,0,0,0,0,0,0,0,0,0,1
2025-12-28 07:51:06,0,0,34.12,0,16,0,0,0,0,0,0,0,0,0,0,0,0,0,0,1,152,99,0,0,0,0,0,0,0,0,0,0,1
2025-12-28 07:52:06,0,0,34.19,0,16,0,0,0,0,0,0,0,0,0,0,0,0,0,0,1,153,99,0,0,0,0,0,0,0,0,0,0,1
2025-12-28 07:53:06,0,0,34.25,0,16,0,0,0,0,0,0,0,0,0,0,0,0,0,0,1,152,99,0,0,0,0,0,0,0,0,0,0,1
2025-12-28 07:54:06,0,0,34.31,0,16,4,0.0666667,0,0,1,0.0166667,0,0,0,0,0,0,0,0,1,153,99,0,0,0,0,0,0,0,0,0,0,1
2025-12-28 07:55:06,0,0,34.31,0,16,0,0,0,0,0,0,0,0,0,0,0,0,0,0,1,156,100,0,0,0,0,0,0,0,0,0,0,1
2025-12-28 07:56:06,0,0,34.31,0,16,0,0,0,0,0,0,0,0,0,0,0,0,0,0,1,156,99,0,0,0,0,0,0,0,0,0,0,1
2025-12-28 07:57:06,0,0,34.38,0,16,0,0,0,0,0,0,0,0,0,0,0,0,0,0,1,156,100,0,0,0,0,0,0,0,0,0,0,1
2025-12-28 07:58:06,0,0,34.38,0,16,0,0,0,0,0,0,0,0,0,0,0,0,0,0,1,156,100,0,0,0,0,0,0,0,0,0,0,1
2025-12-28 07:59:06,0,0,34.44,0,16,0,0,0,0,0,0,0,0,0,0,0,0,0,0,1,157,100,0,0,0,0,0,0,0,0,0,0,1
2025-12-28 08:00:06,0,0,34.44,0,16,0,0,0,0,0,0,0,0,0,0,0,0,0,0,1,155,100,0,0,0,0,0,0,0,0,0,0,1
2025-12-28 08:01:06,0,0,34.44,0,16,555,9.25,11,0.183333,49,0.816667,0,0,0,0,0,0,0,0,1,140,99,0,0,0,0,0,0,0,0,0,0,1
2025-12-28 08:02:06,0,0,34.5,0,16,7,0.116667,0,0,1,0.0166667,0,0,0,0,0,0,0,0,1,153,99,0,0,0,0,0,0,0,0,0,0,1
2025-12-28 08:03:06,0,0,34.5,0,16,0,0,0,0,0,0,0,0,0,0,0,0,0,0,1,153,100,0,0,0,0,0,0,0,0,0,0,1
2025-12-28 08:04:06,0,0,34.5,0,16,0,0,0,0,0,0,0,0,0,0,0,0,0,0,1,153,99,0,0,0,0,0,0,0,0,0,0,1
2025-12-28 08:05:06,0,0,34.44,0,16,0,0,0,0,0,0,0,0,0,0,0,0,0,0,1,153,99,0,0,0,0,0,0,0,0,0,0,1
2025-12-28 08:06:06,0,0,34.44,0,16,0,0,0,0,0,0,0,0,0,0,0,0,0,0,1,153,99,0,0,0,0,0,0,0,0,0,0,1
2025-12-28 08:07:06,0,0,34.44,0,16,0,0,0,0,0,0,0,0,0,0,0,0,0,0,1,152,99,0,0,0,0,0,0,0,0,0,0,1
2025-12-28 08:08:06,0,0,34.44,0,16,0,0,0,0,0,0,0,0,0,0,0,0,0,0,1,151,99,0,0,0,0,0,0,0,0,0,0,1
2025-12-28 08:09:06,0,0,34.44,0,16,0,0,0,0,0,0,0,0,0,0,0,0,0,0,1,152,99,0,0,0,0,0,0,0,0,0,0,1
2025-12-28 08:10:06,0,0,34.44,0,16,0,0,0,0,0,0,0,0,0,0,0,0,0,0,1,153,99,0,0,0,0,0,0,0,0,0,0,1
2025-12-28 08:11:06,0,0,34.44,0,16,0,0,0,0,0,0,0,0,0,0,0,0,0,0,1,153,99,0,0,0,0,0,0,0,0,0,0,1
2025-12-28 08:12:06,0,0,34.44,0,16,4,0.0666667,0,0,0,0,0,0,0,0,0,0,0,0,1,155,99,0,0,0,0,0,0,0,0,0,0,1
2025-12-28 08:13:06,0,0,34.44,0,16,0,0,0,0,0,0,0,0,0,0,0,0,0,0,1,154,99,0,0,0,0,0,0,0,0,0,0,1
2025-12-28 08:14:06,0,0,34.44,0,16,699,11.65,10,0.166667,37,0.616667,0,0,0,0,0,0,0,0,12,150,99,0,0,0,0,0,0,0,0,0,0,0
2025-12-28 08:15:06,0,0,34.19,0,16,4,0.0666667,0,0,0,0,0,0,0,0,0,0,0,0,12,149,99,0,0,0,0,0,0,0,0,0,0,0
2025-12-28 08:16:06,0,0,33.75,0,16,5521,92.0167,191,3.18333,305,5.08333,0,0,0,0,0,0,0,0,0,142,99,0,0,0,0,0,0,0,0,0,0,0
2025-12-28 08:17:06,0,1,33.44,0,1,5323,88.7167,137,2.28333,317,5.28333,0,0,0,0,0,0,0,0,0,143,101,0,0,0,0,0,0,0,0,0,0,0
2025-12-28 08:18:06,0,0,33.31,0,1,4023,67.05,65,1.08333,285,4.75,0,0,0,0,0,0,0,0,0,142,101,0,0,0,0,0,0,0,0,0,0,0
2025-12-28 08:19:06,0,0,33.19,0,2,1943,32.3833,29,0.483333,144,2.4,0,0,0,0,0,0,0,0,0,147,100,0,0,0,0,0,0,0,0,0,0,0
2025-12-28 08:20:06,0,0,32.88,0,16,5875,97.9167,162,2.7,366,6.1,0,0,0,0,0,0,0,0,0,148,100,0,0,0,0,0,0,0,0,0,0,0
2025-12-28 08:21:06,0,0,32.44,0,4,4748,79.1333,107,1.78333,291,4.85,0,0,0,0,0,0,0,0,0,149,100,0,0,0,0,0,0,0,0,0,0,0
2025-12-28 08:22:06,0,0,32,0,4,890,14.8333,4,0.0666667,84,1.4,0,0,0,0,0,0,0,0,0,155,100,0,0,0,0,0,0,0,0,0,0,0
2025-12-28 08:23:06,0,0,31.69,0,4,377,6.28333,2,0.0333333,23,0.383333,0,0,0,0,0,0,0,0,0,152,100,0,0,0,0,0,0,0,0,0,0,0
2025-12-28 08:24:06,0,0,31.75,0,1,9144,152.4,288,4.8,448,7.46667,0,0,0,0,0,0,0,0,0,147,112,0,0,0,0,0,0,0,0,0,0,0
2025-12-28 08:25:06,0,0,31.5,0,1,6369,106.15,164,2.73333,424,7.06667,8.28,0,0,0,0,0,0,0,0,155,99,1e-04,2e-04,2e-04,6e-04,0.0013,0.0021,0.0024,0.0015,2.72,0,0
2025-12-28 08:26:06,0,0,31.06,0,1,2000,33.3333,38,0.633333,148,2.46667,32.68,0,0,0,0,0,0,0,0,185,120,4e-04,8e-04,0.0011,0.0025,0.005,0.0083,0.0091,0.0055,12.49,0.01,0
2025-12-28 08:27:06,0,0,30.62,0,1,7269,121.15,225,3.75,419,6.98333,60.55,0,0,0,0,0,0,0,0,222,171,7e-04,0.0017,0.0022,0.005,0.0093,0.0151,0.0162,0.0097,25.75,0.03,0
2025-12-28 08:28:06,0,0,30.62,0,1,13627,227.117,525,8.75,528,8.8,0.13,0,0,0,0,0,0,0,0,205,146,0,0,0,0,0,0,0,1e-04,0.05,0,0
2025-12-28 08:29:06,0,0,30.25,0,8,8689,144.817,276,4.6,403,6.71667,0.1,0,0,0,0,0,0,0,0,233,175,1e-04,1e-04,1e-04,2e-04,0,0,0,0,0.91,0,0
2025-12-28 08:30:06,0,0,29.81,0,32,3412,56.8667,72,1.2,186,3.1,0,0,0,0,0,0,0,0,0,222,159,0,0,0,0,0,0,0,1e-04,0,0,0
2025-12-28 08:31:06,0,0,29.62,0,1,615,10.25,3,0.05,50,0.833333,0,0,0,0,0,0,0,0,0,216,159,0,0,0,0,0,0,0,0,0,0,0
2025-12-28 08:32:06,0,0,29.38,0,1,289,4.81667,0,0,21,0.35,0,0,0,0,0,0,0,0,0,210,151,0,0,0,0,0,0,0,0,0,0,0
2025-12-28 08:33:06,0,0,29.25,0,1,9,0.15,0,0,0,0,0,0,0,0,0,0,0,0,0,211,150,0,0,0,0,0,0,0,0,0,0,0
2025-12-28 08:34:06,0,0,29.75,0,16,4888,81.4667,140,2.33333,297,4.95,0,0,0,0,0,0,0,0,0,176,114,0,0,0,0,0,0,0,0,0,0,0
2025-12-28 08:35:06,0,0,30,0,16,2470,41.1667,38,0.633333,156,2.6,0,0,0,0,0,0,0,0,0,193,148,0,0,0,0,0,0,0,0,0,0,0
2025-12-28 08:36:06,0,0,30.12,0,1,2443,40.7167,49,0.816667,175,2.91667,0,0,0,0,0,0,0,0,0,211,147,0,0,0,0,0,0,0,0,0,0,0
2025-12-28 08:37:06,0,0,30.06,0,1,304,5.06667,0,0,21,0.35,0,0,0,0,0,0,0,0,0,174,106,0,0,0,0,0,0,0,0,0,0,0
2025-12-28 08:38:06,0,0,30.25,0,1,0,0,0,0,0,0,0,0,0,0,0,0,0,0,0,168,105,0,0,0,0,0,0,0,0,0,0,0
2025-12-28 08:39:06,0,0,30.75,0,16,4315,71.9167,86,1.43333,288,4.8,0,0,0,0,0,0,0,0,0,163,119,0,0,0,0,0,0,0,0,0,0,0
2025-12-28 08:40:06,0,0,30.88,0,1,6831,113.85,180,3,404,6.73333,0,0,0,0,0,0,0,0,0,203,152,0,0,0,0,0,0,0,0,0,0,0
2025-12-28 08:41:06,0,0,30.75,0,1,3625,60.4167,97,1.61667,213,3.55,0,0,0,0,0,0,0,0,0,209,149,0,0,0,0,0,0,0,0,0,0,0
2025-12-28 08:42:06,0,0,30.56,0,1,0,0,0,0,0,0,0,0,0,0,0,0,0,0,0,205,144,0,0,0,0,0,0,0,0,0,0,0
2025-12-28 08:43:06,0,0,30.38,0,1,2664,44.4,75,1.25,177,2.95,0,0,0,0,0,0,0,0,0,186,129,0,0,0,0,0,0,0,0,0,0,0
2025-12-28 08:44:06,0,0,30.44,0,8,5381,89.6833,150,2.5,274,4.56667,0,0,0,0,0,0,0,0,0,204,146,0,0,0,0,0,0,0,0,0,0,0
2025-12-28 08:45:06,0,0,30.5,0,1,6832,113.867,166,2.76667,412,6.86667,24.86,0,0,0,0,0,0,0,0,192,146,0.0011,0.0023,0.0032,0.004,0.0039,0.0039,0.0046,0.006,29.56,0.02,0
2025-12-28 08:46:06,0,0,30.31,0,1,5253,87.55,112,1.86667,339,5.65,13.76,0,0,0,0,0.02,0,0,0,199,148,7e-04,0.0013,0.0017,0.0023,0.0024,0.0026,0.0031,0.0042,13.86,0.01,0
2025-12-28 08:47:06,0,0,30.06,0,1,5318,88.6333,88,1.46667,390,6.5,7.47,0,0,0,0,0,0,0,0,211,156,3e-04,6e-04,8e-04,0.0012,0.0013,0.0013,0.0017,0.0025,7.1,0.01,0
2025-12-28 08:48:06,0,0,29.75,0,8,7660,127.667,170,2.83333,559,9.31667,8.27,0,0,0,0,0,0,0,0,215,157,3e-04,5e-04,8e-04,0.0011,0.0014,0.0017,0.002,0.0025,6.58,0.01,0
2025-12-28 08:49:06,0,0,29.62,0,1,11716,195.267,389,6.48333,582,9.7,5.34,0,0,0,0,0,0,0,0,178,128,1e-04,3e-04,4e-04,6e-04,9e-04,0.0011,0.0013,0.0013,3.66,0,0
2025-12-28 08:50:06,0,0,29.44,0,1,10179,169.65,326,5.43333,571,9.51667,1.18,0,0,0,0,0,0,0,0,194,146,0,0,1e-04,1e-04,2e-04,3e-04,3e-04,4e-04,0.48,0,0
2025-12-28 08:51:06,0,0,29.12,0,8,10690,178.167,319,5.31667,607,10.1167,0,0,0,0,0,0,0,0,0,201,156,0,0,0,0,0,0,0,0,0,0,0
2025-12-28 08:52:06,0,0,29.38,0,1,6902,115.033,153,2.55,411,6.85,154.24,0,0,0,0,0.04,0,0,0,206,158,0.0087,0.0164,0.0208,0.0245,0.0247,0.0241,0.0274,0.0342,195.41,0.11,0
2025-12-28 08:53:06,0,0,28.94,0,1,4620,77,75,1.25,283,4.71667,0,0,0,0,0,0.02,0,0,0,215,160,4e-04,4e-04,3e-04,5e-04,3e-04,5e-04,4e-04,4e-04,0,0.01,0
2025-12-28 08:54:06,0,0,28.69,0,1,6890,114.833,120,2,362,6.03333,0,0,0,0,0,0.01,0,0,0,183,130,2e-04,3e-04,2e-04,3e-04,2e-04,3e-04,2e-04,2e-04,0,0.01,0
2025-12-28 08:55:06,0,0,28.62,0,1,6146,102.433,196,3.26667,288,4.8,0,0,0,0,0,0.01,0,0,0,184,128,2e-04,3e-04,2e-04,3e-04,2e-04,3e-04,2e-04,3e-04,0,0.01,0
2025-12-28 08:56:06,0,0,28.56,0,1,8459,140.983,294,4.9,401,6.68333,0,0,0,0,0,0.01,0,0,0,215,158,3e-04,3e-04,3e-04,4e-04,2e-04,4e-04,3e-04,3e-04,0,0.01,0
2025-12-28 08:57:06,0,0,28.25,0,8,6239,103.983,186,3.1,383,6.38333,0,0,0,0,0,0.02,0,0,0,215,170,4e-04,6e-04,5e-04,6e-04,4e-04,6e-04,5e-04,5e-04,0,0.01,0
2025-12-28 08:58:06,0,0,27.62,0,8,6327,105.45,155,2.58333,348,5.8,632.47,0,0,0,0,0.19,0,0,0,204,150,0.0326,0.0612,0.081,0.1012,0.1023,0.1024,0.1181,0.1506,747.76,0.46,0
2025-12-28 08:59:06,0,0,26.62,0,1,4608,76.8,58,0.966667,317,5.28333,830.7,0,0,0,0,0.25,0,0,0,204,156,0.0445,0.0836,0.1102,0.1365,0.1325,0.1319,0.151,0.1913,1024.85,0.59,0
2025-12-28 09:00:06,0,0,25.31,0,1,3545,59.0833,64,1.06667,209,3.48333,834.95,0,0,0,0,0.23,0,0,0,210,160,0.0428,0.0807,0.1064,0.1306,0.135,0.1342,0.1535,0.1929,988.98,0.57,0
2025-12-28 09:01:06,0,0,24.75,0,1,5357,89.2833,49,0.816667,369,6.15,262.21,0,0,0,0,0.08,0,0,0,197,149,0.014,0.0264,0.0346,0.0427,0.0418,0.0418,0.0479,0.0606,322.62,0.19,0
2025-12-28 09:02:06,0,0,24.31,0,1,5474,91.2333,62,1.03333,317,5.28333,0,0,0,0,0,0.02,0,0,0,207,145,5e-04,6e-04,5e-04,6e-04,4e-04,7e-04,5e-04,5e-04,0,0.01,0
2025-12-28 09:03:06,0,0,24.25,0,1,7100,118.333,136,2.26667,368,6.13333,0,0,0,0,0,0.02,0,0,0,226,159,5e-04,7e-04,5e-04,7e-04,5e-04,8e-04,6e-04,6e-04,0,0.01,0
2025-12-28 09:04:06,0,0,24.19,0,32,8538,142.3,205,3.41667,439,7.31667,1.31,0,0,0,0,0.02,0,0,0,224,161,5e-04,7e-04,6e-04,8e-04,6e-04,8e-04,7e-04,9e-04,1.42,0.01,0
2025-12-28 09:05:06,0,0,23.56,0,32,9163,152.717,249,4.15,410,6.83333,0,0,0,0,0,0.01,0,0,0,230,172,3e-04,4e-04,3e-04,4e-04,2e-04,4e-04,3e-04,3e-04,0,0.01,0
2025-12-28 09:06:06,0,0,22.75,0,32,8923,148.717,205,3.41667,399,6.65,0,0,0,0,0,0.01,0,0,0,231,174,2e-04,2e-04,2e-04,2e-04,2e-04,3e-04,2e-04,2e-04,0,0.01,0
2025-12-28 09:07:06,0,0,24.25,0,1,6853,114.217,143,2.38333,360,6,0,0,0,0,0,0.01,0,0,0,181,111,2e-04,3e-04,2e-04,3e-04,2e-04,3e-04,3e-04,3e-04,0,0.01,0
2025-12-28 09:08:06,0,0,24.12,0,1,9876,164.6,318,5.3,452,7.53333,10.6,0,0,0,0,0,0,0,0,166,109,1e-04,3e-04,4e-04,8e-04,0.0017,0.0027,0.0029,0.0019,3.88,0,0
2025-12-28 09:09:06,0,0,24.31,0,32,10197,169.95,319,5.31667,515,8.58333,13.62,0,0,0,0,0,0,0,0,211,145,2e-04,5e-04,7e-04,0.0013,0.0021,0.0033,0.0037,0.0029,6.71,0.01,0
2025-12-28 09:10:06,0,0,24.81,0,8,9938,165.633,296,4.93333,485,8.08333,36.69,0,0,0,0,0.01,0,0,0,170,96,0.0013,0.0027,0.0037,0.0052,0.006,0.007,0.0083,0.0101,33.3,0.03,0
2025-12-28 09:11:06,0,0,25.19,0,1,8379,139.65,244,4.06667,435,7.25,23.72,0,0,0,0,0.01,0,0,0,163,100,0.001,0.002,0.0027,0.0036,0.0039,0.0042,0.005,0.0068,24.04,0.02,0
2025-12-28 09:12:06,0,0,25.38,0,1,7096,118.267,160,2.66667,386,6.43333,22.84,0,0,0,0,0.03,0,0,0,141,97,0.0014,0.0026,0.0032,0.004,0.0039,0.0043,0.0046,0.0057,26.26,0.02,0
2025-12-28 09:13:06,0,0,25.81,0,1,6755,112.583,150,2.5,454,7.56667,25,0,0,0,0,0.01,0,0,0,137,97,0.0012,0.0024,0.0031,0.0039,0.0042,0.0043,0.0048,0.0059,27.59,0.02,0
2025-12-28 09:14:06,0,0,26.25,0,1,10656,177.6,341,5.68333,521,8.68333,87.58,0,0,0,0,0.03,0,0,0,141,97,0.0044,0.0085,0.0112,0.0139,0.0141,0.0144,0.0164,0.0206,103.05,0.06,0
2025-12-28 09:15:06,0,0,26.56,0,1,11265,187.75,387,6.45,573,9.55,31.65,0,0,0,0,0.01,0,0,0,146,96,0.0015,0.0031,0.004,0.0049,0.0052,0.0053,0.0059,0.0072,36.28,0.02,0
2025-12-28 09:16:06,0,0,26.5,0,1,9312,155.2,281,4.68333,518,8.63333,40.84,0,0,0,0,0.08,0,0,0,137,97,0.0031,0.0056,0.0068,0.0084,0.0069,0.0079,0.008,0.0095,54.54,0.04,0
2025-12-28 09:17:06,0,0,27.38,0,1,9080,151.333,268,4.46667,531,8.85,38.4,0,0,0,0,0.03,0,0,0,136,97,0.0025,0.0049,0.0061,0.0074,0.0058,0.006,0.0063,0.0076,56.62,0.03,0
2025-12-28 09:18:06,0,0,28.38,0,16,8404,140.067,194,3.23333,552,9.2,67.98,0,0,0,0,0.03,0,0,0,145,97,0.0037,0.0071,0.0091,0.0107,0.0111,0.0109,0.0116,0.0134,83.77,0.04,0
2025-12-28 09:19:06,0,0,28.75,0,8,7657,127.617,211,3.51667,446,7.43333,43.3,0,0,0,0,0.02,0,0,0,145,100,0.0023,0.0044,0.0056,0.0068,0.0071,0.0072,0.0078,0.0094,51.43,0.03,0
2025-12-28 09:20:06,0,0,29.31,0,1,10534,175.567,378,6.3,636,10.6,5.51,0,0,0,0,0,0,0,0,143,98,2e-04,5e-04,7e-04,9e-04,9e-04,0.001,0.0011,0.0016,5.89,0,0
2025-12-28 09:21:06,0,0,29.5,0,1,4565,76.0833,143,2.38333,304,5.06667,56.51,0,0,0,0,0.01,0,0,0,137,97,0.0029,0.0058,0.0075,0.009,0.0088,0.0085,0.0092,0.011,72.82,0.03,0
2025-12-28 09:22:06,0,0,29.69,0,1,5367,89.45,122,2.03333,380,6.33333,38.89,0,0,0,0,0.01,0,0,0,138,97,0.0018,0.0036,0.0048,0.0061,0.0063,0.0065,0.0076,0.0099,43.97,0.03,0
2025-12-28 09:23:06,0,0,29.75,0,1,4928,82.1333,121,2.01667,294,4.9,34.91,0,0,0,0,0.01,0,0,0,137,97,0.0014,0.0029,0.0039,0.0052,0.0059,0.0065,0.008,0.011,33.09,0.03,0
2025-12-28 09:24:06,0,0,29.69,0,1,4339,72.3167,97,1.61667,267,4.45,32.79,0,0,0,0,0.01,0,0,0,139,98,0.0013,0.0027,0.0036,0.0049,0.0055,0.0062,0.0075,0.0104,30.74,0.03,0
2025-12-28 09:25:06,0,0,30.12,0,1,1563,26.05,5,0.0833333,65,1.08333,35.8,0,0,0,0,0.01,0,0,0,139,98,0.0014,0.003,0.0039,0.0053,0.0061,0.0067,0.0081,0.0112,33.65,0.03,0
2025-12-28 09:26:06,0,0,30.31,0,1,1470,24.5,5,0.0833333,69,1.15,33.76,0,0,0,0,0.01,0,0,0,135,97,0.0014,0.0028,0.0037,0.0051,0.0057,0.0063,0.0077,0.0106,32.34,0.03,0
2025-12-28 09:27:06,0,0,30.56,0,1,4866,81.1,110,1.83333,303,5.05,38.01,0,0,0,0,0.01,0,0,0,137,97,0.0015,0.003,0.004,0.0054,0.0065,0.0072,0.0089,0.0123,33.58,0.03,0
2025-12-28 09:28:06,0,0,30.56,0,1,2644,44.0667,10,0.166667,181,3.01667,37.59,0,0,0,0,0.02,0,0,0,137,98,0.0016,0.0031,0.0041,0.0056,0.0063,0.0071,0.0086,0.012,35.39,0.03,0
2025-12-28 09:29:06,0,0,30.75,0,1,4338,72.3,48,0.8,361,6.01667,39.67,0,0,0,0,0.02,0,0,0,138,100,0.0017,0.0034,0.0045,0.006,0.0067,0.0075,0.0092,0.0127,37.7,0.03,0
2025-12-28 09:30:06,0,0,30.81,0,8,4832,80.5333,98,1.63333,349,5.81667,23.13,0,0,0,0,0.01,0,0,0,134,98,0.001,0.002,0.0026,0.0036,0.0039,0.0045,0.0055,0.0079,21.87,0.02,0
2025-12-28 09:31:06,0,0,30.88,0,1,6618,110.3,162,2.7,474,7.9,7.53,0,0,0,0,0,0,0,0,133,97,3e-04,7e-04,9e-04,0.0012,0.0012,0.0013,0.0016,0.0021,8.06,0.01,0
2025-12-28 09:32:06,0,0,31.12,0,8,8072,134.533,181,3.01667,476,7.93333,9.13,0,0,0,0,0,0,0,0,133,97,4e-04,9e-04,0.0012,0.0015,0.0015,0.0015,0.0017,0.0022,10.94,0.01,0
2025-12-28 09:33:06,0,0,31.19,0,1,7765,129.417,223,3.71667,494,8.23333,6.75,0,0,0,0,0,0,0,0,133,97,3e-04,6e-04,8e-04,0.0011,0.0011,0.0012,0.0014,0.0019,7.17,0.01,0
2025-12-28 09:34:06,0,0,31.12,0,8,7240,120.667,203,3.38333,416,6.93333,15.59,0,0,0,0,0.01,0,0,0,134,98,6e-04,0.0013,0.0017,0.0024,0.0026,0.0029,0.0035,0.0049,14.93,0.01,0
2025-12-28 09:35:06,0,0,30.5,0,8,3487,58.1167,92,1.53333,212,3.53333,0.78,0,0,0,0,0,0,0,0,133,97,0,1e-04,1e-04,1e-04,1e-04,1e-04,2e-04,3e-04,0.67,0,0
2025-12-28 09:36:06,0,0,30.38,0,16,3148,52.4667,52,0.866667,225,3.75,2.77,0,0,0,0,0,0,0,0,133,98,1e-04,2e-04,3e-04,5e-04,5e-04,5e-04,5e-04,8e-04,2.7,0,0
2025-12-28 09:37:06,0,0,30.25,0,16,1015,16.9167,29,0.483333,68,1.13333,1.59,0,0,0,0,0,0,0,0,134,97,1e-04,1e-04,2e-04,3e-04,3e-04,3e-04,3e-04,5e-04,1.32,0,0
2025-12-28 09:38:06,0,0,30.06,0,16,36,0.6,0,0,2,0.0333333,1.69,0,0,0,0,0,0,0,0,133,104,1e-04,1e-04,2e-04,3e-04,3e-04,3e-04,3e-04,5e-04,1.42,0,0
2025-12-28 09:39:06,0,0,29.81,0,1,1161,19.35,23,0.383333,73,1.21667,1.42,0,0,0,0,0,0,0,0,135,106,0,1e-04,2e-04,3e-04,2e-04,3e-04,2e-04,4e-04,1.25,0,0
2025-12-28 09:40:06,0,0,29.62,0,1,52,0.866667,0,0,4,0.0666667,1.4,0,0,0,0,0,0,0,0,137,105,1e-04,1e-04,2e-04,2e-04,3e-04,2e-04,3e-04,5e-04,1.17,0,0
2025-12-28 09:41:06,0,0,29.69,0,2,315,5.25,4,0.0666667,20,0.333333,0.69,0,0,0,0,0,0,0,0,134,98,0,0,1e-04,1e-04,1e-04,1e-04,1e-04,3e-04,0.35,0,0
2025-12-28 09:42:06,0,0,29.88,0,1,1141,19.0167,34,0.566667,74,1.23333,1.83,0,0,0,0,0,0,0,0,136,99,1e-04,1e-04,2e-04,3e-04,3e-04,4e-04,4e-04,7e-04,1.33,0,0
2025-12-28 09:43:06,0,0,29.81,0,1,708,11.8,11,0.183333,61,1.01667,2.37,0,0,0,0,0,0,0,0,138,98,1e-04,2e-04,2e-04,4e-04,5e-04,5e-04,6e-04,9e-04,1.62,0,0
2025-12-28 09:44:06,0,0,29.94,0,1,229,3.81667,6,0.1,14,0.233333,3.74,0,0,0,0,0,0,0,0,139,98,2e-04,3e-04,4e-04,6e-04,7e-04,8e-04,9e-04,0.0014,2.94,0,0
2025-12-28 09:45:06,0,0,30.12,0,1,57,0.95,0,0,3,0.05,4.24,0,0,0,0,0,0,0,0,140,98,2e-04,3e-04,4e-04,7e-04,8e-04,9e-04,0.0011,0.0017,3.14,0.01,0
2025-12-28 09:46:06,0,0,30.62,0,8,1059,17.65,23,0.383333,67,1.11667,6.07,0,0,0,0,0.01,0,0,0,134,97,3e-04,5e-04,7e-04,0.001,0.0011,0.0013,0.0017,0.0025,4.76,0.01,0
2025-12-28 09:47:06,0,0,30.69,0,1,437,7.28333,4,0.0666667,29,0.483333,6.31,0,0,0,0,0.01,0,0,0,137,100,3e-04,5e-04,7e-04,0.0011,0.0012,0.0014,0.0019,0.0028,4.45,0.01,0
2025-12-28 09:48:06,0,0,30.75,0,1,0,0,0,0,0,0,6.16,0,0,0,0,0.01,0,0,0,137,100,4e-04,6e-04,7e-04,0.0011,0.0012,0.0015,0.0019,0.0031,3.84,0.01,0
2025-12-28 09:49:06,0,0,31.06,0,1,73,1.21667,0,0,5,0.0833333,6.27,0,0,0,0,0.01,0,0,0,136,102,4e-04,6e-04,7e-04,0.0011,0.0012,0.0015,0.002,0.0031,4.13,0.01,0
2025-12-28 09:50:06,0,0,31.38,0,1,73,1.21667,0,0,1,0.0166667,3,0,0,0,0,0.01,0,0,0,136,102,2e-04,3e-04,4e-04,6e-04,7e-04,8e-04,0.001,0.0017,1.66,0.01,0
2025-12-28 09:51:06,0,0,31.56,0,1,31,0.516667,0,0,0,0,3.03,0,0,0,0,0.01,0,0,0,137,103,2e-04,3e-04,4e-04,6e-04,7e-04,8e-04,0.001,0.0017,1.72,0.01,0
2025-12-28 09:52:06,0,0,31.75,0,1,48,0.8,0,0,1,0.0166667,3.08,0,0,0,0,0.01,0,0,0,136,103,2e-04,3e-04,4e-04,6e-04,7e-04,8e-04,0.001,0.0018,1.76,0.01,0
2025-12-28 09:53:06,0,0,31.94,0,1,47,0.783333,0,0,2,0.0333333,2.52,0,0,0,0,0.01,0,0,0,137,102,2e-04,3e-04,3e-04,5e-04,5e-04,7e-04,8e-04,0.0015,1.68,0.01,0
2025-12-28 09:54:06,0,0,32.12,0,1,26,0.433333,0,0,0,0,0.66,0,0,0,0,0,0,0,0,137,103,1e-04,1e-04,1e-04,2e-04,2e-04,3e-04,3e-04,7e-04,0.04,0,0
2025-12-28 09:55:06,0,0,32.25,0,1,100,1.66667,0,0,4,0.0666667,0.91,0,0,0,0,0,0,0,0,139,104,1e-04,1e-04,2e-04,3e-04,2e-04,3e-04,3e-04,8e-04,0.52,0,0
2025-12-28 09:56:06,0,0,31.94,0,16,3792,63.2,125,2.08333,218,3.63333,30.74,0,0,0,0,0.03,0,0,0,151,102,0.0017,0.0026,0.0034,0.005,0.0058,0.0072,0.0093,0.0139,21.22,0.04,0
2025-12-28 09:57:06,0,0,31.69,0,16,0,0,0,0,0,0,37.7,0,0,0,0,0.04,0,0,0,149,102,0.002,0.0032,0.0041,0.0062,0.007,0.0087,0.0111,0.0165,26.97,0.05,0
2025-12-28 09:58:06,0,0,31.31,0,16,3477,57.95,127,2.11667,138,2.3,22.63,0,0,0,0,0.02,0,0,0,161,114,0.0012,0.0019,0.0025,0.0038,0.0042,0.0052,0.0067,0.0099,16.68,0.03,0
2025-12-28 09:59:06,0,0,30.75,0,1,1803,30.05,33,0.55,98,1.63333,38.12,0,0,0,0,0.04,0,0,0,177,124,0.002,0.0032,0.0041,0.0061,0.0071,0.0086,0.0111,0.0165,27.77,0.05,0
2025-12-28 10:00:06,0,0,30.38,0,1,1399,23.3167,34,0.566667,81,1.35,19.69,0,0,0,0,0.02,0,0,0,161,122,0.0012,0.0018,0.0022,0.0033,0.0037,0.0047,0.0062,0.0094,13.72,0.03,0
2025-12-28 10:01:06,0,0,30.38,0,1,7000,116.667,207,3.45,290,4.83333,74.32,0,0,0,0,0.05,0,0,0,185,118,0.0026,0.0043,0.0059,0.0085,0.0144,0.0165,0.0212,0.0308,37.93,0.07,0
2025-12-28 10:02:06,0,0,29.81,0,1,6608,110.133,181,3.01667,341,5.68333,53.67,0,0,0,0,0.04,0,0,0,180,107,0.0025,0.004,0.0055,0.0082,0.0096,0.0115,0.0148,0.0219,39.96,0.06,0
2025-12-28 10:03:06,0,0,29.19,0,16,725,12.0833,9,0.15,68,1.13333,73.03,0,0,0,0,0.04,0,0,0,182,120,0.003,0.0049,0.0066,0.0103,0.013,0.0157,0.0203,0.0285,49.91,0.08,0
2025-12-28 10:04:06,0,0,29.31,0,16,974,16.2333,8,0.133333,120,2,73.77,0,0,0,0,0.04,0,0,0,164,111,0.0031,0.005,0.0068,0.0104,0.0131,0.0159,0.0204,0.0289,50.81,0.08,0
2025-12-28 10:05:06,0,0,29.38,0,1,4293,71.55,93,1.55,250,4.16667,48.28,0,0,0,0,0.01,0,0,0,212,155,0.0012,0.0022,0.003,0.0055,0.0076,0.0111,0.0129,0.0116,28.62,0.03,0
2025-12-28 10:06:06,0,0,29.81,0,8,2701,45.0167,65,1.08333,155,2.58333,15.22,0,0,0,0,0,0,0,0,163,114,2e-04,4e-04,5e-04,0.0012,0.0023,0.0038,0.0042,0.0025,5.78,0.01,0
2025-12-28 10:07:06,0,0,29.75,0,16,9627,160.45,319,5.31667,429,7.15,49.44,0,0,0,0,0.01,0,0,0,181,103,0.0013,0.0023,0.0031,0.0053,0.0083,0.0114,0.0136,0.0147,26.65,0.04,0
2025-12-28 10:08:06,0,0,29.56,0,16,1505,25.0833,6,0.1,170,2.83333,89.06,0,0,0,0,0.04,0,0,0,177,111,0.0036,0.0058,0.008,0.0124,0.0157,0.0189,0.0242,0.0337,62.02,0.09,0
2025-12-28 10:09:06,0,0,29.56,0,16,1316,21.9333,0,0,141,2.35,98.58,0,0,0,0,0.05,0,0,0,171,103,0.0038,0.0063,0.0088,0.0136,0.0173,0.0208,0.0265,0.0367,68.63,0.09,0
2025-12-28 10:10:06,0,0,29.38,0,16,1722,28.7,9,0.15,201,3.35,95.93,0,0,0,0,0.04,0,0,0,171,104,0.0038,0.0061,0.0086,0.0133,0.0168,0.0202,0.0258,0.0357,67.38,0.09,0
2025-12-28 10:11:06,0,0,29.38,0,16,1728,28.8,7,0.116667,198,3.3,101.65,0,0,0,0,0.05,0,0,0,206,150,0.0039,0.0065,0.0091,0.014,0.0178,0.0214,0.0273,0.0376,71.4,0.1,0
2025-12-28 10:12:06,0,0,29.31,0,16,147,2.45,0,0,12,0.2,101.25,0,0,0,0,0.05,0,0,0,204,150,0.004,0.0066,0.0091,0.0141,0.0178,0.0213,0.0274,0.0374,71.15,0.1,0
2025-12-28 10:13:06,0,0,29.31,0,16,567,9.45,1,0.0166667,52,0.866667,98.83,0,0,0,0,0.05,0,0,0,183,120,0.0038,0.0063,0.0088,0.0137,0.0173,0.0206,0.0266,0.036,69.57,0.09,0
2025-12-28 10:14:06,0,0,29.5,0,16,381,6.35,0,0,34,0.566667,93.24,0,0,0,0,0.04,0,0,0,169,102,0.0036,0.006,0.0083,0.0129,0.0164,0.0196,0.0252,0.0342,65.32,0.09,0
2025-12-28 10:15:06,0,0,29.44,0,16,936,15.6,0,0,100,1.66667,94.39,0,0,0,0,0.05,0,0,0,177,121,0.0037,0.0061,0.0084,0.0131,0.0166,0.0198,0.0255,0.0345,66.29,0.09,0
2025-12-28 10:16:06,0,0,29.56,0,16,1032,17.2,2,0.0333333,107,1.78333,100.89,0,0,0,0,0.05,0,0,0,175,114,0.0039,0.0065,0.0091,0.014,0.0177,0.0212,0.0271,0.0369,71.25,0.1,0
2025-12-28 10:17:06,0,0,29.56,0,16,601,10.0167,1,0.0166667,55,0.916667,98.89,0,0,0,0,0.05,0,0,0,195,142,0.0039,0.0064,0.0088,0.0137,0.0174,0.0207,0.0267,0.036,69.57,0.09,0
2025-12-28 10:18:06,0,0,29.69,0,16,892,14.8667,0,0,83,1.38333,100.58,0,0,0,0,0.05,0,0,0,183,128,0.0039,0.0065,0.009,0.014,0.0176,0.0211,0.027,0.0366,70.89,0.1,0
2025-12-28 10:19:06,0,0,29.88,0,16,1081,18.0167,2,0.0333333,126,2.1,105.21,0,0,0,0,0.05,0,0,0,157,101,0.0041,0.0068,0.0094,0.0145,0.0184,0.022,0.0282,0.0382,74.37,0.1,0
2025-12-28 10:20:06,0,0,29.88,0,16,540,9,1,0.0166667,63,1.05,104.83,0,0,0,0,0.05,0,0,0,163,111,0.0041,0.0068,0.0094,0.0145,0.0183,0.0219,0.0281,0.038,74.25,0.1,0
2025-12-28 10:21:06,0,0,29.81,0,16,392,6.53333,0,0,41,0.683333,106.43,0,0,0,0,0.05,0,0,0,169,119,0.0041,0.0068,0.0095,0.0147,0.0186,0.0222,0.0285,0.0382,75.46,0.1,0
2025-12-28 10:22:06,0,0,29.75,0,16,1114,18.5667,3,0.05,134,2.23333,115.92,0,0,0,0,0.05,0,0,0,179,134,0.0044,0.0074,0.0103,0.016,0.0202,0.024,0.0308,0.0414,82.41,0.11,0
2025-12-28 10:23:06,0,0,29.88,0,16,1214,20.2333,5,0.0833333,130,2.16667,114.38,0,0,0,0,0.05,0,0,0,204,150,0.0044,0.0073,0.0102,0.0158,0.0199,0.0237,0.0304,0.0406,81.67,0.1,0
2025-12-28 10:24:06,0,0,29.81,0,16,691,11.5167,0,0,78,1.3,117.27,0,0,0,0,0.05,0,0,0,166,110,0.0045,0.0075,0.0104,0.0161,0.0204,0.0243,0.0312,0.0417,83.47,0.11,0
2025-12-28 10:25:06,0,0,29.94,0,16,1345,22.4167,3,0.05,164,2.73333,123.13,0,0,0,0,0.05,0,0,0,169,119,0.0047,0.0078,0.0109,0.0169,0.0214,0.0255,0.0327,0.0436,87.59,0.11,0
2025-12-28 10:26:06,0,0,30.19,0,16,1571,26.1833,5,0.0833333,195,3.25,124.38,0,0,0,0,0.05,0,0,0,160,104,0.0047,0.0079,0.011,0.0171,0.0216,0.0257,0.0329,0.0439,88.88,0.11,0
2025-12-28 10:27:06,0,0,29.94,0,16,988,16.4667,1,0.0166667,125,2.08333,132.88,0,0,0,0,0.06,0,0,0,179,124,0.0051,0.0085,0.0118,0.0183,0.0231,0.0275,0.035,0.0471,94.93,0.12,0
2025-12-28 10:28:06,0,0,30.12,0,16,1328,22.1333,9,0.15,155,2.58333,136.03,0,0,0,0,0.06,0,0,0,160,108,0.0051,0.0086,0.0121,0.0187,0.0236,0.0281,0.0358,0.048,97.64,0.12,0
2025-12-28 10:29:06,0,0,30.06,0,16,1952,32.5333,10,0.166667,230,3.83333,137.51,0,0,0,0,0.06,0,0,0,173,112,0.0052,0.0087,0.0122,0.0189,0.0239,0.0284,0.0361,0.0483,98.72,0.12,0
2025-12-28 10:30:06,0,0,30.19,0,16,2517,41.95,40,0.666667,258,4.3,137.51,0,0,0,0,0.06,0,0,0,158,102,0.0052,0.0088,0.0123,0.0189,0.0239,0.0284,0.0361,0.0483,98.99,0.12,0
2025-12-28 10:31:06,0,0,30.19,0,1,878,14.6333,24,0.4,69,1.15,91.69,0,0,0,0,0.04,0,0,0,164,107,0.0034,0.0059,0.0081,0.0127,0.0159,0.0187,0.0242,0.0316,66.04,0.08,0
2025-12-28 10:32:06,0,0,30.19,0,16,1321,22.0167,11,0.183333,147,2.45,130.66,0,0,0,0,0.06,0,0,0,167,106,0.0049,0.0083,0.0117,0.018,0.0227,0.0271,0.0344,0.0461,93.3,0.12,0
2025-12-28 10:33:06,0,0,29.81,0,16,1007,16.7833,3,0.05,127,2.11667,143.93,0,0,0,0,0.06,0,0,0,172,106,0.0054,0.0091,0.0128,0.0197,0.025,0.0297,0.0376,0.0504,103.42,0.13,0
2025-12-28 10:34:06,0,0,29.75,0,16,837,13.95,4,0.0666667,91,1.51667,145.98,0,0,0,0,0.06,0,0,0,172,105,0.0055,0.0093,0.013,0.02,0.0253,0.0301,0.0382,0.051,105.32,0.13,0
2025-12-28 10:35:06,0,0,29.69,0,16,1646,27.4333,19,0.316667,167,2.78333,143.29,0,0,0,0,0.06,0,0,0,177,106,0.0053,0.009,0.0127,0.0196,0.0248,0.0295,0.0374,0.0498,103.28,0.13,0
2025-12-28 10:36:06,0,0,29.69,0,16,1393,23.2167,24,0.4,115,1.91667,139.59,0,0,0,0,0.06,0,0,0,173,106,0.0052,0.0087,0.0123,0.019,0.0242,0.0288,0.0365,0.0486,100.25,0.12,0
2025-12-28 10:37:06,0,0,29.69,0,16,1263,21.05,11,0.183333,141,2.35,145.23,0,0,0,0,0.06,0,0,0,164,112,0.0055,0.0092,0.013,0.0199,0.0251,0.0299,0.0378,0.0504,105.26,0.13,0
2025-12-28 10:38:06,0,0,30.06,0,16,1668,27.8,22,0.366667,174,2.9,156.7,0,0,0,0,0.06,0,0,0,203,145,0.0057,0.0096,0.0137,0.021,0.0271,0.0322,0.0406,0.0542,111.93,0.13,0
2025-12-28 10:39:06,0,0,30.12,0,16,1034,17.2333,4,0.0666667,119,1.98333,150.58,0,0,0,0,0.06,0,0,0,214,154,0.0057,0.0095,0.0135,0.0206,0.026,0.0311,0.0391,0.0524,109.24,0.13,0
2025-12-28 10:40:06,0,0,30.38,0,16,1767,29.45,1,0.0166667,213,3.55,159.98,0,0,0,0,0.07,0,0,0,203,143,0.0061,0.0102,0.0144,0.022,0.0278,0.0331,0.0415,0.0559,116.14,0.14,0
2025-12-28 10:41:06,0,0,30.62,0,16,1963,32.7167,4,0.0666667,231,3.85,159.29,0,0,0,0,0.07,0,0,0,204,145,0.0061,0.0103,0.0144,0.022,0.0277,0.0329,0.0413,0.0556,116.03,0.14,0
2025-12-28 10:42:06,0,0,30.56,0,16,2218,36.9667,19,0.316667,262,4.36667,159.84,0,0,0,0,0.07,0,0,0,210,150,0.006,0.0101,0.0143,0.0219,0.0276,0.0329,0.0413,0.0553,116.22,0.14,0
2025-12-28 10:43:06,0,0,30.31,0,16,1339,22.3167,7,0.116667,152,2.53333,176.23,0,0,0,0,0.07,0,0,0,224,161,0.0066,0.0113,0.0159,0.0241,0.0304,0.036,0.045,0.0599,130.69,0.15,0
2025-12-28 10:44:06,0,0,30,0,16,130,2.16667,0,0,12,0.2,143.43,0,0,0,0,0.06,0,0,0,214,156,0.0055,0.0092,0.0129,0.0198,0.0249,0.0298,0.0373,0.0502,103.63,0.13,0
2025-12-28 10:45:06,0,0,30.25,0,16,125,2.08333,0,0,12,0.2,137.99,0,0,0,0,0.06,0,0,0,206,150,0.0052,0.0088,0.0124,0.019,0.024,0.0285,0.0358,0.048,99.78,0.12,0
2025-12-28 10:46:06,0,0,30.44,0,16,107,1.78333,0,0,7,0.116667,136.77,0,0,0,0,0.06,0,0,0,203,148,0.0052,0.0087,0.0122,0.0187,0.0238,0.0283,0.0355,0.0475,98.57,0.12,0
2025-12-28 10:47:06,0,0,30.81,0,16,777,12.95,6,0.1,82,1.36667,137.34,0,0,0,0,0.06,0,0,0,200,143,0.0052,0.0088,0.0123,0.0189,0.0237,0.0281,0.0354,0.0471,100.81,0.12,0
2025-12-28 10:48:06,0,0,30.75,0,16,1497,24.95,20,0.333333,169,2.81667,159.74,0,0,0,0,0.07,0,0,0,199,146,0.006,0.0102,0.0144,0.022,0.0276,0.0328,0.041,0.055,117.29,0.14,0
2025-12-28 10:49:06,0,0,30.81,0,16,1194,19.9,11,0.183333,113,1.88333,164.42,0,0,0,0,0.07,0,0,0,159,110,0.0063,0.0106,0.0149,0.0226,0.0285,0.0339,0.0423,0.0568,120.51,0.15,0
2025-12-28 10:50:06,0,0,30.94,0,16,3567,59.45,106,1.76667,195,3.25,137.03,0,0,0,0,0.06,0,0,0,230,179,0.0053,0.009,0.0126,0.0191,0.0238,0.0283,0.0352,0.0477,101.18,0.12,0
2025-12-28 10:51:06,0,0,30.81,0,1,7500,125,206,3.43333,512,8.53333,28.07,0,0,0,0,0.01,0,0,0,206,151,0.0012,0.0022,0.0029,0.0042,0.0048,0.0054,0.0065,0.0086,24.79,0.02,0
2025-12-28 10:52:06,0,0,30.5,0,1,5846,97.4333,129,2.15,349,5.81667,94.09,0,0,0,0,0.03,0,0,0,221,158,0.004,0.0073,0.0089,0.0109,0.0172,0.0185,0.021,0.0279,74.66,0.07,0
2025-12-28 10:53:06,0,0,30.5,0,1,1832,30.5333,34,0.566667,123,2.05,112.35,0,0,0,0,0.07,0,0,0,192,140,0.0053,0.0088,0.0116,0.0173,0.0198,0.0234,0.0296,0.0406,90.22,0.12,0
2025-12-28 10:54:06,0,0,30.56,0,8,4715,78.5833,135,2.25,248,4.13333,60.09,0,0,0,0,0.03,0,0,0,204,148,0.0025,0.0044,0.0059,0.0088,0.0104,0.012,0.0151,0.0197,48.9,0.06,0
2025-12-28 10:55:06,0,0,30.19,0,16,7419,123.65,195,3.25,499,8.31667,91.36,0,0,0,0,0.02,0,0,0,186,134,0.0051,0.0099,0.0122,0.0146,0.0145,0.0145,0.0155,0.0182,116.95,0.06,0
2025-12-28 10:56:06,0,0,29.94,0,8,17465,291.083,636,10.6,661,11.0167,61.97,0,0,0,0,0.02,0,0,0,227,167,0.0028,0.0055,0.0071,0.0092,0.0102,0.0112,0.0129,0.0164,63.7,0.05,0
2025-12-28 10:57:06,0,0,29.69,0,1,6753,112.55,163,2.71667,436,7.26667,91.56,0,0,0,0,0.03,0,0,0,203,155,0.0043,0.0088,0.0107,0.0139,0.0152,0.0161,0.0179,0.0223,98.43,0.07,0
2025-12-28 10:58:06,0,0,29.75,0,16,6953,115.883,219,3.65,369,6.15,54.69,0,0,0,0,0.02,0,0,0,193,136,0.0024,0.0046,0.0061,0.0083,0.0092,0.0101,0.0118,0.0153,52.71,0.05,0
2025-12-28 10:59:06,0,0,29.25,0,1,8309,138.483,253,4.21667,495,8.25,165.69,0,0,0,0,0.06,0,0,0,201,139,0.0073,0.0133,0.018,0.0243,0.028,0.0306,0.0358,0.0461,157.58,0.13,0
2025-12-28 11:00:06,0,0,29.06,0,1,9203,153.383,279,4.65,480,8,60.37,0,0,0,0,0.02,0,0,0,216,158,0.0026,0.0052,0.0067,0.0087,0.0102,0.0108,0.0121,0.0149,60.49,0.04,0
2025-12-28 11:01:06,0,0,28.69,0,8,8146,135.767,241,4.01667,375,6.25,68.49,0,0,0,0,0.02,0,0,0,200,146,0.0036,0.0067,0.0086,0.0106,0.0111,0.0115,0.0128,0.0159,79.45,0.05,0
2025-12-28 11:02:06,0,0,29,0,1,5860,97.6667,125,2.08333,381,6.35,137.47,0,0,0,0,0.03,0,0,0,193,125,0.007,0.0136,0.0171,0.0209,0.0221,0.0223,0.0241,0.0282,163.7,0.09,0
2025-12-28 11:03:06,0,0,28.69,0,1,7511,125.183,215,3.58333,404,6.73333,160.4,0,0,0,0,0.08,0,0,0,185,118,0.0063,0.0112,0.016,0.0229,0.0282,0.0321,0.0388,0.0529,127.02,0.15,0
2025-12-28 11:04:06,0,0,28.75,0,1,3465,57.75,66,1.1,270,4.5,38.75,0,0,0,0,0.03,0,0,0,220,150,0.0019,0.0031,0.0042,0.0061,0.007,0.0083,0.0102,0.0149,30.33,0.04,0
2025-12-28 11:05:06,0,0,28.88,0,1,3224,53.7333,79,1.31667,218,3.63333,53.72,0,0,0,0,0.03,0,0,0,221,160,0.0024,0.004,0.0055,0.0081,0.0096,0.0114,0.0139,0.02,41.23,0.06,0
2025-12-28 11:06:06,0,0,28.94,0,1,4779,79.65,127,2.11667,333,5.55,24.89,0,0,0,0,0.02,0,0,0,182,131,0.0014,0.0021,0.0028,0.0041,0.0047,0.0057,0.0071,0.0107,18.39,0.03,0
2025-12-28 11:07:06,0,0,29.12,0,1,9124,152.067,305,5.08333,503,8.38333,69.47,0,0,0,0,0.03,0,0,0,187,144,0.0039,0.0068,0.009,0.0125,0.0111,0.0126,0.0149,0.02,79.36,0.07,0
2025-12-28 11:08:06,0,0,29.06,0,8,10505,175.083,360,6,568,9.46667,96.51,0,0,0,0,0.04,0,0,0,212,143,0.0037,0.0064,0.0091,0.0132,0.0168,0.0196,0.0239,0.032,73.35,0.08,0
2025-12-28 11:09:06,0,0,29.12,0,8,14496,241.6,514,8.56667,703,11.7167,188.99,0,0,0,0,0.07,0,0,0,195,171,0.0067,0.0116,0.0167,0.0246,0.033,0.0383,0.0467,0.0616,136.66,0.15,0
2025-12-28 11:10:06,0,0,29.12,0,1,11221,187.017,409,6.81667,614,10.2333,98.31,0,0,0,0,0.05,0,0,0,217,158,0.0041,0.0071,0.0098,0.0144,0.017,0.0197,0.024,0.0323,80.56,0.09,0
2025-12-28 11:11:06,0,0,28.81,0,16,565,9.41667,5,0.0833333,47,0.783333,135.22,0,0,0,0,0.06,0,0,0,207,152,0.0053,0.0091,0.0126,0.0189,0.0234,0.0273,0.0339,0.0447,103.48,0.12,0
2025-12-28 11:12:06,0,0,29.06,0,16,1961,32.6833,15,0.25,238,3.96667,129.9,0,0,0,0,0.06,0,0,0,171,103,0.005,0.0087,0.012,0.0181,0.0225,0.0263,0.0325,0.0429,99.23,0.11,0
2025-12-28 11:13:06,0,0,29.31,0,16,1529,25.4833,7,0.116667,188,3.13333,131.79,0,0,0,0,0.06,0,0,0,164,107,0.0051,0.0088,0.0123,0.0184,0.0228,0.0266,0.0329,0.0433,101.11,0.12,0
2025-12-28 11:14:06,0,0,29.38,0,16,2322,38.7,31,0.516667,263,4.38333,129.53,0,0,0,0,0.06,0,0,0,167,111,0.005,0.0087,0.012,0.018,0.0224,0.0262,0.0324,0.0426,99.02,0.11,0
2025-12-28 11:15:06,0,0,29.75,0,16,1428,23.8,2,0.0333333,176,2.93333,128.74,0,0,0,0,0.06,0,0,0,161,106,0.005,0.0087,0.012,0.018,0.0222,0.0259,0.0321,0.0421,99.37,0.11,0
2025-12-28 11:16:06,0,0,29.88,0,16,1856,30.9333,3,0.05,227,3.78333,128.62,0,0,0,0,0.05,0,0,0,167,118,0.005,0.0086,0.012,0.018,0.0222,0.0259,0.032,0.0419,99.36,0.11,0
2025-12-28 11:17:06,0,0,30.12,0,16,1359,22.65,2,0.0333333,145,2.41667,122.24,0,0,0,0,0.05,0,0,0,171,110,0.0047,0.0082,0.0114,0.0171,0.0211,0.0246,0.0305,0.0399,94.08,0.11,0
2025-12-28 11:18:06,0,0,30.19,0,16,1934,32.2333,7,0.116667,248,4.13333,126.58,0,0,0,0,0.05,0,0,0,164,110,0.0049,0.0085,0.0119,0.0178,0.0218,0.0254,0.0314,0.0411,98.63,0.11,0
2025-12-28 11:19:06,0,0,30.5,0,16,1183,19.7167,0,0,150,2.5,119.42,0,0,0,0,0.05,0,0,0,164,110,0.0046,0.008,0.0111,0.0167,0.0206,0.024,0.0297,0.0389,91.78,0.1,0
2025-12-28 11:20:06,0,0,30.5,0,16,215,3.58333,0,0,22,0.366667,103.71,0,0,0,0,0.05,0,0,0,163,113,0.004,0.007,0.0096,0.0145,0.018,0.0209,0.0261,0.034,79.18,0.09,0
2025-12-28 11:21:06,0,0,30.62,0,16,1463,24.3833,4,0.0666667,179,2.98333,114.67,0,0,0,0,0.05,0,0,0,163,109,0.0044,0.0077,0.0107,0.016,0.0198,0.0231,0.0285,0.0372,88.53,0.1,0
2025-12-28 11:22:06,0,0,30.75,0,16,2245,37.4167,17,0.283333,285,4.75,115.58,0,0,0,0,0.05,0,0,0,158,104,0.0044,0.0077,0.0107,0.016,0.0199,0.0232,0.0287,0.0374,88.78,0.1,0
2025-12-28 11:23:06,0,0,30.88,0,16,1976,32.9333,11,0.183333,265,4.41667,113.09,0,0,0,0,0.05,0,0,0,153,100,0.0043,0.0075,0.0105,0.0157,0.0195,0.0227,0.0281,0.0366,87.02,0.1,0
2025-12-28 11:24:06,0,0,31.06,0,16,1700,28.3333,3,0.05,226,3.76667,109.32,0,0,0,0,0.05,0,0,0,160,108,0.0042,0.0074,0.0102,0.0153,0.0188,0.0219,0.0271,0.0352,84.71,0.09,0
2025-12-28 11:25:06,0,0,30.94,0,16,2713,45.2167,42,0.7,218,3.63333,173,0,0,0,0,0.06,0,0,0,173,104,0.007,0.0123,0.017,0.0245,0.0294,0.0337,0.0408,0.053,145.23,0.14,0
2025-12-28 11:26:06,0,0,31.06,0,16,1016,16.9333,6,0.1,122,2.03333,136.96,0,0,0,0,0.06,0,0,0,158,114,0.0054,0.0095,0.0131,0.0193,0.0235,0.0273,0.0334,0.0436,109.45,0.12,0
2025-12-28 11:27:06,0,0,31,0,16,1872,31.2,4,0.0666667,224,3.73333,138.57,0,0,0,0,0.06,0,0,0,159,105,0.0054,0.0095,0.0131,0.0193,0.0239,0.0277,0.0338,0.0442,109.36,0.12,0
2025-12-28 11:28:06,0,0,30.94,0,16,2457,40.95,51,0.85,231,3.85,105.92,0,0,0,0,0.05,0,0,0,166,101,0.0043,0.0075,0.0103,0.0151,0.0183,0.0212,0.0259,0.0341,84.84,0.09,0
2025-12-28 11:29:06,0,0,31.12,0,16,1292,21.5333,9,0.15,158,2.63333,113.11,0,0,0,0,0.05,0,0,0,163,102,0.0045,0.0079,0.0109,0.0159,0.0196,0.0227,0.0277,0.0365,89.74,0.1,0
2025-12-28 11:30:06,0,0,30.94,0,16,2135,35.5833,31,0.516667,205,3.41667,130.2,0,0,0,0,0.05,0,0,0,174,104,0.0051,0.009,0.0124,0.0183,0.0224,0.0258,0.0317,0.0409,104.08,0.11,0
2025-12-28 11:31:06,0,0,30.94,0,16,254,4.23333,0,0,20,0.333333,124.59,0,0,0,0,0.05,0,0,0,172,102,0.005,0.0089,0.012,0.0177,0.0215,0.0247,0.0306,0.0389,100.3,0.11,0
2025-12-28 11:32:06,0,0,31,0,16,399,6.65,1,0.0166667,32,0.533333,127.92,0,0,0,0,0.05,0,0,0,167,100,0.0051,0.009,0.0123,0.0181,0.022,0.0252,0.0313,0.0395,103.31,0.11,0
2025-12-28 11:33:06,0,0,31.06,0,16,1318,21.9667,5,0.0833333,146,2.43333,130.57,0,0,0,0,0.05,0,0,0,164,100,0.005,0.009,0.0123,0.0183,0.0224,0.0256,0.0319,0.04,104.59,0.11,0
2025-12-28 11:34:06,0,0,31.12,0,16,859,14.3167,3,0.05,82,1.36667,136.8,0,0,0,0,0.05,0,0,0,168,100,0.0053,0.0095,0.013,0.0192,0.0234,0.0267,0.0333,0.0417,110.27,0.11,0
2025-12-28 11:35:06,0,0,31.12,0,16,809,13.4833,3,0.05,88,1.46667,138.39,0,0,0,0,0.05,0,0,0,172,107,0.0053,0.0095,0.0131,0.0194,0.0237,0.027,0.0336,0.0422,111.5,0.11,0
2025-12-28 11:36:06,0,0,31.19,0,16,1268,21.1333,17,0.283333,114,1.9,146.74,0,0,0,0,0.06,0,0,0,167,102,0.0056,0.0102,0.014,0.0206,0.0251,0.0287,0.0356,0.0447,118.82,0.12,0
2025-12-28 11:37:06,0,0,31.19,0,16,831,13.85,6,0.1,81,1.35,149.37,0,0,0,0,0.06,0,0,0,177,108,0.0059,0.0104,0.0144,0.0211,0.0256,0.0294,0.0359,0.0463,121.38,0.13,0
2025-12-28 11:38:06,0,0,31.25,0,16,572,9.53333,0,0,54,0.9,151.1,0,0,0,0,0.06,0,0,0,168,100,0.006,0.0105,0.0146,0.0213,0.0258,0.0299,0.0363,0.0471,122.77,0.13,0
2025-12-28 11:39:06,0,0,31.25,0,16,316,5.26667,0,0,23,0.383333,144.57,0,0,0,0,0.06,0,0,0,169,101,0.0057,0.0099,0.0139,0.0203,0.0248,0.0286,0.0348,0.0451,116.59,0.12,0
2025-12-28 11:40:06,0,0,31.44,0,16,99,1.65,0,0,10,0.166667,138.31,0,0,0,0,0.05,0,0,0,163,100,0.0054,0.0095,0.0133,0.0194,0.0237,0.0272,0.0332,0.0429,111.89,0.12,0
2025-12-28 11:41:06,0,0,31.31,0,16,143,2.38333,0,0,5,0.0833333,128.28,0,0,0,0,0.05,0,0,0,164,99,0.005,0.0089,0.0123,0.018,0.022,0.0253,0.0308,0.0398,103.75,0.11,0
2025-12-28 11:42:06,0,0,31.44,0,16,37,0.616667,0,0,2,0.0333333,130.62,0,0,0,0,0.05,0,0,0,163,99,0.0051,0.0091,0.0126,0.0184,0.0224,0.0256,0.0312,0.0399,107.02,0.11,0
2025-12-28 11:43:06,0,0,31.38,0,16,772,12.8667,5,0.0833333,71,1.18333,126.71,0,0,0,0,0.05,0,0,0,166,101,0.005,0.0089,0.0123,0.0179,0.0217,0.0248,0.0301,0.0387,104.6,0.11,0
2025-12-28 11:44:06,0,0,31.31,0,16,283,4.71667,1,0.0166667,25,0.416667,119.05,0,0,0,0,0.05,0,0,0,174,113,0.0048,0.0084,0.0116,0.0168,0.0204,0.0234,0.0284,0.0368,97.89,0.1,0
2025-12-28 11:45:06,0,0,30.94,0,16,360,6,4,0.0666667,29,0.483333,112.97,0,0,0,0,0.05,0,0,0,215,152,0.0044,0.0079,0.0109,0.0159,0.0195,0.0222,0.0272,0.0346,91.54,0.1,0
2025-12-28 11:46:06,0,0,31.19,0,2,0,0,0,0,0,0,50.95,0,0,0,0,0.03,0,0,0,172,109,0.002,0.0036,0.0049,0.0073,0.009,0.0103,0.0129,0.0164,39,0.05,0
2025-12-28 11:47:06,0,0,31.75,0,2,999,16.65,13,0.216667,78,1.3,39.01,0,0,0,0,0.02,0,0,0,164,117,0.0015,0.0027,0.0037,0.0056,0.0069,0.0079,0.0099,0.0126,29.83,0.04,0
2025-12-28 11:48:06,0,0,31.38,0,1,67,1.11667,0,0,4,0.0666667,6.45,0,0,0,0,0.01,0,0,0,165,134,3e-04,5e-04,7e-04,0.001,0.0012,0.0014,0.0018,0.0025,4.43,0.01,0
2025-12-28 11:49:06,0,0,31.25,0,1,7,0.116667,0,0,0,0,5.74,0,0,0,0,0,0,0,0,163,134,3e-04,5e-04,6e-04,9e-04,0.0011,0.0013,0.0016,0.0023,3.89,0.01,0
2025-12-28 11:50:06,0,0,31.06,0,1,4310,71.8333,120,2,319,5.31667,44.91,0,0,0,0,0.02,0,0,0,204,148,0.0017,0.003,0.0042,0.0062,0.0078,0.009,0.0112,0.0144,34.26,0.04,0
2025-12-28 11:51:06,0,0,30.94,0,16,856,14.2667,12,0.2,84,1.4,65.07,0,0,0,0,0.03,0,0,0,173,124,0.0025,0.0044,0.0061,0.0092,0.0112,0.0129,0.0163,0.0206,50.55,0.06,0
2025-12-28 11:52:06,0,0,31.06,0,16,2158,35.9667,59,0.983333,132,2.2,56.28,0,0,0,0,0.02,0,0,0,152,113,0.0024,0.0042,0.0057,0.0081,0.0096,0.011,0.0132,0.0173,48.15,0.05,0
2025-12-28 11:53:06,0,0,31,0,16,887,14.7833,2,0.0333333,99,1.65,133.04,0,0,0,0,0.05,0,0,0,176,115,0.0055,0.0097,0.0132,0.0188,0.0226,0.0257,0.0309,0.0398,113.91,0.11,0
2025-12-28 11:54:06,0,0,31.06,0,16,1075,17.9167,2,0.0333333,112,1.86667,137.78,0,0,0,0,0.05,0,0,0,211,154,0.0056,0.01,0.0137,0.0195,0.0234,0.0266,0.0321,0.041,117.8,0.11,0
2025-12-28 11:55:06,0,0,31.12,0,16,1295,21.5833,11,0.183333,116,1.93333,98.22,0,0,0,0,0.04,0,0,0,168,104,0.0038,0.0068,0.0094,0.0137,0.0168,0.0192,0.0235,0.0301,80.02,0.08,0
2025-12-28 11:56:06,0,0,31.19,0,16,768,12.8,7,0.116667,58,0.966667,85.88,0,0,0,0,0.03,0,0,0,160,102,0.0033,0.0059,0.0082,0.0119,0.0147,0.0169,0.0205,0.0266,69.55,0.07,0
2025-12-28 11:57:06,0,0,31.25,0,16,1189,19.8167,14,0.233333,96,1.6,99.2,0,0,0,0,0.04,0,0,0,218,156,0.0039,0.0069,0.0095,0.0139,0.0169,0.0193,0.0236,0.0302,81.51,0.08,0
2025-12-28 11:58:06,0,0,31,0,1,771,12.85,6,0.1,47,0.783333,45,0,0,0,0,0.02,0,0,0,175,102,0.0017,0.003,0.0041,0.0062,0.0077,0.0089,0.011,0.0142,35.08,0.04,0
2025-12-28 11:59:06,0,0,31.25,0,1,947,15.7833,15,0.25,53,0.883333,51.37,0,0,0,0,0.02,0,0,0,160,101,0.0019,0.0035,0.0048,0.0072,0.0088,0.0101,0.0124,0.0159,41.17,0.04,0
2025-12-28 12:00:06,0,0,31.25,0,16,1597,26.6167,48,0.8,122,2.03333,129.09,0,0,0,0,0.05,0,0,0,192,138,0.0049,0.0087,0.0123,0.018,0.0219,0.0252,0.0307,0.039,105.33,0.1,0
2025-12-28 12:01:06,0,0,31.12,0,1,75,1.25,0,0,4,0.0666667,69.23,0,0,0,0,0.03,0,0,0,194,150,0.0027,0.0046,0.0063,0.0095,0.012,0.0145,0.0176,0.0232,50.9,0.06,0
2025-12-28 12:02:06,0,0,30.81,0,1,350,5.83333,10,0.166667,27,0.45,61.67,0,0,0,0,0.03,0,0,0,199,157,0.0024,0.0041,0.0056,0.0085,0.0107,0.0129,0.0157,0.0207,45.28,0.06,0
2025-12-28 12:03:06,0,0,30.5,0,16,3268,54.4667,82,1.36667,256,4.26667,65.49,0,0,0,0,0.03,0,0,0,201,174,0.0026,0.0045,0.0063,0.0093,0.0112,0.013,0.0157,0.0204,53.07,0.06,0
2025-12-28 12:04:06,0,0,30.88,0,1,1427,23.7833,20,0.333333,108,1.8,66.51,0,0,0,0,0.03,0,0,0,160,100,0.0026,0.0046,0.0063,0.0093,0.0114,0.0132,0.0158,0.0205,53.4,0.06,0
2025-12-28 12:05:06,0,0,30.81,0,1,183,3.05,0,0,16,0.266667,31.29,0,0,0,0,0.02,0,0,0,156,100,0.0013,0.0024,0.0031,0.0046,0.0055,0.0064,0.0077,0.0103,25,0.03,0
2025-12-28 12:06:06,0,0,30.94,0,1,4563,76.05,103,1.71667,319,5.31667,26.46,0,0,0,0,0.01,0,0,0,173,112,0.0011,0.002,0.0027,0.0038,0.0047,0.0054,0.0065,0.009,21.1,0.03,0
2025-12-28 12:07:06,0,0,30.38,0,1,8886,148.1,245,4.08333,605,10.0833,28.8,0,0,0,0,0.01,0,0,0,161,106,0.0012,0.0022,0.003,0.0041,0.0049,0.0055,0.0065,0.0084,25.8,0.02,0
2025-12-28 12:08:06,0,0,30.12,0,1,9386,156.433,223,3.71667,428,7.13333,16.9,0,0,0,0,0.01,0,0,0,224,158,6e-04,0.001,0.0013,0.002,0.0031,0.0035,0.0044,0.0056,10.24,0.01,0
2025-12-28 12:09:06,0,0,29.94,0,1,3726,62.1,75,1.25,260,4.33333,20.26,0,0,0,0,0.01,0,0,0,189,104,8e-04,0.0016,0.0021,0.0029,0.0035,0.004,0.0047,0.0065,17.42,0.02,0
2025-12-28 12:10:06,0,0,29.94,0,1,435,7.25,1,0.0166667,41,0.683333,17.82,0,0,0,0,0.01,0,0,0,219,152,8e-04,0.0015,0.0019,0.0026,0.0031,0.0036,0.0043,0.0063,15.17,0.02,0
2025-12-28 12:11:06,0,0,29.75,0,1,397,6.61667,0,0,23,0.383333,20.18,0,0,0,0,0.01,0,0,0,188,102,9e-04,0.0017,0.0021,0.003,0.0035,0.0041,0.0049,0.0069,17.27,0.02,0
2025-12-28 12:12:06,0,0,29.75,0,1,153,2.55,0,0,11,0.183333,19.34,0,0,0,0,0.01,0,0,0,183,102,8e-04,0.0016,0.002,0.0029,0.0034,0.0039,0.0046,0.0067,16.48,0.02,0
2025-12-28 12:13:06,0,0,29.81,0,1,115,1.91667,2,0.0333333,6,0.1,19.36,0,0,0,0,0.01,0,0,0,169,102,9e-04,0.0016,0.0021,0.0029,0.0034,0.0039,0.0047,0.0067,16.64,0.02,0
2025-12-28 12:14:06,0,0,30.06,0,1,172,2.86667,0,0,13,0.216667,19.49,0,0,0,0,0.01,0,0,0,150,100,8e-04,0.0016,0.002,0.0029,0.0034,0.004,0.0047,0.0068,16.56,0.02,0
2025-12-28 12:15:06,0,0,30.25,0,1,4,0.0666667,0,0,0,0,20.41,0,0,0,0,0.01,0,0,0,149,100,9e-04,0.0017,0.0022,0.003,0.0035,0.0041,0.0049,0.007,17.53,0.02,0
2025-12-28 12:16:06,0,0,30.44,0,1,8,0.133333,0,0,0,0,20.45,0,0,0,0,0.01,0,0,0,147,99,9e-04,0.0016,0.0021,0.003,0.0035,0.0041,0.0049,0.007,17.44,0.02,0
2025-12-28 12:17:06,0,0,30.5,0,1,0,0,0,0,0,0,19.7,0,0,0,0,0.01,0,0,0,153,99,8e-04,0.0016,0.0021,0.0029,0.0034,0.004,0.0048,0.0068,16.77,0.02,0
2025-12-28 12:18:06,0,0,30.69,0,1,0,0,0,0,0,0,19.33,0,0,0,0,0.01,0,0,0,149,99,8e-04,0.0016,0.002,0.0028,0.0034,0.0039,0.0047,0.0067,16.47,0.02,0
2025-12-28 12:19:06,0,0,30.75,0,1,48,0.8,0,0,2,0.0333333,19.37,0,0,0,0,0.01,0,0,0,150,100,8e-04,0.0016,0.002,0.0029,0.0034,0.0039,0.0047,0.0068,16.48,0.02,0
2025-12-28 12:20:06,0,0,30.25,0,16,4759,79.3167,113,1.88333,366,6.1,66.05,0,0,0,0,0.02,0,0,0,213,158,0.0025,0.0045,0.0062,0.0091,0.0113,0.0129,0.0157,0.0199,52.79,0.05,0
2025-12-28 12:21:06,0,0,30.38,0,1,8725,145.417,276,4.6,449,7.48333,34.38,0,0,0,0,0.01,0,0,0,184,137,0.0011,0.0022,0.003,0.0044,0.0057,0.007,0.0082,0.0091,26.36,0.02,0
2025-12-28 12:22:06,0,0,30.38,0,16,4674,77.9,154,2.56667,198,3.3,25.6,0,0,0,0,0,0,0,0,176,111,3e-04,7e-04,9e-04,0.002,0.004,0.0065,0.007,0.0043,10.07,0.01,0
2025-12-28 12:23:06,0,0,30.12,0,16,6362,106.033,186,3.1,413,6.88333,98.05,0,0,0,0,0.03,0,0,0,182,128,0.0037,0.0067,0.0093,0.0134,0.0168,0.0191,0.0228,0.0293,79.83,0.08,0
2025-12-28 12:24:06,0,0,29.69,0,16,524,8.73333,0,0,50,0.833333,97.26,0,0,0,0,0.04,0,0,0,205,155,0.0037,0.0067,0.0093,0.0137,0.0166,0.0189,0.023,0.0292,79.69,0.08,0
2025-12-28 12:25:06,0,0,29.56,0,16,756,12.6,0,0,71,1.18333,99.93,0,0,0,0,0.04,0,0,0,201,151,0.0038,0.007,0.0096,0.0141,0.017,0.0193,0.0235,0.0297,82.69,0.08,0
2025-12-28 12:26:06,0,0,29.62,0,16,356,5.93333,1,0.0166667,32,0.533333,80.31,0,0,0,0,0.03,0,0,0,201,151,0.003,0.0052,0.0074,0.011,0.0139,0.0161,0.0195,0.0254,61.24,0.07,0
2025-12-28 12:27:06,0,0,29.69,0,16,78,1.3,0,0,5,0.0833333,79.53,0,0,0,0,0.03,0,0,0,195,150,0.003,0.0053,0.0075,0.0111,0.0137,0.0159,0.0192,0.0251,62.37,0.07,0
2025-12-28 12:28:06,0,0,29.94,0,16,513,8.55,1,0.0166667,48,0.8,79.82,0,0,0,0,0.03,0,0,0,184,138,0.003,0.0053,0.0075,0.0112,0.0137,0.0159,0.0193,0.0252,62.48,0.07,0
2025-12-28 12:29:06,0,0,29.75,0,16,448,7.46667,4,0.0666667,27,0.45,73.49,0,0,0,0,0.03,0,0,0,204,152,0.0028,0.0049,0.007,0.0103,0.0126,0.0145,0.0176,0.0229,58.33,0.06,0
2025-12-28 12:30:06,0,0,29.88,0,16,1499,24.9833,14,0.233333,162,2.7,69.72,0,0,0,0,0.03,0,0,0,170,124,0.0026,0.0047,0.0066,0.0098,0.012,0.0139,0.0169,0.0221,54.48,0.06,0
2025-12-28 12:31:06,0,0,30.19,0,16,1420,23.6667,10,0.166667,158,2.63333,86.06,0,0,0,0,0.03,0,0,0,171,120,0.0034,0.006,0.0084,0.0121,0.0147,0.0167,0.0201,0.0259,71.37,0.07,0
2025-12-28 12:32:06,0,0,30.06,0,1,4608,76.8,93,1.55,321,5.35,47.39,0,0,0,0,0.02,0,0,0,192,158,0.0018,0.0032,0.0044,0.0063,0.0083,0.0094,0.0112,0.0147,36.55,0.04,0
2025-12-28 12:33:06,0,0,30.12,0,16,1752,29.2,14,0.233333,206,3.43333,78.02,0,0,0,0,0.03,0,0,0,181,134,0.003,0.0053,0.0074,0.0109,0.0133,0.0153,0.0185,0.0238,63.31,0.06,0
2025-12-28 12:34:06,0,0,30.19,0,16,2501,41.6833,37,0.616667,265,4.41667,100.04,0,0,0,0,0.04,0,0,0,198,147,0.0037,0.0068,0.0094,0.0139,0.017,0.0192,0.0237,0.0294,81.92,0.08,0
2025-12-28 12:35:06,0,0,30.31,0,16,1312,21.8667,2,0.0333333,138,2.3,95.22,0,0,0,0,0.03,0,0,0,195,146,0.0035,0.0065,0.0089,0.0134,0.0161,0.0182,0.0227,0.0276,78.17,0.07,0
2025-12-28 12:36:06,0,0,30.44,0,16,1477,24.6167,9,0.15,171,2.85,97.13,0,0,0,0,0.03,0,0,0,188,139,0.0037,0.0067,0.0093,0.0136,0.0165,0.0186,0.0228,0.0284,80.78,0.08,0
2025-12-28 12:37:06,0,0,30.31,0,16,1038,17.3,6,0.1,125,2.08333,90.84,0,0,0,0,0.03,0,0,0,203,152,0.0034,0.0061,0.0086,0.0127,0.0154,0.0175,0.0215,0.0269,74.07,0.07,0
2025-12-28 12:38:06,0,0,30.44,0,16,492,8.2,1,0.0166667,43,0.716667,84.34,0,0,0,0,0.03,0,0,0,206,153,0.0031,0.0058,0.008,0.0118,0.0144,0.0163,0.02,0.025,68.74,0.07,0
2025-12-28 12:39:06,0,0,30.25,0,16,108,1.8,0,0,7,0.116667,88.83,0,0,0,0,0.03,0,0,0,199,149,0.0033,0.0061,0.0085,0.0124,0.0151,0.0171,0.0209,0.0261,73.24,0.07,0
2025-12-28 12:40:06,0,0,30.44,0,16,539,8.98333,2,0.0333333,48,0.8,79.36,0,0,0,0,0.03,0,0,0,207,154,0.003,0.0054,0.0075,0.0111,0.0135,0.0153,0.0188,0.0235,64.88,0.06,0
2025-12-28 12:41:06,0,0,30.44,0,16,971,16.1833,0,0,113,1.88333,70.23,0,0,0,0,0.03,0,0,0,205,150,0.0026,0.0048,0.0066,0.0099,0.012,0.0136,0.0169,0.021,56.67,0.06,0
2025-12-28 12:42:06,0,0,30.75,0,1,12297,204.95,423,7.05,534,8.9,38.87,0,0,0,0,0.02,0,0,0,199,158,0.0015,0.0027,0.0038,0.0055,0.0066,0.0075,0.0092,0.0119,32.32,0.03,0
2025-12-28 12:43:06,0,0,30.75,0,1,7365,122.75,218,3.63333,408,6.8,22.95,0,0,0,0,0,0,0,0,195,151,3e-04,7e-04,9e-04,0.002,0.0035,0.0057,0.0064,0.0043,10.05,0.01,0
2025-12-28 12:44:06,0,0,30.31,0,16,6283,104.717,211,3.51667,315,5.25,45.89,0,0,0,0,0.02,0,0,0,197,143,0.0019,0.0035,0.0047,0.0068,0.0076,0.0087,0.0106,0.0129,41.4,0.04,0
2025-12-28 12:45:06,0,0,30.19,0,16,4998,83.3,143,2.38333,203,3.38333,63.7,0,0,0,0,0.02,0,0,0,183,136,0.0024,0.0044,0.0061,0.009,0.0108,0.0123,0.0152,0.0189,52.56,0.05,0
2025-12-28 12:46:06,0,0,30,0,8,8182,136.367,244,4.06667,495,8.25,45.46,0,0,0,0,0.01,0,0,0,187,141,0.0019,0.0037,0.0049,0.0065,0.0076,0.0083,0.0095,0.0121,44.09,0.03,0
2025-12-28 12:47:06,0,0,30.31,0,1,362,6.03333,4,0.0666667,29,0.483333,18.84,0,0,0,0,0.01,0,0,0,185,132,7e-04,0.0013,0.0017,0.0026,0.0032,0.0037,0.0046,0.0057,14.62,0.02,0
2025-12-28 12:48:06,0,0,30.25,0,1,1686,28.1,10,0.166667,111,1.85,41.11,0,0,0,0,0.01,0,0,0,162,118,0.0015,0.003,0.004,0.0055,0.0071,0.0079,0.0093,0.012,34.49,0.03,0
2025-12-28 12:49:06,0,0,29.75,0,16,5138,85.6333,96,1.6,389,6.48333,18.12,0,0,0,0,0.01,0,0,0,190,132,7e-04,0.0014,0.0018,0.0026,0.0031,0.0037,0.0044,0.006,15.15,0.02,0
2025-12-28 12:50:06,0,0,29.25,0,1,7504,125.067,210,3.5,370,6.16667,16.82,0,0,0,0,0.01,0,0,0,221,160,7e-04,0.0014,0.0018,0.0025,0.0029,0.0033,0.0039,0.0054,15.33,0.01,0
2025-12-28 12:51:06,0,0,29,0,1,2512,41.8667,54,0.9,150,2.5,49.98,0,0,0,0,0.02,0,0,0,227,160,0.002,0.0039,0.0053,0.0072,0.0084,0.0094,0.0109,0.0141,46.55,0.04,0
2025-12-28 12:52:06,0,0,29.31,0,16,2831,47.1833,95,1.58333,137,2.28333,55.62,0,0,0,0,0.01,0,0,0,203,160,0.0025,0.0049,0.0065,0.0083,0.009,0.0097,0.0113,0.0139,59.38,0.04,0
2025-12-28 12:53:06,0,0,29.62,0,16,2421,40.35,71,1.18333,132,2.2,153.71,0,0,0,0,0.03,0,0,0,211,151,0.0072,0.0141,0.0184,0.0231,0.0247,0.0257,0.0286,0.0341,173.51,0.1,0
2025-12-28 12:54:06,0,0,29.25,0,4,2447,40.7833,53,0.883333,158,2.63333,99.08,0,0,0,0,0.02,0,0,0,227,163,0.0043,0.0084,0.0112,0.0146,0.0162,0.0173,0.0195,0.0238,103.02,0.07,0
2025-12-28 12:55:06,0,0,29,0,1,5123,85.3833,158,2.63333,322,5.36667,37.51,0,0,0,0,0.01,0,0,0,224,163,0.0015,0.0029,0.0038,0.0052,0.0065,0.0074,0.0089,0.0124,31.94,0.03,0
2025-12-28 12:56:06,0,0,28.69,0,1,740,12.3333,10,0.166667,64,1.06667,29.84,0,0,0,0,0.01,0,0,0,230,163,0.0013,0.0024,0.0032,0.0044,0.0051,0.0059,0.007,0.0099,26.52,0.03,0
2025-12-28 12:57:06,0,0,28.81,0,32,1973,32.8833,24,0.4,158,2.63333,14.8,0,0,0,0,0.01,0,0,0,182,125,8e-04,0.0013,0.0016,0.0023,0.0027,0.0032,0.0038,0.006,11.97,0.02,0
2025-12-28 12:58:06,0,0,28.75,0,16,2783,46.3833,60,1,163,2.71667,48.04,0,0,0,0,0.02,0,0,0,219,160,0.0018,0.0034,0.0047,0.0069,0.0081,0.0092,0.0113,0.0141,40.59,0.04,0
2025-12-28 12:59:06,0,0,28.94,0,16,749,12.4833,2,0.0333333,73,1.21667,52.72,0,0,0,0,0.02,0,0,0,208,153,0.0019,0.0035,0.0049,0.0074,0.009,0.0101,0.0127,0.0155,42.47,0.04,0
2025-12-28 13:00:06,0,0,28.94,0,16,309,5.15,0,0,24,0.4,52.66,0,0,0,0,0.02,0,0,0,207,153,0.0019,0.0036,0.0049,0.0074,0.009,0.0101,0.0127,0.0155,42.48,0.04,0
2025-12-28 13:01:06,0,0,29.25,0,16,981,16.35,2,0.0333333,95,1.58333,50.54,0,0,0,0,0.02,0,0,0,210,155,0.0018,0.0035,0.0048,0.0072,0.0086,0.0096,0.0122,0.0147,41.54,0.04,0
2025-12-28 13:02:06,0,0,29.38,0,16,1211,20.1833,3,0.05,136,2.26667,57.76,0,0,0,0,0.02,0,0,0,211,152,0.0021,0.0039,0.0054,0.0081,0.0098,0.011,0.0138,0.0167,47.07,0.05,0
2025-12-28 13:03:06,0,0,29.62,0,16,629,10.4833,0,0,57,0.95,57.72,0,0,0,0,0.02,0,0,0,167,110,0.0021,0.0039,0.0054,0.0081,0.0098,0.011,0.0138,0.0167,47.38,0.05,0
2025-12-28 13:04:06,0,0,29.5,0,16,518,8.63333,2,0.0333333,51,0.85,50.73,0,0,0,0,0.02,0,0,0,203,150,0.0018,0.0034,0.0047,0.0071,0.0086,0.0096,0.0123,0.0147,40.78,0.04,0
2025-12-28 13:05:06,0,0,30,0,16,1456,24.2667,6,0.1,153,2.55,58.77,0,0,0,0,0.02,0,0,0,168,108,0.0022,0.004,0.0056,0.0082,0.01,0.0112,0.014,0.017,48.52,0.05,0
2025-12-28 13:06:06,0,0,29.88,0,16,1522,25.3667,27,0.45,109,1.81667,48.24,0,0,0,0,0.02,0,0,0,174,119,0.0017,0.0032,0.0045,0.0067,0.0082,0.0092,0.0117,0.014,38.75,0.04,0
2025-12-28 13:07:06,0,0,29.94,0,16,742,12.3667,0,0,70,1.16667,48.36,0,0,0,0,0.02,0,0,0,198,143,0.0017,0.0033,0.0045,0.0067,0.0082,0.0092,0.0117,0.014,38.99,0.04,0
2025-12-28 13:08:06,0,0,30,0,16,533,8.88333,2,0.0333333,43,0.716667,46.69,0,0,0,0,0.02,0,0,0,178,125,0.0017,0.0032,0.0043,0.0066,0.0079,0.0088,0.0113,0.0134,37.89,0.04,0
2025-12-28 13:09:06,0,0,30.19,0,16,1079,17.9833,2,0.0333333,125,2.08333,47.04,0,0,0,0,0.02,0,0,0,194,142,0.0017,0.0032,0.0043,0.0066,0.008,0.0088,0.0114,0.0134,38.39,0.04,0
2025-12-28 13:10:06,0,0,30.62,0,16,1356,22.6,16,0.266667,144,2.4,48.35,0,0,0,0,0.02,0,0,0,172,116,0.0017,0.0034,0.0045,0.0068,0.0082,0.009,0.0117,0.0135,40.04,0.04,0
2025-12-28 13:11:06,0,0,30.69,0,16,1330,22.1667,2,0.0333333,132,2.2,43.69,0,0,0,0,0.02,0,0,0,163,110,0.0016,0.003,0.0041,0.0061,0.0074,0.0082,0.0106,0.0126,35.62,0.03,0
2025-12-28 13:12:06,0,0,30.69,0,16,1418,23.6333,19,0.316667,136,2.26667,41.89,0,0,0,0,0.02,0,0,0,188,135,0.0015,0.0029,0.0039,0.0059,0.0071,0.0079,0.0102,0.012,34.34,0.03,0
2025-12-28 13:13:06,0,0,30.81,0,16,1539,25.65,6,0.1,150,2.5,41.28,0,0,0,0,0.01,0,0,0,189,136,0.0015,0.0029,0.0039,0.0058,0.007,0.0078,0.0099,0.0118,34.21,0.03,0
2025-12-28 13:14:06,0,0,30.62,0,16,1031,17.1833,3,0.05,115,1.91667,41,0,0,0,0,0.01,0,0,0,198,144,0.0015,0.0029,0.0039,0.0058,0.007,0.0077,0.0099,0.0118,34.19,0.03,0
2025-12-28 13:15:06,0,0,30.88,0,16,1425,23.75,4,0.0666667,148,2.46667,41.6,0,0,0,0,0.02,0,0,0,174,118,0.0015,0.0029,0.004,0.0059,0.0071,0.0078,0.0099,0.0119,34.73,0.03,0
2025-12-28 13:16:06,0,0,30.69,0,16,1162,19.3667,3,0.05,123,2.05,35.22,0,0,0,0,0.01,0,0,0,203,148,0.0013,0.0025,0.0033,0.005,0.006,0.0066,0.0085,0.0101,29.06,0.03,0
2025-12-28 13:17:06,0,0,30.94,0,16,1760,29.3333,22,0.366667,166,2.76667,36.19,0,0,0,0,0.01,0,0,0,167,106,0.0013,0.0026,0.0035,0.0052,0.0061,0.0067,0.0086,0.0102,30.9,0.03,0
2025-12-28 13:18:06,0,0,30.94,0,16,653,10.8833,0,0,60,1,35,0,0,0,0,0.01,0,0,0,192,136,0.0013,0.0024,0.0033,0.005,0.0059,0.0066,0.0085,0.01,28.86,0.03,0
2025-12-28 13:19:06,0,0,30.88,0,16,501,8.35,0,0,44,0.733333,35.46,0,0,0,0,0.01,0,0,0,205,150,0.0013,0.0025,0.0033,0.0049,0.0061,0.0067,0.0086,0.0102,28.69,0.03,0
2025-12-28 13:20:06,0,0,30.75,0,16,1443,24.05,20,0.333333,149,2.48333,34.81,0,0,0,0,0.01,0,0,0,192,138,0.0013,0.0024,0.0033,0.0049,0.0059,0.0065,0.0084,0.0099,28.88,0.03,0
2025-12-28 13:21:06,0,0,30.81,0,16,1747,29.1167,17,0.283333,174,2.9,32.54,0,0,0,0,0.01,0,0,0,204,151,0.0012,0.0023,0.0031,0.0046,0.0055,0.0061,0.0079,0.0092,26.98,0.03,0
2025-12-28 13:22:06,0,0,31,0,16,1713,28.55,11,0.183333,198,3.3,32.35,0,0,0,0,0.01,0,0,0,184,128,0.0012,0.0023,0.003,0.0046,0.0055,0.006,0.0078,0.0091,26.81,0.03,0
2025-12-28 13:23:06,0,0,30.94,0,16,1733,28.8833,22,0.366667,208,3.46667,34.39,0,0,0,0,0.01,0,0,0,189,134,0.0012,0.0025,0.0032,0.0049,0.0058,0.0064,0.0083,0.0096,28.79,0.03,0
2025-12-28 13:24:06,0,0,31.19,0,16,1685,28.0833,5,0.0833333,199,3.31667,33.92,0,0,0,0,0.01,0,0,0,184,128,0.0012,0.0024,0.0032,0.0048,0.0058,0.0063,0.0081,0.0095,28.44,0.03,0
2025-12-28 13:25:06,0,0,31.19,0,16,3016,50.2667,47,0.783333,334,5.56667,32.29,0,0,0,0,0.01,0,0,0,203,150,0.0012,0.0023,0.003,0.0046,0.0055,0.006,0.0079,0.009,26.74,0.03,0
2025-12-28 13:26:06,0,0,30.88,0,16,1026,17.1,7,0.116667,119,1.98333,31.58,0,0,0,0,0.01,0,0,0,202,148,0.0011,0.0023,0.003,0.0045,0.0054,0.0058,0.0076,0.0088,26.37,0.02,0
2025-12-28 13:27:06,0,0,31.19,0,16,1281,21.35,5,0.0833333,141,2.35,29.89,0,0,0,0,0.01,0,0,0,175,117,0.0011,0.0022,0.0028,0.0043,0.0051,0.0055,0.0073,0.0082,25.08,0.02,0
2025-12-28 13:28:06,0,0,31.12,0,16,613,10.2167,0,0,61,1.01667,28.07,0,0,0,0,0.01,0,0,0,190,134,0.001,0.002,0.0027,0.004,0.0048,0.0052,0.0068,0.0078,23.64,0.02,0
2025-12-28 13:29:06,0,0,31.44,0,16,1379,22.9833,4,0.0666667,167,2.78333,26.29,0,0,0,0,0.01,0,0,0,161,108,0.001,0.002,0.0025,0.0038,0.0045,0.0048,0.0064,0.0072,22.55,0.02,0
2025-12-28 13:30:06,0,0,31.06,0,16,2060,34.3333,16,0.266667,248,4.13333,23.36,0,0,0,0,0.01,0,0,0,207,154,8e-04,0.0017,0.0022,0.0034,0.004,0.0043,0.0057,0.0064,19.71,0.02,0
2025-12-28 13:31:06,0,0,31,0,1,6629,110.483,176,2.93333,408,6.8,25.83,0,0,0,0,0.01,0,0,0,185,121,0.0011,0.0022,0.0028,0.0038,0.0044,0.0049,0.006,0.008,23.87,0.02,0
2025-12-28 13:32:06,0,0,31.19,0,16,8812,146.867,257,4.28333,533,8.88333,86.07,0,0,0,0,0.02,0,0,0,174,107,0.0043,0.0085,0.011,0.0139,0.0134,0.0143,0.0162,0.02,103.59,0.06,0
2025-12-28 13:33:06,0,0,30.62,0,1,7163,119.383,181,3.01667,442,7.36667,42.52,0,0,0,0,0.01,0,0,0,212,158,0.0021,0.004,0.0051,0.0065,0.0069,0.0071,0.008,0.0096,48.01,0.03,0
2025-12-28 13:34:06,0,0,29.94,0,16,3592,59.8667,76,1.26667,203,3.38333,20.86,0,0,0,0,0.01,0,0,0,222,156,8e-04,0.0017,0.0022,0.0031,0.0035,0.0038,0.0047,0.0056,19.32,0.02,0
2025-12-28 13:35:06,0,0,30.19,0,1,15921,265.35,428,7.13333,579,9.65,140.8,0,0,0,0,0.03,0,0,0,210,153,0.0066,0.0132,0.0169,0.021,0.0227,0.0235,0.0262,0.0317,159.78,0.09,0
2025-12-28 13:36:06,0,0,30.06,0,1,2714,45.2333,27,0.45,214,3.56667,59.47,0,0,0,0,0.02,0,0,0,194,120,0.0023,0.0048,0.0063,0.0086,0.0099,0.0113,0.0134,0.0175,55.28,0.05,0
2025-12-28 13:37:06,0,0,30,0,1,1614,26.9,15,0.25,134,2.23333,53.96,0,0,0,0,0.02,0,0,0,210,140,0.0021,0.0043,0.0056,0.0077,0.009,0.0102,0.0123,0.0161,49.51,0.04,0
2025-12-28 13:38:06,0,0,30.06,0,1,4220,70.3333,97,1.61667,308,5.13333,60.1,0,0,0,0,0.02,0,0,0,153,128,0.0024,0.0049,0.0064,0.0086,0.0101,0.0114,0.0135,0.0177,55.89,0.05,0
2025-12-28 13:39:06,0,0,29.94,0,1,3832,63.8667,86,1.43333,248,4.13333,59.01,0,0,0,0,0.02,0,0,0,197,128,0.0023,0.0048,0.0063,0.0085,0.0098,0.0111,0.0132,0.0173,55.59,0.05,0
2025-12-28 13:40:06,0,0,30.25,0,16,4564,76.0667,72,1.2,439,7.31667,62.21,0,0,0,0,0.02,0,0,0,153,107,0.0025,0.0052,0.0067,0.0091,0.0104,0.0117,0.0139,0.0181,59.13,0.05,0
2025-12-28 13:41:06,0,0,30.19,0,4,5450,90.8333,125,2.08333,373,6.21667,63.83,0,0,0,0,0.02,0,0,0,198,142,0.0025,0.0053,0.0069,0.0092,0.0107,0.012,0.0142,0.0186,60.37,0.05,0
2025-12-28 13:42:06,0,0,29.88,0,16,3552,59.2,56,0.933333,281,4.68333,58.82,0,0,0,0,0.02,0,0,0,220,154,0.0023,0.0048,0.0063,0.0085,0.0098,0.011,0.0131,0.0171,55.41,0.05,0
2025-12-28 13:43:06,0,0,30,0,1,5070,84.5,100,1.66667,404,6.73333,55.13,0,0,0,0,0.02,0,0,0,164,116,0.0022,0.0045,0.0059,0.008,0.0092,0.0104,0.0124,0.0163,51.69,0.04,0
2025-12-28 13:44:06,0,0,29.69,0,16,3302,55.0333,51,0.85,262,4.36667,54.04,0,0,0,0,0.02,0,0,0,200,123,0.0022,0.0045,0.0058,0.0079,0.0091,0.0102,0.0121,0.016,50.58,0.04,0
2025-12-28 13:45:06,0,0,29.75,0,4,3976,66.2667,52,0.866667,298,4.96667,60.44,0,0,0,0,0.02,0,0,0,195,124,0.0024,0.005,0.0065,0.0088,0.0101,0.0113,0.0134,0.0175,57.33,0.05,0
2025-12-28 13:46:06,0,0,29.69,0,1,2766,46.1,62,1.03333,174,2.9,49.95,0,0,0,0,0.02,0,0,0,190,143,0.002,0.0041,0.0054,0.0073,0.0084,0.0094,0.0112,0.0148,47.01,0.04,0
2025-12-28 13:47:06,0,0,29.44,0,1,3820,63.6667,107,1.78333,180,3,42.81,0,0,0,0,0.02,0,0,0,224,160,0.0017,0.0036,0.0046,0.0062,0.0072,0.0081,0.0096,0.013,39.96,0.04,0
2025-12-28 13:48:06,0,0,29.75,0,1,1977,32.95,44,0.733333,126,2.1,53.74,0,0,0,0,0.02,0,0,0,192,111,0.0022,0.0045,0.0059,0.0079,0.009,0.0101,0.012,0.0158,51,0.04,0
2025-12-28 13:49:06,0,0,29.69,0,1,5147,85.7833,153,2.55,273,4.55,68.84,0,0,0,0,0.02,0,0,0,178,120,0.0028,0.0058,0.0076,0.0101,0.0114,0.0127,0.0149,0.0193,67.53,0.05,0
2025-12-28 13:50:06,0,0,29.81,0,1,4990,83.1667,110,1.83333,324,5.4,63.61,0,0,0,0,0.02,0,0,0,181,112,0.0025,0.0053,0.007,0.0093,0.0105,0.0116,0.0137,0.0176,62.06,0.05,0
2025-12-28 13:51:06,0,0,29.69,0,1,3076,51.2667,44,0.733333,225,3.75,53.69,0,0,0,0,0.02,0,0,0,203,118,0.0022,0.0045,0.0058,0.0079,0.009,0.0101,0.012,0.0158,50.87,0.04,0
2025-12-28 13:52:06,0,0,29.44,0,16,3294,54.9,57,0.95,240,4,55.09,0,0,0,0,0.02,0,0,0,210,151,0.0022,0.0046,0.006,0.0081,0.0092,0.0104,0.0124,0.0164,52.16,0.04,0
2025-12-28 13:53:06,0,0,29.75,0,16,4043,67.3833,79,1.31667,321,5.35,56.82,0,0,0,0,0.02,0,0,0,192,123,0.0023,0.0047,0.0062,0.0083,0.0095,0.0107,0.0126,0.0166,53.89,0.05,0
2025-12-28 13:54:06,0,0,29.56,0,16,1040,17.3333,10,0.166667,86,1.43333,60,0,0,0,0,0.02,0,0,0,183,119,0.0024,0.005,0.0065,0.0087,0.01,0.0112,0.0133,0.0173,57.2,0.05,0
2025-12-28 13:55:06,0,0,29.12,0,1,4765,79.4167,83,1.38333,357,5.95,53.87,0,0,0,0,0.02,0,0,0,203,125,0.0022,0.0046,0.006,0.008,0.0089,0.0101,0.0119,0.0156,52.52,0.04,0
2025-12-28 13:56:06,0,0,29.5,0,1,6331,105.517,181,3.01667,410,6.83333,202.74,0,0,0,0,0.06,0,0,0,198,142,0.0093,0.0171,0.0212,0.0259,0.0352,0.037,0.0422,0.0535,190.03,0.14,0
2025-12-28 13:57:06,0,0,28.88,0,1,7816,130.267,224,3.73333,448,7.46667,66.45,0,0,0,0,0.02,0,0,0,215,152,0.0028,0.0055,0.0073,0.0097,0.011,0.0122,0.0144,0.0188,65.1,0.05,0
2025-12-28 13:58:06,0,0,29.06,0,1,3242,54.0333,89,1.48333,196,3.26667,19.64,0,0,0,0,0,0,0,0,204,122,2e-04,5e-04,6e-04,0.0015,0.003,0.0051,0.0056,0.0035,6.89,0.01,0
2025-12-28 13:59:06,0,0,29.06,0,1,4191,69.85,111,1.85,245,4.08333,52.21,0,0,0,0,0,0,0,0,198,150,6e-04,0.0013,0.0017,0.0041,0.008,0.0131,0.0141,0.0083,20.49,0.02,0
2025-12-28 14:00:06,0,0,28.62,0,4,2413,40.2167,30,0.5,212,3.53333,82.1,0,0,0,0,0,0,0,0,223,157,0.001,0.0022,0.0028,0.0066,0.0126,0.0205,0.0219,0.0126,33.5,0.03,0
2025-12-28 14:01:06,0,0,28.88,0,16,4431,73.85,110,1.83333,263,4.38333,8.38,0,0,0,0,0,0,0,0,209,152,3e-04,7e-04,9e-04,0.0013,0.0014,0.0015,0.002,0.0022,7.96,0.01,0
2025-12-28 14:02:06,0,0,28.88,0,16,1734,28.9,10,0.166667,191,3.18333,12.73,0,0,0,0,0,0,0,0,177,128,4e-04,0.001,0.0012,0.0019,0.0022,0.0021,0.0032,0.0026,11.44,0.01,0
2025-12-28 14:03:06,0,0,28.69,0,16,1150,19.1667,8,0.133333,119,1.98333,12.82,0,0,0,0,0,0,0,0,211,153,4e-04,0.0011,0.0012,0.0019,0.0022,0.0021,0.0032,0.0027,11.53,0.01,0
2025-12-28 14:04:06,0,0,28.56,0,16,1744,29.0667,13,0.216667,248,4.13333,12.51,0,0,0,0,0,0,0,0,208,153,4e-04,0.001,0.0011,0.0019,0.0021,0.002,0.0031,0.0025,11.2,0.01,0
2025-12-28 14:05:06,0,0,28.81,0,16,1238,20.6333,2,0.0333333,148,2.46667,12.86,0,0,0,0,0,0,0,0,211,155,4e-04,0.0011,0.0012,0.0019,0.0022,0.0021,0.0032,0.0026,11.68,0.01,0
2025-12-28 14:06:06,0,0,29.12,0,16,1396,23.2667,3,0.05,166,2.76667,12.85,0,0,0,0,0,0,0,0,174,128,4e-04,0.001,0.0012,0.0019,0.0022,0.0021,0.0032,0.0027,11.13,0.01,0
2025-12-28 14:07:06,0,0,29.19,0,16,796,13.2667,2,0.0333333,87,1.45,12.36,0,0,0,0,0,0,0,0,207,151,4e-04,0.001,0.0011,0.0018,0.0021,0.002,0.0031,0.0025,10.84,0.01,0
2025-12-28 14:08:06,0,0,28.94,0,16,517,8.61667,2,0.0333333,47,0.783333,10.21,0,0,0,0,0,0,0,0,227,158,3e-04,8e-04,9e-04,0.0015,0.0017,0.0016,0.0026,0.0021,9.04,0.01,0
2025-12-28 14:09:06,0,0,29.25,0,1,856,14.2667,3,0.05,90,1.5,8.19,0,0,0,0,0,0,0,0,206,151,2e-04,6e-04,8e-04,0.0012,0.0014,0.0013,0.0021,0.0017,7.2,0.01,0
2025-12-28 14:10:06,0,0,29.12,0,1,495,8.25,2,0.0333333,45,0.75,8.15,0,0,0,0,0,0,0,0,227,156,2e-04,6e-04,7e-04,0.0012,0.0014,0.0013,0.0021,0.0017,7.02,0.01,0
2025-12-28 14:11:06,0,0,29.19,0,16,940,15.6667,4,0.0666667,112,1.86667,10.1,0,0,0,0,0,0,0,0,200,146,3e-04,8e-04,9e-04,0.0014,0.0018,0.0016,0.0027,0.0021,8.24,0.01,0
2025-12-28 14:12:06,0,0,29.38,0,16,1861,31.0167,19,0.316667,241,4.01667,11.94,0,0,0,0,0,0,0,0,193,139,3e-04,9e-04,0.0011,0.0017,0.002,0.0019,0.0031,0.0025,10.41,0.01,0
2025-12-28 14:13:06,0,0,29.38,0,16,1290,21.5,5,0.0833333,140,2.33333,10.44,0,0,0,0,0,0,0,0,208,153,3e-04,8e-04,0.001,0.0015,0.0018,0.0018,0.0026,0.0024,9.28,0.01,0
2025-12-28 14:14:06,0,0,29.38,0,16,1723,28.7167,15,0.25,200,3.33333,9.54,0,0,0,0,0,0,0,0,202,149,3e-04,8e-04,9e-04,0.0014,0.0017,0.0016,0.0024,0.0023,8.32,0.01,0
2025-12-28 14:15:06,0,0,29.62,0,16,1054,17.5667,6,0.1,116,1.93333,9.52,0,0,0,0,0,0,0,0,196,143,3e-04,8e-04,9e-04,0.0014,0.0016,0.0016,0.0023,0.0023,8.3,0.01,0
2025-12-28 14:16:06,0,0,29.75,0,16,1384,23.0667,21,0.35,128,2.13333,9.42,0,0,0,0,0,0,0,0,203,150,3e-04,8e-04,9e-04,0.0014,0.0016,0.0016,0.0024,0.0023,8.23,0.01,0
2025-12-28 14:17:06,0,0,30.12,0,16,1155,19.25,6,0.1,136,2.26667,8.93,0,0,0,0,0,0,0,0,157,110,3e-04,7e-04,8e-04,0.0013,0.0015,0.0015,0.0022,0.0022,7.76,0.01,0
2025-12-28 14:18:06,0,0,30.06,0,16,399,6.65,1,0.0166667,28,0.466667,9.23,0,0,0,0,0,0,0,0,174,122,3e-04,7e-04,9e-04,0.0014,0.0016,0.0016,0.0023,0.0022,7.99,0.01,0
2025-12-28 14:19:06,0,0,30,0,16,642,10.7,2,0.0333333,72,1.2,9.37,0,0,0,0,0,0,0,0,207,154,3e-04,8e-04,9e-04,0.0014,0.0016,0.0016,0.0023,0.0022,8.22,0.01,0
2025-12-28 14:20:06,0,0,30.19,0,16,1643,27.3833,14,0.233333,196,3.26667,9.02,0,0,0,0,0,0,0,0,208,153,3e-04,7e-04,9e-04,0.0014,0.0015,0.0015,0.0022,0.0021,8,0.01,0
2025-12-28 14:21:06,0,0,30.25,0,16,1126,18.7667,8,0.133333,110,1.83333,9.29,0,0,0,0,0,0,0,0,205,152,3e-04,8e-04,9e-04,0.0014,0.0016,0.0015,0.0023,0.0022,8.4,0.01,0
2025-12-28 14:22:06,0,0,30.31,0,16,556,9.26667,2,0.0333333,63,1.05,8.59,0,0,0,0,0,0,0,0,183,131,3e-04,7e-04,8e-04,0.0013,0.0015,0.0014,0.0021,0.002,7.59,0.01,0
2025-12-28 14:23:06,0,0,30.44,0,16,262,4.36667,0,0,31,0.516667,9.76,0,0,0,0,0,0,0,0,187,134,3e-04,8e-04,0.001,0.0014,0.0017,0.0016,0.0024,0.0023,8.83,0.01,0
2025-12-28 14:24:06,0,0,30.88,0,16,1127,18.7833,6,0.1,124,2.06667,9.26,0,0,0,0,0,0,0,0,163,111,3e-04,7e-04,9e-04,0.0014,0.0016,0.0015,0.0023,0.0021,8.23,0.01,0
2025-12-28 14:25:06,0,0,30.88,0,16,1985,33.0833,18,0.3,237,3.95,9.22,0,0,0,0,0,0,0,0,168,118,3e-04,8e-04,9e-04,0.0014,0.0016,0.0015,0.0023,0.0021,8.35,0.01,0
2025-12-28 14:26:06,0,0,30.5,0,16,1170,19.5,24,0.4,109,1.81667,9.27,0,0,0,0,0,0,0,0,205,152,3e-04,8e-04,9e-04,0.0014,0.0016,0.0015,0.0023,0.0021,8.36,0.01,0
2025-12-28 14:27:06,0,0,30.44,0,16,5093,84.8833,138,2.3,340,5.66667,7.47,0,0,0,0,0,0,0,0,206,164,2e-04,6e-04,7e-04,0.0011,0.0013,0.0012,0.0019,0.0017,6.73,0.01,0
2025-12-28 14:28:06,0,0,30.5,0,16,1030,17.1667,2,0.0333333,103,1.71667,11.02,0,0,0,0,0,0,0,0,206,152,4e-04,9e-04,0.0011,0.0017,0.0019,0.0018,0.0026,0.0025,10.35,0.01,0
2025-12-28 14:29:06,0,0,30.94,0,16,1285,21.4167,1,0.0166667,147,2.45,10.49,0,0,0,0,0,0,0,0,163,108,4e-04,9e-04,0.0011,0.0016,0.0018,0.0017,0.0025,0.0023,9.94,0.01,0
2025-12-28 14:30:06,0,0,30.88,0,16,1612,26.8667,11,0.183333,190,3.16667,9.77,0,0,0,0,0,0,0,0,204,148,3e-04,8e-04,9e-04,0.0015,0.0017,0.0016,0.0024,0.0021,8.94,0.01,0
2025-12-28 14:31:06,0,0,30.75,0,16,1253,20.8833,9,0.15,125,2.08333,10.28,0,0,0,0,0,0,0,0,202,146,3e-04,9e-04,0.001,0.0015,0.0017,0.0017,0.0025,0.0022,9.62,0.01,0
2025-12-28 14:32:06,0,0,30.75,0,16,175,2.91667,0,0,13,0.216667,9.39,0,0,0,0,0,0,0,0,206,148,3e-04,8e-04,9e-04,0.0014,0.0016,0.0015,0.0023,0.002,8.79,0.01,0
2025-12-28 14:33:06,0,0,30.44,0,16,101,1.68333,0,0,11,0.183333,8.29,0,0,0,0,0,0,0,0,207,154,3e-04,7e-04,8e-04,0.0012,0.0014,0.0014,0.0021,0.0018,7.34,0.01,0
2025-12-28 14:34:06,0,0,30.56,0,16,1061,17.6833,3,0.05,114,1.9,9.29,0,0,0,0,0,0,0,0,211,156,3e-04,8e-04,9e-04,0.0014,0.0016,0.0015,0.0022,0.0019,8.75,0.01,0
2025-12-28 14:35:06,0,0,30.62,0,16,2701,45.0167,50,0.833333,284,4.73333,7.92,0,0,0,0,0,0,0,0,211,158,2e-04,7e-04,8e-04,0.0012,0.0014,0.0013,0.0019,0.0017,7.26,0.01,0
2025-12-28 14:36:06,0,0,30.31,0,16,860,14.3333,4,0.0666667,89,1.48333,8.33,0,0,0,0,0,0,0,0,206,156,2e-04,7e-04,8e-04,0.0013,0.0014,0.0013,0.002,0.0016,7.89,0.01,0
2025-12-28 14:37:06,0,0,30.56,0,16,1358,22.6333,7,0.116667,163,2.71667,7.74,0,0,0,0,0,0,0,0,195,146,2e-04,6e-04,7e-04,0.0012,0.0013,0.0012,0.0019,0.0016,7.13,0.01,0
2025-12-28 14:38:06,0,0,30.75,0,16,1132,18.8667,3,0.05,121,2.01667,8.02,0,0,0,0,0,0,0,0,205,151,2e-04,7e-04,8e-04,0.0012,0.0014,0.0012,0.002,0.0016,7.42,0.01,0
2025-12-28 14:39:06,0,0,31.19,0,16,1829,30.4833,19,0.316667,182,3.03333,9.09,0,0,0,0,0,0,0,0,163,111,3e-04,8e-04,9e-04,0.0014,0.0015,0.0014,0.0021,0.0017,8.97,0.01,0
2025-12-28 14:40:06,0,0,31.06,0,16,5061,84.35,108,1.8,335,5.58333,13.01,0,0,0,0,0.01,0,0,0,215,166,6e-04,0.0011,0.0014,0.002,0.0022,0.0024,0.003,0.0037,12.28,0.01,0
2025-12-28 14:41:06,0,0,30.81,0,1,7637,127.283,202,3.36667,523,8.71667,7.13,0,0,0,0,0,0,0,0,186,132,3e-04,6e-04,8e-04,0.0011,0.0012,0.0013,0.0016,0.0022,6.64,0.01,0
2025-12-28 14:42:06,0,0,30.75,0,1,9038,150.633,273,4.55,567,9.45,7.91,0,0,0,0,0.01,0,0,0,228,155,4e-04,7e-04,8e-04,0.0013,0.0015,0.0017,0.0022,0.0033,6.07,0.01,0
2025-12-28 14:43:06,0,0,30.56,0,4,6372,106.2,188,3.13333,359,5.98333,81.49,0,0,0,0,0,0,0,0,160,114,9e-04,0.0021,0.0027,0.0065,0.0126,0.0204,0.0221,0.0129,32.05,0.03,0
2025-12-28 14:44:06,0,0,30.44,0,4,8341,139.017,278,4.63333,384,6.4,42.93,0,0,0,0,0.02,0,0,0,229,159,0.0013,0.0023,0.0029,0.0049,0.0072,0.0103,0.012,0.0119,23.93,0.03,0
2025-12-28 14:45:06,0,0,30.06,0,16,5157,85.95,135,2.25,303,5.05,11.51,0,0,0,0,0.01,0,0,0,218,162,7e-04,0.0011,0.0013,0.0021,0.0022,0.0027,0.0035,0.0054,8.45,0.02,0
2025-12-28 14:46:06,0,0,30,0,1,3310,55.1667,79,1.31667,257,4.28333,16.89,0,0,0,0,0.02,0,0,0,192,134,0.0011,0.0016,0.0019,0.0029,0.0032,0.0041,0.0053,0.0086,11.99,0.03,0
2025-12-28 14:47:06,0,0,29.94,0,16,852,14.2,0,0,76,1.26667,20.52,0,0,0,0,0.02,0,0,0,182,114,0.0012,0.0019,0.0023,0.0034,0.0039,0.0049,0.0064,0.0102,14.6,0.03,0
2025-12-28 14:48:06,0,0,29.94,0,16,1003,16.7167,8,0.133333,81,1.35,17.73,0,0,0,0,0.02,0,0,0,217,155,0.001,0.0016,0.002,0.0029,0.0033,0.0042,0.0053,0.0086,12.73,0.02,0
2025-12-28 14:49:06,0,0,29.69,0,16,1200,20,9,0.15,117,1.95,14.62,0,0,0,0,0.01,0,0,0,176,121,8e-04,0.0013,0.0016,0.0023,0.0027,0.0033,0.0042,0.0067,11.11,0.02,0
2025-12-28 14:50:06,0,0,29.31,0,16,1882,31.3667,14,0.233333,217,3.61667,11.89,0,0,0,0,0.01,0,0,0,218,166,6e-04,0.001,0.0013,0.0019,0.0021,0.0025,0.0031,0.0049,9.77,0.01,0
2025-12-28 14:51:06,0,0,29.31,0,16,1175,19.5833,12,0.2,127,2.11667,10.28,0,0,0,0,0.01,0,0,0,204,155,5e-04,9e-04,0.0011,0.0016,0.0018,0.0021,0.0026,0.004,8.76,0.01,0
2025-12-28 14:52:06,0,0,29.88,0,16,3394,56.5667,70,1.16667,303,5.05,8.73,0,0,0,0,0.01,0,0,0,207,147,4e-04,7e-04,9e-04,0.0013,0.0015,0.0018,0.0022,0.0033,7.33,0.01,0
2025-12-28 14:53:06,0,0,30.44,0,8,3125,52.0833,91,1.51667,212,3.53333,8.86,0,0,0,0,0.01,0,0,0,168,124,4e-04,8e-04,9e-04,0.0014,0.0016,0.0018,0.0022,0.0033,7.38,0.01,0
2025-12-28 14:54:06,0,0,30.56,0,8,2131,35.5167,40,0.666667,154,2.56667,6.91,0,0,0,0,0.01,0,0,0,163,116,3e-04,6e-04,7e-04,0.0011,0.0013,0.0015,0.0018,0.0029,5.34,0.01,0
2025-12-28 14:55:06,0,0,30.62,0,8,1172,19.5333,16,0.266667,94,1.56667,8.07,0,0,0,0,0.01,0,0,0,176,137,3e-04,7e-04,8e-04,0.0013,0.0015,0.0017,0.0021,0.0032,6.18,0.01,0
2025-12-28 14:56:06,0,0,30.44,0,8,1203,20.05,17,0.283333,87,1.45,7.29,0,0,0,0,0.01,0,0,0,182,140,3e-04,6e-04,7e-04,0.0011,0.0014,0.0016,0.0021,0.0031,5.17,0.01,0
2025-12-28 14:57:06,0,0,30.5,0,16,1556,25.9333,25,0.416667,123,2.05,6.51,0,0,0,0,0.01,0,0,0,170,128,3e-04,5e-04,7e-04,0.001,0.0012,0.0015,0.0019,0.0029,4.55,0.01,0
2025-12-28 14:58:06,0,0,30.38,0,16,1969,32.8167,25,0.416667,150,2.5,11.99,0,0,0,0,0.01,0,0,0,209,154,6e-04,0.001,0.0013,0.0019,0.0022,0.0026,0.0032,0.005,9.6,0.01,0
2025-12-28 14:59:06,0,0,30.25,0,16,1023,17.05,5,0.0833333,93,1.55,10.9,0,0,0,0,0.01,0,0,0,204,147,5e-04,0.001,0.0012,0.0017,0.002,0.0024,0.003,0.0047,8.68,0.01,0
2025-12-28 15:00:06,0,0,30.19,0,16,461,7.68333,1,0.0166667,40,0.666667,9.62,0,0,0,0,0.01,0,0,0,198,146,5e-04,8e-04,0.0011,0.0016,0.0017,0.0021,0.0026,0.0041,7.96,0.01,0
2025-12-28 15:01:06,0,0,30.31,0,16,414,6.9,0,0,36,0.6,8.97,0,0,0,0,0.01,0,0,0,182,123,5e-04,8e-04,0.001,0.0015,0.0016,0.0019,0.0024,0.0039,7.31,0.01,0
2025-12-28 15:02:06,0,0,30.5,0,16,336,5.6,6,0.1,26,0.433333,9.63,0,0,0,0,0.01,0,0,0,179,135,5e-04,8e-04,0.0011,0.0015,0.0017,0.002,0.0026,0.0041,7.75,0.01,0
2025-12-28 15:03:06,0,0,30.81,0,16,198,3.3,0,0,19,0.316667,9.5,0,0,0,0,0.01,0,0,0,171,128,5e-04,8e-04,0.0011,0.0015,0.0017,0.002,0.0025,0.004,7.87,0.01,0
2025-12-28 15:04:06,0,0,31.12,0,16,144,2.4,0,0,15,0.25,9.42,0,0,0,0,0.01,0,0,0,162,119,5e-04,8e-04,0.001,0.0015,0.0017,0.002,0.0025,0.0039,7.73,0.01,0
2025-12-28 15:05:06,0,0,31,0,8,749,12.4833,9,0.15,48,0.8,5.41,0,0,0,0,0,0,0,0,205,159,3e-04,5e-04,6e-04,9e-04,0.001,0.0012,0.0015,0.0025,3.95,0.01,0
2025-12-28 15:06:06,0,0,30.62,0,16,1983,33.05,47,0.783333,135,2.25,8.83,0,0,0,0,0.01,0,0,0,198,145,4e-04,7e-04,9e-04,0.0013,0.0016,0.0019,0.0024,0.0036,6.81,0.01,0
2025-12-28 15:07:06,0,0,30.38,0,16,133,2.21667,2,0.0333333,7,0.116667,10.51,0,0,0,0,0.01,0,0,0,202,146,5e-04,9e-04,0.0012,0.0016,0.0019,0.0021,0.0026,0.004,9.02,0.01,0
2025-12-28 15:08:06,0,0,30.31,0,16,11,0.183333,0,0,0,0,10.22,0,0,0,0,0.01,0,0,0,198,140,5e-04,8e-04,0.0011,0.0016,0.0018,0.002,0.0025,0.0038,8.77,0.01,0
2025-12-28 15:09:06,0,0,30.31,0,16,375,6.25,1,0.0166667,42,0.7,9.56,0,0,0,0,0.01,0,0,0,186,135,4e-04,8e-04,0.0011,0.0015,0.0017,0.0019,0.0024,0.0036,8.17,0.01,0
2025-12-28 15:10:06,0,0,30.31,0,16,570,9.5,6,0.1,35,0.583333,9.32,0,0,0,0,0.01,0,0,0,186,134,4e-04,8e-04,0.001,0.0015,0.0016,0.0018,0.0023,0.0035,8.07,0.01,0
2025-12-28 15:11:06,0,0,30.38,0,16,1455,24.25,37,0.616667,77,1.28333,6.41,0,0,0,0,0,0,0,0,196,153,3e-04,6e-04,7e-04,0.001,0.0011,0.0013,0.0017,0.0024,5.66,0.01,0
2025-12-28 15:12:06,0,0,30.62,0,8,1620,27,44,0.733333,108,1.8,10.22,0,0,0,0,0,0,0,0,177,156,4e-04,9e-04,0.0011,0.0016,0.0018,0.0019,0.0024,0.0034,9.56,0.01,0
2025-12-28 15:13:06,0,0,30.56,0,16,4043,67.3833,122,2.03333,269,4.48333,10.95,0,0,0,0,0.01,0,0,0,222,152,4e-04,0.001,0.0011,0.0017,0.0019,0.0022,0.0027,0.0038,9.6,0.01,0
2025-12-28 15:14:06,0,0,30.25,0,8,5315,88.5833,144,2.4,311,5.18333,13.11,0,0,0,0,0.01,0,0,0,210,144,6e-04,0.0013,0.0017,0.0022,0.0022,0.0023,0.0027,0.0038,14.48,0.01,0
2025-12-28 15:15:06,0,0,30.19,0,1,5753,95.8833,135,2.25,383,6.38333,20.02,0,0,0,0,0.01,0,0,0,226,166,9e-04,0.0017,0.0023,0.0032,0.0034,0.0038,0.0047,0.0065,19.22,0.02,0
2025-12-28 15:16:06,0,0,29.69,0,8,2328,38.8,26,0.433333,144,2.4,26.5,0,0,0,0,0.01,0,0,0,225,167,0.0012,0.0027,0.0032,0.0043,0.0044,0.0046,0.0054,0.0071,29.19,0.02,0
2025-12-28 15:17:06,0,0,29.81,0,1,4095,68.25,76,1.26667,282,4.7,13.34,0,0,0,0,0.01,0,0,0,197,142,6e-04,0.0011,0.0015,0.0021,0.0023,0.0025,0.0031,0.0044,12.35,0.01,0
2025-12-28 15:18:06,0,0,29.75,0,16,3167,52.7833,53,0.883333,238,3.96667,9,0,0,0,0,0,0,0,0,196,146,4e-04,8e-04,0.001,0.0015,0.0015,0.0017,0.0021,0.0031,8.71,0.01,0
2025-12-28 15:19:06,0,0,29.56,0,16,2063,34.3833,19,0.316667,217,3.61667,4.98,0,0,0,0,0,0,0,0,187,146,2e-04,4e-04,5e-04,8e-04,9e-04,0.001,0.0012,0.0019,4.16,0.01,0
2025-12-28 15:20:06,0,0,29.81,0,16,1787,29.7833,30,0.5,117,1.95,5.07,0,0,0,0,0,0,0,0,192,134,2e-04,4e-04,5e-04,8e-04,8e-04,0.001,0.0016,0.0018,4.14,0,0
2025-12-28 15:21:06,0,0,29.88,0,16,1916,31.9333,54,0.9,115,1.91667,5.8,0,0,0,0,0,0,0,0,206,131,2e-04,5e-04,6e-04,9e-04,0.001,0.0011,0.0014,0.002,5.06,0.01,0
2025-12-28 15:22:06,0,0,30,0,16,1338,22.3,27,0.45,59,0.983333,6.05,0,0,0,0,0,0,0,0,179,123,2e-04,5e-04,6e-04,9e-04,0.001,0.0011,0.0014,0.0021,5.3,0.01,0
2025-12-28 15:23:06,0,0,30.12,0,16,1742,29.0333,26,0.433333,86,1.43333,5.3,0,0,0,0,0,0,0,0,172,119,2e-04,4e-04,5e-04,8e-04,9e-04,0.001,0.0013,0.0019,4.57,0.01,0
2025-12-28 15:24:06,0,0,30.06,0,16,1322,22.0333,26,0.433333,54,0.9,5.47,0,0,0,0,0,0,0,0,215,156,2e-04,4e-04,5e-04,8e-04,9e-04,0.001,0.0012,0.0017,4.92,0,0
2025-12-28 15:25:06,0,0,30.25,0,16,1100,18.3333,18,0.3,70,1.16667,6.72,0,0,0,0,0,0,0,0,199,134,2e-04,7e-04,6e-04,0.001,0.0011,0.0012,0.0014,0.0019,6.33,0.01,0
2025-12-28 15:26:06,0,0,30.5,0,8,2592,43.2,79,1.31667,159,2.65,3.72,0,0,0,0,0,0,0,0,180,141,2e-04,3e-04,4e-04,6e-04,7e-04,7e-04,9e-04,0.0015,3.13,0,0
2025-12-28 15:27:06,0,0,30.62,0,8,211,3.51667,4,0.0666667,16,0.266667,1.34,0,0,0,0,0,0,0,0,146,118,0,1e-04,1e-04,2e-04,3e-04,3e-04,4e-04,7e-04,0.63,0,0
2025-12-28 15:28:06,0,0,30.19,0,8,926,15.4333,30,0.5,42,0.7,1.44,0,0,0,0,0,0,0,0,194,164,1e-04,1e-04,1e-04,2e-04,3e-04,3e-04,4e-04,8e-04,0.51,0,0
2025-12-28 15:29:06,0,0,30,0,8,461,7.68333,12,0.2,36,0.6,1.44,0,0,0,0,0,0,0,0,222,174,1e-04,1e-04,1e-04,2e-04,3e-04,3e-04,5e-04,8e-04,0.61,0,0
2025-12-28 15:30:06,0,0,30.81,0,16,2854,47.5667,76,1.26667,195,3.25,3.28,0,0,0,0,0,0,0,0,207,146,1e-04,3e-04,3e-04,5e-04,6e-04,6e-04,9e-04,0.0013,2.71,0,0
2025-12-28 15:31:06,0,0,30.56,0,16,1920,32,25,0.416667,145,2.41667,4.4,0,0,0,0,0,0,0,0,183,124,2e-04,3e-04,4e-04,7e-04,8e-04,8e-04,0.0011,0.0018,3.51,0,0
2025-12-28 15:32:06,0,0,30.81,0,16,1112,18.5333,14,0.233333,98,1.63333,4.36,0,0,0,0,0,0,0,0,164,129,2e-04,3e-04,4e-04,7e-04,8e-04,9e-04,0.0011,0.0018,3.35,0,0
2025-12-28 15:33:06,0,0,30.81,0,1,495,8.25,11,0.183333,24,0.4,1.69,0,0,0,0,0,0,0,0,212,148,0,1e-04,2e-04,3e-04,3e-04,3e-04,5e-04,8e-04,1.11,0,0
2025-12-28 15:34:06,0,0,30.88,0,16,2402,40.0333,43,0.716667,176,2.93333,2.8,0,0,0,0,0,0,0,0,163,118,1e-04,2e-04,3e-04,4e-04,5e-04,5e-04,0.001,0.0011,2.34,0,0
2025-12-28 15:35:06,0,0,30.62,0,16,1723,28.7167,42,0.7,117,1.95,1.66,0,0,0,0,0,0,0,0,209,146,0,1e-04,2e-04,3e-04,3e-04,3e-04,5e-04,8e-04,1.28,0,0
2025-12-28 15:36:06,0,0,30.69,0,16,575,9.58333,14,0.233333,41,0.683333,1.91,0,0,0,0,0,0,0,0,202,146,1e-04,1e-04,2e-04,3e-04,4e-04,4e-04,5e-04,9e-04,1.3,0,0
2025-12-28 15:37:06,0,0,30.69,0,16,577,9.61667,0,0,60,1,4.02,0,0,0,0,0,0,0,0,188,128,2e-04,3e-04,4e-04,6e-04,7e-04,8e-04,0.001,0.0017,3.25,0,0
2025-12-28 15:38:06,0,0,30.69,0,16,1372,22.8667,19,0.316667,105,1.75,3.4,0,0,0,0,0,0,0,0,175,116,1e-04,2e-04,3e-04,5e-04,6e-04,7e-04,9e-04,0.0014,2.55,0,0
2025-12-28 15:39:06,0,0,30.44,0,16,713,11.8833,4,0.0666667,67,1.11667,2.58,0,0,0,0,0,0,0,0,215,150,1e-04,2e-04,3e-04,4e-04,5e-04,5e-04,7e-04,0.0012,1.95,0,0
2025-12-28 15:40:06,0,0,30.31,0,16,895,14.9167,9,0.15,75,1.25,2.51,0,0,0,0,0,0,0,0,173,114,1e-04,2e-04,3e-04,4e-04,4e-04,5e-04,7e-04,0.0012,1.98,0,0
2025-12-28 15:41:06,0,0,30.19,0,16,384,6.4,2,0.0333333,25,0.416667,3.17,0,0,0,0,0,0,0,0,179,112,1e-04,2e-04,3e-04,5e-04,6e-04,6e-04,8e-04,0.0014,2.41,0,0
2025-12-28 15:42:06,0,0,30.19,0,16,485,8.08333,8,0.133333,31,0.516667,3.06,0,0,0,0,0,0,0,0,172,109,1e-04,2e-04,3e-04,5e-04,5e-04,6e-04,8e-04,0.0013,2.36,0,0
2025-12-28 15:43:06,0,0,30.12,0,16,1308,21.8,31,0.516667,94,1.56667,2.36,0,0,0,0,0,0,0,0,192,132,1e-04,2e-04,2e-04,4e-04,4e-04,5e-04,8e-04,0.001,1.64,0,0
2025-12-28 15:44:06,0,0,30.25,0,16,1507,25.1167,27,0.45,109,1.81667,2.55,0,0,0,0,0,0,0,0,188,144,1e-04,2e-04,3e-04,4e-04,4e-04,5e-04,7e-04,0.0011,2.06,0,0
2025-12-28 15:45:06,0,0,30.19,0,16,1372,22.8667,32,0.533333,93,1.55,1.93,0,0,0,0,0,0,0,0,206,144,1e-04,1e-04,2e-04,3e-04,4e-04,4e-04,5e-04,9e-04,1.52,0,0
2025-12-28 15:46:06,0,0,30.06,0,1,2063,34.3833,36,0.6,134,2.23333,1.6,0,0,0,0,0,0,0,0,190,146,0,1e-04,1e-04,2e-04,3e-04,3e-04,4e-04,7e-04,0.91,0,0
2025-12-28 15:47:06,0,0,30.44,0,16,1507,25.1167,20,0.333333,128,2.13333,2.02,0,0,0,0,0,0,0,0,168,123,1e-04,1e-04,2e-04,3e-04,4e-04,4e-04,6e-04,9e-04,1.28,0,0
2025-12-28 15:48:06,0,0,30.19,0,1,1733,28.8833,56,0.933333,93,1.55,2.83,0,0,0,0,0,0,0,0,200,141,1e-04,2e-04,3e-04,4e-04,5e-04,5e-04,7e-04,0.0012,2.26,0,0
2025-12-28 15:49:06,0,0,30.19,0,16,577,9.61667,14,0.233333,24,0.4,2.48,0,0,0,0,0,0,0,0,205,164,1e-04,2e-04,2e-04,4e-04,4e-04,5e-04,7e-04,0.0011,1.96,0,0
2025-12-28 15:50:06,0,0,30.31,0,1,584,9.73333,3,0.05,41,0.683333,0.57,0,0,0,0,0,0,0,0,209,155,0,0,0,1e-04,1e-04,1e-04,2e-04,4e-04,0.1,0,0
2025-12-28 15:51:06,0,0,30.44,0,16,1206,20.1,20,0.333333,67,1.11667,1.37,0,0,0,0,0,0,0,0,175,112,0,1e-04,1e-04,2e-04,3e-04,3e-04,4e-04,6e-04,0.64,0,0
2025-12-28 15:52:06,0,0,30.19,0,16,1049,17.4833,3,0.05,96,1.6,1.27,0,0,0,0,0,0,0,0,216,160,0,1e-04,1e-04,2e-04,2e-04,3e-04,3e-04,7e-04,0.72,0,0
2025-12-28 15:53:06,0,0,30.25,0,16,786,13.1,3,0.05,67,1.11667,1.13,0,0,0,0,0,0,0,0,198,138,0,1e-04,1e-04,2e-04,2e-04,2e-04,3e-04,7e-04,0.43,0,0
2025-12-28 15:54:06,0,0,30.12,0,16,511,8.51667,0,0,42,0.7,1.15,0,0,0,0,0,0,0,0,212,156,0,1e-04,1e-04,2e-04,2e-04,2e-04,3e-04,6e-04,0.44,0,0
2025-12-28 15:55:06,0,0,30.31,0,1,4865,81.0833,137,2.28333,279,4.65,9.75,0,0,0,0,0,0,0,0,222,156,1e-04,2e-04,2e-04,6e-04,0.0016,0.0026,0.0028,0.0019,2.52,0,0
2025-12-28 15:56:06,0,0,30.56,0,1,8875,147.917,323,5.38333,378,6.3,32.47,0,0,0,0,0,0,0,0,178,134,4e-04,9e-04,0.0012,0.0028,0.0049,0.0081,0.0087,0.0052,13.77,0.01,0
2025-12-28 15:57:06,0,0,30.38,0,8,14274,237.9,513,8.55,604,10.0667,4.14,0,0,0,0,0,0,0,0,201,134,1e-04,1e-04,2e-04,4e-04,6e-04,0.001,0.001,6e-04,2.08,0,0
2025-12-28 15:58:06,0,0,30.38,0,8,9404,156.733,309,5.15,506,8.43333,0,0,0,0,0,0,0,0,0,226,161,0,0,0,0,0,0,0,0,0,0,0
2025-12-28 15:59:06,0,0,30.56,0,1,3659,60.9833,93,1.55,212,3.53333,0,0,0,0,0,0,0,0,0,186,134,0,0,0,0,0,0,0,0,0,0,0
2025-12-28 16:00:06,0,0,30.19,0,1,7161,119.35,172,2.86667,392,6.53333,0,0,0,0,0,0,0,0,0,217,155,1e-04,1e-04,0,1e-04,1e-04,1e-04,0,1e-04,0,0,0
2025-12-28 16:01:06,0,0,29.81,0,1,2718,45.3,35,0.583333,212,3.53333,0,0,0,0,0,0,0,0,0,169,125,0,0,0,1e-04,0,0,0,1e-04,0,0,0
2025-12-28 16:02:06,0,0,29,0,8,1869,31.15,25,0.416667,110,1.83333,0,0,0,0,0,0,0,0,0,215,149,0,0,0,0,0,0,0,0,0,0,0
2025-12-28 16:03:06,0,0,28.25,0,1,5989,99.8167,94,1.56667,396,6.6,0,0,0,0,0,0,0,0,0,222,163,0,0,0,0,0,0,0,0,0,0,0
2025-12-28 16:04:06,0,0,27.81,0,1,8193,136.55,205,3.41667,453,7.55,0,0,0,0,0,0,0,0,0,193,128,0,0,0,1e-04,0,0,0,1e-04,0,0,0
2025-12-28 16:05:06,0,0,27.38,0,1,5446,90.7667,78,1.3,381,6.35,0,0,0,0,0,0.01,0,0,0,218,161,1e-04,2e-04,1e-04,2e-04,1e-04,2e-04,1e-04,2e-04,0,0,0
2025-12-28 16:06:06,0,0,26.62,0,1,6297,104.95,173,2.88333,317,5.28333,0,0,0,0,0,0,0,0,0,221,163,1e-04,1e-04,0,1e-04,1e-04,1e-04,1e-04,1e-04,0,0,0
2025-12-28 16:07:06,0,0,27.31,0,8,9154,152.567,235,3.91667,500,8.33333,0,0,0,0,0,0,0,0,0,206,131,0,0,0,0,0,0,0,0,0,0,0
2025-12-28 16:08:06,0,0,27.12,0,1,6069,101.15,98,1.63333,341,5.68333,0,0,0,0,0,0,0,0,0,219,155,0,0,0,1e-04,0,0,0,0,0,0,0
2025-12-28 16:09:06,0,0,26.94,0,1,5179,86.3167,65,1.08333,356,5.93333,0,0,0,0,0,0,0,0,0,215,150,1e-04,1e-04,0,1e-04,1e-04,1e-04,1e-04,1e-04,0,0,0
2025-12-28 16:10:06,0,0,27.38,0,1,6779,112.983,150,2.5,401,6.68333,0,0,0,0,0,0,0,0,0,187,123,1e-04,1e-04,0,1e-04,0,1e-04,0,0,0,0,0
2025-12-28 16:11:06,0,0,27.31,0,1,6478,107.967,92,1.53333,379,6.31667,0,0,0,0,0,0,0,0,0,225,152,0,0,0,0,0,0,0,0,0,0,0
2025-12-28 16:12:06,0,0,27.06,0,8,5816,96.9333,128,2.13333,470,7.83333,0,0,0,0,0,0,0,0,0,217,158,0,0,0,0,0,0,0,0,0,0,0
2025-12-28 16:13:06,0,0,26.94,0,1,1643,27.3833,31,0.516667,148,2.46667,0,0,0,0,0,0,0,0,0,221,162,0,0,0,0,0,0,0,0,0,0,0
2025-12-28 16:14:06,0,0,26.81,0,1,6256,104.267,149,2.48333,391,6.51667,0,0,0,0,0,0,0,0,0,223,173,0,0,0,0,0,0,0,0,0,0,0
2025-12-28 16:15:06,0,0,26.94,0,1,8230,137.167,215,3.58333,439,7.31667,0,0,0,0,0,0,0,0,0,233,165,0,0,0,0,0,0,0,0,0,0,0
2025-12-28 16:16:06,0,0,26.38,0,1,10212,170.2,326,5.43333,501,8.35,3.12,0,0,0,0,0,0,0,0,207,155,0,1e-04,1e-04,2e-04,5e-04,8e-04,9e-04,6e-04,0.99,0,0
2025-12-28 16:17:06,0,0,26,0,16,8500,141.667,302,5.03333,412,6.86667,4.69,0,0,0,0,0,0,0,0,217,156,1e-04,1e-04,2e-04,4e-04,7e-04,0.0011,0.0016,0.0013,1.71,0,0
2025-12-28 16:18:06,0,0,25.75,0,16,2293,38.2167,56,0.933333,133,2.21667,12.61,0,0,0,0,0,0,0,0,229,173,1e-04,3e-04,5e-04,0.0011,0.0019,0.0031,0.0042,0.0034,5.01,0.01,0
2025-12-28 16:19:06,0,0,25.69,0,16,1861,31.0167,19,0.316667,203,3.38333,19.48,0,0,0,0,0,0,0,0,227,169,3e-04,4e-04,8e-04,0.0017,0.0029,0.0048,0.0065,0.0051,8.01,0.01,0
2025-12-28 16:20:06,0,0,26.19,0,16,1411,23.5167,16,0.266667,132,2.2,19.97,0,0,0,0,0,0,0,0,177,131,2e-04,5e-04,8e-04,0.0018,0.003,0.0049,0.0066,0.0051,8.33,0.01,0
2025-12-28 16:21:06,0,0,26.5,0,2,188,3.13333,0,0,16,0.266667,21.04,0,0,0,0,0,0,0,0,167,125,2e-04,4e-04,9e-04,0.0019,0.0031,0.0051,0.0069,0.0053,8.65,0.01,0
2025-12-28 16:22:06,0,0,26.69,0,2,800,13.3333,4,0.0666667,98,1.63333,21.51,0,0,0,0,0,0,0,0,162,131,2e-04,5e-04,9e-04,0.0019,0.0032,0.0053,0.007,0.0054,8.8,0.01,0
2025-12-28 16:23:06,0,0,26.94,0,1,750,12.5,7,0.116667,68,1.13333,21.03,0,0,0,0,0,0,0,0,149,115,2e-04,4e-04,9e-04,0.0019,0.0031,0.0051,0.0068,0.0053,8.63,0.01,0
2025-12-28 16:24:06,0,0,27.19,0,1,326,5.43333,0,0,26,0.433333,21.06,0,0,0,0,0,0,0,0,146,112,2e-04,5e-04,9e-04,0.0019,0.0031,0.0052,0.0069,0.0053,8.63,0.01,0
2025-12-28 16:25:06,0,0,27.5,0,1,322,5.36667,0,0,18,0.3,21.12,0,0,0,0,0,0,0,0,145,111,2e-04,4e-04,9e-04,0.0019,0.0031,0.0052,0.0069,0.0052,8.66,0.01,0
2025-12-28 16:26:06,0,0,27.81,0,1,36,0.6,0,0,2,0.0333333,20.9,0,0,0,0,0,0,0,0,145,110,2e-04,4e-04,9e-04,0.0018,0.0031,0.0051,0.0068,0.0052,8.47,0.01,0
2025-12-28 16:27:06,0,0,28.06,0,1,63,1.05,0,0,3,0.05,20.91,0,0,0,0,0,0,0,0,145,109,2e-04,4e-04,9e-04,0.0018,0.0031,0.0051,0.0068,0.0052,8.55,0.01,0
2025-12-28 16:28:06,0,0,28.38,0,1,97,1.61667,0,0,8,0.133333,20.91,0,0,0,0,0,0,0,0,145,108,2e-04,4e-04,9e-04,0.0018,0.0031,0.0051,0.0068,0.0052,8.57,0.01,0
2025-12-28 16:29:06,0,0,28.62,0,16,106,1.76667,1,0.0166667,7,0.116667,21.23,0,0,0,0,0,0,0,0,143,107,2e-04,4e-04,9e-04,0.0019,0.0032,0.0052,0.0069,0.0052,8.77,0.01,0
2025-12-28 16:30:06,0,0,29,0,2,743,12.3833,15,0.25,45,0.75,15.1,0,0,0,0,0,0,0,0,140,108,2e-04,4e-04,7e-04,0.0013,0.0022,0.0037,0.0049,0.0037,6.54,0.01,0
2025-12-28 16:31:06,0,0,29.19,0,2,1819,30.3167,58,0.966667,117,1.95,14.05,0,0,0,0,0,0,0,0,226,180,2e-04,3e-04,7e-04,0.0013,0.0021,0.0034,0.0044,0.0034,6.62,0.01,0
2025-12-28 16:32:06,0,0,30.62,0,16,2218,36.9667,64,1.06667,126,2.1,11.89,0,0,0,0,0,0,0,0,184,142,1e-04,2e-04,4e-04,0.0011,0.0018,0.0029,0.004,0.003,4.67,0.01,0
2025-12-28 16:33:06,0,0,30.62,0,16,1361,22.6833,33,0.55,79,1.31667,16.01,0,0,0,0,0,0,0,0,181,148,2e-04,3e-04,7e-04,0.0014,0.0023,0.0039,0.0054,0.0039,6.66,0.01,0
2025-12-28 16:34:06,0,0,30.94,0,16,2972,49.5333,71,1.18333,224,3.73333,14.68,0,0,0,0,0,0,0,0,171,119,2e-04,3e-04,6e-04,0.0013,0.0022,0.0036,0.0048,0.0035,6.22,0.01,0
2025-12-28 16:35:06,0,0,30.88,0,8,1087,18.1167,24,0.4,69,1.15,12.7,0,0,0,0,0,0,0,0,179,136,1e-04,3e-04,5e-04,0.0011,0.0019,0.0031,0.0039,0.003,5.21,0.01,0
2025-12-28 16:36:06,0,0,31.06,0,16,692,11.5333,3,0.05,51,0.85,14.46,0,0,0,0,0,0,0,0,179,121,2e-04,3e-04,6e-04,0.0013,0.0021,0.0035,0.0047,0.0036,6.07,0.01,0
2025-12-28 16:37:06,0,0,30.62,0,16,1235,20.5833,14,0.233333,134,2.23333,11.1,0,0,0,0,0,0,0,0,179,130,1e-04,2e-04,4e-04,0.001,0.0016,0.0028,0.0037,0.0029,4.23,0.01,0
2025-12-28 16:38:06,0,0,30.31,0,4,1305,21.75,13,0.216667,125,2.08333,10.31,0,0,0,0,0,0,0,0,203,155,1e-04,2e-04,4e-04,9e-04,0.0015,0.0025,0.0035,0.0027,4.25,0.01,0
2025-12-28 16:39:06,0,0,30.25,0,4,537,8.95,3,0.05,48,0.8,6.96,0,0,0,0,0,0,0,0,203,158,1e-04,2e-04,3e-04,6e-04,0.001,0.0018,0.0024,0.0019,2.7,0,0
2025-12-28 16:40:06,0,0,30.25,0,4,245,4.08333,0,0,20,0.333333,7.75,0,0,0,0,0,0,0,0,197,154,1e-04,1e-04,3e-04,7e-04,0.0011,0.002,0.0026,0.0022,2.75,0,0
2025-12-28 16:41:06,0,0,29.88,0,4,642,10.7,3,0.05,52,0.866667,6.43,0,0,0,0,0,0,0,0,211,159,1e-04,1e-04,2e-04,6e-04,0.001,0.0016,0.0023,0.0017,2.14,0,0
2025-12-28 16:42:06,0,0,30,0,4,448,7.46667,4,0.0666667,28,0.466667,5.02,0,0,0,0,0,0,0,0,188,148,0,1e-04,2e-04,4e-04,7e-04,0.0013,0.0018,0.0016,1.54,0,0
2025-12-28 16:43:06,0,0,30.25,0,4,1923,32.05,47,0.783333,124,2.06667,8,0,0,0,0,0,0,0,0,190,143,1e-04,2e-04,4e-04,7e-04,0.0012,0.002,0.0026,0.0021,3.58,0,0
2025-12-28 16:44:06,0,0,30.88,0,16,1192,19.8667,10,0.166667,90,1.5,6.55,0,0,0,0,0,0,0,0,170,120,1e-04,1e-04,3e-04,7e-04,0.001,0.0015,0.0021,0.0015,3.02,0,0
2025-12-28 16:45:06,0,0,31.19,0,1,707,11.7833,9,0.15,52,0.866667,7.7,0,0,0,0,0,0,0,0,182,130,1e-04,1e-04,3e-04,7e-04,0.0011,0.0018,0.0027,0.0018,2.78,0,0
2025-12-28 16:46:06,0,0,31.25,0,16,1433,23.8833,14,0.233333,120,2,7.58,0,0,0,0,0,0,0,0,158,123,1e-04,1e-04,3e-04,6e-04,0.0011,0.0019,0.0026,0.002,2.51,0,0
2025-12-28 16:47:06,0,0,30.69,0,4,1002,16.7,20,0.333333,74,1.23333,5.17,0,0,0,0,0,0,0,0,202,156,0,3e-04,4e-04,5e-04,7e-04,0.0011,0.002,0.0012,3.57,0,0
2025-12-28 16:48:06,0,0,30.38,0,4,141,2.35,0,0,10,0.166667,5.76,0,0,0,0,0,0,0,0,211,158,0,2e-04,4e-04,7e-04,8e-04,0.0011,0.0017,0.0012,3.86,0,0
2025-12-28 16:49:06,0,0,30.94,0,4,535,8.91667,1,0.0166667,56,0.933333,6.18,0,0,0,0,0,0,0,0,192,136,0,1e-04,2e-04,7e-04,9e-04,0.0014,0.0021,0.0016,2.45,0,0
2025-12-28 16:50:06,0,0,30.88,0,4,36,0.6,0,0,1,0.0166667,5.67,0,0,0,0,0,0,0,0,195,145,0,1e-04,2e-04,5e-04,8e-04,0.0015,0.002,0.0017,1.6,0,0
2025-12-28 16:51:06,0,0,30.62,0,16,406,6.76667,2,0.0333333,35,0.583333,7.26,0,0,0,0,0,0,0,0,170,128,1e-04,1e-04,3e-04,6e-04,0.0011,0.0018,0.0025,0.002,2.38,0,0
2025-12-28 16:52:06,0,0,30.75,0,16,577,9.61667,18,0.3,32,0.533333,6.79,0,0,0,0,0,0,0,0,195,142,1e-04,1e-04,2e-04,6e-04,0.001,0.0017,0.0024,0.002,2.31,0,0
2025-12-28 16:53:06,0,0,30.5,0,16,576,9.6,5,0.0833333,56,0.933333,8.47,0,0,0,0,0,0,0,0,204,154,1e-04,1e-04,3e-04,7e-04,0.0013,0.0021,0.0029,0.0023,2.94,0,0
2025-12-28 16:54:06,0,0,31.12,0,1,2530,42.1667,68,1.13333,180,3,3.01,0,0,0,0,0,0,0,0,186,142,0,0,1e-04,2e-04,5e-04,8e-04,0.0011,0.001,0.6,0,0
2025-12-28 16:55:06,0,0,31.12,0,8,1906,31.7667,44,0.733333,134,2.23333,5.46,0,0,0,0,0,0,0,0,167,122,0,1e-04,2e-04,4e-04,8e-04,0.0014,0.0019,0.0016,1.72,0,0
2025-12-28 16:56:06,0,0,30.75,0,1,1622,27.0333,20,0.333333,121,2.01667,1.98,0,0,0,0,0,0,0,0,210,158,0,0,0,1e-04,3e-04,5e-04,8e-04,7e-04,0.28,0,0
2025-12-28 16:57:06,0,0,31.19,0,1,7342,122.367,264,4.4,343,5.71667,2.34,0,0,0,0,0,0,0,0,192,139,0,0,0,2e-04,3e-04,6e-04,9e-04,7e-04,0.51,0,0
2025-12-28 16:58:06,0,0,30.81,0,1,12533,208.883,410,6.83333,536,8.93333,2.37,0,0,0,0,0,0,0,0,221,160,0,0,1e-04,2e-04,4e-04,6e-04,9e-04,8e-04,0.52,0,0
2025-12-28 16:59:06,0,0,30.31,0,8,19365,322.75,649,10.8167,642,10.7,2.96,0,0,0,0,0,0,0,0,223,166,0,0,1e-04,2e-04,5e-04,8e-04,0.0011,9e-04,0.5,0,0
2025-12-28 17:00:06,0,0,29.94,0,1,9468,157.8,280,4.66667,486,8.1,3.6,0,0,0,0,0,0,0,0,211,154,0,0,1e-04,3e-04,5e-04,9e-04,0.0013,0.0011,0.78,0,0
2025-12-28 17:01:06,0,0,29.69,0,1,5165,86.0833,133,2.21667,332,5.53333,8.49,0,0,0,0,0,0,0,0,197,143,1e-04,7e-04,4e-04,8e-04,0.0014,0.0018,0.002,0.0014,5.85,0,0
2025-12-28 17:02:06,0,0,29.38,0,1,4806,80.1,64,1.06667,346,5.76667,13.51,0,0,0,0,0,0,0,0,210,155,1e-04,3e-04,4e-04,0.0011,0.0021,0.0034,0.0039,0.0026,5,0.01,0
2025-12-28 17:03:06,0,0,29.12,0,1,1027,17.1167,8,0.133333,72,1.2,8.76,0,0,0,0,0,0,0,0,216,153,1e-04,1e-04,3e-04,7e-04,0.0013,0.0022,0.003,0.0026,2.98,0,0
2025-12-28 17:04:06,0,0,29.12,0,1,1999,33.3167,49,0.816667,97,1.61667,8.47,0,0,0,0,0,0,0,0,197,135,1e-04,2e-04,3e-04,7e-04,0.0013,0.0021,0.0028,0.0023,3.22,0,0
2025-12-28 17:05:06,0,0,29.12,0,1,1126,18.7667,35,0.583333,79,1.31667,19.53,0,0,0,0,0,0,0,0,209,171,2e-04,4e-04,8e-04,0.0016,0.0029,0.0048,0.0062,0.0047,7.84,0.01,0
2025-12-28 17:06:06,0,0,29.38,0,4,580,9.66667,13,0.216667,35,0.583333,17.23,0,0,0,0,0,0,0,0,161,115,2e-04,4e-04,7e-04,0.0015,0.0026,0.0042,0.0055,0.0041,7.36,0.01,0
2025-12-28 17:07:06,0,0,29.5,0,8,5019,83.65,113,1.88333,334,5.56667,26.26,0,0,0,0,0,0,0,0,206,146,3e-04,0.001,0.0011,0.0025,0.0041,0.0059,0.0063,0.004,13.77,0.01,0
2025-12-28 17:08:06,0,0,29.69,0,1,202,3.36667,0,0,13,0.216667,7.79,0,0,0,0,0,0,0,0,182,135,1e-04,3e-04,3e-04,8e-04,0.0012,0.0017,0.0017,0.0011,3.86,0,0
2025-12-28 17:09:06,0,0,30,0,1,144,2.4,0,0,12,0.2,7.59,0,0,0,0,0,0,0,0,187,132,1e-04,3e-04,3e-04,7e-04,0.0012,0.0017,0.0017,0.001,3.77,0,0
2025-12-28 17:10:06,0,0,30.5,0,1,79,1.31667,0,0,5,0.0833333,4.79,0,0,0,0,0,0,0,0,168,125,0,1e-04,1e-04,4e-04,8e-04,0.0011,0.001,6e-04,2.11,0,0
2025-12-28 17:11:06,0,0,30.69,0,1,972,16.2,9,0.15,82,1.36667,5.78,0,0,0,0,0,0,0,0,193,139,0,2e-04,2e-04,5e-04,9e-04,0.0013,0.0013,8e-04,2.59,0,0
2025-12-28 17:12:06,0,0,30.75,0,16,601,10.0167,1,0.0166667,60,1,10.28,0,0,0,0,0,0,0,0,208,157,1e-04,4e-04,4e-04,0.001,0.0017,0.0022,0.0024,0.0014,5.42,0,0
2025-12-28 17:13:06,0,0,30.56,0,16,1414,23.5667,32,0.533333,77,1.28333,7.54,0,0,0,0,0,0,0,0,199,156,1e-04,3e-04,3e-04,7e-04,0.0012,0.0017,0.0017,0.0011,3.65,0,0
2025-12-28 17:14:06,0,0,30.56,0,16,993,16.55,4,0.0666667,109,1.81667,7.87,0,0,0,0,0,0,0,0,152,114,1e-04,3e-04,3e-04,7e-04,0.0013,0.0018,0.0018,0.0012,3.71,0,0
2025-12-28 17:15:06,0,0,30.56,0,16,1681,28.0167,11,0.183333,196,3.26667,9.16,0,0,0,0,0,0,0,0,194,143,1e-04,4e-04,4e-04,9e-04,0.0015,0.002,0.0021,0.0012,4.97,0,0
2025-12-28 17:16:06,0,0,30.62,0,8,1258,20.9667,14,0.233333,138,2.3,5.97,0,0,0,0,0,0,0,0,173,118,0,2e-04,2e-04,5e-04,0.001,0.0013,0.0014,9e-04,2.67,0,0
2025-12-28 17:17:06,0,0,30.38,0,16,1827,30.45,49,0.816667,98,1.63333,6.82,0,0,0,0,0,0,0,0,211,152,1e-04,2e-04,3e-04,7e-04,0.0011,0.0015,0.0016,0.001,3.26,0,0
2025-12-28 17:18:06,0,0,30.44,0,16,618,10.3,7,0.116667,48,0.8,5.77,0,0,0,0,0,0,0,0,187,138,1e-04,2e-04,2e-04,5e-04,9e-04,0.0013,0.0013,9e-04,2.6,0,0
2025-12-28 17:19:06,0,0,30.44,0,16,778,12.9667,9,0.15,54,0.9,7.32,0,0,0,0,0,0,0,0,171,122,1e-04,2e-04,3e-04,7e-04,0.0012,0.0016,0.0017,0.0011,3.34,0,0
2025-12-28 17:20:06,0,0,30.12,0,16,1964,32.7333,17,0.283333,203,3.38333,8.29,0,0,0,0,0,0,0,0,202,156,1e-04,3e-04,3e-04,8e-04,0.0013,0.0018,0.0019,0.0011,4.26,0,0
2025-12-28 17:21:06,0,0,30.38,0,16,702,11.7,0,0,73,1.21667,6.84,0,0,0,0,0,0,0,0,166,111,1e-04,2e-04,2e-04,6e-04,0.0011,0.0016,0.0015,0.001,3.06,0,0
2025-12-28 17:22:06,0,0,30.38,0,16,586,9.76667,0,0,45,0.75,6.7,0,0,0,0,0,0,0,0,171,108,0,2e-04,2e-04,6e-04,0.0011,0.0015,0.0015,0.001,2.98,0,0
2025-12-28 17:23:06,0,0,30.31,0,16,788,13.1333,3,0.05,67,1.11667,7.17,0,0,0,0,0,0,0,0,176,116,1e-04,2e-04,3e-04,7e-04,0.0011,0.0016,0.0016,0.001,3.33,0,0
2025-12-28 17:24:06,0,0,30.19,0,1,3013,50.2167,64,1.06667,228,3.8,5.79,0,0,0,0,0,0,0,0,179,142,0,2e-04,2e-04,5e-04,9e-04,0.0013,0.0013,9e-04,2.52,0,0
2025-12-28 17:25:06,0,0,30.19,0,4,884,14.7333,19,0.316667,59,0.983333,2.77,0,0,0,0,0,0,0,0,206,114,0,1e-04,1e-04,2e-04,4e-04,7e-04,8e-04,5e-04,0.96,0,0
2025-12-28 17:26:06,0,0,29.94,0,4,184,3.06667,2,0.0333333,13,0.216667,2.86,0,0,0,0,0,0,0,0,218,118,0,1e-04,1e-04,2e-04,5e-04,7e-04,7e-04,5e-04,0.88,0,0
2025-12-28 17:27:06,0,0,30.19,0,4,508,8.46667,11,0.183333,30,0.5,2.32,0,0,0,0,0,0,0,0,216,147,0,0,0,2e-04,4e-04,6e-04,6e-04,4e-04,0.48,0,0
2025-12-28 17:28:06,0,0,30.38,0,4,1079,17.9833,26,0.433333,96,1.6,3.37,0,0,0,0,0,0,0,0,205,118,0,1e-04,1e-04,3e-04,5e-04,8e-04,8e-04,5e-04,1.35,0,0
2025-12-28 17:29:06,0,0,30.62,0,16,1016,16.9333,7,0.116667,112,1.86667,4.92,0,0,0,0,0,0,0,0,164,106,0,2e-04,2e-04,5e-04,8e-04,0.0011,0.0011,7e-04,2.08,0,0
2025-12-28 17:30:06,0,0,30.56,0,16,1353,22.55,33,0.55,86,1.43333,4.39,0,0,0,0,0,0,0,0,194,108,0,1e-04,1e-04,4e-04,7e-04,0.001,0.001,7e-04,1.79,0,0
2025-12-28 17:31:06,0,0,30.75,0,4,27,0.45,0,0,0,0,2.05,0,0,0,0,0,0,0,0,187,118,0,0,0,2e-04,4e-04,5e-04,5e-04,4e-04,0.2,0,0
2025-12-28 17:32:06,0,0,31.06,0,4,644,10.7333,13,0.216667,66,1.1,2.64,0,0,0,0,0,0,0,0,208,158,0,0,0,2e-04,4e-04,7e-04,6e-04,5e-04,0.65,0,0
2025-12-28 17:33:06,0,0,31.25,0,4,804,13.4,16,0.266667,70,1.16667,3.17,0,0,0,0,0,0,0,0,181,108,0,1e-04,1e-04,2e-04,5e-04,7e-04,8e-04,5e-04,0.86,0,0
2025-12-28 17:34:06,0,0,31.38,0,4,1060,17.6667,17,0.283333,76,1.26667,3.1,0,0,0,0,0,0,0,0,194,105,0,1e-04,0,2e-04,5e-04,7e-04,8e-04,5e-04,0.78,0,0
2025-12-28 17:35:06,0,0,31.44,0,4,0,0,0,0,0,0,3.21,0,0,0,0,0,0,0,0,187,105,0,1e-04,1e-04,2e-04,5e-04,8e-04,8e-04,6e-04,0.82,0,0
2025-12-28 17:36:06,0,0,31.25,0,16,988,16.4667,10,0.166667,99,1.65,6.47,0,0,0,0,0,0,0,0,202,157,0,2e-04,2e-04,6e-04,0.0011,0.0014,0.0015,0.001,2.99,0,0
2025-12-28 17:37:06,0,0,31.38,0,16,541,9.01667,0,0,56,0.933333,3.77,0,0,0,0,0,0,0,0,153,105,0,1e-04,1e-04,3e-04,6e-04,9e-04,9e-04,6e-04,1.46,0,0
2025-12-28 17:38:06,0,0,31.19,0,4,723,12.05,23,0.383333,36,0.6,4.72,0,0,0,0,0,0,0,0,181,103,0,1e-04,1e-04,4e-04,8e-04,0.0011,0.0012,8e-04,1.72,0,0
2025-12-28 17:39:06,0,0,31.31,0,4,5,0.0833333,0,0,0,0,3.81,0,0,0,0,0,0,0,0,177,102,0,1e-04,1e-04,3e-04,6e-04,9e-04,0.001,7e-04,1.3,0,0
2025-12-28 17:40:06,0,0,31.44,0,4,0,0,0,0,0,0,2.63,0,0,0,0,0,0,0,0,176,101,0,0,0,2e-04,4e-04,6e-04,6e-04,4e-04,0.77,0,0
2025-12-28 17:41:06,0,0,31.56,0,4,12,0.2,0,0,0,0,2.34,0,0,0,0,0,0,0,0,175,101,0,0,0,2e-04,4e-04,6e-04,6e-04,4e-04,0.51,0,0
2025-12-28 17:42:06,0,0,31.56,0,4,539,8.98333,15,0.25,30,0.5,3.64,0,0,0,0,0,0,0,0,192,111,0,1e-04,1e-04,3e-04,6e-04,8e-04,9e-04,6e-04,1.31,0,0
2025-12-28 17:43:06,0,0,31.44,0,4,344,5.73333,3,0.05,34,0.566667,3.7,0,0,0,0,0,0,0,0,154,109,0,1e-04,1e-04,3e-04,6e-04,9e-04,9e-04,6e-04,1.43,0,0
2025-12-28 17:44:06,0,0,31.5,0,16,1802,30.0333,38,0.633333,162,2.7,4.41,0,0,0,0,0,0,0,0,153,109,0,1e-04,1e-04,4e-04,7e-04,0.001,0.001,6e-04,1.86,0,0
2025-12-28 17:45:06,0,0,31.38,0,4,1015,16.9167,17,0.283333,95,1.58333,3.74,0,0,0,0,0,0,0,0,185,102,0,1e-04,1e-04,3e-04,6e-04,9e-04,9e-04,6e-04,1.3,0,0
2025-12-28 17:46:06,0,0,31.44,0,16,1763,29.3833,22,0.366667,164,2.73333,6.58,0,0,0,0,0,0,0,0,164,102,0,2e-04,2e-04,6e-04,0.0011,0.0015,0.0015,9e-04,3.03,0,0
2025-12-28 17:47:06,0,0,31.31,0,4,673,11.2167,17,0.283333,36,0.6,1.6,0,0,0,0,0,0,0,0,204,120,0,0,0,1e-04,3e-04,4e-04,4e-04,3e-04,0.28,0,0
2025-12-28 17:48:06,0,0,31.25,0,2,1808,30.1333,53,0.883333,122,2.03333,2.45,0,0,0,0,0,0,0,0,226,166,0,1e-04,1e-04,2e-04,4e-04,6e-04,6e-04,4e-04,0.83,0,0
2025-12-28 17:49:06,0,0,31.31,0,8,1399,23.3167,43,0.716667,69,1.15,2.4,0,0,0,0,0,0,0,0,139,136,0,0,1e-04,2e-04,4e-04,6e-04,6e-04,5e-04,1.02,0,0
2025-12-28 17:50:06,0,0,31.31,0,4,811,13.5167,29,0.483333,29,0.483333,2.45,0,0,0,0,0,0,0,0,185,130,0,0,0,2e-04,4e-04,6e-04,6e-04,4e-04,0.65,0,0
2025-12-28 17:51:06,0,0,31.38,0,4,1497,24.95,25,0.416667,111,1.85,2.67,0,0,0,0,0,0,0,0,189,140,0,1e-04,1e-04,2e-04,5e-04,7e-04,7e-04,4e-04,0.83,0,0
2025-12-28 17:52:06,0,0,31.31,0,4,483,8.05,3,0.05,30,0.5,5.63,0,0,0,0,0,0,0,0,181,118,0,2e-04,2e-04,5e-04,9e-04,0.0013,0.0013,8e-04,2.51,0,0
2025-12-28 17:53:06,0,0,31,0,4,704,11.7333,10,0.166667,43,0.716667,6.38,0,0,0,0,0,0,0,0,210,149,0,2e-04,2e-04,6e-04,0.001,0.0014,0.0015,9e-04,2.92,0,0
2025-12-28 17:54:06,0,0,31.06,0,16,819,13.65,14,0.233333,42,0.7,7.59,0,0,0,0,0,0,0,0,181,107,1e-04,3e-04,3e-04,7e-04,0.0012,0.0017,0.0017,0.0011,3.64,0,0
2025-12-28 17:55:06,0,0,30.81,0,4,1015,16.9167,22,0.366667,72,1.2,2.85,0,0,0,0,0,0,0,0,183,138,0,0,0,2e-04,5e-04,7e-04,7e-04,5e-04,0.7,0,0
2025-12-28 17:56:06,0,0,31,0,16,1235,20.5833,13,0.216667,109,1.81667,6.74,0,0,0,0,0,0,0,0,185,121,1e-04,2e-04,3e-04,6e-04,0.0011,0.0015,0.0015,0.001,3.24,0,0
2025-12-28 17:57:06,0,0,30.94,0,16,1475,24.5833,20,0.333333,132,2.2,8.2,0,0,0,0,0,0,0,0,200,146,1e-04,3e-04,3e-04,8e-04,0.0013,0.0018,0.0019,0.0012,4.08,0,0
2025-12-28 17:58:06,0,0,30.94,0,4,0,0,0,0,0,0,3.42,0,0,0,0,0,0,0,0,202,146,0,1e-04,1e-04,3e-04,6e-04,8e-04,8e-04,6e-04,1.12,0,0
2025-12-28 17:59:06,0,0,31.06,0,16,889,14.8167,12,0.2,56,0.933333,5.47,0,0,0,0,0,0,0,0,164,116,0,2e-04,2e-04,5e-04,9e-04,0.0012,0.0013,8e-04,2.4,0,0
2025-12-28 18:00:06,0,0,31.06,0,2,0,0,0,0,0,0,1.4,0,0,0,0,0,0,0,0,165,112,0,0,0,1e-04,2e-04,3e-04,3e-04,3e-04,0.27,0,0
2025-12-28 18:01:06,0,0,31.12,0,2,262,4.36667,5,0.0833333,17,0.283333,1.26,0,0,0,0,0,0,0,0,148,105,0,0,0,1e-04,2e-04,3e-04,3e-04,2e-04,0.09,0,0
2025-12-28 18:02:06,0,0,31.06,0,16,882,14.7,9,0.15,67,1.11667,7.65,0,0,0,0,0,0,0,0,176,107,1e-04,3e-04,3e-04,7e-04,0.0012,0.0017,0.0017,0.001,3.78,0,0
2025-12-28 18:03:06,0,0,30.5,0,4,487,8.11667,15,0.25,25,0.416667,5.23,0,0,0,0,0,0,0,0,215,160,0,2e-04,2e-04,5e-04,8e-04,0.0012,0.0012,8e-04,2.3,0,0
2025-12-28 18:04:06,0,0,30.81,0,2,299,4.98333,0,0,21,0.35,1.22,0,0,0,0,0,0,0,0,146,103,0,0,0,1e-04,2e-04,3e-04,3e-04,3e-04,0,0,0
2025-12-28 18:05:06,0,0,30.94,0,2,230,3.83333,2,0.0333333,14,0.233333,0.94,0,0,0,0,0,0,0,0,146,102,0,0,0,1e-04,2e-04,3e-04,3e-04,2e-04,0.1,0,0
2025-12-28 18:06:06,0,0,31,0,2,278,4.63333,1,0.0166667,16,0.266667,1.02,0,0,0,0,0,0,0,0,149,102,0,0,0,1e-04,2e-04,3e-04,3e-04,2e-04,0.08,0,0
2025-12-28 18:07:06,0,0,30.88,0,4,187,3.11667,0,0,17,0.283333,1.39,0,0,0,0,0,0,0,0,157,108,0,0,0,1e-04,2e-04,3e-04,3e-04,2e-04,0.28,0,0
2025-12-28 18:08:06,0,0,30.88,0,4,563,9.38333,13,0.216667,33,0.55,3.34,0,0,0,0,0,0,0,0,202,146,0,1e-04,1e-04,3e-04,5e-04,8e-04,8e-04,5e-04,1.29,0,0
2025-12-28 18:09:06,0,0,30.88,0,4,43,0.716667,0,0,0,0,3.32,0,0,0,0,0,0,0,0,199,144,0,1e-04,1e-04,3e-04,5e-04,8e-04,8e-04,6e-04,1.07,0,0
2025-12-28 18:10:06,0,0,31,0,4,1075,17.9167,17,0.283333,84,1.4,5.65,0,0,0,0,0,0,0,0,178,122,0,2e-04,2e-04,5e-04,9e-04,0.0013,0.0013,8e-04,2.52,0,0
2025-12-28 18:11:06,0,0,31.06,0,4,1027,17.1167,22,0.366667,74,1.23333,4.77,0,0,0,0,0,0,0,0,190,136,0,1e-04,2e-04,4e-04,8e-04,0.0011,0.0011,7e-04,2.02,0,0
2025-12-28 18:12:06,0,0,31,0,4,873,14.55,22,0.366667,54,0.9,6.42,0,0,0,0,0,0,0,0,193,136,0,2e-04,2e-04,6e-04,0.001,0.0014,0.0014,9e-04,3.03,0,0
2025-12-28 18:13:06,0,0,31.06,0,4,166,2.76667,4,0.0666667,8,0.133333,1.5,0,0,0,0,0,0,0,0,160,108,0,0,0,1e-04,3e-04,4e-04,4e-04,3e-04,0.3,0,0
2025-12-28 18:14:06,0,0,30.62,0,8,6740,112.333,180,3,385,6.41667,19.65,0,0,0,0,0,0,0,0,189,132,2e-04,6e-04,8e-04,0.0018,0.003,0.0047,0.0051,0.0031,9.31,0.01,0
2025-12-28 18:15:06,0,0,30.81,0,1,6430,107.167,224,3.73333,344,5.73333,36.88,0,0,0,0,0,0,0,0,187,144,6e-04,0.0014,0.0017,0.0041,0.0053,0.0088,0.0097,0.006,20.55,0.02,0
2025-12-28 18:16:06,0,0,30.69,0,1,4583,76.3833,121,2.01667,240,4,34.02,0,0,0,0,0,0,0,0,184,141,4e-04,0.0017,0.0013,0.0029,0.0054,0.008,0.0085,0.0053,17,0.01,0
2025-12-28 18:17:06,0,0,30.62,0,16,5053,84.2167,166,2.76667,298,4.96667,52.38,0,0,0,0,0,0,0,0,189,150,7e-04,0.0028,0.002,0.0044,0.0084,0.0121,0.0126,0.0078,26.94,0.02,0
2025-12-28 18:18:06,0,0,30.25,0,16,7720,128.667,244,4.06667,450,7.5,13.45,0,0,0,0,0,0,0,0,173,138,1e-04,3e-04,3e-04,0.001,0.0021,0.0034,0.0037,0.0023,4.34,0.01,0
2025-12-28 18:19:06,0,0,29.94,0,1,7023,117.05,189,3.15,382,6.36667,34.58,0,0,0,0,0,0,0,0,162,130,4e-04,0.001,0.001,0.0026,0.0054,0.0087,0.0095,0.006,12.8,0.01,0
2025-12-28 18:20:06,0,0,29.62,0,16,7882,131.367,207,3.45,535,8.91667,13.92,0,0,0,0,0,0,0,0,182,146,1e-04,4e-04,4e-04,0.0011,0.0022,0.0035,0.0038,0.0025,5.04,0.01,0
2025-12-28 18:21:06,0,0,29.56,0,8,5806,96.7667,152,2.53333,355,5.91667,16.39,0,0,0,0,0,0,0,0,149,118,2e-04,5e-04,5e-04,0.0013,0.0026,0.004,0.0043,0.0027,6.43,0.01,0
2025-12-28 18:22:06,0,0,29.06,0,1,4411,73.5167,90,1.5,274,4.56667,13.42,0,0,0,0,0,0,0,0,218,174,1e-04,3e-04,4e-04,0.001,0.0021,0.0034,0.0038,0.0024,4.72,0.01,0
2025-12-28 18:23:06,0,0,29.06,0,16,3132,52.2,46,0.766667,218,3.63333,23.12,0,0,0,0,0,0,0,0,177,139,3e-04,7e-04,7e-04,0.0019,0.0036,0.0057,0.0063,0.004,9.26,0.01,0
2025-12-28 18:24:06,0,0,28.94,0,1,4498,74.9667,73,1.21667,311,5.18333,9.69,0,0,0,0,0,0,0,0,173,140,1e-04,2e-04,2e-04,7e-04,0.0015,0.0025,0.0027,0.0018,2.93,0,0
2025-12-28 18:25:06,0,0,28.88,0,1,8980,149.667,238,3.96667,560,9.33333,10,0,0,0,0,0,0,0,0,170,130,2e-04,3e-04,3e-04,8e-04,0.0016,0.0026,0.0029,0.0018,3.07,0.01,0
2025-12-28 18:26:06,0,0,28.75,0,1,8472,141.2,244,4.06667,504,8.4,5.23,0,0,0,0,0,0,0,0,169,131,0,1e-04,1e-04,4e-04,8e-04,0.0014,0.0015,0.001,1.42,0,0
2025-12-28 18:27:06,0,0,28.5,0,1,5856,97.6,125,2.08333,385,6.41667,10.18,0,0,0,0,0,0,0,0,202,153,1e-04,3e-04,3e-04,9e-04,0.0016,0.0025,0.0028,0.0018,4.17,0,0
2025-12-28 18:28:06,0,0,28.25,0,1,3139,52.3167,43,0.716667,195,3.25,20.27,0,0,0,0,0,0,0,0,194,151,2e-04,7e-04,7e-04,0.0017,0.0032,0.0048,0.0053,0.0033,8.79,0.01,0
2025-12-28 18:29:06,0,0,27.94,0,16,5689,94.8167,101,1.68333,354,5.9,15.94,0,0,0,0,0,0,0,0,224,174,2e-04,6e-04,6e-04,0.0014,0.0025,0.0037,0.004,0.0025,7.5,0.01,0
2025-12-28 18:30:06,0,0,28.06,0,2,3498,58.3,76,1.26667,244,4.06667,13.01,0,0,0,0,0,0,0,0,207,159,1e-04,4e-04,4e-04,0.0011,0.0019,0.0032,0.004,0.0026,5.16,0.01,0
2025-12-28 18:31:06,0,0,27.81,0,8,4552,75.8667,128,2.13333,244,4.06667,19.28,0,0,0,0,0,0,0,0,202,155,2e-04,6e-04,7e-04,0.0017,0.003,0.0047,0.005,0.0032,8.52,0.01,0
2025-12-28 18:32:06,0,0,27.88,0,1,3840,64,81,1.35,286,4.76667,17.45,0,0,0,0,0.01,0,0,0,216,165,3e-04,6e-04,7e-04,0.0015,0.0028,0.0046,0.0049,0.0032,6.15,0.01,0
2025-12-28 18:33:06,0,0,27.81,0,1,4189,69.8167,84,1.4,282,4.7,18.72,0,0,0,0,0.01,0,0,0,214,151,3e-04,7e-04,7e-04,0.0016,0.003,0.0049,0.0052,0.0034,7.15,0.01,0
2025-12-28 18:34:06,0,0,28.12,0,1,9566,159.433,316,5.26667,558,9.3,6.96,0,0,0,0,0.08,0,0,0,202,144,0.0013,0.0015,0.0015,0.002,0.0019,0.0036,0.0031,0.0026,2.21,0.02,0
2025-12-28 18:35:06,0,0,28.12,0,1,8589,143.15,238,3.96667,513,8.55,19.68,0,0,0,0,0,0,0,0,206,150,2e-04,5e-04,6e-04,0.0017,0.003,0.0049,0.0059,0.0035,7.48,0.01,0
2025-12-28 18:36:06,0,0,28.44,0,16,5413,90.2167,115,1.91667,397,6.61667,140.84,0,0,0,0,0,0,0,0,174,118,0.0017,0.0042,0.0047,0.0126,0.0203,0.0349,0.0449,0.0253,60.29,0.06,0
2025-12-28 18:37:06,0,0,28.19,0,1,2629,43.8167,43,0.716667,176,2.93333,78.82,0,0,0,0,0,0,0,0,215,163,0.001,0.0024,0.0027,0.0072,0.0113,0.0195,0.0255,0.0145,34.23,0.03,0
2025-12-28 18:38:06,0,0,28.31,0,16,5891,98.1833,131,2.18333,412,6.86667,50.69,0,0,0,0,0,0,0,0,224,159,6e-04,0.0015,0.0017,0.0046,0.0073,0.0125,0.0163,0.0092,21.69,0.02,0
2025-12-28 18:39:06,0,0,28.19,0,1,3458,57.6333,37,0.616667,311,5.18333,45.14,0,0,0,0,0,0,0,0,173,130,5e-04,0.0013,0.0015,0.0041,0.0064,0.0113,0.0149,0.0085,18.9,0.02,0
2025-12-28 18:40:06,0,0,28.31,0,1,4727,78.7833,69,1.15,375,6.25,33.09,0,0,0,0,0,0,0,0,166,147,4e-04,9e-04,0.0011,0.003,0.0047,0.0083,0.0113,0.0065,13.54,0.02,0
2025-12-28 18:41:06,0,0,28.44,0,16,5281,88.0167,119,1.98333,371,6.18333,102.07,0,0,0,0,0,0,0,0,194,128,0.0013,0.0032,0.0035,0.0095,0.0146,0.025,0.0324,0.0179,45.85,0.04,0
2025-12-28 18:42:06,0,0,28.62,0,16,3888,64.8,56,0.933333,315,5.25,115.13,0,0,0,0,0,0,0,0,182,113,0.0013,0.0033,0.0037,0.0099,0.0167,0.0286,0.0373,0.0205,47.26,0.05,0
2025-12-28 18:43:06,0,0,28.56,0,1,4770,79.5,109,1.81667,324,5.4,104.49,0,0,0,0,0,0,0,0,230,166,0.0013,0.0032,0.0036,0.0097,0.015,0.0256,0.0335,0.0184,46.28,0.05,0
2025-12-28 18:44:06,0,0,28.56,0,16,5816,96.9333,133,2.21667,374,6.23333,118.17,0,0,0,0,0,0,0,0,201,139,0.0015,0.0036,0.004,0.0108,0.017,0.0289,0.0378,0.0207,51.98,0.05,0
2025-12-28 18:45:06,0,0,28.56,0,1,3855,64.25,56,0.933333,284,4.73333,74.82,0,0,0,0,0,0,0,0,209,147,9e-04,0.0021,0.0024,0.0064,0.0109,0.0186,0.0245,0.0136,30.19,0.03,0
2025-12-28 18:46:06,0,0,28.62,0,16,3350,55.8333,49,0.816667,264,4.4,100.28,0,0,0,0,0,0,0,0,223,158,0.0012,0.003,0.0034,0.0091,0.0144,0.0246,0.0324,0.0178,43.39,0.04,0
2025-12-28 18:47:06,0,0,28.69,0,1,3430,57.1667,37,0.616667,262,4.36667,46.94,0,0,0,0,0,0,0,0,206,131,6e-04,0.0014,0.0015,0.0042,0.0067,0.0117,0.0157,0.0088,19.48,0.02,0
2025-12-28 18:48:06,0,0,28.88,0,16,5059,84.3167,87,1.45,403,6.71667,90.21,0,0,0,0,0,0,0,0,215,135,0.0011,0.0027,0.003,0.0082,0.013,0.0221,0.0293,0.0159,39.16,0.04,0
2025-12-28 18:49:06,0,0,28.88,0,1,1767,29.45,27,0.45,139,2.31667,92.14,0,0,0,0,0,0,0,0,187,134,0.0011,0.0027,0.003,0.0081,0.0133,0.0228,0.0303,0.0165,38.46,0.04,0
2025-12-28 18:50:06,0,0,29.12,0,1,5726,95.4333,153,2.55,403,6.71667,67.27,0,0,0,0,0,0,0,0,210,155,8e-04,0.002,0.0022,0.0059,0.0097,0.0166,0.022,0.012,28.2,0.03,0
2025-12-28 18:51:06,0,0,28.94,0,32,8827,147.117,239,3.98333,569,9.48333,5.3,0,0,0,0,0,0,0,0,195,131,1e-04,2e-04,2e-04,5e-04,8e-04,0.0013,0.0015,9e-04,2.56,0,0
2025-12-28 18:52:06,0,0,29,0,1,4977,82.95,139,2.31667,302,5.03333,11.5,0,0,0,0,0,0,0,0,212,147,1e-04,5e-04,5e-04,0.0011,0.0018,0.0026,0.0026,0.0017,6.22,0,0
2025-12-28 18:53:06,0,0,29.12,0,1,53,0.883333,0,0,3,0.05,8.74,0,0,0,0,0,0,0,0,211,151,1e-04,4e-04,3e-04,9e-04,0.0014,0.0019,0.0019,0.0012,4.62,0,0
2025-12-28 18:54:06,0,0,29.31,0,1,1221,20.35,29,0.483333,61,1.01667,8.32,0,0,0,0,0,0,0,0,187,120,1e-04,4e-04,3e-04,8e-04,0.0013,0.0019,0.0019,0.0012,4.27,0,0
2025-12-28 18:55:06,0,0,29.5,0,1,2678,44.6333,71,1.18333,162,2.7,11.04,0,0,0,0,0,0,0,0,205,147,1e-04,4e-04,5e-04,0.0011,0.0018,0.0025,0.0024,0.0015,5.88,0,0
2025-12-28 18:56:06,0,0,29.69,0,1,1131,18.85,42,0.7,52,0.866667,10.28,0,0,0,0,0,0,0,0,214,150,1e-04,4e-04,4e-04,0.001,0.0016,0.0023,0.0023,0.0014,5.26,0,0
2025-12-28 18:57:06,0,0,29.81,0,1,252,4.2,0,0,14,0.233333,12.5,0,0,0,0,0,0,0,0,223,166,1e-04,5e-04,5e-04,0.0012,0.002,0.0028,0.0028,0.0017,6.53,0,0
2025-12-28 18:58:06,0,0,30.12,0,1,67,1.11667,0,0,3,0.05,12.66,0,0,0,0,0,0,0,0,222,165,1e-04,5e-04,5e-04,0.0012,0.002,0.0028,0.0028,0.0017,6.47,0.01,0
2025-12-28 18:59:06,0,0,30.25,0,1,24,0.4,0,0,1,0.0166667,12.76,0,0,0,0,0,0,0,0,220,166,1e-04,5e-04,5e-04,0.0012,0.002,0.0029,0.0028,0.0017,6.54,0.01,0
2025-12-28 19:00:06,0,0,30.62,0,1,3,0.05,0,0,0,0,12.78,0,0,0,0,0,0,0,0,201,153,1e-04,5e-04,5e-04,0.0012,0.002,0.0028,0.0028,0.0017,6.77,0.01,0
2025-12-28 19:01:06,0,0,30.44,0,16,522,8.7,14,0.233333,35,0.583333,13.02,0,0,0,0,0,0,0,0,214,157,1e-04,5e-04,5e-04,0.0012,0.0021,0.0029,0.0029,0.0018,6.68,0.01,0
2025-12-28 19:02:06,0,0,30.25,0,16,413,6.88333,4,0.0666667,22,0.366667,13.23,0,0,0,0,0,0,0,0,199,142,1e-04,5e-04,5e-04,0.0013,0.0021,0.003,0.0029,0.0018,6.84,0.01,0
2025-12-28 19:03:06,0,0,29.94,0,16,31,0.516667,0,0,2,0.0333333,13.62,0,0,0,0,0,0,0,0,215,159,1e-04,5e-04,6e-04,0.0013,0.0022,0.003,0.003,0.0018,7.14,0.01,0
2025-12-28 19:04:06,0,0,29.75,0,16,761,12.6833,9,0.15,52,0.866667,12.85,0,0,0,0,0,0,0,0,211,160,1e-04,5e-04,6e-04,0.0012,0.0021,0.0029,0.0028,0.0017,6.77,0.01,0
2025-12-28 19:05:06,0,0,29.81,0,16,193,3.21667,0,0,12,0.2,9.87,0,0,0,0,0,0,0,0,217,158,1e-04,4e-04,4e-04,9e-04,0.0016,0.0022,0.0022,0.0013,4.72,0,0
2025-12-28 19:06:06,0,0,29.88,0,16,23,0.383333,0,0,1,0.0166667,10.11,0,0,0,0,0,0,0,0,216,158,1e-04,4e-04,4e-04,0.001,0.0016,0.0022,0.0022,0.0013,4.91,0,0
2025-12-28 19:07:06,0,0,29.94,0,16,81,1.35,0,0,7,0.116667,10.03,0,0,0,0,0,0,0,0,215,158,1e-04,4e-04,4e-04,9e-04,0.0016,0.0022,0.0022,0.0013,4.73,0,0
2025-12-28 19:08:06,0,0,30.81,0,1,719,11.9833,22,0.366667,39,0.65,8.73,0,0,0,0,0,0,0,0,221,158,1e-04,3e-04,3e-04,8e-04,0.0014,0.002,0.002,0.0012,4.18,0,0
2025-12-28 19:09:06,0,0,30.75,0,1,15,0.25,0,0,0,0,7.11,0,0,0,0,0,0,0,0,184,118,1e-04,2e-04,2e-04,7e-04,0.0011,0.0016,0.0017,0.0011,3.28,0,0
2025-12-28 19:10:06,0,0,30.81,0,1,3,0.05,0,0,0,0,7.58,0,0,0,0,0,0,0,0,176,116,1e-04,3e-04,3e-04,7e-04,0.0012,0.0017,0.0017,0.0011,3.74,0,0
2025-12-28 19:11:06,0,0,30.75,0,1,232,3.86667,0,0,7,0.116667,4.82,0,0,0,0,0,0,0,0,173,112,0,1e-04,1e-04,4e-04,8e-04,0.0011,0.0012,8e-04,1.88,0,0
2025-12-28 19:12:06,0,0,30.44,0,1,1070,17.8333,12,0.2,78,1.3,7.37,0,0,0,0,0,0,0,0,216,156,0,2e-04,2e-04,7e-04,0.0012,0.0017,0.0017,0.0011,3.18,0,0
2025-12-28 19:13:06,0,0,30.81,0,16,390,6.5,7,0.116667,25,0.416667,3.7,0,0,0,0,0,0,0,0,171,125,0,1e-04,1e-04,3e-04,6e-04,8e-04,8e-04,5e-04,1.85,0,0
2025-12-28 19:14:06,0,0,31.12,0,1,3280,54.6667,73,1.21667,208,3.46667,6.5,0,0,0,0,0,0,0,0,206,148,0,2e-04,2e-04,6e-04,0.001,0.0015,0.0015,9e-04,3.02,0,0
2025-12-28 19:15:06,0,0,31.12,0,16,743,12.3833,13,0.216667,52,0.866667,7.61,0,0,0,0,0,0,0,0,207,142,0,2e-04,3e-04,7e-04,0.0012,0.0017,0.0017,0.0012,3.49,0,0
2025-12-28 19:16:06,0,0,30.94,0,1,2865,47.75,85,1.41667,160,2.66667,8.2,0,0,0,0,0,0,0,0,211,169,1e-04,3e-04,3e-04,8e-04,0.0013,0.0019,0.0019,0.0011,3.87,0,0
2025-12-28 19:17:06,0,0,30.88,0,16,668,11.1333,6,0.1,42,0.7,4.64,0,0,0,0,0,0,0,0,167,122,0,1e-04,2e-04,4e-04,7e-04,0.0011,0.0011,6e-04,2.03,0,0
2025-12-28 19:18:06,0,0,30.88,0,16,1447,24.1167,27,0.45,93,1.55,4.99,0,0,0,0,0,0,0,0,190,140,0,1e-04,2e-04,4e-04,8e-04,0.0012,0.0011,7e-04,1.99,0,0
2025-12-28 19:19:06,0,0,30.56,0,16,1415,23.5833,14,0.233333,126,2.1,6.11,0,0,0,0,0,0,0,0,197,145,0,2e-04,2e-04,6e-04,0.001,0.0014,0.0014,9e-04,2.68,0,0
2025-12-28 19:20:06,0,0,30.38,0,16,493,8.21667,2,0.0333333,45,0.75,7.96,0,0,0,0,0,0,0,0,210,167,1e-04,3e-04,3e-04,7e-04,0.0013,0.0018,0.0018,0.0011,3.74,0,0
2025-12-28 19:21:06,0,0,30.25,0,16,1220,20.3333,6,0.1,141,2.35,9.39,0,0,0,0,0,0,0,0,176,154,1e-04,3e-04,4e-04,9e-04,0.0015,0.0021,0.0021,0.0013,4.57,0,0
2025-12-28 19:22:06,0,0,30.31,0,16,1442,24.0333,20,0.333333,140,2.33333,9.21,0,0,0,0,0,0,0,0,193,148,1e-04,3e-04,4e-04,9e-04,0.0015,0.0021,0.002,0.0013,4.51,0,0
2025-12-28 19:23:06,0,0,30.38,0,1,11205,186.75,379,6.31667,483,8.05,12.3,0,0,0,0,0,0,0,0,188,142,1e-04,4e-04,4e-04,0.001,0.002,0.0029,0.003,0.0018,5.2,0,0
2025-12-28 19:24:06,0,0,30.12,0,1,8708,145.133,273,4.55,566,9.43333,7.9,0,0,0,0,0,0,0,0,195,143,1e-04,3e-04,3e-04,8e-04,0.0012,0.0018,0.0018,0.0011,4.01,0,0
2025-12-28 19:25:06,0,0,29.81,0,1,9088,151.467,271,4.51667,558,9.3,1.97,0,0,0,0,0,0,0,0,207,154,0,0,0,2e-04,3e-04,5e-04,5e-04,3e-04,0.56,0,0
2025-12-28 19:26:06,0,0,29.69,0,1,9336,155.6,285,4.75,491,8.18333,0.05,0,0,0,0,0,0,0,0,222,176,0,0,0,0,0,0,0,0,0,0,0
2025-12-28 19:27:06,0,0,30.19,0,1,8050,134.167,207,3.45,369,6.15,0,0,0,0,0,0,0,0,0,194,128,0,0,0,0,0,0,0,0,0,0,0
2025-12-28 19:28:06,0,0,29.69,0,1,6999,116.65,164,2.73333,416,6.93333,0,0,0,0,0,0,0,0,0,215,171,0,0,0,0,0,0,0,0,0,0,0
2025-12-28 19:29:06,0,0,29.69,0,1,5420,90.3333,84,1.4,347,5.78333,0,0,0,0,0,0,0,0,0,217,144,0,0,0,0,0,0,0,0,0,0,0
2025-12-28 19:30:06,0,0,29.5,0,1,5346,89.1,77,1.28333,329,5.48333,0,0,0,0,0,0,0,0,0,227,171,0,0,0,0,0,0,0,0,0,0,0
2025-12-28 19:31:06,0,0,29.38,0,1,6241,104.017,90,1.5,419,6.98333,0,0,0,0,0,0,0,0,0,227,162,0,0,0,0,0,0,0,0,0,0,0
2025-12-28 19:32:06,0,0,29.56,0,1,6297,104.95,115,1.91667,395,6.58333,0,0,0,0,0,0,0,0,0,215,158,0,0,0,0,0,0,0,0,0,0,0
2025-12-28 19:33:06,0,0,29.12,0,1,4632,77.2,81,1.35,330,5.5,0,0,0,0,0,0,0,0,0,203,147,0,0,0,0,0,0,0,0,0,0,0
2025-12-28 19:34:06,0,0,28.75,0,1,2706,45.1,5,0.0833333,228,3.8,0,0,0,0,0,0,0,0,0,196,139,0,0,0,0,0,0,0,0,0,0,0
2025-12-28 19:35:06,0,0,28.5,0,1,5819,96.9833,125,2.08333,332,5.53333,0,0,0,0,0,0,0,0,0,203,146,0,0,0,0,0,0,0,0,0,0,0
2025-12-28 19:36:06,0,0,28.31,0,1,7445,124.083,165,2.75,415,6.91667,0,0,0,0,0,0,0,0,0,211,155,0,0,0,0,0,0,0,0,0,0,0
2025-12-28 19:37:06,0,0,28.25,0,1,7442,124.033,178,2.96667,361,6.01667,0,0,0,0,0,0,0,0,0,172,141,0,0,0,0,0,0,0,0,0,0,0
2025-12-28 19:38:06,0,0,27.88,0,1,4512,75.2,63,1.05,269,4.48333,0,0,0,0,0,0,0,0,0,217,155,0,0,0,0,0,0,0,0,0,0,0
2025-12-28 19:39:06,0,0,27.81,0,1,4272,71.2,56,0.933333,267,4.45,0,0,0,0,0,0,0,0,0,219,161,0,0,0,0,0,0,0,0,0,0,0
2025-12-28 19:40:06,0,0,28,0,1,5147,85.7833,73,1.21667,293,4.88333,0,0,0,0,0,0,0,0,0,173,130,0,0,0,0,0,0,0,0,0,0,0
2025-12-28 19:41:06,0,0,27.75,0,1,8999,149.983,231,3.85,501,8.35,0,0,0,0,0,0,0,0,0,174,129,0,0,0,0,0,0,0,0,0,0,0
2025-12-28 19:42:06,0,0,27.56,0,32,6446,107.433,170,2.83333,323,5.38333,20.04,0,0,0,0,0,0,0,0,228,178,2e-04,5e-04,6e-04,0.0016,0.0031,0.0051,0.0056,0.0036,7.25,0.01,0
2025-12-28 19:43:06,0,0,27.69,0,1,6627,110.45,210,3.5,309,5.15,10.07,0,0,0,0,0,0,0,0,194,157,1e-04,4e-04,4e-04,0.001,0.0015,0.0024,0.0025,0.0015,5.16,0,0
2025-12-28 19:44:06,0,0,27,0,16,1277,21.2833,13,0.216667,117,1.95,6.76,0,0,0,0,0,0,0,0,219,168,0,2e-04,2e-04,6e-04,0.0011,0.0016,0.0016,0.001,2.92,0,0
2025-12-28 19:45:06,0,0,26.75,0,16,1279,21.3167,6,0.1,136,2.26667,7,0,0,0,0,0,0,0,0,214,165,1e-04,2e-04,2e-04,7e-04,0.0011,0.0016,0.0016,0.001,3.1,0,0
2025-12-28 19:46:06,0,0,27.25,0,16,1442,24.0333,9,0.15,157,2.61667,7.74,0,0,0,0,0,0,0,0,209,159,1e-04,3e-04,3e-04,7e-04,0.0012,0.0018,0.0017,0.0011,3.64,0,0
2025-12-28 19:47:06,0,0,27.56,0,16,1707,28.45,18,0.3,178,2.96667,7.13,0,0,0,0,0,0,0,0,195,138,1e-04,2e-04,3e-04,7e-04,0.0011,0.0016,0.0016,0.0011,3.36,0,0
2025-12-28 19:48:06,0,0,28.06,0,16,979,16.3167,6,0.1,88,1.46667,7.33,0,0,0,0,0,0,0,0,192,160,1e-04,2e-04,3e-04,7e-04,0.0012,0.0016,0.0017,0.0011,3.37,0,0
2025-12-28 19:49:06,0,0,28.62,0,16,885,14.75,3,0.05,91,1.51667,6.64,0,0,0,0,0,0,0,0,149,130,1e-04,2e-04,2e-04,6e-04,0.0011,0.0015,0.0015,0.001,3.09,0,0
2025-12-28 19:50:06,0,0,28.62,0,8,10085,168.083,330,5.5,475,7.91667,2.9,0,0,0,0,0,0,0,0,220,162,0,1e-04,1e-04,2e-04,5e-04,7e-04,7e-04,5e-04,1.23,0,0
2025-12-28 19:51:06,0,0,27.94,0,16,787,13.1167,5,0.0833333,60,1,8.21,0,0,0,0,0,0,0,0,216,161,1e-04,3e-04,3e-04,8e-04,0.0013,0.0019,0.0019,0.0012,3.9,0,0
2025-12-28 19:52:06,0,0,28.25,0,16,1766,29.4333,23,0.383333,148,2.46667,7.31,0,0,0,0,0,0,0,0,215,168,1e-04,2e-04,3e-04,7e-04,0.0012,0.0017,0.0017,0.0011,3.43,0,0
2025-12-28 19:53:06,0,0,28.69,0,16,2327,38.7833,17,0.283333,203,3.38333,6.26,0,0,0,0,0,0,0,0,211,170,0,2e-04,2e-04,6e-04,0.001,0.0015,0.0015,0.001,2.59,0,0
2025-12-28 19:54:06,0,0,28.94,0,16,1483,24.7167,11,0.183333,117,1.95,7.5,0,0,0,0,0,0,0,0,199,161,1e-04,3e-04,3e-04,7e-04,0.0012,0.0017,0.0017,0.0011,3.62,0,0
2025-12-28 19:55:06,0,0,29.06,0,16,1432,23.8667,16,0.266667,121,2.01667,7.7,0,0,0,0,0,0,0,0,202,169,1e-04,3e-04,3e-04,7e-04,0.0012,0.0017,0.0018,0.0011,3.56,0,0
2025-12-28 19:56:06,0,0,29.25,0,16,871,14.5167,9,0.15,68,1.13333,7.01,0,0,0,0,0,0,0,0,201,172,1e-04,2e-04,2e-04,6e-04,0.0011,0.0016,0.0016,0.001,3.09,0,0
2025-12-28 19:57:06,0,0,29.62,0,16,440,7.33333,2,0.0333333,31,0.516667,7.04,0,0,0,0,0,0,0,0,170,158,1e-04,2e-04,3e-04,6e-04,0.0011,0.0016,0.0016,0.001,3.22,0,0
2025-12-28 19:58:06,0,0,29.31,0,16,1341,22.35,15,0.25,133,2.21667,7.12,0,0,0,0,0,0,0,0,212,168,1e-04,2e-04,3e-04,6e-04,0.0012,0.0016,0.0017,0.001,3.23,0,0
2025-12-28 19:59:06,0,0,29.75,0,1,5294,88.2333,136,2.26667,341,5.68333,7.66,0,0,0,0,0,0,0,0,192,121,0,3e-04,4e-04,8e-04,0.0012,0.0017,0.0017,0.001,4.27,0,0
2025-12-28 20:00:06,0,0,29.62,0,16,164,2.73333,0,0,18,0.3,6.93,0,0,0,0,0,0,0,0,211,146,0,2e-04,2e-04,6e-04,0.0011,0.0016,0.0016,0.001,2.99,0,0
2025-12-28 20:01:06,0,0,29.31,0,16,1881,31.35,18,0.3,218,3.63333,8.05,0,0,0,0,0,0,0,0,192,154,1e-04,3e-04,3e-04,8e-04,0.0013,0.0018,0.0018,0.0012,3.8,0,0
2025-12-28 20:02:06,0,0,29.25,0,1,2165,36.0833,18,0.3,218,3.63333,6.26,0,0,0,0,0,0,0,0,217,158,0,2e-04,2e-04,5e-04,0.001,0.0015,0.0016,9e-04,2.72,0,0
2025-12-28 20:03:06,0,0,29.5,0,16,2621,43.6833,33,0.55,249,4.15,7.11,0,0,0,0,0,0,0,0,215,167,0,2e-04,3e-04,6e-04,0.0011,0.0016,0.0018,0.0011,3.2,0,0
2025-12-28 20:04:06,0,0,28.88,0,16,1396,23.2667,7,0.116667,170,2.83333,7.94,0,0,0,0,0,0,0,0,222,179,1e-04,3e-04,3e-04,7e-04,0.0013,0.0018,0.0018,0.0011,3.81,0,0
2025-12-28 20:05:06,0,0,29.69,0,16,3415,56.9167,69,1.15,263,4.38333,6.32,0,0,0,0,0,0,0,0,208,136,0,2e-04,2e-04,6e-04,0.001,0.0014,0.0014,0.001,2.8,0,0
2025-12-28 20:06:06,0,0,29.69,0,16,1718,28.6333,43,0.716667,113,1.88333,6.29,0,0,0,0,0,0,0,0,207,170,0,2e-04,2e-04,6e-04,0.001,0.0014,0.0014,9e-04,2.85,0,0
2025-12-28 20:07:06,0,0,29.56,0,16,1105,18.4167,12,0.2,110,1.83333,7.37,0,0,0,0,0,0,0,0,222,174,1e-04,2e-04,3e-04,7e-04,0.0012,0.0017,0.0017,0.0011,3.61,0,0
2025-12-28 20:08:06,0,0,29.62,0,16,765,12.75,3,0.05,72,1.2,7.14,0,0,0,0,0,0,0,0,167,158,1e-04,2e-04,3e-04,7e-04,0.0011,0.0016,0.0016,0.001,3.35,0,0
2025-12-28 20:09:06,0,0,29.62,0,16,1091,18.1833,14,0.233333,110,1.83333,8.11,0,0,0,0,0,0,0,0,220,175,1e-04,3e-04,3e-04,8e-04,0.0013,0.0018,0.0019,0.0012,3.82,0,0
2025-12-28 20:10:06,0,0,29.31,0,16,532,8.86667,1,0.0166667,61,1.01667,7.94,0,0,0,0,0,0,0,0,218,176,1e-04,3e-04,3e-04,7e-04,0.0013,0.0018,0.0018,0.0011,3.85,0,0
2025-12-28 20:11:06,0,0,30.19,0,16,3937,65.6167,95,1.58333,246,4.1,6.12,0,0,0,0,0,0,0,0,160,103,1e-04,2e-04,2e-04,6e-04,0.001,0.0014,0.0014,9e-04,2.71,0,0
2025-12-28 20:12:06,0,0,29.75,0,16,848,14.1333,2,0.0333333,83,1.38333,7.02,0,0,0,0,0,0,0,0,165,128,0,2e-04,2e-04,7e-04,0.0011,0.0016,0.0016,0.001,3.2,0,0
2025-12-28 20:13:06,0,0,30,0,16,3185,53.0833,76,1.26667,220,3.66667,5.73,0,0,0,0,0,0,0,0,146,124,0,2e-04,2e-04,5e-04,9e-04,0.0013,0.0013,9e-04,2.44,0,0
2025-12-28 20:14:06,0,0,29.69,0,16,1046,17.4333,7,0.116667,101,1.68333,7.41,0,0,0,0,0,0,0,0,173,126,0,3e-04,3e-04,7e-04,0.0012,0.0017,0.0017,0.0011,3.59,0,0
2025-12-28 20:15:06,0,0,30.12,0,16,5060,84.3333,125,2.08333,410,6.83333,7.54,0,0,0,0,0,0,0,0,153,98,1e-04,3e-04,3e-04,7e-04,0.0012,0.0017,0.0017,0.0011,3.67,0,0
2025-12-28 20:16:06,0,0,29.62,0,16,1028,17.1333,0,0,114,1.9,6.54,0,0,0,0,0,0,0,0,148,112,0,2e-04,2e-04,6e-04,0.0011,0.0015,0.0015,9e-04,3.07,0,0
2025-12-28 20:17:06,0,0,29.38,0,16,560,9.33333,0,0,44,0.733333,6.21,0,0,0,0,0,0,0,0,141,113,0,2e-04,2e-04,6e-04,0.001,0.0014,0.0014,9e-04,2.85,0,0
2025-12-28 20:18:06,0,0,29.5,0,16,761,12.6833,3,0.05,89,1.48333,6.78,0,0,0,0,0,0,0,0,160,118,0,2e-04,3e-04,6e-04,0.0011,0.0015,0.0016,0.001,3.16,0,0
2025-12-28 20:19:06,0,0,29.75,0,16,1328,22.1333,4,0.0666667,159,2.65,7.76,0,0,0,0,0,0,0,0,142,100,1e-04,3e-04,3e-04,7e-04,0.0012,0.0017,0.0018,0.0011,3.8,0,0
2025-12-28 20:20:06,0,0,29.94,0,16,1825,30.4167,40,0.666667,108,1.8,6.72,0,0,0,0,0,0,0,0,170,134,1e-04,2e-04,2e-04,6e-04,0.0011,0.0015,0.0015,9e-04,3.1,0,0
2025-12-28 20:21:06,0,0,29.75,0,1,4294,71.5667,124,2.06667,206,3.43333,13.89,0,0,0,0,0,0,0,0,202,143,1e-04,6e-04,6e-04,0.0014,0.0022,0.003,0.003,0.0018,7.76,0.01,0
2025-12-28 20:22:06,0,0,29.44,0,16,1572,26.2,56,0.933333,95,1.58333,13.96,0,0,0,0,0,0,0,0,173,119,1e-04,6e-04,6e-04,0.0013,0.0022,0.0031,0.003,0.0018,7.55,0.01,0
2025-12-28 20:23:06,0,0,29.81,0,16,1854,30.9,38,0.633333,136,2.26667,5.98,0,0,0,0,0,0,0,0,201,151,0,2e-04,2e-04,6e-04,0.001,0.0013,0.0014,8e-04,2.85,0,0
2025-12-28 20:24:06,0,0,29.81,0,8,2982,49.7,81,1.35,199,3.31667,5.16,0,0,0,0,0,0,0,0,189,148,0,2e-04,2e-04,5e-04,8e-04,0.0012,0.0012,7e-04,2.45,0,0
2025-12-28 20:25:06,0,0,29.69,0,16,1053,17.55,10,0.166667,106,1.76667,6.99,0,0,0,0,0,0,0,0,192,152,0,2e-04,3e-04,6e-04,0.0011,0.0016,0.0016,0.001,3.2,0,0
2025-12-28 20:26:06,0,0,29.75,0,16,1176,19.6,14,0.233333,91,1.51667,5.89,0,0,0,0,0,0,0,0,190,102,0,2e-04,2e-04,5e-04,0.001,0.0014,0.0014,9e-04,2.56,0,0
2025-12-28 20:27:06,0,0,29.75,0,16,3665,61.0833,82,1.36667,254,4.23333,5.3,0,0,0,0,0,0,0,0,154,103,0,2e-04,2e-04,5e-04,9e-04,0.0012,0.0012,8e-04,2.26,0,0
2025-12-28 20:28:06,0,0,29.81,0,16,1267,21.1167,28,0.466667,73,1.21667,4.9,0,0,0,0,0,0,0,0,160,100,0,1e-04,2e-04,4e-04,8e-04,0.0012,0.0012,8e-04,1.88,0,0
2025-12-28 20:29:06,0,0,29.62,0,16,822,13.7,1,0.0166667,74,1.23333,4.8,0,0,0,0,0,0,0,0,149,107,0,1e-04,2e-04,4e-04,8e-04,0.0011,0.0011,7e-04,1.93,0,0
2025-12-28 20:30:06,0,0,29.38,0,16,675,11.25,5,0.0833333,47,0.783333,4.8,0,0,0,0,0,0,0,0,144,103,0,1e-04,1e-04,4e-04,8e-04,0.0011,0.0011,7e-04,1.96,0,0
2025-12-28 20:31:06,0,0,29.44,0,16,531,8.85,0,0,42,0.7,4.77,0,0,0,0,0,0,0,0,150,107,0,1e-04,2e-04,4e-04,8e-04,0.0011,0.0011,8e-04,2.09,0,0
2025-12-28 20:32:06,0,0,29.5,0,16,2008,33.4667,16,0.266667,189,3.15,5.59,0,0,0,0,0,0,0,0,154,100,0,2e-04,2e-04,5e-04,9e-04,0.0013,0.0013,8e-04,2.37,0,0
2025-12-28 20:33:06,0,0,29.38,0,16,4027,67.1167,111,1.85,185,3.08333,5.23,0,0,0,0,0,0,0,0,158,100,0,2e-04,2e-04,5e-04,8e-04,0.0012,0.0012,7e-04,2.35,0,0
2025-12-28 20:34:06,0,0,29.19,0,16,1440,24,13,0.216667,116,1.93333,6.18,0,0,0,0,0,0,0,0,161,102,0,2e-04,2e-04,5e-04,0.001,0.0014,0.0014,9e-04,2.71,0,0
2025-12-28 20:35:06,0,0,29.25,0,16,1823,30.3833,37,0.616667,151,2.51667,6.09,0,0,0,0,0,0,0,0,155,117,0,2e-04,2e-04,5e-04,0.001,0.0014,0.0014,9e-04,2.67,0,0
2025-12-28 20:36:06,0,0,28.75,0,16,887,14.7833,2,0.0333333,88,1.46667,7.54,0,0,0,0,0,0,0,0,179,144,1e-04,3e-04,3e-04,7e-04,0.0012,0.0017,0.0017,0.0011,3.62,0,0
2025-12-28 20:37:06,0,0,28.75,0,16,574,9.56667,1,0.0166667,67,1.11667,7.52,0,0,0,0,0,0,0,0,170,135,1e-04,3e-04,3e-04,7e-04,0.0012,0.0017,0.0017,0.001,3.56,0,0
2025-12-28 20:38:06,0,0,29.31,0,16,646,10.7667,8,0.133333,58,0.966667,6.7,0,0,0,0,0,0,0,0,150,101,0,2e-04,2e-04,6e-04,0.0011,0.0015,0.0015,0.001,3.08,0,0
2025-12-28 20:39:06,0,0,29.62,0,16,1323,22.05,5,0.0833333,107,1.78333,6.44,0,0,0,0,0,0,0,0,155,101,0,2e-04,2e-04,6e-04,0.001,0.0015,0.0014,9e-04,2.94,0,0
2025-12-28 20:40:06,0,0,29.94,0,16,1037,17.2833,11,0.183333,109,1.81667,6.62,0,0,0,0,0,0,0,0,153,100,0,2e-04,2e-04,6e-04,0.0011,0.0015,0.0015,0.001,3.09,0,0
2025-12-28 20:41:06,0,0,30.12,0,16,189,3.15,0,0,6,0.1,5.93,0,0,0,0,0,0,0,0,149,100,0,2e-04,2e-04,5e-04,0.001,0.0014,0.0014,9e-04,2.51,0,0
2025-12-28 20:42:06,0,0,30.31,0,16,545,9.08333,14,0.233333,27,0.45,4.85,0,0,0,0,0,0,0,0,151,105,0,1e-04,1e-04,4e-04,8e-04,0.0011,0.0011,8e-04,1.82,0,0
2025-12-28 20:43:06,0,0,30.56,0,4,2998,49.9667,89,1.48333,220,3.66667,4.41,0,0,0,0,0,0,0,0,195,135,0,1e-04,1e-04,4e-04,7e-04,0.001,0.0011,7e-04,1.69,0,0
2025-12-28 20:44:06,0,0,30.75,0,4,3042,50.7,105,1.75,200,3.33333,3.73,0,0,0,0,0,0,0,0,139,101,0,1e-04,1e-04,3e-04,6e-04,9e-04,9e-04,6e-04,1.32,0,0
2025-12-28 20:45:06,0,0,30.94,0,4,50,0.833333,0,0,2,0.0333333,2.68,0,0,0,0,0,0,0,0,141,99,0,0,0,2e-04,5e-04,6e-04,7e-04,4e-04,0.72,0,0
2025-12-28 20:46:06,0,0,31.06,0,4,0,0,0,0,0,0,2.62,0,0,0,0,0,0,0,0,140,99,0,1e-04,1e-04,2e-04,4e-04,6e-04,6e-04,4e-04,0.95,0,0
2025-12-28 20:47:06,0,0,31.19,0,2,109,1.81667,0,0,8,0.133333,1.86,0,0,0,0,0,0,0,0,140,99,0,0,0,2e-04,3e-04,4e-04,4e-04,3e-04,0.34,0,0
2025-12-28 20:48:06,0,0,31.19,0,2,42,0.7,0,0,1,0.0166667,1.73,0,0,0,0,0,0,0,0,140,99,0,0,0,1e-04,3e-04,4e-04,4e-04,3e-04,0.2,0,0
2025-12-28 20:49:06,0,0,31.12,0,4,860,14.3333,19,0.316667,56,0.933333,3.87,0,0,0,0,0,0,0,0,147,100,0,1e-04,1e-04,3e-04,6e-04,9e-04,9e-04,6e-04,1.56,0,0
2025-12-28 20:50:06,0,0,31.12,0,4,487,8.11667,7,0.116667,45,0.75,3.1,0,0,0,0,0,0,0,0,145,100,0,1e-04,1e-04,3e-04,5e-04,7e-04,7e-04,5e-04,0.97,0,0
2025-12-28 20:51:06,0,0,31.19,0,4,255,4.25,2,0.0333333,12,0.2,1.71,0,0,0,0,0,0,0,0,139,100,0,0,0,1e-04,3e-04,4e-04,4e-04,3e-04,0.33,0,0
2025-12-28 20:52:06,0,0,31.31,0,2,82,1.36667,0,0,9,0.15,0.14,0,0,0,0,0,0,0,0,137,99,0,0,0,0,0,0,0,0,0,0,0
2025-12-28 20:53:06,0,0,31.44,0,2,286,4.76667,6,0.1,18,0.3,0.1,0,0,0,0,0,0,0,0,137,99,0,0,0,0,0,0,0,0,0,0,0
2025-12-28 20:54:06,0,0,31.62,0,2,75,1.25,2,0.0333333,5,0.0833333,0,0,0,0,0,0,0,0,0,136,99,0,0,0,0,0,0,0,0,0,0,0
2025-12-28 20:55:06,0,0,31.69,0,2,340,5.66667,8,0.133333,22,0.366667,0.21,0,0,0,0,0,0,0,0,137,99,0,0,0,0,0,1e-04,1e-04,1e-04,0.01,0,0
2025-12-28 20:56:06,0,0,31.62,0,2,236,3.93333,0,0,18,0.3,0.79,0,0,0,0,0,0,0,0,139,99,0,0,0,1e-04,1e-04,2e-04,2e-04,1e-04,0.01,0,0
2025-12-28 20:57:06,0,0,31.75,0,2,78,1.3,0,0,9,0.15,0.2,0,0,0,0,0,0,0,0,137,99,0,0,0,0,0,0,1e-04,1e-04,0.02,0,0
2025-12-28 20:58:06,0,0,31.62,0,2,129,2.15,0,0,7,0.116667,0.73,0,0,0,0,0,0,0,0,138,99,0,0,0,0,1e-04,2e-04,2e-04,1e-04,0,0,0
2025-12-28 20:59:06,0,0,31.38,0,2,2862,47.7,91,1.51667,132,2.2,2.3,0,0,0,0,0,0,0,0,157,105,0,1e-04,1e-04,2e-04,4e-04,5e-04,5e-04,3e-04,0.99,0,0
2025-12-28 21:00:06,0,0,31.31,0,4,510,8.5,17,0.283333,29,0.483333,3.2,0,0,0,0,0,0,0,0,173,123,0,1e-04,1e-04,3e-04,5e-04,7e-04,7e-04,5e-04,1.31,0,0
2025-12-28 21:01:06,0,0,31.31,0,4,0,0,0,0,0,0,2.28,0,0,0,0,0,0,0,0,157,107,0,0,0,2e-04,4e-04,5e-04,5e-04,4e-04,0.46,0,0
2025-12-28 21:02:06,0,0,31.31,0,4,36,0.6,0,0,1,0.0166667,2.32,0,0,0,0,0,0,0,0,149,103,0,0,0,2e-04,4e-04,6e-04,6e-04,4e-04,0.35,0,0
2025-12-28 21:03:06,0,0,31.31,0,4,0,0,0,0,0,0,2.3,0,0,0,0,0,0,0,0,146,101,0,0,0,2e-04,4e-04,6e-04,6e-04,4e-04,0.43,0,0
2025-12-28 21:04:06,0,0,31.38,0,4,17,0.283333,0,0,1,0.0166667,1.96,0,0,0,0,0,0,0,0,143,99,0,0,0,2e-04,3e-04,5e-04,5e-04,3e-04,0.33,0,0
2025-12-28 21:05:06,0,0,31.25,0,16,588,9.8,15,0.25,34,0.566667,3.06,0,0,0,0,0,0,0,0,224,159,0,0,1e-04,2e-04,5e-04,7e-04,7e-04,5e-04,0.96,0,0
2025-12-28 21:06:06,0,0,31.12,0,4,25,0.416667,0,0,1,0.0166667,1.72,0,0,0,0,0,0,0,0,147,100,0,0,0,1e-04,3e-04,4e-04,5e-04,3e-04,0.16,0,0
2025-12-28 21:07:06,0,0,31.06,0,2,242,4.03333,4,0.0666667,18,0.3,1.1,0,0,0,0,0,0,0,0,143,99,0,0,0,1e-04,2e-04,3e-04,3e-04,2e-04,0.01,0,0
2025-12-28 21:08:06,0,0,31.06,0,2,13,0.216667,0,0,2,0.0333333,0.77,0,0,0,0,0,0,0,0,141,98,0,0,0,0,1e-04,2e-04,3e-04,2e-04,0,0,0
2025-12-28 21:09:06,0,0,31,0,2,8,0.133333,0,0,1,0.0166667,0.86,0,0,0,0,0,0,0,0,142,99,0,0,0,0,2e-04,2e-04,3e-04,2e-04,0,0,0
2025-12-28 21:10:06,0,0,31,0,2,0,0,0,0,0,0,0.87,0,0,0,0,0,0,0,0,140,99,0,0,0,1e-04,2e-04,2e-04,2e-04,2e-04,0,0,0
2025-12-28 21:11:06,0,0,30.62,0,2,3863,64.3833,87,1.45,228,3.8,4.43,0,0,0,0,0,0,0,0,227,167,0,1e-04,2e-04,4e-04,7e-04,0.001,0.0011,7e-04,2,0,0
2025-12-28 21:12:06,0,0,30.06,0,8,2570,42.8333,37,0.616667,186,3.1,13.95,0,0,0,0,0,0,0,0,229,166,1e-04,6e-04,6e-04,0.0013,0.0022,0.0031,0.0031,0.0019,7.56,0.01,0
2025-12-28 21:13:06,0,0,30.06,0,16,1487,24.7833,50,0.833333,72,1.2,13.75,0,0,0,0,0,0,0,0,164,104,1e-04,5e-04,6e-04,0.0013,0.0022,0.003,0.003,0.0018,7.29,0.01,0
2025-12-28 21:14:06,0,0,30.25,0,1,5896,98.2667,138,2.3,377,6.28333,6.01,0,0,0,0,0,0,0,0,211,169,0,2e-04,2e-04,5e-04,0.001,0.0014,0.0014,9e-04,2.83,0,0
2025-12-28 21:15:06,0,0,30.44,0,16,3695,61.5833,109,1.81667,215,3.58333,13.34,0,0,0,0,0,0,0,0,202,130,1e-04,5e-04,5e-04,0.0012,0.0022,0.003,0.0029,0.0018,6.77,0.01,0
2025-12-28 21:16:06,0,0,30.38,0,1,3606,60.1,91,1.51667,216,3.6,10.95,0,0,0,0,0,0,0,0,214,152,1e-04,4e-04,4e-04,0.001,0.0018,0.0024,0.0024,0.0015,5.46,0,0
2025-12-28 21:17:06,0,0,30.25,0,16,1507,25.1167,24,0.4,89,1.48333,5.59,0,0,0,0,0,0,0,0,214,157,0,2e-04,2e-04,5e-04,9e-04,0.0013,0.0013,8e-04,2.49,0,0
2025-12-28 21:18:06,0,0,30.31,0,16,708,11.8,19,0.316667,34,0.566667,6.89,0,0,0,0,0,0,0,0,228,179,1e-04,2e-04,3e-04,7e-04,0.0011,0.0015,0.0015,0.001,3.41,0,0
2025-12-28 21:19:06,0,0,30.5,0,16,887,14.7833,18,0.3,58,0.966667,9.48,0,0,0,0,0,0,0,0,210,152,1e-04,4e-04,5e-04,0.001,0.0015,0.0021,0.0021,0.0012,5.75,0,0
2025-12-28 21:20:06,0,0,30.81,0,16,2519,41.9833,56,0.933333,170,2.83333,6.67,0,0,0,0,0,0,0,0,181,136,1e-04,2e-04,3e-04,6e-04,0.0011,0.0015,0.0015,9e-04,3.28,0,0
2025-12-28 21:21:06,0,0,30.62,0,16,7650,127.5,237,3.95,370,6.16667,53.85,0,0,0,0,0,0,0,0,209,154,6e-04,0.0013,0.0016,0.0039,0.0084,0.0137,0.0148,0.0087,19.08,0.02,0
2025-12-28 21:22:06,0,0,30.69,0,16,2449,40.8167,49,0.816667,140,2.33333,6.39,0,0,0,0,0,0,0,0,187,116,0,2e-04,2e-04,6e-04,0.001,0.0015,0.0015,9e-04,2.93,0,0
2025-12-28 21:23:06,0,0,30.56,0,16,724,12.0667,6,0.1,60,1,4.85,0,0,0,0,0,0,0,0,184,114,0,1e-04,2e-04,4e-04,8e-04,0.0011,0.0011,8e-04,2.04,0,0
2025-12-28 21:24:06,0,0,30.25,0,16,2200,36.6667,56,0.933333,148,2.46667,3.2,0,0,0,0,0,0,0,0,228,158,0,1e-04,1e-04,3e-04,5e-04,7e-04,7e-04,5e-04,1.19,0,0
2025-12-28 21:25:06,0,0,30.25,0,8,771,12.85,26,0.433333,40,0.666667,1.92,0,0,0,0,0,0,0,0,177,128,0,0,0,1e-04,3e-04,5e-04,5e-04,4e-04,0.38,0,0
2025-12-28 21:26:06,0,0,30.12,0,8,4614,76.9,144,2.4,236,3.93333,2.97,0,0,0,0,0,0,0,0,224,162,0,1e-04,1e-04,3e-04,5e-04,7e-04,8e-04,5e-04,1.12,0,0
2025-12-28 21:27:06,0,0,29.38,0,16,615,10.25,5,0.0833333,54,0.9,7.29,0,0,0,0,0,0,0,0,216,153,1e-04,2e-04,3e-04,7e-04,0.0012,0.0016,0.0016,0.001,3.58,0,0
2025-12-28 21:28:06,0,0,29.62,0,16,0,0,0,0,0,0,6.5,0,0,0,0,0,0,0,0,185,121,0,2e-04,2e-04,6e-04,0.0011,0.0015,0.0015,9e-04,2.81,0,0
2025-12-28 21:29:06,0,0,29.62,0,16,341,5.68333,1,0.0166667,19,0.316667,7.36,0,0,0,0,0,0,0,0,195,116,1e-04,3e-04,3e-04,7e-04,0.0012,0.0016,0.0017,0.001,3.55,0,0
2025-12-28 21:30:06,0,0,29.38,0,16,1841,30.6833,36,0.6,144,2.4,6.78,0,0,0,0,0,0,0,0,208,155,0,2e-04,2e-04,6e-04,0.0011,0.0015,0.0016,0.001,3.11,0,0
2025-12-28 21:31:06,0,0,29.38,0,16,162,2.7,0,0,9,0.15,7.29,0,0,0,0,0,0,0,0,214,154,1e-04,3e-04,3e-04,7e-04,0.0012,0.0017,0.0017,0.001,3.44,0,0
2025-12-28 21:32:06,0,0,29.44,0,16,1774,29.5667,20,0.333333,179,2.98333,7.88,0,0,0,0,0,0,0,0,218,157,1e-04,3e-04,3e-04,7e-04,0.0013,0.0018,0.0018,0.0011,3.79,0,0
2025-12-28 21:33:06,0,0,29,0,16,803,13.3833,4,0.0666667,83,1.38333,6.45,0,0,0,0,0,0,0,0,185,119,0,2e-04,2e-04,6e-04,0.001,0.0014,0.0014,9e-04,3.03,0,0
2025-12-28 21:34:06,0,0,29.12,0,16,95,1.58333,0,0,7,0.116667,5.87,0,0,0,0,0,0,0,0,172,110,0,2e-04,2e-04,5e-04,0.001,0.0014,0.0014,9e-04,2.5,0,0
2025-12-28 21:35:06,0,0,29,0,16,90,1.5,0,0,6,0.1,5.84,0,0,0,0,0,0,0,0,168,109,0,2e-04,2e-04,5e-04,0.001,0.0013,0.0014,9e-04,2.37,0,0
2025-12-28 21:36:06,0,0,29.12,0,16,81,1.35,0,0,8,0.133333,5.78,0,0,0,0,0,0,0,0,169,107,0,2e-04,2e-04,5e-04,9e-04,0.0013,0.0013,8e-04,2.38,0,0
2025-12-28 21:37:06,0,0,29.31,0,16,0,0,0,0,0,0,5.72,0,0,0,0,0,0,0,0,164,106,0,1e-04,2e-04,5e-04,9e-04,0.0013,0.0013,9e-04,2.33,0,0
2025-12-28 21:38:06,0,0,29.12,0,16,144,2.4,0,0,8,0.133333,6.08,0,0,0,0,0,0,0,0,170,110,0,2e-04,2e-04,5e-04,0.001,0.0014,0.0014,9e-04,2.59,0,0
2025-12-28 21:39:06,0,0,29.56,0,16,2787,46.45,73,1.21667,200,3.33333,5.57,0,0,0,0,0,0,0,0,200,156,0,2e-04,2e-04,5e-04,9e-04,0.0012,0.0014,8e-04,2.81,0,0
2025-12-28 21:40:06,0,0,30.12,0,16,141,2.35,0,0,2,0.0333333,6.26,0,0,0,0,0,0,0,0,162,130,0,2e-04,2e-04,6e-04,0.001,0.0014,0.0014,9e-04,2.88,0,0
2025-12-28 21:41:06,0,0,29.88,0,16,1038,17.3,12,0.2,83,1.38333,6.25,0,0,0,0,0,0,0,0,207,162,0,2e-04,2e-04,6e-04,0.001,0.0014,0.0014,9e-04,2.85,0,0
2025-12-28 21:42:06,0,0,29.94,0,16,706,11.7667,4,0.0666667,47,0.783333,5.33,0,0,0,0,0,0,0,0,189,141,0,1e-04,2e-04,5e-04,9e-04,0.0012,0.0013,8e-04,2.05,0,0
2025-12-28 21:43:06,0,0,29.94,0,16,1323,22.05,10,0.166667,107,1.78333,5.15,0,0,0,0,0,0,0,0,200,149,0,1e-04,2e-04,4e-04,8e-04,0.0012,0.0012,8e-04,1.99,0,0
2025-12-28 21:44:06,0,0,29.94,0,16,935,15.5833,6,0.1,75,1.25,6.04,0,0,0,0,0,0,0,0,200,154,0,2e-04,2e-04,6e-04,0.001,0.0014,0.0014,9e-04,2.81,0,0
2025-12-28 21:45:06,0,0,30,0,16,1650,27.5,39,0.65,112,1.86667,5.85,0,0,0,0,0,0,0,0,206,151,0,2e-04,2e-04,5e-04,9e-04,0.0013,0.0013,8e-04,2.78,0,0
2025-12-28 21:46:06,0,0,30,0,16,1013,16.8833,24,0.4,54,0.9,4.77,0,0,0,0,0,0,0,0,197,145,0,2e-04,1e-04,5e-04,8e-04,0.0011,0.001,7e-04,2.08,0,0
2025-12-28 21:47:06,0,0,30.12,0,16,594,9.9,3,0.05,48,0.8,4.45,0,0,0,0,0,0,0,0,211,158,0,1e-04,1e-04,4e-04,7e-04,0.001,0.0011,7e-04,1.71,0,0
2025-12-28 21:48:06,0,0,29.81,0,16,1474,24.5667,30,0.5,115,1.91667,5.5,0,0,0,0,0,0,0,0,186,130,0,2e-04,2e-04,5e-04,9e-04,0.0012,0.0013,8e-04,2.46,0,0
2025-12-28 21:49:06,0,0,30,0,16,1615,26.9167,10,0.166667,165,2.75,8.23,0,0,0,0,0,0,0,0,187,130,1e-04,3e-04,3e-04,8e-04,0.0013,0.0018,0.0018,0.0011,4.06,0,0
2025-12-28 21:50:06,0,0,29.94,0,4,1773,29.55,52,0.866667,123,2.05,3.92,0,0,0,0,0,0,0,0,228,161,0,1e-04,1e-04,4e-04,6e-04,9e-04,9e-04,7e-04,1.5,0,0
2025-12-28 21:51:06,0,0,29.69,0,4,7,0.116667,0,0,1,0.0166667,3.98,0,0,0,0,0,0,0,0,230,162,0,1e-04,1e-04,4e-04,6e-04,9e-04,0.001,7e-04,1.28,0,0
2025-12-28 21:52:06,0,0,29.56,0,4,260,4.33333,6,0.1,17,0.283333,5.51,0,0,0,0,0,0,0,0,168,118,0,2e-04,2e-04,5e-04,9e-04,0.0012,0.0013,8e-04,2.34,0,0
2025-12-28 21:53:06,0,0,29.75,0,16,774,12.9,12,0.2,69,1.15,8.36,0,0,0,0,0,0,0,0,213,167,1e-04,3e-04,4e-04,8e-04,0.0013,0.0018,0.0019,0.0011,4.34,0,0
2025-12-28 21:54:06,0,0,30,0,16,1287,21.45,14,0.233333,130,2.16667,6.57,0,0,0,0,0,0,0,0,224,157,1e-04,2e-04,2e-04,6e-04,0.0011,0.0015,0.0015,0.001,2.97,0,0
2025-12-28 21:55:06,0,0,29.69,0,4,608,10.1333,25,0.416667,35,0.583333,4.07,0,0,0,0,0,0,0,0,224,155,0,1e-04,1e-04,4e-04,7e-04,9e-04,0.001,6e-04,1.62,0,0
2025-12-28 21:56:06,0,0,29.69,0,4,142,2.36667,2,0.0333333,9,0.15,1.97,0,0,0,0,0,0,0,0,176,131,0,0,0,2e-04,3e-04,5e-04,5e-04,3e-04,0.4,0,0
2025-12-28 21:57:06,0,0,30.06,0,4,144,2.4,3,0.05,10,0.166667,2.28,0,0,0,0,0,0,0,0,147,106,0,0,0,2e-04,4e-04,6e-04,6e-04,4e-04,0.58,0,0
2025-12-28 21:58:06,0,0,30.19,0,2,131,2.18333,0,0,4,0.0666667,0.9,0,0,0,0,0,0,0,0,155,110,0,0,0,1e-04,2e-04,2e-04,2e-04,1e-04,0,0,0
2025-12-28 21:59:06,0,0,29.56,0,2,54,0.9,1,0.0166667,5,0.0833333,0.44,0,0,0,0,0,0,0,0,214,163,0,0,0,0,1e-04,1e-04,1e-04,0,0,0,0
2025-12-28 22:00:06,0,0,29.19,0,2,41,0.683333,0,0,2,0.0333333,0.36,0,0,0,0,0,0,0,0,213,163,0,0,0,0,1e-04,1e-04,1e-04,0,0,0,0
2025-12-28 22:01:06,0,0,30.19,0,1,41,0.683333,0,0,0,0,1.46,0,0,0,0,0,0,0,0,146,103,0,0,0,1e-04,2e-04,4e-04,4e-04,3e-04,0.18,0,0
2025-12-28 22:02:06,0,0,30.19,0,1,20,0.333333,0,0,1,0.0166667,1.53,0,0,0,0,0,0,0,0,144,102,0,0,0,1e-04,2e-04,4e-04,4e-04,3e-04,0.25,0,0
2025-12-28 22:03:06,0,0,30.12,0,1,1370,22.8333,36,0.6,100,1.66667,2.05,0,0,0,0,0,0,0,0,220,162,0,0,0,2e-04,3e-04,5e-04,5e-04,4e-04,0.49,0,0
2025-12-28 22:04:06,0,0,30.62,0,4,22,0.366667,0,0,1,0.0166667,1.32,0,0,0,0,0,0,0,0,152,108,0,0,0,1e-04,2e-04,3e-04,3e-04,2e-04,0.15,0,0
2025-12-28 22:05:06,0,0,30.25,0,4,1227,20.45,17,0.283333,124,2.06667,5.26,0,0,0,0,0,0,0,0,207,148,0,2e-04,2e-04,5e-04,9e-04,0.0012,0.0012,7e-04,2.39,0,0
2025-12-28 22:06:06,0,0,30,0,4,1290,21.5,30,0.5,95,1.58333,5.42,0,0,0,0,0,0,0,0,225,161,0,1e-04,2e-04,5e-04,9e-04,0.0012,0.0013,9e-04,2.2,0,0
2025-12-28 22:07:06,0,0,29.88,0,4,27,0.45,0,0,0,0,4.66,0,0,0,0,0,0,0,0,223,159,0,1e-04,1e-04,4e-04,8e-04,0.0011,0.0011,8e-04,1.75,0,0
2025-12-28 22:08:06,0,0,30,0,8,3082,51.3667,85,1.41667,192,3.2,6.42,0,0,0,0,0,0,0,0,219,177,0,2e-04,3e-04,6e-04,0.001,0.0014,0.0015,0.001,2.99,0,0
2025-12-28 22:09:06,0,0,30.19,0,16,1466,24.4333,22,0.366667,108,1.8,12.27,0,0,0,0,0,0,0,0,179,115,1e-04,5e-04,5e-04,0.0012,0.002,0.0027,0.0026,0.0016,6.41,0,0
2025-12-28 22:10:06,0,0,30.25,0,4,2240,37.3333,64,1.06667,106,1.76667,5.71,0,0,0,0,0,0,0,0,173,112,0,2e-04,2e-04,5e-04,9e-04,0.0013,0.0013,9e-04,2.48,0,0
2025-12-28 22:11:06,0,0,30.12,0,8,1982,33.0333,49,0.816667,118,1.96667,5.6,0,0,0,0,0,0,0,0,184,111,0,2e-04,2e-04,5e-04,9e-04,0.0013,0.0013,8e-04,2.6,0,0
2025-12-28 22:12:06,0,0,30.12,0,16,704,11.7333,11,0.183333,52,0.866667,3.27,0,0,0,0,0,0,0,0,149,107,0,1e-04,1e-04,3e-04,5e-04,7e-04,8e-04,5e-04,1.17,0,0
2025-12-28 22:13:06,0,0,30.12,0,4,658,10.9667,18,0.3,45,0.75,3.32,0,0,0,0,0,0,0,0,168,119,0,1e-04,1e-04,3e-04,5e-04,8e-04,8e-04,5e-04,1.28,0,0
2025-12-28 22:14:06,0,0,30.56,0,4,146,2.43333,0,0,6,0.1,1.9,0,0,0,0,0,0,0,0,164,112,0,0,0,1e-04,3e-04,5e-04,5e-04,4e-04,0.21,0,0
2025-12-28 22:15:06,0,0,30.44,0,4,1375,22.9167,21,0.35,121,2.01667,4.39,0,0,0,0,0,0,0,0,231,164,0,1e-04,1e-04,4e-04,7e-04,0.001,0.001,7e-04,1.78,0,0
2025-12-28 22:16:06,0,0,30.12,0,4,969,16.15,13,0.216667,93,1.55,5.35,0,0,0,0,0,0,0,0,216,158,0,1e-04,1e-04,5e-04,9e-04,0.0012,0.0013,8e-04,2.14,0,0
2025-12-28 22:17:06,0,0,29.88,0,4,1319,21.9833,28,0.466667,112,1.86667,5.08,0,0,0,0,0,0,0,0,193,138,0,1e-04,1e-04,5e-04,8e-04,0.0011,0.0012,8e-04,2.08,0,0
2025-12-28 22:18:06,0,0,29.62,0,16,803,13.3833,7,0.116667,59,0.983333,7.38,0,0,0,0,0,0,0,0,216,160,1e-04,3e-04,3e-04,7e-04,0.0012,0.0016,0.0017,0.001,3.57,0,0
2025-12-28 22:19:06,0,0,29.75,0,4,928,15.4667,13,0.216667,84,1.4,5.62,0,0,0,0,0,0,0,0,229,163,0,2e-04,2e-04,5e-04,9e-04,0.0013,0.0013,8e-04,2.52,0,0
2025-12-28 22:20:06,0,0,29.56,0,4,957,15.95,21,0.35,80,1.33333,3.98,0,0,0,0,0,0,0,0,227,160,0,1e-04,1e-04,3e-04,7e-04,0.001,0.001,6e-04,1.23,0,0
2025-12-28 22:21:06,0,0,29.31,0,4,21,0.35,0,0,1,0.0166667,3.82,0,0,0,0,0,0,0,0,227,161,0,1e-04,1e-04,3e-04,6e-04,9e-04,0.001,7e-04,1.17,0,0
2025-12-28 22:22:06,0,0,29.25,0,4,180,3,2,0.0333333,16,0.266667,3.83,0,0,0,0,0,0,0,0,199,149,0,1e-04,1e-04,3e-04,6e-04,9e-04,0.001,7e-04,1.14,0,0
2025-12-28 22:23:06,0,0,29.62,0,4,19,0.316667,0,0,0,0,3.81,0,0,0,0,0,0,0,0,211,150,0,1e-04,1e-04,4e-04,6e-04,9e-04,9e-04,7e-04,1.32,0,0
2025-12-28 22:24:06,0,0,29.75,0,4,10,0.166667,0,0,0,0,3.79,0,0,0,0,0,0,0,0,215,153,0,1e-04,1e-04,3e-04,6e-04,9e-04,9e-04,7e-04,1.13,0,0
2025-12-28 22:25:06,0,0,29.81,0,4,0,0,0,0,0,0,3.78,0,0,0,0,0,0,0,0,214,152,0,1e-04,1e-04,3e-04,6e-04,9e-04,0.001,6e-04,1.18,0,0
2025-12-28 22:26:06,0,0,29.81,0,4,94,1.56667,0,0,11,0.183333,3.79,0,0,0,0,0,0,0,0,209,151,0,1e-04,1e-04,3e-04,6e-04,9e-04,9e-04,6e-04,1.18,0,0
2025-12-28 22:27:06,0,0,30,0,4,0,0,0,0,0,0,3.72,0,0,0,0,0,0,0,0,211,152,0,1e-04,1e-04,3e-04,6e-04,9e-04,9e-04,6e-04,1.16,0,0
2025-12-28 22:28:06,0,0,30.06,0,4,884,14.7333,14,0.233333,74,1.23333,5.9,0,0,0,0,0,0,0,0,193,141,0,2e-04,2e-04,6e-04,0.001,0.0013,0.0014,9e-04,2.63,0,0
2025-12-28 22:29:06,0,0,29.81,0,16,1315,21.9167,31,0.516667,79,1.31667,6.75,0,0,0,0,0,0,0,0,172,120,1e-04,2e-04,3e-04,6e-04,0.0011,0.0015,0.0015,0.001,3.26,0,0
2025-12-28 22:30:06,0,0,29.94,0,16,1018,16.9667,19,0.316667,61,1.01667,5.6,0,0,0,0,0,0,0,0,229,159,0,2e-04,2e-04,5e-04,9e-04,0.0013,0.0013,8e-04,2.5,0,0
2025-12-28 22:31:06,0,0,30,0,16,1172,19.5333,5,0.0833333,109,1.81667,7.38,0,0,0,0,0,0,0,0,196,133,1e-04,3e-04,3e-04,7e-04,0.0012,0.0016,0.0017,0.001,3.57,0,0
2025-12-28 22:32:06,0,0,29.81,0,4,704,11.7333,21,0.35,36,0.6,6.53,0,0,0,0,0,0,0,0,166,112,0,2e-04,2e-04,6e-04,0.0011,0.0015,0.0015,9e-04,3.1,0,0
2025-12-28 22:33:06,0,0,29.75,0,4,422,7.03333,9,0.15,26,0.433333,5.5,0,0,0,0,0,0,0,0,228,159,0,2e-04,2e-04,5e-04,9e-04,0.0013,0.0013,8e-04,2.44,0,0
2025-12-28 22:34:06,0,0,29.62,0,16,1400,23.3333,37,0.616667,86,1.43333,7.36,0,0,0,0,0,0,0,0,169,113,1e-04,3e-04,3e-04,7e-04,0.0012,0.0016,0.0017,0.001,3.76,0,0
2025-12-28 22:35:06,0,0,29.56,0,4,475,7.91667,11,0.183333,22,0.366667,5.84,0,0,0,0,0,0,0,0,227,158,0,2e-04,2e-04,5e-04,0.001,0.0013,0.0013,8e-04,2.63,0,0
2025-12-28 22:36:06,0,0,29.31,0,4,0,0,0,0,0,0,3.89,0,0,0,0,0,0,0,0,225,157,0,1e-04,1e-04,3e-04,6e-04,9e-04,0.001,7e-04,1.24,0,0
2025-12-28 22:37:06,0,0,29.19,0,4,0,0,0,0,0,0,3.99,0,0,0,0,0,0,0,0,224,153,0,1e-04,1e-04,3e-04,7e-04,9e-04,0.001,7e-04,1.34,0,0
2025-12-28 22:38:06,0,0,29.25,0,16,1575,26.25,28,0.466667,137,2.28333,6.57,0,0,0,0,0,0,0,0,167,115,0,2e-04,2e-04,6e-04,0.0011,0.0015,0.0015,9e-04,2.95,0,0
2025-12-28 22:39:06,0,0,29.88,0,1,2409,40.15,66,1.1,159,2.65,6.08,0,0,0,0,0,0,0,0,235,159,0,2e-04,2e-04,6e-04,0.001,0.0013,0.0014,8e-04,2.82,0,0
2025-12-28 22:40:06,0,0,30.06,0,1,669,11.15,10,0.166667,51,0.85,6.06,0,0,0,0,0,0,0,0,194,161,0,2e-04,2e-04,5e-04,0.001,0.0014,0.0014,9e-04,2.57,0,0
2025-12-28 22:41:06,0,0,30.69,0,16,2056,34.2667,62,1.03333,101,1.68333,7.57,0,0,0,0,0,0,0,0,177,124,0,3e-04,3e-04,7e-04,0.0012,0.0017,0.0017,0.0011,3.5,0,0
2025-12-28 22:42:06,0,0,30.69,0,8,4402,73.3667,75,1.25,144,2.4,6.33,0,0,0,0,0,0,0,0,192,125,0,2e-04,3e-04,6e-04,0.001,0.0014,0.0014,9e-04,2.97,0,0
2025-12-28 22:43:06,0,0,30.69,0,1,2575,42.9167,31,0.516667,172,2.86667,5.51,0,0,0,0,0,0,0,0,195,143,0,2e-04,2e-04,5e-04,9e-04,0.0012,0.0012,8e-04,2.62,0,0
2025-12-28 22:44:06,0,0,30.81,0,1,1287,21.45,7,0.116667,105,1.75,6.03,0,0,0,0,0,0,0,0,179,142,0,2e-04,2e-04,5e-04,0.001,0.0013,0.0013,8e-04,2.76,0,0
2025-12-28 22:45:06,0,0,30.94,0,1,1974,32.9,30,0.5,115,1.91667,8.31,0,0,0,0,0,0,0,0,220,153,1e-04,3e-04,3e-04,8e-04,0.0013,0.0019,0.0018,0.0012,4.07,0,0
2025-12-28 22:46:06,0,0,30.81,0,1,2029,33.8167,45,0.75,103,1.71667,8.74,0,0,0,0,0,0,0,0,202,146,1e-04,3e-04,3e-04,8e-04,0.0014,0.002,0.002,0.0012,4.07,0,0
2025-12-28 22:47:06,0,0,31.44,0,1,423,7.05,6,0.1,32,0.533333,5.16,0,0,0,0,0,0,0,0,193,113,0,1e-04,2e-04,5e-04,8e-04,0.0012,0.0011,8e-04,2.41,0,0
2025-12-28 22:48:06,0,0,31.06,0,16,3391,56.5167,71,1.18333,279,4.65,7.45,0,0,0,0,0,0,0,0,214,150,0,3e-04,3e-04,7e-04,0.0012,0.0016,0.0017,0.001,3.49,0,0
2025-12-28 22:49:06,0,0,30.62,0,16,1235,20.5833,7,0.116667,113,1.88333,8.23,0,0,0,0,0,0,0,0,195,152,1e-04,3e-04,3e-04,7e-04,0.0013,0.0019,0.0019,0.0012,3.83,0,0
2025-12-28 22:50:06,0,0,31.19,0,16,1538,25.6333,6,0.1,135,2.25,8.79,0,0,0,0,0,0,0,0,173,120,1e-04,3e-04,4e-04,8e-04,0.0014,0.002,0.002,0.0013,4.27,0,0
2025-12-28 22:51:06,0,0,30.69,0,16,1109,18.4833,20,0.333333,72,1.2,6.72,0,0,0,0,0,0,0,0,192,116,0,2e-04,2e-04,6e-04,0.0011,0.0015,0.0016,0.001,3,0,0
2025-12-28 22:52:06,0,0,30.31,0,4,1135,18.9167,17,0.283333,112,1.86667,9.52,0,0,0,0,0,0,0,0,176,115,1e-04,4e-04,4e-04,9e-04,0.0015,0.0021,0.0022,0.0013,4.87,0,0
2025-12-28 22:53:06,0,0,30.25,0,16,1153,19.2167,6,0.1,106,1.76667,8.86,0,0,0,0,0,0,0,0,187,119,1e-04,3e-04,3e-04,8e-04,0.0014,0.002,0.0021,0.0013,4.17,0,0
2025-12-28 22:54:06,0,0,29.94,0,16,4,0.0666667,0,0,0,0,7.46,0,0,0,0,0,0,0,0,182,117,1e-04,2e-04,3e-04,7e-04,0.0012,0.0017,0.0017,0.0011,3.42,0,0
2025-12-28 22:55:06,0,0,29.94,0,16,2480,41.3333,48,0.8,211,3.51667,7.86,0,0,0,0,0,0,0,0,219,159,1e-04,2e-04,3e-04,7e-04,0.0013,0.0018,0.0019,0.0012,3.69,0,0
2025-12-28 22:56:06,0,0,30.5,0,16,1396,23.2667,37,0.616667,102,1.7,6.83,0,0,0,0,0,0,0,0,183,154,0,2e-04,2e-04,6e-04,0.0011,0.0016,0.0016,0.0011,3.06,0,0
2025-12-28 22:57:06,0,0,30.88,0,16,635,10.5833,7,0.116667,57,0.95,7.06,0,0,0,0,0,0,0,0,198,158,0,2e-04,2e-04,6e-04,0.0011,0.0016,0.0016,0.001,3.07,0,0
2025-12-28 22:58:06,0,0,30.44,0,16,1290,21.5,5,0.0833333,144,2.4,7.54,0,0,0,0,0,0,0,0,189,160,1e-04,3e-04,3e-04,7e-04,0.0012,0.0017,0.0017,0.0011,3.58,0,0
2025-12-28 22:59:06,0,0,30.44,0,16,1004,16.7333,8,0.133333,95,1.58333,7.35,0,0,0,0,0,0,0,0,225,176,1e-04,2e-04,3e-04,7e-04,0.0012,0.0017,0.0017,0.0011,3.36,0,0
2025-12-28 23:00:06,0,0,30.56,0,16,1653,27.55,8,0.133333,191,3.18333,7.6,0,0,0,0,0,0,0,0,199,167,1e-04,3e-04,3e-04,7e-04,0.0012,0.0017,0.0018,0.0011,3.63,0,0
2025-12-28 23:01:06,0,0,31.06,0,16,894,14.9,24,0.4,48,0.8,7.04,0,0,0,0,0,0,0,0,186,150,1e-04,2e-04,2e-04,6e-04,0.0011,0.0017,0.0017,0.0011,3,0,0
2025-12-28 23:02:06,0,0,31.25,0,16,832,13.8667,3,0.05,83,1.38333,8.89,0,0,0,0,0,0,0,0,148,134,1e-04,3e-04,3e-04,8e-04,0.0014,0.0021,0.0022,0.0015,4.02,0,0
2025-12-28 23:03:06,0,0,31.44,0,16,383,6.38333,0,0,25,0.416667,8.75,0,0,0,0,0,0,0,0,143,124,1e-04,3e-04,3e-04,8e-04,0.0014,0.0021,0.0021,0.0015,3.75,0,0
2025-12-28 23:04:06,0,0,31.56,0,16,1313,21.8833,4,0.0666667,128,2.13333,9.54,0,0,0,0,0,0,0,0,192,140,1e-04,3e-04,4e-04,8e-04,0.0015,0.0022,0.0023,0.0016,4.23,0,0
2025-12-28 23:05:06,0,0,31.44,0,16,2231,37.1833,13,0.216667,201,3.35,9.69,0,0,0,0,0,0,0,0,164,135,1e-04,3e-04,4e-04,9e-04,0.0015,0.0023,0.0023,0.0016,4.49,0,0
2025-12-28 23:06:06,0,0,31.44,0,16,480,8,0,0,44,0.733333,8.65,0,0,0,0,0,0,0,0,151,131,1e-04,3e-04,3e-04,8e-04,0.0014,0.002,0.0021,0.0014,3.77,0,0
2025-12-28 23:07:06,0,0,31.25,0,16,945,15.75,6,0.1,80,1.33333,8.54,0,0,0,0,0,0,0,0,181,147,1e-04,3e-04,3e-04,8e-04,0.0014,0.002,0.0021,0.0014,3.81,0,0
2025-12-28 23:08:06,0,0,31.5,0,16,287,4.78333,0,0,18,0.3,8.39,0,0,0,0,0,0,0,0,147,128,1e-04,3e-04,3e-04,7e-04,0.0013,0.002,0.002,0.0014,3.72,0,0
2025-12-28 23:09:06,0,0,31.69,0,16,1496,24.9333,14,0.233333,140,2.33333,8.76,0,0,0,0,0,0,0,0,158,131,1e-04,3e-04,3e-04,8e-04,0.0014,0.002,0.0021,0.0014,3.86,0,0
2025-12-28 23:10:06,0,0,31.62,0,16,172,2.86667,0,0,5,0.0833333,8.1,0,0,0,0,0,0,0,0,144,123,1e-04,3e-04,3e-04,7e-04,0.0013,0.0019,0.002,0.0014,3.49,0,0
2025-12-28 23:11:06,0,0,31.75,0,16,51,0.85,0,0,5,0.0833333,6.53,0,0,0,0,0,0,0,0,141,121,0,2e-04,2e-04,6e-04,0.0011,0.0015,0.0015,0.001,2.76,0,0
2025-12-28 23:12:06,0,0,31.81,0,2,241,4.01667,5,0.0833333,9,0.15,5.27,0,0,0,0,0,0,0,0,177,115,0,1e-04,1e-04,5e-04,8e-04,0.0012,0.0013,8e-04,2.01,0,0
2025-12-28 23:13:06,0,0,31.81,0,2,776,12.9333,10,0.166667,47,0.783333,6.03,0,0,0,0,0,0,0,0,159,115,0,2e-04,2e-04,5e-04,0.001,0.0014,0.0014,9e-04,2.49,0,0
2025-12-28 23:14:06,0,0,31.81,0,2,523,8.71667,16,0.266667,24,0.4,8.24,0,0,0,0,0,0,0,0,229,169,1e-04,3e-04,3e-04,7e-04,0.0013,0.0019,0.0019,0.0013,3.75,0,0
2025-12-28 23:15:06,0,0,31.5,0,16,158,2.63333,1,0.0166667,15,0.25,8.37,0,0,0,0,0,0,0,0,200,144,1e-04,3e-04,3e-04,8e-04,0.0013,0.0019,0.002,0.0012,4.02,0,0
2025-12-28 23:16:06,0,0,31.88,0,2,211,3.51667,5,0.0833333,11,0.183333,6.69,0,0,0,0,0,0,0,0,222,175,1e-04,2e-04,2e-04,6e-04,0.0011,0.0015,0.0016,0.001,2.83,0,0
2025-12-28 23:17:06,0,0,31.62,0,16,650,10.8333,17,0.283333,48,0.8,6.6,0,0,0,0,0,0,0,0,216,158,0,2e-04,2e-04,6e-04,0.0011,0.0015,0.0016,0.001,3.03,0,0
2025-12-28 23:18:06,0,0,31.06,0,16,427,7.11667,0,0,21,0.35,6.71,0,0,0,0,0,0,0,0,202,162,0,2e-04,2e-04,6e-04,0.0011,0.0015,0.0016,0.001,2.96,0,0
2025-12-28 23:19:06,0,0,31.44,0,16,440,7.33333,0,0,31,0.516667,7.07,0,0,0,0,0,0,0,0,150,140,1e-04,2e-04,3e-04,6e-04,0.0011,0.0016,0.0017,0.0011,3.15,0,0
2025-12-28 23:20:06,0,0,31.62,0,16,590,9.83333,7,0.116667,41,0.683333,6.79,0,0,0,0,0,0,0,0,145,129,0,2e-04,2e-04,6e-04,0.0011,0.0016,0.0016,0.0011,2.91,0,0
2025-12-28 23:21:06,0,0,31.75,0,2,8278,137.967,270,4.5,448,7.46667,18.86,0,0,0,0,0,0,0,0,202,104,2e-04,5e-04,6e-04,0.0015,0.0029,0.0047,0.0051,0.0031,7.5,0.01,0
2025-12-28 23:22:06,0,0,31.31,0,1,9634,160.567,312,5.2,508,8.46667,42.55,0,0,0,0,0,0,0,0,182,102,5e-04,0.0011,0.0014,0.0033,0.0066,0.0106,0.0112,0.0066,16.88,0.02,0
2025-12-28 23:23:06,0,0,31.06,0,1,9713,161.883,304,5.06667,465,7.75,7.19,0,0,0,0,0,0,0,0,212,128,1e-04,3e-04,3e-04,7e-04,0.0011,0.0016,0.0015,9e-04,4.19,0,0
2025-12-28 23:24:06,0,0,30.94,0,1,5139,85.65,75,1.25,311,5.18333,0,0,0,0,0,0,0,0,0,221,172,0,0,0,0,0,0,0,0,0,0,0
2025-12-28 23:25:06,0,0,30.75,0,1,4897,81.6167,63,1.05,329,5.48333,0,0,0,0,0,0,0,0,0,177,114,0,0,0,0,0,0,0,0,0,0,0
2025-12-28 23:26:06,0,0,30.81,0,1,5880,98,76,1.26667,324,5.4,0,0,0,0,0,0,0,0,0,187,106,0,0,0,0,0,0,0,0,0,0,0
2025-12-28 23:27:06,0,0,30.25,0,1,8316,138.6,286,4.76667,401,6.68333,0,0,0,0,0,0,0,0,0,155,154,0,0,0,0,0,0,0,0,0,0,0
2025-12-28 23:28:06,0,0,29.88,0,1,14230,237.167,514,8.56667,661,11.0167,46.87,0,0,0,0,0,0,0,0,217,158,6e-04,0.0013,0.0017,0.0038,0.0072,0.0117,0.0126,0.0075,19.83,0.02,0
2025-12-28 23:29:06,0,0,30.12,0,1,16060,267.667,700,11.6667,575,9.58333,80.67,0,0,0,0,0,0,0,0,170,114,9e-04,0.0022,0.0028,0.0061,0.0125,0.0203,0.0217,0.0128,32.02,0.03,0
2025-12-28 23:30:06,0,0,29.62,0,8,7037,117.283,157,2.61667,342,5.7,9.12,0,0,0,0,0,0,0,0,167,139,1e-04,2e-04,3e-04,7e-04,0.0014,0.0023,0.0025,0.0016,3.58,0,0
2025-12-28 23:31:06,0,0,29.25,0,16,3054,50.9,74,1.23333,207,3.45,7.88,0,0,0,0,0,0,0,0,181,119,1e-04,3e-04,3e-04,7e-04,0.0013,0.0018,0.0018,0.0011,3.95,0,0
2025-12-28 23:32:06,0,0,29,0,16,1413,23.55,5,0.0833333,169,2.81667,8.95,0,0,0,0,0,0,0,0,173,115,1e-04,4e-04,4e-04,8e-04,0.0015,0.0019,0.002,0.0012,4.62,0,0
2025-12-28 23:33:06,0,0,28.81,0,16,1463,24.3833,34,0.566667,81,1.35,6.49,0,0,0,0,0,0,0,0,184,139,0,2e-04,2e-04,6e-04,0.0011,0.0015,0.0015,0.001,2.86,0,0
2025-12-28 23:34:06,0,0,28.62,0,4,622,10.3667,0,0,61,1.01667,5.42,0,0,0,0,0,0,0,0,185,145,0,1e-04,2e-04,5e-04,9e-04,0.0013,0.0013,9e-04,2.19,0,0
2025-12-28 23:35:06,0,0,28.5,0,4,580,9.66667,0,0,50,0.833333,5.42,0,0,0,0,0,0,0,0,194,155,0,1e-04,2e-04,5e-04,9e-04,0.0013,0.0013,9e-04,2.08,0,0
2025-12-28 23:36:06,0,0,28.5,0,16,700,11.6667,10,0.166667,51,0.85,5.4,0,0,0,0,0,0,0,0,157,120,0,1e-04,1e-04,5e-04,9e-04,0.0013,0.0013,9e-04,2,0,0
2025-12-28 23:37:06,0,0,29.06,0,16,580,9.66667,5,0.0833333,49,0.816667,5.48,0,0,0,0,0,0,0,0,159,119,0,1e-04,2e-04,5e-04,9e-04,0.0013,0.0013,9e-04,2.26,0,0
2025-12-28 23:38:06,0,0,28.88,0,16,370,6.16667,5,0.0833333,21,0.35,5.29,0,0,0,0,0,0,0,0,212,164,0,1e-04,2e-04,5e-04,8e-04,0.0012,0.0013,9e-04,2.09,0,0
2025-12-28 23:39:06,0,0,29,0,4,243,4.05,0,0,6,0.1,4.8,0,0,0,0,0,0,0,0,177,128,0,1e-04,1e-04,4e-04,8e-04,0.0011,0.0011,8e-04,1.96,0,0
2025-12-28 23:40:06,0,0,29.06,0,1,6875,114.583,198,3.3,387,6.45,19.7,0,0,0,0,0,0,0,0,208,154,2e-04,7e-04,7e-04,0.0019,0.0029,0.0048,0.0056,0.0035,8.93,0.01,0
2025-12-28 23:41:06,0,0,29.31,0,8,9667,161.117,284,4.73333,621,10.35,0.95,0,0,0,0,0,0,0,0,203,151,0,0,0,0,1e-04,3e-04,4e-04,3e-04,0,0,0
2025-12-28 23:42:06,0,0,29.31,0,16,3633,60.55,81,1.35,209,3.48333,6.56,0,0,0,0,0,0,0,0,190,114,1e-04,2e-04,2e-04,6e-04,0.0011,0.0015,0.0015,0.001,2.95,0,0
2025-12-28 23:43:06,0,0,29.25,0,16,1948,32.4667,40,0.666667,157,2.61667,6.85,0,0,0,0,0,0,0,0,192,126,1e-04,2e-04,3e-04,7e-04,0.0011,0.0016,0.0016,0.001,3.23,0,0
2025-12-28 23:44:06,0,0,29.69,0,16,653,10.8833,0,0,67,1.11667,5.01,0,0,0,0,0,0,0,0,160,102,0,1e-04,2e-04,4e-04,8e-04,0.0012,0.0012,8e-04,1.99,0,0
2025-12-28 23:45:06,0,0,29.75,0,16,491,8.18333,0,0,34,0.566667,4.89,0,0,0,0,0,0,0,0,158,103,0,1e-04,1e-04,4e-04,8e-04,0.0012,0.0012,8e-04,1.95,0,0
2025-12-28 23:46:06,0,0,29.81,0,16,452,7.53333,0,0,20,0.333333,4.8,0,0,0,0,0,0,0,0,161,102,0,1e-04,2e-04,4e-04,8e-04,0.0011,0.0012,8e-04,1.9,0,0
2025-12-28 23:47:06,0,0,29.88,0,16,564,9.4,2,0.0333333,51,0.85,5.25,0,0,0,0,0,0,0,0,173,107,0,2e-04,2e-04,5e-04,8e-04,0.0012,0.0013,8e-04,2.14,0,0
2025-12-28 23:48:06,0,0,30.25,0,16,1958,32.6333,26,0.433333,165,2.75,6.78,0,0,0,0,0,0,0,0,155,106,1e-04,2e-04,3e-04,6e-04,0.0011,0.0015,0.0015,0.001,3.17,0,0
2025-12-28 23:49:06,0,0,30.25,0,16,821,13.6833,8,0.133333,65,1.08333,4.95,0,0,0,0,0,0,0,0,163,105,0,1e-04,1e-04,4e-04,8e-04,0.0012,0.0012,8e-04,1.93,0,0
2025-12-28 23:50:06,0,0,29.94,0,16,330,5.5,2,0.0333333,17,0.283333,5.74,0,0,0,0,0,0,0,0,150,107,0,2e-04,2e-04,5e-04,9e-04,0.0013,0.0014,9e-04,2.54,0,0
2025-12-28 23:51:06,0,0,29.88,0,16,0,0,0,0,0,0,6.77,0,0,0,0,0,0,0,0,150,106,1e-04,2e-04,3e-04,6e-04,0.0011,0.0015,0.0016,0.001,3.25,0,0
2025-12-28 23:52:06,0,0,29.94,0,16,166,2.76667,1,0.0166667,10,0.166667,6.72,0,0,0,0,0,0,0,0,153,105,0,2e-04,2e-04,6e-04,0.0011,0.0015,0.0015,0.001,3.11,0,0
2025-12-28 23:53:06,0,0,30.38,0,16,69,1.15,0,0,2,0.0333333,4.8,0,0,0,0,0,0,0,0,160,105,0,1e-04,2e-04,4e-04,8e-04,0.0011,0.0012,8e-04,1.91,0,0
2025-12-28 23:54:06,0,0,30.25,0,16,1117,18.6167,20,0.333333,82,1.36667,9.1,0,0,0,0,0,0,0,0,190,147,1e-04,3e-04,4e-04,8e-04,0.0015,0.002,0.0021,0.0013,4.55,0,0
2025-12-28 23:55:06,0,0,31.19,0,16,684,11.4,3,0.05,49,0.816667,5.67,0,0,0,0,0,0,0,0,148,108,0,1e-04,2e-04,5e-04,9e-04,0.0013,0.0013,9e-04,2.24,0,0
2025-12-28 23:56:06,0,0,30.94,0,16,533,8.88333,2,0.0333333,42,0.7,4.99,0,0,0,0,0,0,0,0,185,123,0,1e-04,2e-04,4e-04,8e-04,0.0012,0.0012,8e-04,1.98,0,0
2025-12-28 23:57:06,0,0,30.62,0,16,11415,190.25,400,6.66667,546,9.1,5.69,0,0,0,0,0,0,0,0,202,150,0,2e-04,2e-04,5e-04,9e-04,0.0013,0.0013,8e-04,2.58,0,0
2025-12-28 23:58:06,0,0,30.19,0,8,4075,67.9167,95,1.58333,279,4.65,0.01,0,0,0,0,0,0,0,0,155,103,0,0,0,0,0,0,0,0,0,0,0
2025-12-28 23:59:06,0,0,29.62,0,8,914,15.2333,25,0.416667,48,0.8,0,0,0,0,0,0,0,0,0,200,151,0,0,0,0,0,0,0,0,0,0,0
