"DATE/TIME","MS","EVENT","TEMPERATURE","EXT.TEMPERATURE","ORIENTATION","PIM","PIMn","TAT","TATn","ZCM","ZCMn","LIGHT","AMB.LIGHT","RED.LIGHT","GREEN.LIGHT","BLUE.LIGHT","IR.LIGHT","UVA.LIGHT","UVB.LIGHT","STATE","CAP_SENS_1","CAP_SENS_2","F1","F2","F3","F4","F5","F6","F7","F8","MELANOPIC.EDI","CLEAR","SLEEP_STATE"
2025-12-19 00:00:06,0,0,34.69,0,4,0,0,0,0,0,0,0,0,0,0,0,0,0,0,1,176,132,0,0,0,0,0,0,0,0,0,0,1
2025-12-19 00:01:06,0,0,34.75,0,4,0,0,0,0,0,0,0,0,0,0,0,0,0,0,1,175,130,0,0,0,0,0,0,0,0,0,0,1
2025-12-19 00:02:06,0,0,34.75,0,4,11,0.183333,0,0,0,0,0,0,0,0,0,0,0,0,1,174,129,0,0,0,0,0,0,0,0,0,0,1
2025-12-19 00:03:06,0,0,34.81,0,4,0,0,0,0,0,0,0,0,0,0,0,0,0,0,1,173,129,0,0,0,0,0,0,0,0,0,0,1
2025-12-19 00:04:06,0,0,34.81,0,4,0,0,0,0,0,0,0,0,0,0,0,0,0,0,1,171,128,0,0,0,0,0,0,0,0,0,0,1
2025-12-19 00:05:06,0,0,34.88,0,4,0,0,0,0,0,0,0,0,0,0,0,0,0,0,1,170,128,0,0,0,0,0,0,0,0,0,0,1
2025-12-19 00:06:06,0,0,34.94,0,4,0,0,0,0,0,0,0,0,0,0,0,0,0,0,1,169,125,0,0,0,0,0,0,0,0,0,0,1
2025-12-19 00:07:06,0,0,34.94,0,4,0,0,0,0,0,0,0,0,0,0,0,0,0,0,1,167,124,0,0,0,0,0,0,0,0,0,0,1
2025-12-19 00:08:06,0,0,35,0,4,0,0,0,0,0,0,0,0,0,0,0,0,0,0,1,166,123,0,0,0,0,0,0,0,0,0,0,1
2025-12-19 00:09:06,0,0,35,0,4,0,0,0,0,0,0,0,0,0,0,0,0,0,0,1,166,122,0,0,0,0,0,0,0,0,0,0,1
2025-12-19 00:10:06,0,0,35.06,0,4,0,0,0,0,0,0,0,0,0,0,0,0,0,0,1,164,121,0,0,0,0,0,0,0,0,0,0,1
2025-12-19 00:11:06,0,0,35.12,0,4,3,0.05,0,0,0,0,0,0,0,0,0,0,0,0,1,163,120,0,0,0,0,0,0,0,0,0,0,1
2025-12-19 00:12:06,0,0,35.12,0,4,0,0,0,0,0,0,0,0,0,0,0,0,0,0,1,163,120,0,0,0,0,0,0,0,0,0,0,1
2025-12-19 00:13:06,0,0,35.12,0,4,0,0,0,0,0,0,0,0,0,0,0,0,0,0,1,162,119,0,0,0,0,0,0,0,0,0,0,1
2025-12-19 00:14:06,0,0,35.19,0,4,0,0,0,0,0,0,0,0,0,0,0,0,0,0,1,162,119,0,0,0,0,0,0,0,0,0,0,1
2025-12-19 00:15:06,0,0,35.19,0,4,0,0,0,0,0,0,0,0,0,0,0,0,0,0,1,161,117,0,0,0,0,0,0,0,0,0,0,1
2025-12-19 00:16:06,0,0,35.19,0,4,0,0,0,0,0,0,0,0,0,0,0,0,0,0,1,161,117,0,0,0,0,0,0,0,0,0,0,1
2025-12-19 00:17:06,0,0,35.25,0,4,0,0,0,0,0,0,0,0,0,0,0,0,0,0,1,160,117,0,0,0,0,0,0,0,0,0,0,1
2025-12-19 00:18:06,0,0,35.25,0,4,0,0,0,0,0,0,0,0,0,0,0,0,0,0,1,159,117,0,0,0,0,0,0,0,0,0,0,1
2025-12-19 00:19:06,0,0,35.25,0,4,0,0,0,0,0,0,0,0,0,0,0,0,0,0,1,159,116,0,0,0,0,0,0,0,0,0,0,1
2025-12-19 00:20:06,0,0,35.31,0,4,0,0,0,0,0,0,0,0,0,0,0,0,0,0,1,158,116,0,0,0,0,0,0,0,0,0,0,1
2025-12-19 00:21:06,0,0,35.31,0,4,0,0,0,0,0,0,0,0,0,0,0,0,0,0,1,157,115,0,0,0,0,0,0,0,0,0,0,1
2025-12-19 00:22:06,0,0,35.31,0,4,0,0,0,0,0,0,0,0,0,0,0,0,0,0,1,157,114,0,0,0,0,0,0,0,0,0,0,1
2025-12-19 00:23:06,0,0,35.38,0,4,0,0,0,0,0,0,0,0,0,0,0,0,0,0,1,156,113,0,0,0,0,0,0,0,0,0,0,1
2025-12-19 00:24:06,0,0,35.44,0,4,0,0,0,0,0,0,0,0,0,0,0,0,0,0,1,153,112,0,0,0,0,0,0,0,0,0,0,1
2025-12-19 00:25:06,0,0,35.44,0,4,0,0,0,0,0,0,0,0,0,0,0,0,0,0,1,153,111,0,0,0,0,0,0,0,0,0,0,1
2025-12-19 00:26:06,0,0,35.5,0,4,0,0,0,0,0,0,0,0,0,0,0,0,0,0,1,151,110,0,0,0,0,0,0,0,0,0,0,1
2025-12-19 00:27:06,0,0,35.5,0,4,0,0,0,0,0,0,0,0,0,0,0,0,0,0,1,150,109,0,0,0,0,0,0,0,0,0,0,1
2025-12-19 00:28:06,0,0,35.5,0,4,0,0,0,0,0,0,0,0,0,0,0,0,0,0,1,150,109,0,0,0,0,0,0,0,0,0,0,1
2025-12-19 00:29:06,0,0,35.5,0,4,0,0,0,0,0,0,0,0,0,0,0,0,0,0,1,150,109,0,0,0,0,0,0,0,0,0,0,1
2025-12-19 00:30:06,0,0,35.56,0,4,0,0,0,0,0,0,0,0,0,0,0,0,0,0,2,150,109,0,0,0,0,0,0,0,0,0,0,1
2025-12-19 00:31:06,0,0,35.44,0,2,1690,28.1667,44,0.733333,117,1.95,0,0,0,0,0,0,0,0,2,165,118,0,0,0,0,0,0,0,0,0,0,1
2025-12-19 00:32:06,0,0,35.12,0,2,2321,38.6833,76,1.26667,152,2.53333,0,0,0,0,0,0,0,0,2,149,106,0,0,0,0,0,0,0,0,0,0,1
2025-12-19 00:33:06,0,0,34.81,0,16,1502,25.0333,43,0.716667,82,1.36667,0,0,0,0,0,0,0,0,2,191,148,0,0,0,0,0,0,0,0,0,0,1
2025-12-19 00:34:06,0,0,34.44,0,8,0,0,0,0,0,0,0,0,0,0,0,0,0,0,2,152,116,0,0,0,0,0,0,0,0,0,0,1
2025-12-19 00:35:06,0,0,34.12,0,8,0,0,0,0,0,0,0,0,0,0,0,0,0,0,2,145,112,0,0,0,0,0,0,0,0,0,0,1
2025-12-19 00:36:06,0,0,33.81,0,8,0,0,0,0,0,0,0,0,0,0,0,0,0,0,2,145,112,0,0,0,0,0,0,0,0,0,0,1
2025-12-19 00:37:06,0,0,33.62,0,8,0,0,0,0,0,0,0,0,0,0,0,0,0,0,1,145,111,0,0,0,0,0,0,0,0,0,0,1
2025-12-19 00:38:06,0,0,33.5,0,8,0,0,0,0,0,0,0,0,0,0,0,0,0,0,1,144,111,0,0,0,0,0,0,0,0,0,0,1
2025-12-19 00:39:06,0,0,33.38,0,8,0,0,0,0,0,0,0,0,0,0,0,0,0,0,1,144,110,0,0,0,0,0,0,0,0,0,0,1
2025-12-19 00:40:06,0,0,33.19,0,8,207,3.45,2,0.0333333,18,0.3,0,0,0,0,0,0,0,0,1,143,117,0,0,0,0,0,0,0,0,0,0,1
2025-12-19 00:41:06,0,0,33.06,0,8,0,0,0,0,0,0,0,0,0,0,0,0,0,0,1,142,115,0,0,0,0,0,0,0,0,0,0,1
2025-12-19 00:42:06,0,0,32.94,0,8,0,0,0,0,0,0,0,0,0,0,0,0,0,0,1,142,115,0,0,0,0,0,0,0,0,0,0,1
2025-12-19 00:43:06,0,0,32.81,0,8,0,0,0,0,0,0,0,0,0,0,0,0,0,0,1,142,115,0,0,0,0,0,0,0,0,0,0,1
2025-12-19 00:44:06,0,0,32.75,0,8,0,0,0,0,0,0,0,0,0,0,0,0,0,0,1,142,115,0,0,0,0,0,0,0,0,0,0,1
2025-12-19 00:45:06,0,0,32.69,0,8,0,0,0,0,0,0,0,0,0,0,0,0,0,0,1,142,115,0,0,0,0,0,0,0,0,0,0,1
2025-12-19 00:46:06,0,0,32.69,0,8,12,0.2,0,0,2,0.0333333,0,0,0,0,0,0,0,0,1,142,113,0,0,0,0,0,0,0,0,0,0,1
2025-12-19 00:47:06,0,0,32.62,0,8,45,0.75,1,0.0166667,4,0.0666667,0,0,0,0,0,0,0,0,1,146,115,0,0,0,0,0,0,0,0,0,0,1
2025-12-19 00:48:06,0,0,32.56,0,8,0,0,0,0,0,0,0,0,0,0,0,0,0,0,1,145,113,0,0,0,0,0,0,0,0,0,0,1
2025-12-19 00:49:06,0,0,32.62,0,8,0,0,0,0,0,0,0,0,0,0,0,0,0,0,1,144,112,0,0,0,0,0,0,0,0,0,0,1
2025-12-19 00:50:06,0,0,32.56,0,8,70,1.16667,0,0,10,0.166667,0,0,0,0,0,0,0,0,1,145,117,0,0,0,0,0,0,0,0,0,0,1
2025-12-19 00:51:06,0,0,32.5,0,8,0,0,0,0,0,0,0,0,0,0,0,0,0,0,1,145,119,0,0,0,0,0,0,0,0,0,0,1
2025-12-19 00:52:06,0,0,32.44,0,8,0,0,0,0,0,0,0,0,0,0,0,0,0,0,1,145,117,0,0,0,0,0,0,0,0,0,0,1
2025-12-19 00:53:06,0,0,32.5,0,8,689,11.4833,19,0.316667,51,0.85,0,0,0,0,0,0,0,0,1,148,112,0,0,0,0,0,0,0,0,0,0,1
2025-12-19 00:54:06,0,0,32.62,0,16,0,0,0,0,0,0,0,0,0,0,0,0,0,0,1,146,113,0,0,0,0,0,0,0,0,0,0,1
2025-12-19 00:55:06,0,0,32.62,0,16,0,0,0,0,0,0,0,0,0,0,0,0,0,0,1,145,112,0,0,0,0,0,0,0,0,0,0,1
2025-12-19 00:56:06,0,0,32.69,0,16,0,0,0,0,0,0,0,0,0,0,0,0,0,0,1,145,111,0,0,0,0,0,0,0,0,0,0,1
2025-12-19 00:57:06,0,0,32.69,0,16,35,0.583333,0,0,3,0.05,0,0,0,0,0,0,0,0,1,145,111,0,0,0,0,0,0,0,0,0,0,1
2025-12-19 00:58:06,0,0,32.62,0,16,101,1.68333,2,0.0333333,10,0.166667,0,0,0,0,0,0,0,0,1,148,114,0,0,0,0,0,0,0,0,0,0,1
2025-12-19 00:59:06,0,0,32.56,0,16,0,0,0,0,0,0,0,0,0,0,0,0,0,0,1,147,113,0,0,0,0,0,0,0,0,0,0,1
2025-12-19 01:00:06,0,0,32.5,0,16,4,0.0666667,0,0,0,0,0,0,0,0,0,0,0,0,1,147,113,0,0,0,0,0,0,0,0,0,0,1
2025-12-19 01:01:06,0,0,32.44,0,16,0,0,0,0,0,0,0,0,0,0,0,0,0,0,1,147,114,0,0,0,0,0,0,0,0,0,0,1
2025-12-19 01:02:06,0,0,32.38,0,16,3,0.05,0,0,1,0.0166667,0,0,0,0,0,0,0,0,1,147,114,0,0,0,0,0,0,0,0,0,0,1
2025-12-19 01:03:06,0,0,32.38,0,16,0,0,0,0,0,0,0,0,0,0,0,0,0,0,1,146,113,0,0,0,0,0,0,0,0,0,0,1
2025-12-19 01:04:06,0,0,32.38,0,16,1247,20.7833,26,0.433333,75,1.25,0,0,0,0,0,0,0,0,1,142,106,0,0,0,0,0,0,0,0,0,0,1
2025-12-19 01:05:06,0,0,32.31,0,1,723,12.05,27,0.45,31,0.516667,0,0,0,0,0,0,0,0,2,187,142,0,0,0,0,0,0,0,0,0,0,1
2025-12-19 01:06:06,0,0,32.31,0,1,0,0,0,0,0,0,0,0,0,0,0,0,0,0,1,186,142,0,0,0,0,0,0,0,0,0,0,1
2025-12-19 01:07:06,0,0,32.19,0,2,918,15.3,18,0.3,69,1.15,0,0,0,0,0,0,0,0,1,182,140,0,0,0,0,0,0,0,0,0,0,1
2025-12-19 01:08:06,0,0,31.94,0,2,0,0,0,0,0,0,0,0,0,0,0,0,0,0,1,172,129,0,0,0,0,0,0,0,0,0,0,1
2025-12-19 01:09:06,0,0,31.62,0,2,0,0,0,0,0,0,0,0,0,0,0,0,0,0,1,168,128,0,0,0,0,0,0,0,0,0,0,1
2025-12-19 01:10:06,0,0,31.44,0,2,0,0,0,0,0,0,0,0,0,0,0,0,0,0,1,160,120,0,0,0,0,0,0,0,0,0,0,1
2025-12-19 01:11:06,0,0,31.25,0,2,0,0,0,0,0,0,0,0,0,0,0,0,0,0,1,159,120,0,0,0,0,0,0,0,0,0,0,1
2025-12-19 01:12:06,0,0,31.06,0,2,0,0,0,0,0,0,0,0,0,0,0,0,0,0,1,159,120,0,0,0,0,0,0,0,0,0,0,1
2025-12-19 01:13:06,0,0,30.94,0,2,0,0,0,0,0,0,0,0,0,0,0,0,0,0,1,159,120,0,0,0,0,0,0,0,0,0,0,1
2025-12-19 01:14:06,0,0,30.81,0,2,0,0,0,0,0,0,0,0,0,0,0,0,0,0,1,159,120,0,0,0,0,0,0,0,0,0,0,1
2025-12-19 01:15:06,0,0,30.75,0,2,0,0,0,0,0,0,0,0,0,0,0,0,0,0,1,159,120,0,0,0,0,0,0,0,0,0,0,1
2025-12-19 01:16:06,0,0,30.69,0,2,0,0,0,0,0,0,0,0,0,0,0,0,0,0,1,159,120,0,0,0,0,0,0,0,0,0,0,1
2025-12-19 01:17:06,0,0,30.62,0,2,0,0,0,0,0,0,0,0,0,0,0,0,0,0,1,158,120,0,0,0,0,0,0,0,0,0,0,1
2025-12-19 01:18:06,0,0,30.62,0,2,0,0,0,0,0,0,0,0,0,0,0,0,0,0,1,158,120,0,0,0,0,0,0,0,0,0,0,1
2025-12-19 01:19:06,0,0,30.56,0,2,0,0,0,0,0,0,0,0,0,0,0,0,0,0,1,158,121,0,0,0,0,0,0,0,0,0,0,1
2025-12-19 01:20:06,0,0,30.5,0,2,0,0,0,0,0,0,0,0,0,0,0,0,0,0,1,159,121,0,0,0,0,0,0,0,0,0,0,1
2025-12-19 01:21:06,0,0,30.5,0,2,0,0,0,0,0,0,0,0,0,0,0,0,0,0,1,158,121,0,0,0,0,0,0,0,0,0,0,1
2025-12-19 01:22:06,0,0,30.44,0,2,0,0,0,0,0,0,0,0,0,0,0,0,0,0,1,154,119,0,0,0,0,0,0,0,0,0,0,1
2025-12-19 01:23:06,0,0,30.44,0,2,0,0,0,0,0,0,0,0,0,0,0,0,0,0,1,154,118,0,0,0,0,0,0,0,0,0,0,1
2025-12-19 01:24:06,0,0,30.38,0,2,0,0,0,0,0,0,0,0,0,0,0,0,0,0,1,153,117,0,0,0,0,0,0,0,0,0,0,1
2025-12-19 01:25:06,0,0,30.38,0,2,0,0,0,0,0,0,0,0,0,0,0,0,0,0,1,152,117,0,0,0,0,0,0,0,0,0,0,1
2025-12-19 01:26:06,0,0,30.38,0,2,0,0,0,0,0,0,0,0,0,0,0,0,0,0,1,151,115,0,0,0,0,0,0,0,0,0,0,1
2025-12-19 01:27:06,0,0,30.38,0,2,0,0,0,0,0,0,0,0,0,0,0,0,0,0,1,151,115,0,0,0,0,0,0,0,0,0,0,1
2025-12-19 01:28:06,0,0,30.38,0,2,0,0,0,0,0,0,0,0,0,0,0,0,0,0,1,150,115,0,0,0,0,0,0,0,0,0,0,1
2025-12-19 01:29:06,0,0,30.31,0,2,0,0,0,0,0,0,0,0,0,0,0,0,0,0,1,149,115,0,0,0,0,0,0,0,0,0,0,1
2025-12-19 01:30:06,0,0,30.31,0,2,0,0,0,0,0,0,0,0,0,0,0,0,0,0,1,148,115,0,0,0,0,0,0,0,0,0,0,1
2025-12-19 01:31:06,0,0,30.31,0,2,0,0,0,0,0,0,0,0,0,0,0,0,0,0,1,147,113,0,0,0,0,0,0,0,0,0,0,1
2025-12-19 01:32:06,0,0,30.19,0,2,1101,18.35,35,0.583333,68,1.13333,0,0,0,0,0,0,0,0,1,175,137,0,0,0,0,0,0,0,0,0,0,1
2025-12-19 01:33:06,0,0,30.19,0,2,0,0,0,0,0,0,0,0,0,0,0,0,0,0,1,145,112,0,0,0,0,0,0,0,0,0,0,1
2025-12-19 01:34:06,0,0,30.25,0,2,0,0,0,0,0,0,0,0,0,0,0,0,0,0,1,144,111,0,0,0,0,0,0,0,0,0,0,1
2025-12-19 01:35:06,0,0,30.38,0,2,0,0,0,0,0,0,0,0,0,0,0,0,0,0,1,142,110,0,0,0,0,0,0,0,0,0,0,1
2025-12-19 01:36:06,0,0,30.12,0,2,2421,40.35,69,1.15,145,2.41667,0,0,0,0,0,0,0,0,2,158,128,0,0,0,0,0,0,0,0,0,0,1
2025-12-19 01:37:06,0,0,30.5,0,1,0,0,0,0,0,0,0,0,0,0,0,0,0,0,1,148,113,0,0,0,0,0,0,0,0,0,0,1
2025-12-19 01:38:06,0,0,30.62,0,1,0,0,0,0,0,0,0,0,0,0,0,0,0,0,1,146,113,0,0,0,0,0,0,0,0,0,0,1
2025-12-19 01:39:06,0,0,30.69,0,1,0,0,0,0,0,0,0,0,0,0,0,0,0,0,1,146,111,0,0,0,0,0,0,0,0,0,0,1
2025-12-19 01:40:06,0,0,30.88,0,1,0,0,0,0,0,0,0,0,0,0,0,0,0,0,1,146,111,0,0,0,0,0,0,0,0,0,0,1
2025-12-19 01:41:06,0,0,31.06,0,1,0,0,0,0,0,0,0,0,0,0,0,0,0,0,1,145,110,0,0,0,0,0,0,0,0,0,0,1
2025-12-19 01:42:06,0,0,31.19,0,1,0,0,0,0,0,0,0,0,0,0,0,0,0,0,1,145,110,0,0,0,0,0,0,0,0,0,0,1
2025-12-19 01:43:06,0,0,31.31,0,1,0,0,0,0,0,0,0,0,0,0,0,0,0,0,1,145,109,0,0,0,0,0,0,0,0,0,0,1
2025-12-19 01:44:06,0,0,31.25,0,16,210,3.5,5,0.0833333,21,0.35,0,0,0,0,0,0,0,0,1,153,137,0,0,0,0,0,0,0,0,0,0,1
2025-12-19 01:45:06,0,0,31.06,0,16,0,0,0,0,0,0,0,0,0,0,0,0,0,0,1,149,133,0,0,0,0,0,0,0,0,0,0,1
2025-12-19 01:46:06,0,0,31,0,16,0,0,0,0,0,0,0,0,0,0,0,0,0,0,1,148,131,0,0,0,0,0,0,0,0,0,0,1
2025-12-19 01:47:06,0,0,31,0,16,0,0,0,0,0,0,0,0,0,0,0,0,0,0,1,147,130,0,0,0,0,0,0,0,0,0,0,1
2025-12-19 01:48:06,0,0,30.94,0,16,44,0.733333,0,0,5,0.0833333,0,0,0,0,0,0,0,0,1,213,163,0,0,0,0,0,0,0,0,0,0,1
2025-12-19 01:49:06,0,0,30.62,0,16,0,0,0,0,0,0,0,0,0,0,0,0,0,0,1,211,163,0,0,0,0,0,0,0,0,0,0,1
2025-12-19 01:50:06,0,0,30.62,0,16,0,0,0,0,0,0,0,0,0,0,0,0,0,0,1,211,163,0,0,0,0,0,0,0,0,0,0,1
2025-12-19 01:51:06,0,0,30.81,0,16,179,2.98333,1,0.0166667,22,0.366667,0,0,0,0,0,0,0,0,1,192,150,0,0,0,0,0,0,0,0,0,0,1
2025-12-19 01:52:06,0,0,31.06,0,16,0,0,0,0,0,0,0,0,0,0,0,0,0,0,1,191,151,0,0,0,0,0,0,0,0,0,0,1
2025-12-19 01:53:06,0,0,31.12,0,16,0,0,0,0,0,0,0,0,0,0,0,0,0,0,1,188,150,0,0,0,0,0,0,0,0,0,0,1
2025-12-19 01:54:06,0,0,31.38,0,32,672,11.2,7,0.116667,41,0.683333,0,0,0,0,0,0,0,0,1,158,116,0,0,0,0,0,0,0,0,0,0,1
2025-12-19 01:55:06,0,0,31.44,0,32,632,10.5333,18,0.3,36,0.6,0,0,0,0,0,0,0,0,1,183,141,0,0,0,0,0,0,0,0,0,0,1
2025-12-19 01:56:06,0,0,31.19,0,2,0,0,0,0,0,0,0,0,0,0,0,0,0,0,1,155,112,0,0,0,0,0,0,0,0,0,0,1
2025-12-19 01:57:06,0,0,31,0,2,471,7.85,17,0.283333,25,0.416667,0,0,0,0,0,0,0,0,1,156,116,0,0,0,0,0,0,0,0,0,0,1
2025-12-19 01:58:06,0,0,30.88,0,2,0,0,0,0,0,0,0,0,0,0,0,0,0,0,1,154,115,0,0,0,0,0,0,0,0,0,0,1
2025-12-19 01:59:06,0,0,30.88,0,2,0,0,0,0,0,0,0,0,0,0,0,0,0,0,1,153,115,0,0,0,0,0,0,0,0,0,0,1
2025-12-19 02:00:06,0,0,30.62,0,32,970,16.1667,27,0.45,84,1.4,0,0,0,0,0,0,0,0,1,153,123,0,0,0,0,0,0,0,0,0,0,1
2025-12-19 02:01:06,0,0,30.44,0,1,0,0,0,0,0,0,0,0,0,0,0,0,0,0,1,152,123,0,0,0,0,0,0,0,0,0,0,1
2025-12-19 02:02:06,0,0,30.25,0,1,0,0,0,0,0,0,0,0,0,0,0,0,0,0,1,152,123,0,0,0,0,0,0,0,0,0,0,1
2025-12-19 02:03:06,0,0,30.19,0,1,0,0,0,0,0,0,0,0,0,0,0,0,0,0,1,152,123,0,0,0,0,0,0,0,0,0,0,1
2025-12-19 02:04:06,0,0,30.19,0,2,354,5.9,6,0.1,24,0.4,0,0,0,0,0,0,0,0,1,157,115,0,0,0,0,0,0,0,0,0,0,1
2025-12-19 02:05:06,0,0,30.12,0,2,0,0,0,0,0,0,0,0,0,0,0,0,0,0,1,157,115,0,0,0,0,0,0,0,0,0,0,1
2025-12-19 02:06:06,0,0,30.19,0,2,108,1.8,0,0,9,0.15,0,0,0,0,0,0,0,0,1,151,116,0,0,0,0,0,0,0,0,0,0,1
2025-12-19 02:07:06,0,0,30.31,0,2,0,0,0,0,0,0,0,0,0,0,0,0,0,0,1,149,115,0,0,0,0,0,0,0,0,0,0,1
2025-12-19 02:08:06,0,0,30.44,0,2,0,0,0,0,0,0,0,0,0,0,0,0,0,0,1,149,114,0,0,0,0,0,0,0,0,0,0,1
2025-12-19 02:09:06,0,0,30.5,0,2,0,0,0,0,0,0,0,0,0,0,0,0,0,0,1,150,115,0,0,0,0,0,0,0,0,0,0,1
2025-12-19 02:10:06,0,0,30.62,0,2,0,0,0,0,0,0,0,0,0,0,0,0,0,0,1,150,115,0,0,0,0,0,0,0,0,0,0,1
2025-12-19 02:11:06,0,0,30.69,0,2,0,0,0,0,0,0,0,0,0,0,0,0,0,0,1,150,115,0,0,0,0,0,0,0,0,0,0,1
2025-12-19 02:12:06,0,0,30.75,0,2,0,0,0,0,0,0,0,0,0,0,0,0,0,0,1,150,115,0,0,0,0,0,0,0,0,0,0,1
2025-12-19 02:13:06,0,0,30.75,0,2,0,0,0,0,0,0,0,0,0,0,0,0,0,0,1,150,115,0,0,0,0,0,0,0,0,0,0,1
2025-12-19 02:14:06,0,0,30.75,0,2,0,0,0,0,0,0,0,0,0,0,0,0,0,0,1,150,115,0,0,0,0,0,0,0,0,0,0,1
2025-12-19 02:15:06,0,0,30.81,0,2,0,0,0,0,0,0,0,0,0,0,0,0,0,0,1,150,115,0,0,0,0,0,0,0,0,0,0,1
2025-12-19 02:16:06,0,0,30.81,0,2,0,0,0,0,0,0,0,0,0,0,0,0,0,0,1,149,115,0,0,0,0,0,0,0,0,0,0,1
2025-12-19 02:17:06,0,0,30.81,0,2,0,0,0,0,0,0,0,0,0,0,0,0,0,0,1,150,115,0,0,0,0,0,0,0,0,0,0,1
2025-12-19 02:18:06,0,0,30.88,0,2,0,0,0,0,0,0,0,0,0,0,0,0,0,0,1,150,115,0,0,0,0,0,0,0,0,0,0,1
2025-12-19 02:19:06,0,0,30.88,0,2,0,0,0,0,0,0,0,0,0,0,0,0,0,0,1,149,115,0,0,0,0,0,0,0,0,0,0,1
2025-12-19 02:20:06,0,0,30.88,0,2,0,0,0,0,0,0,0,0,0,0,0,0,0,0,1,150,115,0,0,0,0,0,0,0,0,0,0,1
2025-12-19 02:21:06,0,0,30.75,0,2,940,15.6667,18,0.3,67,1.11667,0,0,0,0,0,0,0,0,1,157,115,0,0,0,0,0,0,0,0,0,0,1
2025-12-19 02:22:06,0,0,30.62,0,2,0,0,0,0,0,0,0,0,0,0,0,0,0,0,1,158,115,0,0,0,0,0,0,0,0,0,0,1
2025-12-19 02:23:06,0,0,30.38,0,2,0,0,0,0,0,0,0,0,0,0,0,0,0,0,1,156,114,0,0,0,0,0,0,0,0,0,0,1
2025-12-19 02:24:06,0,0,30.25,0,2,0,0,0,0,0,0,0,0,0,0,0,0,0,0,1,158,115,0,0,0,0,0,0,0,0,0,0,1
2025-12-19 02:25:06,0,0,30.06,0,2,1118,18.6333,43,0.716667,77,1.28333,0,0,0,0,0,0,0,0,2,147,109,0,0,0,0,0,0,0,0,0,0,1
2025-12-19 02:26:06,0,0,30,0,2,0,0,0,0,0,0,0,0,0,0,0,0,0,0,1,148,113,0,0,0,0,0,0,0,0,0,0,1
2025-12-19 02:27:06,0,0,30.25,0,2,0,0,0,0,0,0,0,0,0,0,0,0,0,0,1,147,113,0,0,0,0,0,0,0,0,0,0,1
2025-12-19 02:28:06,0,0,30.5,0,2,0,0,0,0,0,0,0,0,0,0,0,0,0,0,1,146,112,0,0,0,0,0,0,0,0,0,0,1
2025-12-19 02:29:06,0,0,30.75,0,2,0,0,0,0,0,0,0,0,0,0,0,0,0,0,1,146,112,0,0,0,0,0,0,0,0,0,0,1
2025-12-19 02:30:06,0,0,31,0,2,0,0,0,0,0,0,0,0,0,0,0,0,0,0,1,146,112,0,0,0,0,0,0,0,0,0,0,1
2025-12-19 02:31:06,0,0,31.06,0,2,958,15.9667,27,0.45,70,1.16667,0,0,0,0,0,0,0,0,1,155,124,0,0,0,0,0,0,0,0,0,0,1
2025-12-19 02:32:06,0,0,31,0,2,0,0,0,0,0,0,0,0,0,0,0,0,0,0,1,154,121,0,0,0,0,0,0,0,0,0,0,1
2025-12-19 02:33:06,0,0,30.94,0,2,0,0,0,0,0,0,0,0,0,0,0,0,0,0,1,154,122,0,0,0,0,0,0,0,0,0,0,1
2025-12-19 02:34:06,0,0,30.94,0,2,0,0,0,0,0,0,0,0,0,0,0,0,0,0,1,154,122,0,0,0,0,0,0,0,0,0,0,1
2025-12-19 02:35:06,0,0,30.94,0,2,0,0,0,0,0,0,0,0,0,0,0,0,0,0,1,154,122,0,0,0,0,0,0,0,0,0,0,1
2025-12-19 02:36:06,0,0,30.94,0,2,0,0,0,0,0,0,0,0,0,0,0,0,0,0,1,154,123,0,0,0,0,0,0,0,0,0,0,1
2025-12-19 02:37:06,0,0,30.88,0,2,0,0,0,0,0,0,0,0,0,0,0,0,0,0,1,155,123,0,0,0,0,0,0,0,0,0,0,1
2025-12-19 02:38:06,0,0,30.94,0,2,0,0,0,0,0,0,0,0,0,0,0,0,0,0,1,154,122,0,0,0,0,0,0,0,0,0,0,1
2025-12-19 02:39:06,0,0,30.88,0,2,0,0,0,0,0,0,0,0,0,0,0,0,0,0,1,155,123,0,0,0,0,0,0,0,0,0,0,1
2025-12-19 02:40:06,0,0,30.88,0,2,0,0,0,0,0,0,0,0,0,0,0,0,0,0,1,155,123,0,0,0,0,0,0,0,0,0,0,1
2025-12-19 02:41:06,0,0,30.81,0,2,0,0,0,0,0,0,0,0,0,0,0,0,0,0,1,155,123,0,0,0,0,0,0,0,0,0,0,1
2025-12-19 02:42:06,0,0,30.81,0,2,0,0,0,0,0,0,0,0,0,0,0,0,0,0,1,155,123,0,0,0,0,0,0,0,0,0,0,1
2025-12-19 02:43:06,0,0,30.88,0,32,1068,17.8,25,0.416667,75,1.25,0,0,0,0,0,0,0,0,1,152,120,0,0,0,0,0,0,0,0,0,0,1
2025-12-19 02:44:06,0,0,30.69,0,32,0,0,0,0,0,0,0,0,0,0,0,0,0,0,1,152,119,0,0,0,0,0,0,0,0,0,0,1
2025-12-19 02:45:06,0,0,30.5,0,32,0,0,0,0,0,0,0,0,0,0,0,0,0,0,1,152,120,0,0,0,0,0,0,0,0,0,0,1
2025-12-19 02:46:06,0,0,30.25,0,32,0,0,0,0,0,0,0,0,0,0,0,0,0,0,1,152,120,0,0,0,0,0,0,0,0,0,0,1
2025-12-19 02:47:06,0,0,30.06,0,32,0,0,0,0,0,0,0,0,0,0,0,0,0,0,1,152,120,0,0,0,0,0,0,0,0,0,0,1
2025-12-19 02:48:06,0,0,29.88,0,32,0,0,0,0,0,0,0,0,0,0,0,0,0,0,1,151,120,0,0,0,0,0,0,0,0,0,0,1
2025-12-19 02:49:06,0,0,29.69,0,32,1116,18.6,28,0.466667,75,1.25,0,0,0,0,0,0,0,0,1,192,151,0,0,0,0,0,0,0,0,0,0,1
2025-12-19 02:50:06,0,0,29.69,0,4,0,0,0,0,0,0,0,0,0,0,0,0,0,0,1,172,133,0,0,0,0,0,0,0,0,0,0,1
2025-12-19 02:51:06,0,0,29.62,0,4,0,0,0,0,0,0,0,0,0,0,0,0,0,0,1,164,129,0,0,0,0,0,0,0,0,0,0,1
2025-12-19 02:52:06,0,0,29.62,0,4,0,0,0,0,0,0,0,0,0,0,0,0,0,0,1,162,128,0,0,0,0,0,0,0,0,0,0,1
2025-12-19 02:53:06,0,0,29.62,0,4,0,0,0,0,0,0,0,0,0,0,0,0,0,0,1,153,121,0,0,0,0,0,0,0,0,0,0,1
2025-12-19 02:54:06,0,0,29.56,0,4,0,0,0,0,0,0,0,0,0,0,0,0,0,0,1,152,121,0,0,0,0,0,0,0,0,0,0,1
2025-12-19 02:55:06,0,0,29.62,0,4,0,0,0,0,0,0,0,0,0,0,0,0,0,0,1,151,120,0,0,0,0,0,0,0,0,0,0,1
2025-12-19 02:56:06,0,0,29.62,0,4,0,0,0,0,0,0,0,0,0,0,0,0,0,0,1,149,119,0,0,0,0,0,0,0,0,0,0,1
2025-12-19 02:57:06,0,0,29.62,0,4,0,0,0,0,0,0,0,0,0,0,0,0,0,0,1,148,118,0,0,0,0,0,0,0,0,0,0,1
2025-12-19 02:58:06,0,0,29.62,0,4,0,0,0,0,0,0,0,0,0,0,0,0,0,0,1,148,118,0,0,0,0,0,0,0,0,0,0,1
2025-12-19 02:59:06,0,0,29.62,0,1,0,0,0,0,0,0,0,0,0,0,0,0,0,0,1,146,117,0,0,0,0,0,0,0,0,0,0,1
2025-12-19 03:00:06,0,0,29.62,0,4,6,0.1,0,0,0,0,0,0,0,0,0,0,0,0,1,145,115,0,0,0,0,0,0,0,0,0,0,1
2025-12-19 03:01:06,0,0,29.56,0,4,0,0,0,0,0,0,0,0,0,0,0,0,0,0,1,145,117,0,0,0,0,0,0,0,0,0,0,1
2025-12-19 03:02:06,0,0,29.56,0,4,0,0,0,0,0,0,0,0,0,0,0,0,0,0,1,144,116,0,0,0,0,0,0,0,0,0,0,1
2025-12-19 03:03:06,0,0,29.56,0,1,0,0,0,0,0,0,0,0,0,0,0,0,0,0,1,144,116,0,0,0,0,0,0,0,0,0,0,1
2025-12-19 03:04:06,0,0,29.56,0,4,0,0,0,0,0,0,0,0,0,0,0,0,0,0,1,144,116,0,0,0,0,0,0,0,0,0,0,1
2025-12-19 03:05:06,0,0,29.56,0,4,0,0,0,0,0,0,0,0,0,0,0,0,0,0,1,143,116,0,0,0,0,0,0,0,0,0,0,1
2025-12-19 03:06:06,0,0,29.56,0,4,0,0,0,0,0,0,0,0,0,0,0,0,0,0,1,143,115,0,0,0,0,0,0,0,0,0,0,1
2025-12-19 03:07:06,0,0,29.56,0,4,0,0,0,0,0,0,0,0,0,0,0,0,0,0,1,143,118,0,0,0,0,0,0,0,0,0,0,1
2025-12-19 03:08:06,0,0,29.5,0,4,0,0,0,0,0,0,0,0,0,0,0,0,0,0,1,142,114,0,0,0,0,0,0,0,0,0,0,1
2025-12-19 03:09:06,0,0,29.56,0,4,0,0,0,0,0,0,0,0,0,0,0,0,0,0,1,142,114,0,0,0,0,0,0,0,0,0,0,1
2025-12-19 03:10:06,0,0,29.56,0,4,0,0,0,0,0,0,0,0,0,0,0,0,0,0,1,142,114,0,0,0,0,0,0,0,0,0,0,1
2025-12-19 03:11:06,0,0,29.56,0,4,0,0,0,0,0,0,0,0,0,0,0,0,0,0,1,142,113,0,0,0,0,0,0,0,0,0,0,1
2025-12-19 03:12:06,0,0,29.56,0,1,0,0,0,0,0,0,0,0,0,0,0,0,0,0,1,141,114,0,0,0,0,0,0,0,0,0,0,1
2025-12-19 03:13:06,0,0,29.56,0,4,0,0,0,0,0,0,0,0,0,0,0,0,0,0,1,141,113,0,0,0,0,0,0,0,0,0,0,1
2025-12-19 03:14:06,0,0,29.5,0,4,0,0,0,0,0,0,0,0,0,0,0,0,0,0,1,141,113,0,0,0,0,0,0,0,0,0,0,1
2025-12-19 03:15:06,0,0,29.56,0,2,415,6.91667,4,0.0666667,40,0.666667,0,0,0,0,0,0,0,0,1,140,106,0,0,0,0,0,0,0,0,0,0,1
2025-12-19 03:16:06,0,0,29.25,0,16,701,11.6833,7,0.116667,32,0.533333,0,0,0,0,0,0,0,0,2,143,118,0,0,0,0,0,0,0,0,0,0,1
2025-12-19 03:17:06,0,1,29.38,0,16,2494,41.5667,52,0.866667,184,3.06667,0,0,0,0,0,0,0,0,2,138,109,0,0,0,0,0,0,0,0,0,0,1
2025-12-19 03:18:06,0,0,29.25,0,16,2219,36.9833,53,0.883333,147,2.45,0,0,0,0,0,0,0,0,2,138,109,0,0,0,0,0,0,0,0,0,0,1
2025-12-19 03:19:06,0,0,29.12,0,16,6186,103.1,139,2.31667,371,6.18333,0,0,0,0,0,0,0,0,2,190,143,0,0,0,0,0,0,0,0,0,0,1
2025-12-19 03:20:06,0,0,29.5,0,16,44,0.733333,1,0.0166667,4,0.0666667,0,0,0,0,0,0,0,0,2,148,102,0,0,0,0,0,0,0,0,0,0,1
2025-12-19 03:21:06,0,0,29.5,0,16,30,0.5,0,0,4,0.0666667,0,0,0,0,0,0,0,0,2,139,102,0,0,0,0,0,0,0,0,0,0,1
2025-12-19 03:22:06,0,0,29.56,0,16,0,0,0,0,0,0,0,0,0,0,0,0,0,0,2,138,102,0,0,0,0,0,0,0,0,0,0,1
2025-12-19 03:23:06,0,0,29.69,0,16,0,0,0,0,0,0,0,0,0,0,0,0,0,0,2,138,102,0,0,0,0,0,0,0,0,0,0,1
2025-12-19 03:24:06,0,0,29.81,0,16,0,0,0,0,0,0,0,0,0,0,0,0,0,0,1,138,102,0,0,0,0,0,0,0,0,0,0,1
2025-12-19 03:25:06,0,0,29.94,0,16,0,0,0,0,0,0,0,0,0,0,0,0,0,0,1,138,102,0,0,0,0,0,0,0,0,0,0,1
2025-12-19 03:26:06,0,0,30.12,0,16,0,0,0,0,0,0,0,0,0,0,0,0,0,0,1,138,102,0,0,0,0,0,0,0,0,0,0,1
2025-12-19 03:27:06,0,0,30.25,0,16,0,0,0,0,0,0,0,0,0,0,0,0,0,0,1,138,101,0,0,0,0,0,0,0,0,0,0,1
2025-12-19 03:28:06,0,0,30.44,0,16,0,0,0,0,0,0,0,0,0,0,0,0,0,0,1,138,101,0,0,0,0,0,0,0,0,0,0,1
2025-12-19 03:29:06,0,0,30.62,0,16,0,0,0,0,0,0,0,0,0,0,0,0,0,0,1,138,101,0,0,0,0,0,0,0,0,0,0,1
2025-12-19 03:30:06,0,0,30.69,0,16,0,0,0,0,0,0,0,0,0,0,0,0,0,0,1,138,102,0,0,0,0,0,0,0,0,0,0,1
2025-12-19 03:31:06,0,0,30.88,0,16,0,0,0,0,0,0,0,0,0,0,0,0,0,0,1,138,102,0,0,0,0,0,0,0,0,0,0,1
2025-12-19 03:32:06,0,0,31,0,2,93,1.55,0,0,6,0.1,0,0,0,0,0,0,0,0,1,175,131,0,0,0,0,0,0,0,0,0,0,1
2025-12-19 03:33:06,0,0,31.12,0,2,0,0,0,0,0,0,0,0,0,0,0,0,0,0,1,167,123,0,0,0,0,0,0,0,0,0,0,1
2025-12-19 03:34:06,0,0,31.38,0,2,0,0,0,0,0,0,0,0,0,0,0,0,0,0,1,161,119,0,0,0,0,0,0,0,0,0,0,1
2025-12-19 03:35:06,0,0,31.56,0,2,0,0,0,0,0,0,0,0,0,0,0,0,0,0,1,159,116,0,0,0,0,0,0,0,0,0,0,1
2025-12-19 03:36:06,0,0,31.75,0,2,0,0,0,0,0,0,0,0,0,0,0,0,0,0,1,156,114,0,0,0,0,0,0,0,0,0,0,1
2025-12-19 03:37:06,0,0,31.94,0,2,0,0,0,0,0,0,0,0,0,0,0,0,0,0,1,154,112,0,0,0,0,0,0,0,0,0,0,1
2025-12-19 03:38:06,0,0,32.12,0,2,0,0,0,0,0,0,0,0,0,0,0,0,0,0,1,151,110,0,0,0,0,0,0,0,0,0,0,1
2025-12-19 03:39:06,0,0,32.25,0,2,0,0,0,0,0,0,0,0,0,0,0,0,0,0,1,150,109,0,0,0,0,0,0,0,0,0,0,1
2025-12-19 03:40:06,0,0,32.38,0,2,0,0,0,0,0,0,0,0,0,0,0,0,0,0,1,152,110,0,0,0,0,0,0,0,0,0,0,1
2025-12-19 03:41:06,0,0,32.5,0,2,0,0,0,0,0,0,0,0,0,0,0,0,0,0,1,149,109,0,0,0,0,0,0,0,0,0,0,1
2025-12-19 03:42:06,0,0,32.62,0,2,0,0,0,0,0,0,0,0,0,0,0,0,0,0,1,149,109,0,0,0,0,0,0,0,0,0,0,1
2025-12-19 03:43:06,0,0,32.75,0,2,0,0,0,0,0,0,0,0,0,0,0,0,0,0,2,149,108,0,0,0,0,0,0,0,0,0,0,1
2025-12-19 03:44:06,0,0,32.88,0,2,3046,50.7667,113,1.88333,166,2.76667,0,0,0,0,0,0,0,0,2,186,125,0,0,0,0,0,0,0,0,0,0,1
2025-12-19 03:45:06,0,0,32.81,0,2,1791,29.85,66,1.1,97,1.61667,0,0,0,0,0,0,0,0,2,145,111,0,0,0,0,0,0,0,0,0,0,1
2025-12-19 03:46:06,0,0,32.94,0,1,0,0,0,0,0,0,0,0,0,0,0,0,0,0,2,142,107,0,0,0,0,0,0,0,0,0,0,1
2025-12-19 03:47:06,0,0,32.94,0,2,1607,26.7833,45,0.75,85,1.41667,0,0,0,0,0,0,0,0,2,146,103,0,0,0,0,0,0,0,0,0,0,1
2025-12-19 03:48:06,0,0,33,0,2,0,0,0,0,0,0,0,0,0,0,0,0,0,0,2,140,101,0,0,0,0,0,0,0,0,0,0,1
2025-12-19 03:49:06,0,0,32.94,0,2,0,0,0,0,0,0,0,0,0,0,0,0,0,0,2,140,101,0,0,0,0,0,0,0,0,0,0,1
2025-12-19 03:50:06,0,0,32.94,0,2,0,0,0,0,0,0,0,0,0,0,0,0,0,0,1,140,101,0,0,0,0,0,0,0,0,0,0,1
2025-12-19 03:51:06,0,0,32.81,0,16,1402,23.3667,41,0.683333,63,1.05,0,0,0,0,0,0,0,0,2,142,111,0,0,0,0,0,0,0,0,0,0,1
2025-12-19 03:52:06,0,0,32.75,0,16,384,6.4,10,0.166667,29,0.483333,0,0,0,0,0,0,0,0,2,141,114,0,0,0,0,0,0,0,0,0,0,1
2025-12-19 03:53:06,0,0,31.81,0,16,0,0,0,0,0,0,0,0,0,0,0,0,0,0,2,195,157,0,0,0,0,0,0,0,0,0,0,1
2025-12-19 03:54:06,0,0,31.56,0,2,2465,41.0833,77,1.28333,142,2.36667,0,0,0,0,0,0,0,0,2,202,153,0,0,0,0,0,0,0,0,0,0,1
2025-12-19 03:55:06,0,0,31.5,0,4,1643,27.3833,46,0.766667,85,1.41667,0,0,0,0,0,0,0,0,2,195,155,0,0,0,0,0,0,0,0,0,0,1
2025-12-19 03:56:06,0,0,31.31,0,4,579,9.65,19,0.316667,30,0.5,0,0,0,0,0,0,0,0,2,195,151,0,0,0,0,0,0,0,0,0,0,1
2025-12-19 03:57:06,0,0,31.12,0,2,33,0.55,0,0,2,0.0333333,0,0,0,0,0,0,0,0,2,189,146,0,0,0,0,0,0,0,0,0,0,1
2025-12-19 03:58:06,0,0,31.12,0,2,4,0.0666667,0,0,0,0,0,0,0,0,0,0,0,0,2,187,146,0,0,0,0,0,0,0,0,0,0,1
2025-12-19 03:59:06,0,0,31.19,0,2,0,0,0,0,0,0,0,0,0,0,0,0,0,0,1,186,144,0,0,0,0,0,0,0,0,0,0,1
2025-12-19 04:00:06,0,0,31.31,0,2,0,0,0,0,0,0,0,0,0,0,0,0,0,0,1,185,144,0,0,0,0,0,0,0,0,0,0,1
2025-12-19 04:01:06,0,0,31.5,0,2,23,0.383333,0,0,1,0.0166667,0,0,0,0,0,0,0,0,1,184,142,0,0,0,0,0,0,0,0,0,0,1
2025-12-19 04:02:06,0,0,31.69,0,2,0,0,0,0,0,0,0,0,0,0,0,0,0,0,1,182,140,0,0,0,0,0,0,0,0,0,0,1
2025-12-19 04:03:06,0,0,31.81,0,2,0,0,0,0,0,0,0,0,0,0,0,0,0,0,1,181,140,0,0,0,0,0,0,0,0,0,0,1
2025-12-19 04:04:06,0,0,32,0,2,0,0,0,0,0,0,0,0,0,0,0,0,0,0,1,181,140,0,0,0,0,0,0,0,0,0,0,1
2025-12-19 04:05:06,0,0,32.12,0,2,0,0,0,0,0,0,0,0,0,0,0,0,0,0,1,180,139,0,0,0,0,0,0,0,0,0,0,1
2025-12-19 04:06:06,0,0,32.25,0,2,0,0,0,0,0,0,0,0,0,0,0,0,0,0,1,180,140,0,0,0,0,0,0,0,0,0,0,1
2025-12-19 04:07:06,0,0,32.31,0,2,0,0,0,0,0,0,0,0,0,0,0,0,0,0,1,179,138,0,0,0,0,0,0,0,0,0,0,1
2025-12-19 04:08:06,0,0,32.38,0,2,0,0,0,0,0,0,0,0,0,0,0,0,0,0,1,179,139,0,0,0,0,0,0,0,0,0,0,1
2025-12-19 04:09:06,0,0,32.44,0,2,0,0,0,0,0,0,0,0,0,0,0,0,0,0,1,178,138,0,0,0,0,0,0,0,0,0,0,1
2025-12-19 04:10:06,0,0,32.5,0,2,0,0,0,0,0,0,0,0,0,0,0,0,0,0,1,178,138,0,0,0,0,0,0,0,0,0,0,1
2025-12-19 04:11:06,0,0,32.5,0,2,0,0,0,0,0,0,0,0,0,0,0,0,0,0,1,177,137,0,0,0,0,0,0,0,0,0,0,1
2025-12-19 04:12:06,0,0,32.62,0,2,527,8.78333,11,0.183333,32,0.533333,0,0,0,0,0,0,0,0,1,152,123,0,0,0,0,0,0,0,0,0,0,1
2025-12-19 04:13:06,0,0,32.44,0,2,0,0,0,0,0,0,0,0,0,0,0,0,0,0,1,151,121,0,0,0,0,0,0,0,0,0,0,1
2025-12-19 04:14:06,0,0,32.19,0,2,1260,21,35,0.583333,65,1.08333,0,0,0,0,0,0,0,0,2,154,117,0,0,0,0,0,0,0,0,0,0,1
2025-12-19 04:15:06,0,0,32.12,0,2,0,0,0,0,0,0,0,0,0,0,0,0,0,0,1,152,116,0,0,0,0,0,0,0,0,0,0,1
2025-12-19 04:16:06,0,0,32.12,0,2,0,0,0,0,0,0,0,0,0,0,0,0,0,0,1,153,116,0,0,0,0,0,0,0,0,0,0,1
2025-12-19 04:17:06,0,0,32.25,0,2,135,2.25,1,0.0166667,12,0.2,0,0,0,0,0,0,0,0,1,153,116,0,0,0,0,0,0,0,0,0,0,1
2025-12-19 04:18:06,0,0,32.31,0,2,0,0,0,0,0,0,0,0,0,0,0,0,0,0,1,152,117,0,0,0,0,0,0,0,0,0,0,1
2025-12-19 04:19:06,0,0,32.5,0,2,0,0,0,0,0,0,0,0,0,0,0,0,0,0,1,152,117,0,0,0,0,0,0,0,0,0,0,1
2025-12-19 04:20:06,0,0,32.62,0,2,4,0.0666667,0,0,0,0,0,0,0,0,0,0,0,0,1,151,117,0,0,0,0,0,0,0,0,0,0,1
2025-12-19 04:21:06,0,0,32.81,0,2,0,0,0,0,0,0,0,0,0,0,0,0,0,0,1,151,117,0,0,0,0,0,0,0,0,0,0,1
2025-12-19 04:22:06,0,0,32.94,0,2,0,0,0,0,0,0,0,0,0,0,0,0,0,0,1,150,116,0,0,0,0,0,0,0,0,0,0,1
2025-12-19 04:23:06,0,0,33.19,0,16,348,5.8,10,0.166667,23,0.383333,0,0,0,0,0,0,0,0,1,153,111,0,0,0,0,0,0,0,0,0,0,1
2025-12-19 04:24:06,0,0,33.19,0,16,0,0,0,0,0,0,0,0,0,0,0,0,0,0,1,153,111,0,0,0,0,0,0,0,0,0,0,1
2025-12-19 04:25:06,0,0,33.19,0,16,0,0,0,0,0,0,0,0,0,0,0,0,0,0,1,153,110,0,0,0,0,0,0,0,0,0,0,1
2025-12-19 04:26:06,0,0,33.19,0,16,0,0,0,0,0,0,0,0,0,0,0,0,0,0,1,153,110,0,0,0,0,0,0,0,0,0,0,1
2025-12-19 04:27:06,0,0,33.19,0,16,0,0,0,0,0,0,0,0,0,0,0,0,0,0,1,153,110,0,0,0,0,0,0,0,0,0,0,1
2025-12-19 04:28:06,0,0,33.19,0,16,0,0,0,0,0,0,0,0,0,0,0,0,0,0,1,152,110,0,0,0,0,0,0,0,0,0,0,1
2025-12-19 04:29:06,0,0,33.12,0,2,739,12.3167,14,0.233333,70,1.16667,0,0,0,0,0,0,0,0,1,149,110,0,0,0,0,0,0,0,0,0,0,1
2025-12-19 04:30:06,0,0,33.19,0,2,0,0,0,0,0,0,0,0,0,0,0,0,0,0,1,147,109,0,0,0,0,0,0,0,0,0,0,1
2025-12-19 04:31:06,0,0,33.31,0,2,0,0,0,0,0,0,0,0,0,0,0,0,0,0,1,147,108,0,0,0,0,0,0,0,0,0,0,1
2025-12-19 04:32:06,0,0,33.38,0,2,0,0,0,0,0,0,0,0,0,0,0,0,0,0,1,147,109,0,0,0,0,0,0,0,0,0,0,1
2025-12-19 04:33:06,0,0,33.44,0,2,0,0,0,0,0,0,0,0,0,0,0,0,0,0,1,147,109,0,0,0,0,0,0,0,0,0,0,1
2025-12-19 04:34:06,0,0,33.44,0,2,165,2.75,1,0.0166667,12,0.2,0,0,0,0,0,0,0,0,1,143,107,0,0,0,0,0,0,0,0,0,0,1
2025-12-19 04:35:06,0,0,33.44,0,2,4,0.0666667,0,0,0,0,0,0,0,0,0,0,0,0,1,144,107,0,0,0,0,0,0,0,0,0,0,1
2025-12-19 04:36:06,0,0,33.38,0,2,0,0,0,0,0,0,0,0,0,0,0,0,0,0,1,144,107,0,0,0,0,0,0,0,0,0,0,1
2025-12-19 04:37:06,0,0,33.31,0,2,1822,30.3667,42,0.7,122,2.03333,0,0,0,0,0,0,0,0,2,151,113,0,0,0,0,0,0,0,0,0,0,1
2025-12-19 04:38:06,0,0,33.19,0,2,0,0,0,0,0,0,0,0,0,0,0,0,0,0,1,147,116,0,0,0,0,0,0,0,0,0,0,1
2025-12-19 04:39:06,0,0,33.19,0,2,0,0,0,0,0,0,0,0,0,0,0,0,0,0,1,146,115,0,0,0,0,0,0,0,0,0,0,1
2025-12-19 04:40:06,0,0,33.19,0,2,0,0,0,0,0,0,0,0,0,0,0,0,0,0,1,146,115,0,0,0,0,0,0,0,0,0,0,1
2025-12-19 04:41:06,0,0,33.25,0,2,0,0,0,0,0,0,0,0,0,0,0,0,0,0,1,146,115,0,0,0,0,0,0,0,0,0,0,1
2025-12-19 04:42:06,0,0,33.25,0,2,1316,21.9333,33,0.55,86,1.43333,0,0,0,0,0,0,0,0,1,142,121,0,0,0,0,0,0,0,0,0,0,1
2025-12-19 04:43:06,0,0,33,0,4,0,0,0,0,0,0,0,0,0,0,0,0,0,0,1,141,117,0,0,0,0,0,0,0,0,0,0,1
2025-12-19 04:44:06,0,0,32.75,0,4,0,0,0,0,0,0,0,0,0,0,0,0,0,0,1,141,117,0,0,0,0,0,0,0,0,0,0,1
2025-12-19 04:45:06,0,0,32.5,0,4,0,0,0,0,0,0,0,0,0,0,0,0,0,0,1,141,116,0,0,0,0,0,0,0,0,0,0,1
2025-12-19 04:46:06,0,0,32.25,0,4,0,0,0,0,0,0,0,0,0,0,0,0,0,0,1,141,116,0,0,0,0,0,0,0,0,0,0,1
2025-12-19 04:47:06,0,0,32.06,0,4,0,0,0,0,0,0,0,0,0,0,0,0,0,0,1,141,116,0,0,0,0,0,0,0,0,0,0,1
2025-12-19 04:48:06,0,0,31.94,0,4,0,0,0,0,0,0,0,0,0,0,0,0,0,0,1,141,116,0,0,0,0,0,0,0,0,0,0,1
2025-12-19 04:49:06,0,0,31.81,0,4,4,0.0666667,0,0,0,0,0,0,0,0,0,0,0,0,1,141,115,0,0,0,0,0,0,0,0,0,0,1
2025-12-19 04:50:06,0,0,31.69,0,4,0,0,0,0,0,0,0,0,0,0,0,0,0,0,1,140,116,0,0,0,0,0,0,0,0,0,0,1
2025-12-19 04:51:06,0,0,31.62,0,4,0,0,0,0,0,0,0,0,0,0,0,0,0,0,1,140,115,0,0,0,0,0,0,0,0,0,0,1
2025-12-19 04:52:06,0,0,31.56,0,4,0,0,0,0,0,0,0,0,0,0,0,0,0,0,1,140,116,0,0,0,0,0,0,0,0,0,0,1
2025-12-19 04:53:06,0,0,31.5,0,4,29,0.483333,1,0.0166667,1,0.0166667,0,0,0,0,0,0,0,0,1,140,116,0,0,0,0,0,0,0,0,0,0,1
2025-12-19 04:54:06,0,0,31.31,0,2,1920,32,65,1.08333,114,1.9,0,0,0,0,0,0,0,0,2,183,145,0,0,0,0,0,0,0,0,0,0,1
2025-12-19 04:55:06,0,0,31.38,0,2,620,10.3333,14,0.233333,50,0.833333,0,0,0,0,0,0,0,0,1,143,114,0,0,0,0,0,0,0,0,0,0,1
2025-12-19 04:56:06,0,0,31.38,0,2,0,0,0,0,0,0,0,0,0,0,0,0,0,0,1,142,112,0,0,0,0,0,0,0,0,0,0,1
2025-12-19 04:57:06,0,0,31.38,0,2,0,0,0,0,0,0,0,0,0,0,0,0,0,0,1,142,112,0,0,0,0,0,0,0,0,0,0,1
2025-12-19 04:58:06,0,0,31.38,0,2,0,0,0,0,0,0,0,0,0,0,0,0,0,0,1,142,112,0,0,0,0,0,0,0,0,0,0,1
2025-12-19 04:59:06,0,0,31.38,0,2,0,0,0,0,0,0,0,0,0,0,0,0,0,0,1,142,112,0,0,0,0,0,0,0,0,0,0,1
2025-12-19 05:00:06,0,0,31.38,0,2,0,0,0,0,0,0,0,0,0,0,0,0,0,0,1,142,112,0,0,0,0,0,0,0,0,0,0,1
2025-12-19 05:01:06,0,0,31.38,0,2,0,0,0,0,0,0,0,0,0,0,0,0,0,0,1,142,112,0,0,0,0,0,0,0,0,0,0,1
2025-12-19 05:02:06,0,0,31.38,0,2,0,0,0,0,0,0,0,0,0,0,0,0,0,0,1,142,112,0,0,0,0,0,0,0,0,0,0,1
2025-12-19 05:03:06,0,0,31.31,0,2,0,0,0,0,0,0,0,0,0,0,0,0,0,0,1,142,113,0,0,0,0,0,0,0,0,0,0,1
2025-12-19 05:04:06,0,0,31.31,0,2,0,0,0,0,0,0,0,0,0,0,0,0,0,0,1,142,112,0,0,0,0,0,0,0,0,0,0,1
2025-12-19 05:05:06,0,0,31.31,0,2,0,0,0,0,0,0,0,0,0,0,0,0,0,0,1,141,112,0,0,0,0,0,0,0,0,0,0,1
2025-12-19 05:06:06,0,0,31.31,0,2,0,0,0,0,0,0,0,0,0,0,0,0,0,0,1,142,112,0,0,0,0,0,0,0,0,0,0,1
2025-12-19 05:07:06,0,0,31.31,0,2,0,0,0,0,0,0,0,0,0,0,0,0,0,0,1,141,113,0,0,0,0,0,0,0,0,0,0,1
2025-12-19 05:08:06,0,0,31.31,0,2,0,0,0,0,0,0,0,0,0,0,0,0,0,0,1,141,112,0,0,0,0,0,0,0,0,0,0,1
2025-12-19 05:09:06,0,0,31.31,0,2,0,0,0,0,0,0,0,0,0,0,0,0,0,0,1,141,112,0,0,0,0,0,0,0,0,0,0,1
2025-12-19 05:10:06,0,0,31.31,0,2,3,0.05,0,0,0,0,0,0,0,0,0,0,0,0,1,141,113,0,0,0,0,0,0,0,0,0,0,1
2025-12-19 05:11:06,0,0,31.25,0,2,6,0.1,0,0,0,0,0,0,0,0,0,0,0,0,1,141,112,0,0,0,0,0,0,0,0,0,0,1
2025-12-19 05:12:06,0,0,31.25,0,2,0,0,0,0,0,0,0,0,0,0,0,0,0,0,1,141,112,0,0,0,0,0,0,0,0,0,0,1
2025-12-19 05:13:06,0,0,31.19,0,2,9,0.15,0,0,1,0.0166667,0,0,0,0,0,0,0,0,1,141,113,0,0,0,0,0,0,0,0,0,0,1
2025-12-19 05:14:06,0,0,31.19,0,2,0,0,0,0,0,0,0,0,0,0,0,0,0,0,1,141,113,0,0,0,0,0,0,0,0,0,0,1
2025-12-19 05:15:06,0,0,31.19,0,2,0,0,0,0,0,0,0,0,0,0,0,0,0,0,1,141,113,0,0,0,0,0,0,0,0,0,0,1
2025-12-19 05:16:06,0,0,31.12,0,2,0,0,0,0,0,0,0,0,0,0,0,0,0,0,1,141,112,0,0,0,0,0,0,0,0,0,0,1
2025-12-19 05:17:06,0,0,31.19,0,2,0,0,0,0,0,0,0,0,0,0,0,0,0,0,1,141,112,0,0,0,0,0,0,0,0,0,0,1
2025-12-19 05:18:06,0,0,31.19,0,2,0,0,0,0,0,0,0,0,0,0,0,0,0,0,1,141,112,0,0,0,0,0,0,0,0,0,0,1
2025-12-19 05:19:06,0,0,31.25,0,2,0,0,0,0,0,0,0,0,0,0,0,0,0,0,1,141,112,0,0,0,0,0,0,0,0,0,0,1
2025-12-19 05:20:06,0,0,31.19,0,2,0,0,0,0,0,0,0,0,0,0,0,0,0,0,1,141,113,0,0,0,0,0,0,0,0,0,0,1
2025-12-19 05:21:06,0,0,31.19,0,2,0,0,0,0,0,0,0,0,0,0,0,0,0,0,1,141,112,0,0,0,0,0,0,0,0,0,0,1
2025-12-19 05:22:06,0,0,31.19,0,2,0,0,0,0,0,0,0,0,0,0,0,0,0,0,1,141,113,0,0,0,0,0,0,0,0,0,0,1
2025-12-19 05:23:06,0,0,31.19,0,2,0,0,0,0,0,0,0,0,0,0,0,0,0,0,1,141,113,0,0,0,0,0,0,0,0,0,0,1
2025-12-19 05:24:06,0,0,31.19,0,2,0,0,0,0,0,0,0,0,0,0,0,0,0,0,1,141,113,0,0,0,0,0,0,0,0,0,0,1
2025-12-19 05:25:06,0,0,31.12,0,2,0,0,0,0,0,0,0,0,0,0,0,0,0,0,1,141,112,0,0,0,0,0,0,0,0,0,0,1
2025-12-19 05:26:06,0,0,31.19,0,2,0,0,0,0,0,0,0,0,0,0,0,0,0,0,1,141,113,0,0,0,0,0,0,0,0,0,0,1
2025-12-19 05:27:06,0,0,31.12,0,2,793,13.2167,17,0.283333,66,1.1,0,0,0,0,0,0,0,0,1,145,116,0,0,0,0,0,0,0,0,0,0,1
2025-12-19 05:28:06,0,0,31.12,0,2,0,0,0,0,0,0,0,0,0,0,0,0,0,0,1,144,115,0,0,0,0,0,0,0,0,0,0,1
2025-12-19 05:29:06,0,0,31.12,0,2,0,0,0,0,0,0,0,0,0,0,0,0,0,0,1,144,115,0,0,0,0,0,0,0,0,0,0,1
2025-12-19 05:30:06,0,0,31.12,0,2,0,0,0,0,0,0,0,0,0,0,0,0,0,0,1,144,115,0,0,0,0,0,0,0,0,0,0,1
2025-12-19 05:31:06,0,0,31.19,0,2,0,0,0,0,0,0,0,0,0,0,0,0,0,0,1,144,115,0,0,0,0,0,0,0,0,0,0,1
2025-12-19 05:32:06,0,0,31.25,0,2,3,0.05,0,0,0,0,0,0,0,0,0,0,0,0,1,144,115,0,0,0,0,0,0,0,0,0,0,1
2025-12-19 05:33:06,0,0,31.25,0,2,0,0,0,0,0,0,0,0,0,0,0,0,0,0,1,144,115,0,0,0,0,0,0,0,0,0,0,1
2025-12-19 05:34:06,0,0,31.25,0,2,0,0,0,0,0,0,0,0,0,0,0,0,0,0,1,144,114,0,0,0,0,0,0,0,0,0,0,1
2025-12-19 05:35:06,0,0,31.25,0,2,0,0,0,0,0,0,0,0,0,0,0,0,0,0,1,143,115,0,0,0,0,0,0,0,0,0,0,1
2025-12-19 05:36:06,0,0,31.19,0,2,1250,20.8333,46,0.766667,74,1.23333,0,0,0,0,0,0,0,0,2,159,128,0,0,0,0,0,0,0,0,0,0,1
2025-12-19 05:37:06,0,0,31.06,0,2,0,0,0,0,0,0,0,0,0,0,0,0,0,0,1,156,123,0,0,0,0,0,0,0,0,0,0,1
2025-12-19 05:38:06,0,0,31,0,2,0,0,0,0,0,0,0,0,0,0,0,0,0,0,1,157,125,0,0,0,0,0,0,0,0,0,0,1
2025-12-19 05:39:06,0,0,31,0,2,0,0,0,0,0,0,0,0,0,0,0,0,0,0,1,157,125,0,0,0,0,0,0,0,0,0,0,1
2025-12-19 05:40:06,0,0,30.94,0,2,0,0,0,0,0,0,0,0,0,0,0,0,0,0,1,155,123,0,0,0,0,0,0,0,0,0,0,1
2025-12-19 05:41:06,0,0,30.94,0,2,1193,19.8833,38,0.633333,107,1.78333,0,0,0,0,0,0,0,0,2,188,145,0,0,0,0,0,0,0,0,0,0,1
2025-12-19 05:42:06,0,0,31,0,2,0,0,0,0,0,0,0,0,0,0,0,0,0,0,1,185,143,0,0,0,0,0,0,0,0,0,0,1
2025-12-19 05:43:06,0,0,31,0,2,0,0,0,0,0,0,0,0,0,0,0,0,0,0,1,185,143,0,0,0,0,0,0,0,0,0,0,1
2025-12-19 05:44:06,0,0,31,0,2,0,0,0,0,0,0,0,0,0,0,0,0,0,0,1,185,142,0,0,0,0,0,0,0,0,0,0,1
2025-12-19 05:45:06,0,0,31,0,2,0,0,0,0,0,0,0,0,0,0,0,0,0,0,1,185,142,0,0,0,0,0,0,0,0,0,0,1
2025-12-19 05:46:06,0,0,31.12,0,2,906,15.1,25,0.416667,79,1.31667,0,0,0,0,0,0,0,0,1,148,118,0,0,0,0,0,0,0,0,0,0,1
2025-12-19 05:47:06,0,0,31.19,0,2,0,0,0,0,0,0,0,0,0,0,0,0,0,0,1,147,115,0,0,0,0,0,0,0,0,0,0,1
2025-12-19 05:48:06,0,0,31.25,0,2,0,0,0,0,0,0,0,0,0,0,0,0,0,0,1,146,115,0,0,0,0,0,0,0,0,0,0,1
2025-12-19 05:49:06,0,0,31.19,0,2,0,0,0,0,0,0,0,0,0,0,0,0,0,0,1,146,115,0,0,0,0,0,0,0,0,0,0,1
2025-12-19 05:50:06,0,0,31,0,2,1896,31.6,48,0.8,121,2.01667,0,0,0,0,0,0,0,0,2,199,161,0,0,0,0,0,0,0,0,0,0,1
2025-12-19 05:51:06,0,0,30.25,0,4,464,7.73333,9,0.15,30,0.5,0,0,0,0,0,0,0,0,2,216,167,0,0,0,0,0,0,0,0,0,0,1
2025-12-19 05:52:06,0,0,29.94,0,2,5780,96.3333,153,2.55,306,5.1,3.04,0,0,0,0,0,0,0,2,194,156,0,0,1e-04,2e-04,5e-04,8e-04,9e-04,5e-04,0.69,0,1
2025-12-19 05:53:06,0,0,29.75,0,16,3186,53.1,60,1,205,3.41667,27.63,0,0,0,0,0,0,0,2,175,143,3e-04,7e-04,9e-04,0.0022,0.0042,0.007,0.0078,0.0047,10.77,0.01,1
2025-12-19 05:54:06,0,0,29.88,0,8,1975,32.9167,68,1.13333,76,1.26667,0,0,0,0,0,0,0,0,2,177,141,0,0,0,0,0,0,0,0,0,0,1
2025-12-19 05:55:06,0,0,29.88,0,8,0,0,0,0,0,0,0,0,0,0,0,0,0,0,2,170,134,0,0,0,0,0,0,0,0,0,0,1
2025-12-19 05:56:06,0,0,29.88,0,8,0,0,0,0,0,0,0,0,0,0,0,0,0,0,2,164,130,0,0,0,0,0,0,0,0,0,0,1
2025-12-19 05:57:06,0,0,29.88,0,8,0,0,0,0,0,0,0,0,0,0,0,0,0,0,2,161,128,0,0,0,0,0,0,0,0,0,0,1
2025-12-19 05:58:06,0,0,29.94,0,8,0,0,0,0,0,0,0,0,0,0,0,0,0,0,1,157,125,0,0,0,0,0,0,0,0,0,0,1
2025-12-19 05:59:06,0,0,30,0,8,0,0,0,0,0,0,0,0,0,0,0,0,0,0,1,155,123,0,0,0,0,0,0,0,0,0,0,1
2025-12-19 06:00:06,0,0,30.06,0,8,0,0,0,0,0,0,0,0,0,0,0,0,0,0,1,153,122,0,0,0,0,0,0,0,0,0,0,1
2025-12-19 06:01:06,0,0,30.19,0,8,0,0,0,0,0,0,0,0,0,0,0,0,0,0,1,152,121,0,0,0,0,0,0,0,0,0,0,1
2025-12-19 06:02:06,0,0,30.25,0,8,0,0,0,0,0,0,0,0,0,0,0,0,0,0,1,151,121,0,0,0,0,0,0,0,0,0,0,1
2025-12-19 06:03:06,0,0,30.31,0,8,0,0,0,0,0,0,0,0,0,0,0,0,0,0,1,150,120,0,0,0,0,0,0,0,0,0,0,1
2025-12-19 06:04:06,0,0,30.38,0,8,0,0,0,0,0,0,0,0,0,0,0,0,0,0,1,149,119,0,0,0,0,0,0,0,0,0,0,1
2025-12-19 06:05:06,0,0,30.44,0,8,2731,45.5167,86,1.43333,148,2.46667,0,0,0,0,0,0,0,0,2,200,153,0,0,0,0,0,0,0,0,0,0,1
2025-12-19 06:06:06,0,0,30.31,0,4,0,0,0,0,0,0,0,0,0,0,0,0,0,0,2,164,128,0,0,0,0,0,0,0,0,0,0,1
2025-12-19 06:07:06,0,0,30.44,0,4,0,0,0,0,0,0,0,0,0,0,0,0,0,0,2,164,128,0,0,0,0,0,0,0,0,0,0,1
2025-12-19 06:08:06,0,0,31,0,16,2730,45.5,70,1.16667,192,3.2,0,0,0,0,0,0,0,0,2,182,134,0,0,0,0,0,0,0,0,0,0,1
2025-12-19 06:09:06,0,0,31.44,0,16,0,0,0,0,0,0,0,0,0,0,0,0,0,0,2,153,117,0,0,0,0,0,0,0,0,0,0,1
2025-12-19 06:10:06,0,0,31.81,0,16,0,0,0,0,0,0,0,0,0,0,0,0,0,0,2,152,116,0,0,0,0,0,0,0,0,0,0,1
2025-12-19 06:11:06,0,0,32,0,2,2773,46.2167,93,1.55,159,2.65,0,0,0,0,0,0,0,0,2,176,135,0,0,0,0,0,0,0,0,0,0,1
2025-12-19 06:12:06,0,0,32.12,0,2,0,0,0,0,0,0,0,0,0,0,0,0,0,0,2,164,128,0,0,0,0,0,0,0,0,0,0,1
2025-12-19 06:13:06,0,0,32.31,0,2,0,0,0,0,0,0,0,0,0,0,0,0,0,0,1,158,121,0,0,0,0,0,0,0,0,0,0,1
2025-12-19 06:14:06,0,0,32.5,0,2,0,0,0,0,0,0,0,0,0,0,0,0,0,0,1,155,118,0,0,0,0,0,0,0,0,0,0,1
2025-12-19 06:15:06,0,0,32.69,0,2,0,0,0,0,0,0,0,0,0,0,0,0,0,0,2,154,118,0,0,0,0,0,0,0,0,0,0,1
2025-12-19 06:16:06,0,0,32.75,0,2,0,0,0,0,0,0,0,0,0,0,0,0,0,0,1,154,117,0,0,0,0,0,0,0,0,0,0,1
2025-12-19 06:17:06,0,0,32.94,0,2,0,0,0,0,0,0,0,0,0,0,0,0,0,0,1,153,117,0,0,0,0,0,0,0,0,0,0,1
2025-12-19 06:18:06,0,0,33,0,2,1165,19.4167,44,0.733333,80,1.33333,0,0,0,0,0,0,0,0,2,159,121,0,0,0,0,0,0,0,0,0,0,1
2025-12-19 06:19:06,0,0,33.06,0,2,12,0.2,0,0,0,0,0,0,0,0,0,0,0,0,1,178,136,0,0,0,0,0,0,0,0,0,0,1
2025-12-19 06:20:06,0,0,32.94,0,2,6,0.1,0,0,0,0,0,0,0,0,0,0,0,0,1,173,129,0,0,0,0,0,0,0,0,0,0,1
2025-12-19 06:21:06,0,0,32.69,0,2,0,0,0,0,0,0,0,0,0,0,0,0,0,0,1,171,129,0,0,0,0,0,0,0,0,0,0,1
2025-12-19 06:22:06,0,0,32.44,0,2,3,0.05,0,0,0,0,0,0,0,0,0,0,0,0,1,170,128,0,0,0,0,0,0,0,0,0,0,1
2025-12-19 06:23:06,0,0,32.19,0,2,0,0,0,0,0,0,0,0,0,0,0,0,0,0,1,169,128,0,0,0,0,0,0,0,0,0,0,1
2025-12-19 06:24:06,0,0,32,0,2,132,2.2,3,0.05,9,0.15,0,0,0,0,0,0,0,0,1,168,128,0,0,0,0,0,0,0,0,0,0,1
2025-12-19 06:25:06,0,0,31.44,0,2,1721,28.6833,61,1.01667,99,1.65,0,0,0,0,0,0,0,0,2,206,155,0,0,0,0,0,0,0,0,0,0,1
2025-12-19 06:26:06,0,0,31.44,0,2,0,0,0,0,0,0,0,0,0,0,0,0,0,0,1,203,154,0,0,0,0,0,0,0,0,0,0,1
2025-12-19 06:27:06,0,0,31.69,0,2,0,0,0,0,0,0,0,0,0,0,0,0,0,0,1,202,154,0,0,0,0,0,0,0,0,0,0,1
2025-12-19 06:28:06,0,0,31.94,0,2,0,0,0,0,0,0,0,0,0,0,0,0,0,0,1,202,154,0,0,0,0,0,0,0,0,0,0,1
2025-12-19 06:29:06,0,0,32.25,0,2,0,0,0,0,0,0,0,0,0,0,0,0,0,0,1,202,153,0,0,0,0,0,0,0,0,0,0,1
2025-12-19 06:30:06,0,0,32.5,0,2,0,0,0,0,0,0,0,0,0,0,0,0,0,0,1,202,153,0,0,0,0,0,0,0,0,0,0,1
2025-12-19 06:31:06,0,0,32.75,0,2,29,0.483333,0,0,4,0.0666667,0,0,0,0,0,0,0,0,1,203,153,0,0,0,0,0,0,0,0,0,0,1
2025-12-19 06:32:06,0,0,32.94,0,2,0,0,0,0,0,0,0,0,0,0,0,0,0,0,1,203,154,0,0,0,0,0,0,0,0,0,0,1
2025-12-19 06:33:06,0,0,33.19,0,2,0,0,0,0,0,0,0,0,0,0,0,0,0,0,1,203,155,0,0,0,0,0,0,0,0,0,0,1
2025-12-19 06:34:06,0,0,33.31,0,2,0,0,0,0,0,0,0,0,0,0,0,0,0,0,1,203,155,0,0,0,0,0,0,0,0,0,0,1
2025-12-19 06:35:06,0,0,33.5,0,2,6,0.1,0,0,0,0,0,0,0,0,0,0,0,0,1,205,155,0,0,0,0,0,0,0,0,0,0,1
2025-12-19 06:36:06,0,0,33.69,0,2,0,0,0,0,0,0,0,0,0,0,0,0,0,0,1,205,155,0,0,0,0,0,0,0,0,0,0,1
2025-12-19 06:37:06,0,0,33.75,0,2,0,0,0,0,0,0,0,0,0,0,0,0,0,0,1,205,155,0,0,0,0,0,0,0,0,0,0,1
2025-12-19 06:38:06,0,0,33.94,0,2,779,12.9833,16,0.266667,54,0.9,0,0,0,0,0,0,0,0,1,194,150,0,0,0,0,0,0,0,0,0,0,1
2025-12-19 06:39:06,0,0,33.94,0,16,0,0,0,0,0,0,0,0,0,0,0,0,0,0,1,192,147,0,0,0,0,0,0,0,0,0,0,1
2025-12-19 06:40:06,0,0,33.81,0,16,0,0,0,0,0,0,0,0,0,0,0,0,0,0,1,192,146,0,0,0,0,0,0,0,0,0,0,1
2025-12-19 06:41:06,0,0,33.75,0,16,0,0,0,0,0,0,0,0,0,0,0,0,0,0,1,192,147,0,0,0,0,0,0,0,0,0,0,1
2025-12-19 06:42:06,0,1,33.62,0,16,2076,34.6,61,1.01667,147,2.45,0,0,0,0,0,0,0,0,2,208,159,0,0,0,0,0,0,0,0,0,0,1
2025-12-19 06:43:06,0,0,33.25,0,16,882,14.7,23,0.383333,67,1.11667,0,0,0,0,0,0,0,0,2,164,131,0,0,0,0,0,0,0,0,0,0,1
2025-12-19 06:44:06,0,0,32.81,0,1,0,0,0,0,0,0,0,0,0,0,0,0,0,0,1,158,128,0,0,0,0,0,0,0,0,0,0,1
2025-12-19 06:45:06,0,0,32.44,0,2,520,8.66667,10,0.166667,45,0.75,0,0,0,0,0,0,0,0,2,161,130,0,0,0,0,0,0,0,0,0,0,1
2025-12-19 06:46:06,0,0,32.12,0,4,1586,26.4333,24,0.4,105,1.75,0,0,0,0,0,0,0,0,2,145,112,0,0,0,0,0,0,0,0,0,0,1
2025-12-19 06:47:06,0,0,31.81,0,2,3077,51.2833,82,1.36667,166,2.76667,0,0,0,0,0,0,0,0,2,153,116,0,0,0,0,0,0,0,0,0,0,1
2025-12-19 06:48:06,0,0,31.44,0,16,12,0.2,0,0,0,0,0,0,0,0,0,0,0,0,2,147,108,0,0,0,0,0,0,0,0,0,0,1
2025-12-19 06:49:06,0,0,31.12,0,16,867,14.45,14,0.233333,54,0.9,0,0,0,0,0,0,0,0,2,149,114,0,0,0,0,0,0,0,0,0,0,1
2025-12-19 06:50:06,0,0,30.81,0,2,2239,37.3167,31,0.516667,180,3,0,0,0,0,0,0,0,0,2,210,161,0,0,0,0,0,0,0,0,0,0,1
2025-12-19 06:51:06,0,0,30.31,0,1,1879,31.3167,17,0.283333,146,2.43333,0,0,0,0,0,0,0,0,2,147,118,0,0,0,0,0,0,0,0,0,0,1
2025-12-19 06:52:06,0,0,29.88,0,1,1011,16.85,10,0.166667,54,0.9,132.54,0,0,0,0,0,0,0,1,152,133,0.0016,0.0038,0.0049,0.0107,0.0203,0.0331,0.036,0.0211,56.36,0.05,1
2025-12-19 06:53:06,0,0,29.5,0,1,589,9.81667,0,0,39,0.65,88.89,0,0,0,0,0,0,0,12,175,151,0.0011,0.0025,0.0031,0.0071,0.0136,0.0223,0.0241,0.0142,36.53,0.04,0
2025-12-19 06:54:06,0,0,29.19,0,1,117,1.95,3,0.05,4,0.0666667,16.57,0,0,0,0,0,0,0,0,209,166,2e-04,4e-04,5e-04,0.0013,0.0025,0.0043,0.0048,0.003,5.74,0.01,0
2025-12-19 06:55:06,0,0,29.31,0,1,5657,94.2833,171,2.85,360,6,22.33,0,0,0,0,0,0,0,0,199,155,2e-04,6e-04,7e-04,0.0017,0.0034,0.0057,0.0063,0.0039,8.33,0.01,0
2025-12-19 06:56:06,0,0,29.81,0,8,4186,69.7667,133,2.21667,245,4.08333,18.55,0,0,0,0,0,0,0,0,196,156,2e-04,5e-04,6e-04,0.0014,0.0028,0.0047,0.0052,0.0032,7.29,0.01,0
2025-12-19 06:57:06,0,0,29.81,0,1,15971,266.183,548,9.13333,688,11.4667,95.21,0,0,0,0,0,0,0,0,198,155,0.0012,0.0027,0.0036,0.0078,0.0146,0.0237,0.0252,0.0147,41,0.04,0
2025-12-19 06:58:06,0,0,29.88,0,1,9604,160.067,363,6.05,467,7.78333,0.01,0,0,0,0,0,0,0,0,199,148,0,0,0,0,0,0,0,0,0,0,0
2025-12-19 06:59:06,0,0,29.5,0,8,10336,172.267,351,5.85,483,8.05,13.06,0,0,0,0,0,0,0,0,154,120,2e-04,5e-04,5e-04,0.0012,0.0021,0.0031,0.0033,0.0022,5.96,0.01,0
2025-12-19 07:00:06,0,0,29.06,0,2,10577,176.283,385,6.41667,542,9.03333,77.56,0,0,0,0,0,0,0,0,174,143,0.0011,0.0034,0.0032,0.0072,0.0123,0.0177,0.0187,0.012,40.48,0.03,0
2025-12-19 07:01:06,0,0,28.75,0,4,18422,307.033,669,11.15,704,11.7333,44.27,0,0,0,0,0,0,0,0,176,152,6e-04,0.0018,0.0017,0.0038,0.0071,0.0102,0.0107,0.0068,21.57,0.02,0
2025-12-19 07:02:06,0,0,28.94,0,8,7166,119.433,191,3.18333,433,7.21667,55.76,0,0,0,0,0,0,0,0,192,149,7e-04,0.0019,0.0021,0.0048,0.0089,0.0131,0.0137,0.0085,25.76,0.02,0
2025-12-19 07:03:06,0,0,28.81,0,1,7800,130,196,3.26667,489,8.15,10.9,0,0,0,0,0,0,0,0,161,132,1e-04,3e-04,4e-04,9e-04,0.0017,0.0027,0.0029,0.0019,4.24,0,0
2025-12-19 07:04:06,0,0,28.62,0,8,10453,174.217,343,5.71667,564,9.4,12.45,0,0,0,0,0,0,0,0,198,159,1e-04,3e-04,4e-04,0.001,0.002,0.0031,0.0033,0.0021,4.84,0.01,0
2025-12-19 07:05:06,0,0,28.31,0,1,9115,151.917,277,4.61667,517,8.61667,34.9,0,0,0,0,0,0,0,0,177,135,4e-04,0.0011,0.0014,0.0029,0.0055,0.0083,0.0086,0.0054,15.88,0.01,0
2025-12-19 07:06:06,0,0,28.25,0,1,7362,122.7,168,2.8,441,7.35,0.4,0,0,0,0,0,0,0,0,178,158,0,0,0,0,1e-04,1e-04,1e-04,0,0,0,0
2025-12-19 07:07:06,0,0,27.81,0,1,4817,80.2833,54,0.9,372,6.2,0,0,0,0,0,0,0,0,0,172,140,0,0,0,0,0,0,0,0,0,0,0
2025-12-19 07:08:06,0,0,27.25,0,1,4104,68.4,54,0.9,303,5.05,0,0,0,0,0,0,0,0,0,179,144,0,0,0,0,0,0,0,0,0,0,0
2025-12-19 07:09:06,0,0,27.06,0,1,10259,170.983,386,6.43333,492,8.2,0,0,0,0,0,0,0,0,0,194,150,0,0,0,0,0,0,0,0,0,0,0
2025-12-19 07:10:06,0,0,26.81,0,1,5065,84.4167,95,1.58333,388,6.46667,0,0,0,0,0,0,0,0,0,195,156,0,0,0,0,0,0,0,0,0,0,0
2025-12-19 07:11:06,0,0,26.75,0,1,4054,67.5667,55,0.916667,274,4.56667,0,0,0,0,0,0,0,0,0,165,129,0,0,0,0,0,0,0,0,0,0,0
2025-12-19 07:12:06,0,0,26.88,0,1,4952,82.5333,91,1.51667,346,5.76667,0,0,0,0,0,0,0,0,0,172,132,0,0,0,0,0,0,0,0,0,0,0
2025-12-19 07:13:06,0,0,26.94,0,1,9283,154.717,285,4.75,499,8.31667,0.07,0,0,0,0,0,0,0,0,176,138,0,0,0,0,0,0,0,0,0,0,0
2025-12-19 07:14:06,0,0,26.38,0,1,9581,159.683,281,4.68333,425,7.08333,0,0,0,0,0,0,0,0,0,154,131,0,0,0,0,0,0,0,0,0,0,0
2025-12-19 07:15:06,0,0,25.94,0,1,11204,186.733,356,5.93333,569,9.48333,0,0,0,0,0,0,0,0,0,192,150,0,0,0,0,0,0,0,0,0,0,0
2025-12-19 07:16:06,0,0,25.94,0,8,9521,158.683,286,4.76667,488,8.13333,23.73,0,0,0,0,0,0,0,0,171,135,3e-04,8e-04,9e-04,0.0021,0.0037,0.0057,0.0061,0.0041,10.75,0.01,0
2025-12-19 07:17:06,0,0,26,0,16,9287,154.783,300,5,535,8.91667,25.58,0,0,0,0,0,0,0,0,176,138,3e-04,8e-04,9e-04,0.0021,0.004,0.0063,0.0068,0.0046,10.72,0.01,0
2025-12-19 07:18:06,0,0,26.12,0,16,9766,162.767,312,5.2,478,7.96667,12.52,0,0,0,0,0,0,0,0,164,145,1e-04,3e-04,3e-04,7e-04,0.002,0.0032,0.0034,0.0021,3.63,0,0
2025-12-19 07:19:06,0,0,26.19,0,1,12509,208.483,426,7.1,578,9.63333,46.72,0,0,0,0,0,0,0,0,153,139,6e-04,0.0013,0.0016,0.0037,0.0073,0.0116,0.0125,0.0075,18.95,0.02,0
2025-12-19 07:20:06,0,0,26.94,0,16,7597,126.617,201,3.35,450,7.5,90.34,0,0,0,0,0,0,0,0,133,99,0.0011,0.0024,0.0031,0.007,0.0139,0.0227,0.0243,0.0144,36.03,0.04,0
2025-12-19 07:21:06,0,0,26.94,0,2,18264,304.4,685,11.4167,560,9.33333,33.26,0,0,0,0,0,0,0,0,132,98,4e-04,9e-04,0.0011,0.0026,0.0051,0.0085,0.0092,0.0059,12.67,0.01,0
2025-12-19 07:22:06,0,0,27.94,0,16,26044,434.067,949,15.8167,669,11.15,31.62,0,0,0,0,0,0,0,0,132,98,4e-04,8e-04,0.001,0.0024,0.0049,0.0081,0.0088,0.0057,11.49,0.01,0
2025-12-19 07:23:06,0,0,28.25,0,8,13983,233.05,401,6.68333,464,7.73333,82,0,0,0,0,0,0,0,0,132,97,7e-04,0.0017,0.0022,0.0048,0.0131,0.0214,0.023,0.014,24.81,0.03,0
2025-12-19 07:24:06,0,0,25.06,0,16,18880,314.667,599,9.98333,570,9.5,96.33,0,0,0,0,0,0,0,0,163,115,0.001,0.0024,0.0031,0.0066,0.0151,0.0247,0.0266,0.016,34.52,0.04,0
2025-12-19 07:25:06,0,0,23.56,0,16,0,0,0,0,0,0,61,0,0,0,0,0,0,0,0,163,114,7e-04,0.0017,0.0022,0.0048,0.0094,0.0153,0.0165,0.0101,25.15,0.03,0
2025-12-19 07:26:06,0,0,22.94,0,16,0,0,0,0,0,0,60.68,0,0,0,0,0,0,0,0,163,114,7e-04,0.0017,0.0022,0.0048,0.0093,0.0153,0.0164,0.0101,25.11,0.03,0
2025-12-19 07:27:06,0,0,22.5,0,16,0,0,0,0,0,0,60.33,0,0,0,0,0,0,0,0,162,114,7e-04,0.0017,0.0022,0.0048,0.0093,0.0152,0.0163,0.0099,25.08,0.02,0
2025-12-19 07:28:06,0,0,24.75,0,16,8478,141.3,279,4.65,473,7.88333,44.02,0,0,0,0,0,0,0,0,184,134,6e-04,0.0015,0.0019,0.0041,0.0067,0.0107,0.0115,0.007,21.84,0.02,0
2025-12-19 07:29:06,0,0,25.44,0,2,11721,195.35,396,6.6,518,8.63333,57.94,0,0,0,0,0,0,0,0,191,135,7e-04,0.0016,0.0021,0.0046,0.0089,0.0146,0.0154,0.0092,23.7,0.02,0
2025-12-19 07:30:06,0,0,25.56,0,16,10356,172.6,370,6.16667,394,6.56667,103.12,0,0,0,0,0,0,0,0,154,107,0.0013,0.004,0.0042,0.0089,0.0164,0.0242,0.0253,0.0159,50.3,0.04,0
2025-12-19 07:31:06,0,0,25.56,0,2,2695,44.9167,61,1.01667,178,2.96667,27.84,0,0,0,0,0,0,0,0,170,128,3e-04,0.0011,0.0011,0.0023,0.0045,0.0065,0.0069,0.0044,13.03,0.01,0
2025-12-19 07:32:06,0,0,25.44,0,2,0,0,0,0,0,0,0,0,0,0,0,0,0,0,0,163,124,0,0,0,0,0,0,0,0,0,0,0
2025-12-19 07:33:06,0,0,25.62,0,2,139,2.31667,0,0,11,0.183333,0,0,0,0,0,0,0,0,0,153,115,0,0,0,0,0,0,0,0,0,0,0
2025-12-19 07:34:06,0,0,25.81,0,2,12,0.2,0,0,0,0,0,0,0,0,0,0,0,0,0,150,117,0,0,0,0,0,0,0,0,0,0,0
2025-12-19 07:35:06,0,0,26.31,0,2,1007,16.7833,27,0.45,66,1.1,0,0,0,0,0,0,0,0,0,141,106,0,0,0,0,0,0,0,0,0,0,0
2025-12-19 07:36:06,0,0,26.75,0,16,100,1.66667,0,0,6,0.1,0,0,0,0,0,0,0,0,0,140,103,0,0,0,0,0,0,0,0,0,0,0
2025-12-19 07:37:06,0,0,27.19,0,16,19,0.316667,0,0,1,0.0166667,0,0,0,0,0,0,0,0,0,140,103,0,0,0,0,0,0,0,0,0,0,0
2025-12-19 07:38:06,0,0,27.56,0,16,568,9.46667,5,0.0833333,45,0.75,0,0,0,0,0,0,0,0,0,143,104,0,0,0,0,0,0,0,0,0,0,0
2025-12-19 07:39:06,0,0,27.69,0,16,208,3.46667,5,0.0833333,9,0.15,0,0,0,0,0,0,0,0,0,142,102,0,0,0,0,0,0,0,0,0,0,0
2025-12-19 07:40:06,0,0,27.81,0,16,455,7.58333,9,0.15,32,0.533333,0,0,0,0,0,0,0,0,0,142,108,0,0,0,0,0,0,0,0,0,0,0
2025-12-19 07:41:06,0,0,27.94,0,16,13,0.216667,0,0,1,0.0166667,0,0,0,0,0,0,0,0,0,141,105,0,0,0,0,0,0,0,0,0,0,0
2025-12-19 07:42:06,0,0,28.44,0,8,548,9.13333,18,0.3,32,0.533333,0,0,0,0,0,0,0,0,0,166,116,0,0,0,0,0,0,0,0,0,0,0
2025-12-19 07:43:06,0,0,28.69,0,8,17,0.283333,0,0,0,0,0,0,0,0,0,0,0,0,0,158,112,0,0,0,0,0,0,0,0,0,0,0
2025-12-19 07:44:06,0,0,28.94,0,8,25,0.416667,0,0,2,0.0333333,0,0,0,0,0,0,0,0,0,156,108,0,0,0,0,0,0,0,0,0,0,0
2025-12-19 07:45:06,0,0,29.12,0,8,5,0.0833333,0,0,0,0,0,0,0,0,0,0,0,0,0,153,106,0,0,0,0,0,0,0,0,0,0,0
2025-12-19 07:46:06,0,0,29.12,0,4,6685,111.417,220,3.66667,321,5.35,0,0,0,0,0,0,0,0,0,148,105,0,0,0,0,0,0,0,0,0,0,0
2025-12-19 07:47:06,0,0,29,0,4,12239,203.983,412,6.86667,592,9.86667,13.18,0,0,0,0,0,0,0,0,209,164,2e-04,5e-04,5e-04,0.0011,0.0021,0.0031,0.0032,0.0021,6.08,0.01,0
2025-12-19 07:48:06,0,0,29.19,0,16,6377,106.283,144,2.4,417,6.95,0,0,0,0,0,0,0,0,0,205,148,0,0,0,0,0,0,0,0,0,0,0
2025-12-19 07:49:06,0,0,29.31,0,4,10102,168.367,300,5,572,9.53333,0,0,0,0,0,0,0,0,0,170,112,0,0,0,0,0,0,0,0,0,0,0
2025-12-19 07:50:06,0,0,29.38,0,2,10421,173.683,325,5.41667,579,9.65,0,0,0,0,0,0,0,0,0,223,157,0,0,0,0,0,0,0,0,0,0,0
2025-12-19 07:51:06,0,0,29.5,0,4,10814,180.233,348,5.8,538,8.96667,0.37,0,0,0,0,0,0,0,0,182,140,0,0,0,1e-04,1e-04,1e-04,1e-04,3e-04,0.16,0,0
2025-12-19 07:52:06,0,0,29.38,0,2,10619,176.983,357,5.95,536,8.93333,0.17,0,0,0,0,0,0,0,0,198,164,0,0,0,1e-04,1e-04,1e-04,1e-04,3e-04,0,0,0
2025-12-19 07:53:06,0,0,29.31,0,16,4722,78.7,94,1.56667,337,5.61667,0,0,0,0,0,0,0,0,0,187,143,0,0,0,0,0,0,0,0,0,0,0
2025-12-19 07:54:06,0,0,29.25,0,16,2749,45.8167,58,0.966667,230,3.83333,0,0,0,0,0,0,0,0,0,188,144,0,0,0,0,0,0,0,0,0,0,0
2025-12-19 07:55:06,0,0,28.94,0,16,2611,43.5167,47,0.783333,180,3,0,0,0,0,0,0,0,0,0,208,169,0,0,0,0,0,0,0,0,0,0,0
2025-12-19 07:56:06,0,0,29,0,16,2563,42.7167,21,0.35,257,4.28333,0,0,0,0,0,0,0,0,0,183,147,0,0,0,0,0,0,0,0,0,0,0
2025-12-19 07:57:06,0,0,28.88,0,16,1274,21.2333,1,0.0166667,137,2.28333,0,0,0,0,0,0,0,0,0,187,142,0,0,0,0,0,0,0,0,0,0,0
2025-12-19 07:58:06,0,0,28.81,0,16,1304,21.7333,2,0.0333333,123,2.05,0,0,0,0,0,0,0,0,0,174,128,0,0,0,0,0,0,0,0,0,0,0
2025-12-19 07:59:06,0,0,28.75,0,16,1120,18.6667,13,0.216667,78,1.3,0,0,0,0,0,0,0,0,0,201,146,0,0,0,0,0,0,0,0,0,0,0
2025-12-19 08:00:06,0,0,28.69,0,16,1676,27.9333,18,0.3,164,2.73333,0,0,0,0,0,0,0,0,0,171,128,0,0,0,0,0,0,0,0,0,0,0
2025-12-19 08:01:06,0,0,28.62,0,16,33,0.55,0,0,0,0,0,0,0,0,0,0,0,0,0,167,124,0,0,0,0,0,0,0,0,0,0,0
2025-12-19 08:02:06,0,0,28.56,0,16,17,0.283333,0,0,0,0,0,0,0,0,0,0,0,0,0,165,124,0,0,0,0,0,0,0,0,0,0,0
2025-12-19 08:03:06,0,0,28.44,0,16,1117,18.6167,1,0.0166667,138,2.3,0,0,0,0,0,0,0,0,0,161,120,0,0,0,0,0,0,0,0,0,0,0
2025-12-19 08:04:06,0,0,28.25,0,16,5327,88.7833,47,0.783333,617,10.2833,0,0,0,0,0,0,0,0,0,164,128,0,0,0,0,0,0,0,0,0,0,0
2025-12-19 08:05:06,0,0,28.12,0,16,5120,85.3333,131,2.18333,315,5.25,0,0,0,0,0,0,0,0,0,177,135,0,0,0,0,0,0,0,0,0,0,0
2025-12-19 08:06:06,0,0,28.19,0,1,12498,208.3,505,8.41667,477,7.95,0,0,0,0,0,0,0,0,0,225,163,0,0,0,0,0,0,0,0,0,0,0
2025-12-19 08:07:06,0,0,28.12,0,2,7372,122.867,164,2.73333,414,6.9,0,0,0,0,0,0,0,0,0,197,151,0,0,0,0,0,0,0,1e-04,0,0,0
2025-12-19 08:08:06,0,0,28.25,0,2,6827,113.783,172,2.86667,394,6.56667,0,0,0,0,0,0,0,0,0,195,161,1e-04,1e-04,0,1e-04,1e-04,1e-04,1e-04,2e-04,0,0,0
2025-12-19 08:09:06,0,0,28.31,0,4,1975,32.9167,16,0.266667,130,2.16667,0,0,0,0,0,0,0,0,0,190,154,0,0,0,0,0,0,0,0,0,0,0
2025-12-19 08:10:06,0,0,28.31,0,4,4862,81.0333,54,0.9,294,4.9,0,0,0,0,0,0,0,0,0,187,161,0,0,0,0,0,0,0,0,0,0,0
2025-12-19 08:11:06,0,0,28.44,0,4,10235,170.583,330,5.5,491,8.18333,0,0,0,0,0,0,0,0,0,168,128,0,0,0,0,0,0,0,0,0,0,0
2025-12-19 08:12:06,0,0,28.56,0,16,9506,158.433,322,5.36667,467,7.78333,0,0,0,0,0,0,0,0,0,219,160,0,0,0,0,0,0,0,0,0,0,0
2025-12-19 08:13:06,0,0,28.69,0,4,12451,207.517,493,8.21667,545,9.08333,0,0,0,0,0,0.01,0,0,0,208,156,2e-04,2e-04,1e-04,2e-04,1e-04,2e-04,2e-04,2e-04,0,0,0
2025-12-19 08:14:06,0,0,28.69,0,4,7012,116.867,208,3.46667,419,6.98333,0,0,0,0,0,0,0,0,0,184,156,1e-04,1e-04,1e-04,1e-04,1e-04,1e-04,1e-04,1e-04,0,0,0
2025-12-19 08:15:06,0,0,28.75,0,2,4817,80.2833,53,0.883333,512,8.53333,0,0,0,0,0,0,0,0,0,186,148,0,0,0,0,0,0,0,0,0,0,0
2025-12-19 08:16:06,0,0,28.56,0,2,4257,70.95,66,1.1,373,6.21667,0,0,0,0,0,0,0,0,0,171,151,0,0,0,0,0,0,0,0,0,0,0
2025-12-19 08:17:06,0,0,28.38,0,4,2387,39.7833,11,0.183333,245,4.08333,0,0,0,0,0,0,0,0,0,152,134,0,0,0,0,0,0,0,0,0,0,0
2025-12-19 08:18:06,0,0,28.19,0,4,1830,30.5,40,0.666667,111,1.85,0,0,0,0,0,0,0,0,0,187,142,0,0,0,0,0,0,0,0,0,0,0
2025-12-19 08:19:06,0,0,28.31,0,2,2169,36.15,40,0.666667,148,2.46667,0,0,0,0,0,0,0,0,0,172,132,0,0,0,0,0,0,0,0,0,0,0
2025-12-19 08:20:06,0,0,28.44,0,2,1479,24.65,9,0.15,124,2.06667,0,0,0,0,0,0,0,0,0,192,166,0,0,0,0,0,0,0,0,0,0,0
2025-12-19 08:21:06,0,0,28.5,0,2,1522,25.3667,32,0.533333,80,1.33333,0,0,0,0,0,0,0,0,0,167,144,0,0,0,0,0,0,0,0,0,0,0
2025-12-19 08:22:06,0,0,28.81,0,16,836,13.9333,0,0,71,1.18333,0,0,0,0,0,0,0,0,0,158,121,0,0,0,0,0,0,0,0,0,0,0
2025-12-19 08:23:06,0,0,28.88,0,2,949,15.8167,2,0.0333333,76,1.26667,0,0,0,0,0,0,0,0,0,181,152,0,0,0,0,0,0,0,0,0,0,0
2025-12-19 08:24:06,0,0,29.19,0,2,1607,26.7833,10,0.166667,124,2.06667,0,0,0,0,0,0,0,0,0,202,150,0,0,0,0,0,0,0,0,0,0,0
2025-12-19 08:25:06,0,0,29.38,0,2,6533,108.883,217,3.61667,301,5.01667,126.51,0,0,0,0,0.02,0,0,0,193,162,0.006,0.0119,0.017,0.0217,0.0192,0.0186,0.0226,0.0291,161.69,0.08,0
2025-12-19 08:26:06,0,0,29.31,0,2,11965,199.417,395,6.58333,649,10.8167,35.05,0,0,0,0,0.02,0,0,0,205,156,0.0017,0.0031,0.0039,0.0051,0.0062,0.0067,0.0084,0.0116,31.75,0.03,0
2025-12-19 08:27:06,0,0,29.19,0,2,8390,139.833,263,4.38333,485,8.08333,0,0,0,0,0,0,0,0,0,185,148,0,0,0,1e-04,0,1e-04,0,1e-04,0,0,0
2025-12-19 08:28:06,0,0,29.19,0,2,9900,165,353,5.88333,487,8.11667,45.41,0,0,0,0,0.04,0,0,0,193,151,0.0025,0.004,0.0048,0.0066,0.0089,0.0097,0.0121,0.0178,32.92,0.05,0
2025-12-19 08:29:06,0,0,28.19,0,2,5828,97.1333,88,1.46667,395,6.58333,696.14,0,0,0,0,0.28,0,0,0,190,140,0.0385,0.0684,0.0879,0.1103,0.1156,0.1211,0.1548,0.2155,772.28,0.59,0
2025-12-19 08:30:06,0,0,27.38,0,2,8401,140.017,270,4.5,485,8.08333,117.51,0,0,0,0,0.06,0,0,0,179,137,0.0057,0.01,0.0127,0.0162,0.0213,0.0224,0.0285,0.04,102.1,0.11,0
2025-12-19 08:31:06,0,0,26.88,0,2,10989,183.15,380,6.33333,482,8.03333,0,0,0,0,0,0.02,0,0,0,186,143,4e-04,5e-04,4e-04,5e-04,4e-04,6e-04,4e-04,5e-04,0,0.01,0
2025-12-19 08:32:06,0,0,26.69,0,2,5552,92.5333,70,1.16667,356,5.93333,0,0,0,0,0,0.01,0,0,0,169,129,2e-04,3e-04,3e-04,3e-04,2e-04,3e-04,3e-04,3e-04,0,0.01,0
2025-12-19 08:33:06,0,0,26.38,0,2,13990,233.167,492,8.2,577,9.61667,19.61,0,0,0,0,0,0,0,0,212,167,3e-04,8e-04,8e-04,0.0017,0.0031,0.0046,0.0049,0.0032,9.37,0.01,0
2025-12-19 08:34:06,0,0,26.19,0,4,8167,136.117,230,3.83333,485,8.08333,15.59,0,0,0,0,0,0,0,0,216,172,2e-04,4e-04,4e-04,0.0011,0.0025,0.004,0.0044,0.0029,4.99,0.01,0
2025-12-19 08:35:06,0,0,26.19,0,2,10829,180.483,385,6.41667,554,9.23333,13.5,0,0,0,0,0,0,0,0,216,160,2e-04,6e-04,7e-04,0.0013,0.0022,0.0032,0.0036,0.0029,6.85,0.01,0
2025-12-19 08:36:06,0,0,26.25,0,2,7780,129.667,222,3.7,556,9.26667,14.56,0,0,0,0,0,0,0,0,192,153,6e-04,0.0011,0.0016,0.0021,0.0024,0.0026,0.0031,0.0037,14.49,0.01,0
2025-12-19 08:37:06,0,0,26.19,0,2,9208,153.467,279,4.65,597,9.95,12.45,0,0,0,0,0,0,0,0,211,155,4e-04,9e-04,0.0012,0.0017,0.002,0.0023,0.0028,0.0031,11.26,0.01,0
2025-12-19 08:38:06,0,0,26.25,0,2,6457,107.617,160,2.66667,456,7.6,43.38,0,0,0,0,0.01,0,0,0,201,164,0.0013,0.0052,0.0041,0.006,0.007,0.0075,0.0075,0.0072,47.31,0.02,0
2025-12-19 08:39:06,0,0,26.19,0,2,7932,132.2,218,3.63333,577,9.61667,17.85,0,0,0,0,0,0,0,0,177,139,6e-04,0.0012,0.0017,0.0024,0.0029,0.0035,0.0041,0.0045,15.47,0.01,0
2025-12-19 08:40:06,0,0,26.31,0,4,4843,80.7167,105,1.75,311,5.18333,20.07,0,0,0,0,0,0,0,0,227,163,7e-04,0.0014,0.0019,0.0028,0.0032,0.0039,0.0045,0.0048,17.85,0.01,0
2025-12-19 08:41:06,0,0,26.5,0,2,5048,84.1333,105,1.75,369,6.15,53.03,0,0,0,0,0.01,0,0,0,192,128,0.001,0.0024,0.0033,0.0053,0.0085,0.012,0.013,0.0105,31.81,0.03,0
2025-12-19 08:42:06,0,0,27.06,0,16,3839,63.9833,40,0.666667,300,5,46.73,0,0,0,0,0.01,0,0,0,157,112,0.0017,0.0033,0.0046,0.0065,0.0075,0.0086,0.0102,0.0115,43.01,0.03,0
2025-12-19 08:43:06,0,0,27.5,0,2,5204,86.7333,88,1.46667,402,6.7,60.13,0,0,0,0,0.01,0,0,0,148,114,0.002,0.0041,0.0057,0.0079,0.0098,0.0113,0.0132,0.0145,52.86,0.04,0
2025-12-19 08:44:06,0,0,28,0,2,5412,90.2,67,1.11667,416,6.93333,20.88,0,0,0,0,0.01,0,0,0,149,107,8e-04,0.0016,0.0022,0.003,0.0035,0.0039,0.0048,0.0057,19.16,0.02,0
2025-12-19 08:45:06,0,0,28.5,0,2,5294,88.2333,122,2.03333,389,6.48333,29.69,0,0,0,0,0.01,0,0,0,164,115,0.0013,0.0025,0.0034,0.0046,0.0049,0.0052,0.0063,0.008,30.66,0.02,0
2025-12-19 08:46:06,0,0,28.25,0,2,8884,148.067,264,4.4,496,8.26667,30.84,0,0,0,0,0.01,0,0,0,227,164,9e-04,0.0018,0.0025,0.0037,0.0051,0.0063,0.0073,0.0077,22.81,0.02,0
2025-12-19 08:47:06,0,0,28.38,0,4,5758,95.9667,116,1.93333,396,6.6,34.17,0,0,0,0,0.01,0,0,0,217,160,0.0012,0.0023,0.0031,0.0043,0.0058,0.0064,0.0076,0.0089,28.03,0.02,0
2025-12-19 08:48:06,0,0,28.62,0,2,7027,117.117,175,2.91667,412,6.86667,43.18,0,0,0,0,0.01,0,0,0,193,147,0.0018,0.0034,0.0047,0.0064,0.0071,0.0074,0.009,0.0115,43.16,0.03,0
2025-12-19 08:49:06,0,0,28.56,0,2,9773,162.883,284,4.73333,515,8.58333,6.07,0,0,0,0,0,0,0,0,191,148,1e-04,2e-04,2e-04,5e-04,0.001,0.0015,0.0017,0.0013,2.47,0,0
2025-12-19 08:50:06,0,0,28.69,0,2,6296,104.933,159,2.65,437,7.28333,1.64,0,0,0,0,0,0,0,0,158,111,1e-04,1e-04,2e-04,2e-04,3e-04,3e-04,4e-04,6e-04,1.32,0,0
2025-12-19 08:51:06,0,0,28.69,0,2,5348,89.1333,89,1.48333,415,6.91667,30.9,0,0,0,0,0.01,0,0,0,147,118,0.0014,0.0027,0.0037,0.0051,0.0049,0.0051,0.0062,0.008,34.77,0.02,0
2025-12-19 08:52:06,0,0,28.88,0,2,5089,84.8167,80,1.33333,401,6.68333,9,0,0,0,0,0,0,0,0,156,118,4e-04,7e-04,0.001,0.0014,0.0015,0.0017,0.0022,0.003,7.98,0.01,0
2025-12-19 08:53:06,0,0,28.81,0,2,8910,148.5,268,4.46667,473,7.88333,13.32,0,0,0,0,0,0,0,0,213,163,2e-04,5e-04,7e-04,0.0015,0.0021,0.0031,0.0035,0.0027,7.18,0.01,0
2025-12-19 08:54:06,0,0,28.75,0,2,4550,75.8333,58,0.966667,335,5.58333,64.52,0,0,0,0,0.02,0,0,0,216,157,0.0026,0.005,0.007,0.0095,0.0107,0.0111,0.0135,0.0172,63.51,0.05,0
2025-12-19 08:55:06,0,0,28.88,0,2,6813,113.55,174,2.9,445,7.41667,50.27,0,0,0,0,0.01,0,0,0,179,146,0.0021,0.0039,0.0054,0.0074,0.0083,0.0087,0.0107,0.0137,49.36,0.04,0
2025-12-19 08:56:06,0,0,28.94,0,2,8168,136.133,206,3.43333,533,8.88333,48.04,0,0,0,0,0.01,0,0,0,218,157,0.0021,0.0039,0.0053,0.0072,0.008,0.0084,0.0103,0.0134,47.97,0.04,0
2025-12-19 08:57:06,0,0,28.75,0,2,7777,129.617,207,3.45,493,8.21667,18.84,0,0,0,0,0.01,0,0,0,158,104,8e-04,0.0015,0.002,0.0029,0.0033,0.0037,0.0048,0.0068,16.12,0.02,0
2025-12-19 08:58:06,0,0,28.81,0,2,3874,64.5667,96,1.6,245,4.08333,51.41,0,0,0,0,0.01,0,0,0,141,110,0.0022,0.0042,0.0057,0.0077,0.0085,0.009,0.0109,0.0141,51.32,0.04,0
2025-12-19 08:59:06,0,0,28.88,0,2,7069,117.817,210,3.5,387,6.45,33.67,0,0,0,0,0.01,0,0,0,151,124,0.0015,0.0028,0.0038,0.0051,0.0057,0.0061,0.0074,0.0097,32.99,0.03,0
2025-12-19 09:00:06,0,0,28.5,0,2,8148,135.8,249,4.15,478,7.96667,17.3,0,0,0,0,0.01,0,0,0,157,104,7e-04,0.0013,0.0017,0.0024,0.003,0.0033,0.0041,0.0056,14.4,0.01,0
2025-12-19 09:01:06,0,0,28.69,0,16,1091,18.1833,9,0.15,103,1.71667,10.33,0,0,0,0,0,0,0,0,154,103,3e-04,7e-04,9e-04,0.0015,0.0017,0.0018,0.0025,0.0027,8.88,0.01,0
2025-12-19 09:02:06,0,0,28.94,0,16,1196,19.9333,33,0.55,86,1.43333,7.92,0,0,0,0,0,0,0,0,149,100,3e-04,6e-04,7e-04,0.0011,0.0013,0.0013,0.0019,0.0019,6.68,0.01,0
2025-12-19 09:03:06,0,0,29.25,0,16,1443,24.05,23,0.383333,134,2.23333,9.69,0,0,0,0,0,0,0,0,151,102,3e-04,7e-04,8e-04,0.0014,0.0016,0.0015,0.0024,0.0022,8.32,0.01,0
2025-12-19 09:04:06,0,0,29.56,0,16,1591,26.5167,24,0.4,138,2.3,9.6,0,0,0,0,0,0,0,0,149,100,3e-04,7e-04,9e-04,0.0014,0.0016,0.0016,0.0024,0.0024,8.41,0.01,0
2025-12-19 09:05:06,0,0,29.25,0,4,13322,222.033,426,7.1,556,9.26667,5.29,0,0,0,0,0,0,0,0,173,135,2e-04,4e-04,5e-04,9e-04,0.001,0.0012,0.0014,0.002,3.86,0.01,0
2025-12-19 09:06:06,0,0,29.38,0,16,2613,43.55,42,0.7,244,4.06667,7.49,0,0,0,0,0,0,0,0,136,100,2e-04,6e-04,6e-04,0.0011,0.0013,0.0011,0.0019,0.0015,6.38,0,0
2025-12-19 09:07:06,0,0,29.44,0,16,1512,25.2,17,0.283333,125,2.08333,9.21,0,0,0,0,0,0,0,0,138,100,3e-04,6e-04,8e-04,0.0013,0.0015,0.0016,0.0022,0.0024,7.85,0.01,0
2025-12-19 09:08:06,0,0,29.62,0,16,1155,19.25,4,0.0666667,125,2.08333,8.53,0,0,0,0,0,0,0,0,156,100,3e-04,6e-04,8e-04,0.0012,0.0014,0.0015,0.0021,0.0023,7.15,0.01,0
2025-12-19 09:09:06,0,0,29.81,0,16,1490,24.8333,15,0.25,139,2.31667,4.96,0,0,0,0,0,0,0,0,156,100,1e-04,3e-04,4e-04,7e-04,8e-04,8e-04,0.0013,0.001,3.82,0,0
2025-12-19 09:10:06,0,0,30,0,16,1221,20.35,4,0.0666667,144,2.4,4.71,0,0,0,0,0,0,0,0,165,102,1e-04,3e-04,4e-04,7e-04,8e-04,8e-04,0.0012,0.0011,3.7,0,0
2025-12-19 09:11:06,0,0,30.12,0,16,895,14.9167,3,0.05,107,1.78333,5.33,0,0,0,0,0,0,0,0,174,106,1e-04,4e-04,5e-04,8e-04,9e-04,9e-04,0.0013,0.0013,4.35,0,0
2025-12-19 09:12:06,0,0,30.31,0,16,487,8.11667,0,0,56,0.933333,6.6,0,0,0,0,0,0,0,0,179,110,2e-04,5e-04,6e-04,0.001,0.0011,0.0011,0.0016,0.0016,5.6,0,0
2025-12-19 09:13:06,0,0,30.5,0,16,252,4.2,0,0,30,0.5,8.28,0,0,0,0,0,0,0,0,168,102,3e-04,6e-04,8e-04,0.0012,0.0014,0.0015,0.002,0.0022,7.03,0.01,0
2025-12-19 09:14:06,0,0,30.69,0,16,446,7.43333,0,0,47,0.783333,7.74,0,0,0,0,0,0,0,0,170,102,3e-04,5e-04,7e-04,0.0011,0.0013,0.0013,0.0018,0.002,6.75,0.01,0
2025-12-19 09:15:06,0,0,30.62,0,16,1228,20.4667,6,0.1,134,2.23333,8.01,0,0,0,0,0,0,0,0,166,102,3e-04,5e-04,7e-04,0.0011,0.0014,0.0014,0.0019,0.0021,6.67,0.01,0
2025-12-19 09:16:06,0,0,30.69,0,16,628,10.4667,1,0.0166667,71,1.18333,7.38,0,0,0,0,0,0,0,0,170,102,2e-04,5e-04,7e-04,0.0011,0.0013,0.0012,0.0018,0.0017,6.35,0.01,0
2025-12-19 09:17:06,0,0,30.69,0,16,649,10.8167,2,0.0333333,66,1.1,6.06,0,0,0,0,0,0,0,0,162,100,2e-04,4e-04,5e-04,9e-04,0.001,0.001,0.0014,0.0014,5.1,0,0
2025-12-19 09:18:06,0,0,30.75,0,16,638,10.6333,0,0,64,1.06667,7.52,0,0,0,0,0,0,0,0,166,102,2e-04,5e-04,7e-04,0.0011,0.0013,0.0013,0.0018,0.0018,6.6,0.01,0
2025-12-19 09:19:06,0,0,30.81,0,16,1635,27.25,11,0.183333,201,3.35,5.77,0,0,0,0,0,0,0,0,155,102,2e-04,4e-04,5e-04,9e-04,0.001,9e-04,0.0014,0.0013,4.9,0,0
2025-12-19 09:20:06,0,0,30.81,0,16,2096,34.9333,30,0.5,197,3.28333,4.47,0,0,0,0,0,0,0,0,156,101,1e-04,3e-04,4e-04,7e-04,8e-04,7e-04,0.0011,0.001,3.71,0,0
2025-12-19 09:21:06,0,0,30.81,0,16,1823,30.3833,5,0.0833333,238,3.96667,3.95,0,0,0,0,0,0,0,0,172,103,1e-04,3e-04,3e-04,6e-04,7e-04,6e-04,0.001,8e-04,3.12,0,0
2025-12-19 09:22:06,0,0,30.75,0,16,1840,30.6667,37,0.616667,144,2.4,3.8,0,0,0,0,0,0,0,0,156,101,1e-04,3e-04,3e-04,5e-04,7e-04,6e-04,0.001,7e-04,2.91,0,0
2025-12-19 09:23:06,0,0,30.81,0,16,1471,24.5167,23,0.383333,112,1.86667,2.91,0,0,0,0,0,0,0,0,196,102,1e-04,2e-04,2e-04,4e-04,5e-04,5e-04,7e-04,6e-04,2.2,0,0
2025-12-19 09:24:06,0,0,31,0,16,1540,25.6667,16,0.266667,170,2.83333,6.95,0,0,0,0,0,0,0,0,140,101,2e-04,5e-04,6e-04,0.001,0.0012,0.0011,0.0016,0.0015,6.39,0,0
2025-12-19 09:25:06,0,0,31.12,0,16,1833,30.55,25,0.416667,177,2.95,8.47,0,0,0,0,0,0,0,0,181,101,3e-04,7e-04,8e-04,0.0012,0.0014,0.0014,0.002,0.0018,7.69,0.01,0
2025-12-19 09:26:06,0,0,31.19,0,16,1450,24.1667,6,0.1,173,2.88333,6.5,0,0,0,0,0,0,0,0,164,102,2e-04,5e-04,6e-04,9e-04,0.0011,0.0011,0.0015,0.0014,5.76,0,0
2025-12-19 09:27:06,0,0,31.19,0,16,1025,17.0833,1,0.0166667,121,2.01667,6.45,0,0,0,0,0,0,0,0,153,104,2e-04,5e-04,6e-04,0.001,0.0011,0.0011,0.0015,0.0015,5.95,0,0
2025-12-19 09:28:06,0,0,31.31,0,16,1323,22.05,4,0.0666667,155,2.58333,6.08,0,0,0,0,0,0,0,0,189,106,2e-04,5e-04,6e-04,9e-04,0.001,0.001,0.0014,0.0014,5.4,0,0
2025-12-19 09:29:06,0,0,31.25,0,16,1568,26.1333,9,0.15,219,3.65,5.12,0,0,0,0,0,0,0,0,188,105,2e-04,4e-04,5e-04,7e-04,9e-04,9e-04,0.0012,0.0012,4.29,0,0
2025-12-19 09:30:06,0,0,31.31,0,16,844,14.0667,4,0.0666667,108,1.8,5.64,0,0,0,0,0,0,0,0,193,106,2e-04,4e-04,5e-04,8e-04,0.001,9e-04,0.0013,0.0013,4.83,0,0
2025-12-19 09:31:06,0,0,31.38,0,16,747,12.45,1,0.0166667,93,1.55,6.74,0,0,0,0,0,0,0,0,198,105,2e-04,5e-04,6e-04,0.001,0.0011,0.0011,0.0015,0.0015,6.04,0,0
2025-12-19 09:32:06,0,0,31.56,0,16,738,12.3,2,0.0333333,69,1.15,5.74,0,0,0,0,0,0,0,0,192,108,2e-04,4e-04,5e-04,8e-04,0.001,9e-04,0.0013,0.0013,5.01,0,0
2025-12-19 09:33:06,0,0,31.44,0,16,1660,27.6667,21,0.35,182,3.03333,5.31,0,0,0,0,0,0,0,0,140,104,2e-04,4e-04,5e-04,8e-04,9e-04,8e-04,0.0013,0.0011,4.66,0,0
2025-12-19 09:34:06,0,0,31.38,0,16,726,12.1,2,0.0333333,76,1.26667,6.46,0,0,0,0,0,0,0,0,189,108,2e-04,5e-04,6e-04,0.001,0.0011,0.0011,0.0015,0.0014,5.74,0,0
2025-12-19 09:35:06,0,0,31.44,0,16,766,12.7667,0,0,83,1.38333,6.5,0,0,0,0,0,0,0,0,145,106,2e-04,5e-04,6e-04,0.001,0.0011,0.0011,0.0015,0.0014,5.94,0,0
2025-12-19 09:36:06,0,0,31.44,0,16,553,9.21667,0,0,72,1.2,8.45,0,0,0,0,0,0,0,0,175,113,2e-04,7e-04,7e-04,0.0013,0.0014,0.0013,0.0021,0.0016,7.79,0.01,0
2025-12-19 09:37:06,0,0,31.31,0,16,1411,23.5167,9,0.15,162,2.7,5.9,0,0,0,0,0,0,0,0,200,113,2e-04,4e-04,5e-04,9e-04,0.001,9e-04,0.0014,0.0013,5.14,0,0
2025-12-19 09:38:06,0,0,31.38,0,16,709,11.8167,4,0.0666667,80,1.33333,6.49,0,0,0,0,0,0,0,0,167,108,2e-04,5e-04,6e-04,9e-04,0.0011,0.0011,0.0015,0.0014,5.79,0,0
2025-12-19 09:39:06,0,0,31.5,0,16,707,11.7833,2,0.0333333,73,1.21667,7.35,0,0,0,0,0,0,0,0,178,109,2e-04,5e-04,7e-04,0.0011,0.0012,0.0012,0.0017,0.0017,6.54,0.01,0
2025-12-19 09:40:06,0,0,31.69,0,16,881,14.6833,1,0.0166667,116,1.93333,5.82,0,0,0,0,0,0,0,0,156,104,2e-04,4e-04,5e-04,8e-04,0.001,9e-04,0.0013,0.0013,5.11,0,0
2025-12-19 09:41:06,0,0,31.62,0,16,1572,26.2,6,0.1,201,3.35,4.33,0,0,0,0,0,0,0,0,209,114,1e-04,3e-04,4e-04,6e-04,8e-04,7e-04,0.001,9e-04,3.57,0,0
2025-12-19 09:42:06,0,0,31.5,0,16,751,12.5167,4,0.0666667,74,1.23333,4.78,0,0,0,0,0,0,0,0,200,113,1e-04,3e-04,4e-04,7e-04,8e-04,8e-04,0.0011,0.001,4.17,0,0
2025-12-19 09:43:06,0,0,31.31,0,16,1919,31.9833,46,0.766667,148,2.46667,6.65,0,0,0,0,0,0,0,0,186,123,2e-04,5e-04,6e-04,0.001,0.0011,0.0011,0.0015,0.0015,6.04,0,0
2025-12-19 09:44:06,0,0,31.44,0,16,1699,28.3167,20,0.333333,199,3.31667,5.28,0,0,0,0,0,0,0,0,172,113,1e-04,4e-04,5e-04,8e-04,9e-04,8e-04,0.0012,0.0011,4.69,0,0
2025-12-19 09:45:06,0,0,31.25,0,16,5051,84.1833,142,2.36667,314,5.23333,5.22,0,0,0,0,0,0,0,0,163,118,2e-04,4e-04,5e-04,7e-04,9e-04,9e-04,0.0012,0.0012,4.55,0,0
2025-12-19 09:46:06,0,0,31.31,0,16,840,14,2,0.0333333,89,1.48333,7.18,0,0,0,0,0,0,0,0,181,121,2e-04,6e-04,6e-04,0.001,0.0012,0.0012,0.0017,0.0015,6.37,0,0
2025-12-19 09:47:06,0,0,31.31,0,16,638,10.6333,0,0,79,1.31667,5.57,0,0,0,0,0,0,0,0,184,114,2e-04,4e-04,5e-04,8e-04,9e-04,9e-04,0.0013,0.0012,4.95,0,0
2025-12-19 09:48:06,0,0,31.38,0,16,1042,17.3667,2,0.0333333,127,2.11667,6.83,0,0,0,0,0,0,0,0,161,112,2e-04,5e-04,6e-04,0.001,0.0011,0.0011,0.0015,0.0015,6.1,0,0
2025-12-19 09:49:06,0,0,31.44,0,16,1933,32.2167,12,0.2,224,3.73333,5.5,0,0,0,0,0,0,0,0,186,116,2e-04,4e-04,5e-04,8e-04,0.001,9e-04,0.0013,0.0012,4.63,0,0
2025-12-19 09:50:06,0,0,31.44,0,16,1246,20.7667,2,0.0333333,154,2.56667,6.92,0,0,0,0,0,0,0,0,169,117,2e-04,5e-04,7e-04,0.001,0.0012,0.0011,0.0015,0.0016,6.33,0,0
2025-12-19 09:51:06,0,0,31.38,0,16,1354,22.5667,9,0.15,158,2.63333,6.49,0,0,0,0,0,0,0,0,161,128,2e-04,5e-04,6e-04,9e-04,0.0011,0.0011,0.0014,0.0015,6.01,0,0
2025-12-19 09:52:06,0,0,31.31,0,16,1760,29.3333,9,0.15,212,3.53333,4.96,0,0,0,0,0,0,0,0,158,115,1e-04,4e-04,5e-04,7e-04,8e-04,8e-04,0.0012,0.001,4.37,0,0
2025-12-19 09:53:06,0,0,31.31,0,16,1893,31.55,7,0.116667,217,3.61667,6.8,0,0,0,0,0,0,0,0,174,117,2e-04,5e-04,6e-04,0.001,0.0011,0.0011,0.0015,0.0015,6.2,0,0
2025-12-19 09:54:06,0,0,31.06,0,16,1320,22,14,0.233333,125,2.08333,6.97,0,0,0,0,0,0,0,0,200,147,2e-04,5e-04,7e-04,0.001,0.0012,0.0012,0.0015,0.0017,6.33,0,0
2025-12-19 09:55:06,0,0,31.12,0,16,620,10.3333,0,0,71,1.18333,6.59,0,0,0,0,0,0,0,0,177,132,2e-04,5e-04,6e-04,0.001,0.0011,0.0011,0.0014,0.0015,6.06,0,0
2025-12-19 09:56:06,0,0,31.12,0,16,1677,27.95,12,0.2,191,3.18333,7.22,0,0,0,0,0,0,0,0,193,131,2e-04,5e-04,7e-04,0.0011,0.0012,0.0012,0.0015,0.0016,6.63,0,0
2025-12-19 09:57:06,0,0,31.19,0,16,877,14.6167,0,0,106,1.76667,6.72,0,0,0,0,0,0,0,0,185,128,2e-04,5e-04,6e-04,0.001,0.0011,0.0011,0.0015,0.0016,6.09,0,0
2025-12-19 09:58:06,0,0,31.19,0,16,1754,29.2333,12,0.2,225,3.75,6.91,0,0,0,0,0,0,0,0,161,121,2e-04,5e-04,6e-04,0.001,0.0012,0.0012,0.0015,0.0016,6.12,0,0
2025-12-19 09:59:06,0,0,31.06,0,16,1259,20.9833,7,0.116667,156,2.6,7.32,0,0,0,0,0,0,0,0,211,145,3e-04,5e-04,7e-04,0.0011,0.0012,0.0012,0.0016,0.0017,6.9,0.01,0
2025-12-19 10:00:06,0,0,31.12,0,16,1095,18.25,5,0.0833333,139,2.31667,7.31,0,0,0,0,0,0,0,0,166,128,3e-04,5e-04,7e-04,0.0011,0.0012,0.0012,0.0016,0.0017,6.74,0.01,0
2025-12-19 10:01:06,0,0,31.25,0,16,1805,30.0833,11,0.183333,219,3.65,6.41,0,0,0,0,0,0,0,0,179,121,2e-04,5e-04,6e-04,9e-04,0.0011,0.0011,0.0014,0.0014,5.87,0,0
2025-12-19 10:02:06,0,0,31.12,0,16,2743,45.7167,34,0.566667,321,5.35,6.91,0,0,0,0,0,0,0,0,178,128,2e-04,5e-04,7e-04,0.001,0.0012,0.0012,0.0015,0.0016,6.11,0,0
2025-12-19 10:03:06,0,0,28.94,0,8,2275,37.9167,61,1.01667,186,3.1,2.76,0,0,0,0,0,0,0,0,251,190,0,2e-04,2e-04,4e-04,5e-04,4e-04,7e-04,5e-04,2.05,0,0
2025-12-19 10:04:06,0,0,26.62,0,8,0,0,0,0,0,0,1.79,0,0,0,0,0,0,0,0,250,189,0,1e-04,1e-04,3e-04,3e-04,2e-04,5e-04,3e-04,1.25,0,0
2025-12-19 10:05:06,0,0,25.31,0,8,0,0,0,0,0,0,1.66,0,0,0,0,0,0,0,0,249,187,0,1e-04,1e-04,3e-04,3e-04,2e-04,4e-04,2e-04,1.23,0,0
2025-12-19 10:06:06,0,0,24.44,0,8,0,0,0,0,0,0,2.39,0,0,0,0,0,0,0,0,248,187,0,2e-04,2e-04,4e-04,4e-04,4e-04,7e-04,6e-04,1.66,0,0
2025-12-19 10:07:06,0,0,23.69,0,8,0,0,0,0,0,0,1.29,0,0,0,0,0,0,0,0,248,187,0,1e-04,1e-04,2e-04,2e-04,2e-04,3e-04,3e-04,0.79,0,0
2025-12-19 10:08:06,0,0,23.06,0,8,0,0,0,0,0,0,1.44,0,0,0,0,0,0,0,0,247,187,0,1e-04,1e-04,3e-04,3e-04,2e-04,4e-04,4e-04,0.92,0,0
2025-12-19 10:09:06,0,0,22.56,0,8,0,0,0,0,0,0,1.53,0,0,0,0,0,0,0,0,247,186,0,1e-04,1e-04,3e-04,3e-04,2e-04,4e-04,3e-04,0.89,0,0
2025-12-19 10:10:06,0,0,22.12,0,8,0,0,0,0,0,0,1.62,0,0,0,0,0,0,0,0,247,186,0,1e-04,1e-04,3e-04,3e-04,2e-04,4e-04,3e-04,0.99,0,0
2025-12-19 10:11:06,0,0,21.69,0,8,0,0,0,0,0,0,1.63,0,0,0,0,0,0,0,0,247,187,0,1e-04,1e-04,3e-04,3e-04,2e-04,4e-04,3e-04,1.06,0,0
2025-12-19 10:12:06,0,0,21.38,0,8,0,0,0,0,0,0,1.89,0,0,0,0,0,0,0,0,247,186,0,1e-04,1e-04,3e-04,4e-04,3e-04,5e-04,3e-04,1.34,0,0
2025-12-19 10:13:06,0,0,21.06,0,8,0,0,0,0,0,0,1.58,0,0,0,0,0,0,0,0,247,186,0,1e-04,1e-04,2e-04,3e-04,2e-04,4e-04,3e-04,0.91,0,0
2025-12-19 10:14:06,0,0,20.81,0,8,0,0,0,0,0,0,1.51,0,0,0,0,0,0,0,0,247,186,0,1e-04,1e-04,3e-04,3e-04,2e-04,4e-04,3e-04,0.96,0,0
2025-12-19 10:15:06,0,0,20.56,0,8,0,0,0,0,0,0,1.35,0,0,0,0,0,0,0,0,247,185,0,1e-04,1e-04,2e-04,3e-04,2e-04,3e-04,2e-04,0.82,0,0
2025-12-19 10:16:06,0,0,20.38,0,8,0,0,0,0,0,0,1.14,0,0,0,0,0,0,0,0,246,186,0,1e-04,1e-04,2e-04,2e-04,2e-04,3e-04,2e-04,0.68,0,0
2025-12-19 10:17:06,0,0,20.19,0,8,0,0,0,0,0,0,1.65,0,0,0,0,0,0,0,0,246,186,0,1e-04,1e-04,3e-04,3e-04,3e-04,4e-04,4e-04,1.14,0,0
2025-12-19 10:18:06,0,0,20.06,0,8,0,0,0,0,0,0,2.62,0,0,0,0,0,0,0,0,246,186,1e-04,2e-04,2e-04,4e-04,5e-04,5e-04,8e-04,9e-04,1.8,0,0
2025-12-19 10:19:06,0,0,19.94,0,8,0,0,0,0,0,0,2.71,0,0,0,0,0,0,0,0,246,186,1e-04,2e-04,2e-04,5e-04,5e-04,5e-04,8e-04,9e-04,1.95,0,0
2025-12-19 10:20:06,0,0,19.88,0,8,119,1.98333,1,0.0166667,15,0.25,2.71,0,0,0,0,0,0,0,0,246,186,1e-04,2e-04,2e-04,5e-04,5e-04,5e-04,7e-04,9e-04,1.9,0,0
2025-12-19 10:21:06,0,0,19.81,0,8,228,3.8,11,0.183333,11,0.183333,2.33,0,0,0,0,0,0,0,0,246,186,0,2e-04,2e-04,4e-04,4e-04,4e-04,6e-04,5e-04,1.7,0,0
2025-12-19 10:22:06,0,0,19.69,0,8,0,0,0,0,0,0,2.17,0,0,0,0,0,0,0,0,246,186,1e-04,1e-04,1e-04,3e-04,4e-04,4e-04,6e-04,5e-04,1.51,0,0
2025-12-19 10:23:06,0,0,19.56,0,8,0,0,0,0,0,0,2.13,0,0,0,0,0,0,0,0,246,186,0,1e-04,1e-04,3e-04,4e-04,3e-04,5e-04,4e-04,1.49,0,0
2025-12-19 10:24:06,0,0,19.38,0,8,0,0,0,0,0,0,2.09,0,0,0,0,0,0,0,0,246,186,0,1e-04,1e-04,3e-04,4e-04,3e-04,5e-04,4e-04,1.5,0,0
2025-12-19 10:25:06,0,0,19.25,0,8,0,0,0,0,0,0,2.14,0,0,0,0,0,0,0,0,246,185,1e-04,1e-04,1e-04,3e-04,4e-04,3e-04,5e-04,4e-04,1.66,0,0
2025-12-19 10:26:06,0,0,19.19,0,8,5,0.0833333,0,0,0,0,2.17,0,0,0,0,0,0,0,0,246,185,1e-04,1e-04,1e-04,3e-04,4e-04,3e-04,5e-04,4e-04,1.68,0,0
2025-12-19 10:27:06,0,0,19.06,0,8,0,0,0,0,0,0,2.19,0,0,0,0,0,0,0,0,245,185,0,1e-04,1e-04,3e-04,4e-04,3e-04,5e-04,4e-04,1.59,0,0
2025-12-19 10:28:06,0,0,19,0,8,0,0,0,0,0,0,2.13,0,0,0,0,0,0,0,0,245,186,0,1e-04,1e-04,3e-04,4e-04,3e-04,5e-04,5e-04,1.53,0,0
2025-12-19 10:29:06,0,0,18.94,0,8,0,0,0,0,0,0,2.06,0,0,0,0,0,0,0,0,246,185,0,1e-04,1e-04,3e-04,4e-04,3e-04,5e-04,4e-04,1.47,0,0
2025-12-19 10:30:06,0,0,18.88,0,8,0,0,0,0,0,0,2.1,0,0,0,0,0,0,0,0,246,185,0,1e-04,2e-04,3e-04,4e-04,3e-04,5e-04,4e-04,1.56,0,0
2025-12-19 10:31:06,0,0,18.81,0,8,0,0,0,0,0,0,2.14,0,0,0,0,0,0,0,0,245,185,1e-04,1e-04,1e-04,3e-04,4e-04,3e-04,5e-04,5e-04,1.55,0,0
2025-12-19 10:32:06,0,0,18.75,0,8,0,0,0,0,0,0,2.12,0,0,0,0,0,0,0,0,246,185,1e-04,1e-04,1e-04,3e-04,4e-04,3e-04,6e-04,5e-04,1.53,0,0
2025-12-19 10:33:06,0,0,18.75,0,8,0,0,0,0,0,0,2.16,0,0,0,0,0,0,0,0,246,186,1e-04,1e-04,1e-04,3e-04,4e-04,3e-04,5e-04,5e-04,1.58,0,0
2025-12-19 10:34:06,0,0,18.69,0,8,0,0,0,0,0,0,2.16,0,0,0,0,0,0,0,0,246,185,1e-04,1e-04,1e-04,3e-04,4e-04,4e-04,6e-04,5e-04,1.5,0,0
2025-12-19 10:35:06,0,0,18.69,0,8,0,0,0,0,0,0,2.23,0,0,0,0,0,0,0,0,245,186,1e-04,1e-04,1e-04,3e-04,4e-04,4e-04,6e-04,5e-04,1.53,0,0
2025-12-19 10:36:06,0,0,18.62,0,8,0,0,0,0,0,0,2.29,0,0,0,0,0,0,0,0,246,186,1e-04,1e-04,2e-04,3e-04,4e-04,4e-04,6e-04,5e-04,1.63,0,0
2025-12-19 10:37:06,0,0,18.62,0,8,0,0,0,0,0,0,2.21,0,0,0,0,0,0,0,0,246,185,1e-04,1e-04,1e-04,4e-04,4e-04,3e-04,6e-04,5e-04,1.6,0,0
2025-12-19 10:38:06,0,0,18.62,0,8,0,0,0,0,0,0,2.26,0,0,0,0,0,0,0,0,246,184,1e-04,2e-04,1e-04,3e-04,4e-04,4e-04,6e-04,5e-04,1.57,0,0
2025-12-19 10:39:06,0,0,18.62,0,8,0,0,0,0,0,0,2.23,0,0,0,0,0,0,0,0,246,185,1e-04,1e-04,1e-04,3e-04,4e-04,4e-04,6e-04,5e-04,1.55,0,0
2025-12-19 10:40:06,0,0,18.56,0,8,0,0,0,0,0,0,2.37,0,0,0,0,0,0,0,0,245,185,1e-04,2e-04,1e-04,4e-04,4e-04,4e-04,6e-04,5e-04,1.68,0,0
2025-12-19 10:41:06,0,0,18.56,0,8,0,0,0,0,0,0,2.16,0,0,0,0,0,0,0,0,245,185,1e-04,1e-04,1e-04,3e-04,4e-04,3e-04,6e-04,5e-04,1.55,0,0
2025-12-19 10:42:06,0,0,18.56,0,8,5,0.0833333,0,0,1,0.0166667,1.99,0,0,0,0,0,0,0,0,245,184,0,1e-04,1e-04,3e-04,4e-04,3e-04,5e-04,4e-04,1.48,0,0
2025-12-19 10:43:06,0,0,18.56,0,8,0,0,0,0,0,0,2.15,0,0,0,0,0,0,0,0,246,185,1e-04,1e-04,1e-04,3e-04,4e-04,3e-04,6e-04,5e-04,1.5,0,0
2025-12-19 10:44:06,0,0,18.5,0,8,0,0,0,0,0,0,2.25,0,0,0,0,0,0,0,0,245,185,1e-04,2e-04,1e-04,3e-04,4e-04,3e-04,6e-04,5e-04,1.63,0,0
2025-12-19 10:45:06,0,0,18.5,0,8,0,0,0,0,0,0,2.17,0,0,0,0,0,0,0,0,245,185,0,1e-04,1e-04,3e-04,4e-04,3e-04,6e-04,4e-04,1.56,0,0
2025-12-19 10:46:06,0,0,18.5,0,8,0,0,0,0,0,0,2.12,0,0,0,0,0,0,0,0,245,185,1e-04,1e-04,1e-04,3e-04,4e-04,3e-04,5e-04,4e-04,1.52,0,0
2025-12-19 10:47:06,0,0,18.5,0,8,4,0.0666667,0,0,1,0.0166667,2.16,0,0,0,0,0,0,0,0,246,185,0,1e-04,1e-04,3e-04,4e-04,3e-04,6e-04,4e-04,1.55,0,0
2025-12-19 10:48:06,0,0,18.5,0,8,0,0,0,0,0,0,1.84,0,0,0,0,0,0,0,0,244,186,0,1e-04,1e-04,3e-04,3e-04,3e-04,5e-04,4e-04,1.47,0,0
2025-12-19 10:49:06,0,0,18.5,0,8,0,0,0,0,0,0,2.19,0,0,0,0,0,0,0,0,246,185,0,1e-04,2e-04,3e-04,4e-04,3e-04,5e-04,3e-04,1.66,0,0
2025-12-19 10:50:06,0,0,18.44,0,8,0,0,0,0,0,0,2.15,0,0,0,0,0,0,0,0,246,185,0,1e-04,1e-04,3e-04,4e-04,3e-04,5e-04,3e-04,1.54,0,0
2025-12-19 10:51:06,0,0,18.44,0,8,0,0,0,0,0,0,2.06,0,0,0,0,0,0,0,0,246,184,0,1e-04,1e-04,3e-04,4e-04,3e-04,5e-04,3e-04,1.46,0,0
2025-12-19 10:52:06,0,0,18.44,0,8,0,0,0,0,0,0,2.18,0,0,0,0,0,0,0,0,246,185,1e-04,1e-04,1e-04,3e-04,4e-04,3e-04,6e-04,4e-04,1.61,0,0
2025-12-19 10:53:06,0,0,18.38,0,8,0,0,0,0,0,0,2.19,0,0,0,0,0,0,0,0,246,185,1e-04,2e-04,1e-04,3e-04,4e-04,3e-04,5e-04,4e-04,1.68,0,0
2025-12-19 10:54:06,0,0,18.38,0,8,17,0.283333,0,0,2,0.0333333,2.3,0,0,0,0,0,0,0,0,246,185,1e-04,2e-04,1e-04,4e-04,4e-04,3e-04,6e-04,4e-04,1.71,0,0
2025-12-19 10:55:06,0,0,18.38,0,8,0,0,0,0,0,0,2.5,0,0,0,0,0,0,0,0,246,185,1e-04,2e-04,1e-04,4e-04,4e-04,4e-04,6e-04,5e-04,1.88,0,0
2025-12-19 10:56:06,0,0,18.38,0,8,0,0,0,0,0,0,2.36,0,0,0,0,0,0,0,0,246,184,1e-04,2e-04,1e-04,3e-04,4e-04,4e-04,6e-04,5e-04,1.68,0,0
2025-12-19 10:57:06,0,0,18.38,0,8,0,0,0,0,0,0,2.33,0,0,0,0,0,0,0,0,245,185,1e-04,2e-04,1e-04,3e-04,4e-04,4e-04,6e-04,5e-04,1.61,0,0
2025-12-19 10:58:06,0,0,18.38,0,8,0,0,0,0,0,0,2.35,0,0,0,0,0,0,0,0,246,184,1e-04,2e-04,1e-04,3e-04,4e-04,4e-04,6e-04,5e-04,1.65,0,0
2025-12-19 10:59:06,0,0,18.38,0,8,864,14.4,38,0.633333,37,0.616667,2.28,0,0,0,0,0,0,0,0,246,185,0,1e-04,1e-04,4e-04,4e-04,3e-04,6e-04,5e-04,1.62,0,0
2025-12-19 11:00:06,0,0,23.94,0,16,8442,140.7,247,4.11667,650,10.8333,5.72,0,0,0,0,0,0,0,0,227,164,2e-04,4e-04,5e-04,7e-04,0.001,0.001,0.0014,0.0013,4.46,0,0
2025-12-19 11:01:06,0,0,26.81,0,16,5657,94.2833,158,2.63333,435,7.25,7.45,0,0,0,0,0,0,0,0,210,145,3e-04,6e-04,7e-04,0.0011,0.0012,0.0012,0.0016,0.0016,7.21,0,0
2025-12-19 11:02:06,0,0,27.38,0,16,1161,19.35,8,0.133333,130,2.16667,16.41,0,0,0,0,0,0,0,0,197,147,6e-04,0.0013,0.0017,0.0023,0.0027,0.0028,0.0034,0.0038,15.93,0.01,0
2025-12-19 11:03:06,0,0,27.81,0,16,930,15.5,6,0.1,90,1.5,16.08,0,0,0,0,0,0,0,0,186,132,6e-04,0.0012,0.0016,0.0022,0.0026,0.0028,0.0033,0.0038,15.55,0.01,0
2025-12-19 11:04:06,0,0,28,0,16,808,13.4667,3,0.05,85,1.41667,14.56,0,0,0,0,0,0,0,0,180,129,6e-04,0.0011,0.0015,0.0021,0.0024,0.0025,0.003,0.0033,14.09,0.01,0
2025-12-19 11:05:06,0,0,28.12,0,16,671,11.1833,1,0.0166667,58,0.966667,13.38,0,0,0,0,0,0,0,0,208,158,5e-04,0.001,0.0013,0.0019,0.0022,0.0023,0.0028,0.0031,12.95,0.01,0
2025-12-19 11:06:06,0,0,28.25,0,16,1125,18.75,4,0.0666667,112,1.86667,13.61,0,0,0,0,0,0,0,0,198,146,5e-04,0.0011,0.0014,0.0019,0.0022,0.0023,0.0028,0.0031,13.2,0.01,0
2025-12-19 11:07:06,0,0,28.44,0,16,2587,43.1167,51,0.85,207,3.45,14.27,0,0,0,0,0,0,0,0,224,162,6e-04,0.0011,0.0015,0.0021,0.0023,0.0024,0.0029,0.0032,14.18,0.01,0
2025-12-19 11:08:06,0,0,28.69,0,4,7484,124.733,228,3.8,497,8.28333,18.63,0,0,0,0,0,0,0,0,209,146,2e-04,4e-04,5e-04,0.0014,0.0029,0.0048,0.0053,0.0033,6.3,0.01,0
2025-12-19 11:09:06,0,0,28.56,0,16,8106,135.1,294,4.9,399,6.65,14.8,0,0,0,0,0,0,0,0,203,132,4e-04,8e-04,0.001,0.0019,0.0023,0.0031,0.0036,0.0028,11.04,0.01,0
2025-12-19 11:10:06,0,0,28.56,0,16,1153,19.2167,14,0.233333,97,1.61667,7.54,0,0,0,0,0,0,0,0,200,138,3e-04,6e-04,7e-04,0.0011,0.0013,0.0012,0.0017,0.0016,6.89,0,0
2025-12-19 11:11:06,0,0,28.56,0,16,1114,18.5667,2,0.0333333,109,1.81667,8.36,0,0,0,0,0,0,0,0,210,147,3e-04,6e-04,8e-04,0.0012,0.0014,0.0014,0.0018,0.0018,7.91,0.01,0
2025-12-19 11:12:06,0,0,28.62,0,16,754,12.5667,4,0.0666667,76,1.26667,6.62,0,0,0,0,0,0,0,0,206,141,2e-04,5e-04,6e-04,9e-04,0.0011,0.0011,0.0014,0.0014,6,0,0
2025-12-19 11:13:06,0,0,28.31,0,16,1263,21.05,19,0.316667,108,1.8,8.41,0,0,0,0,0,0,0,0,223,164,3e-04,6e-04,8e-04,0.0012,0.0014,0.0014,0.0018,0.0018,7.87,0.01,0
2025-12-19 11:14:06,0,0,28.19,0,16,2664,44.4,46,0.766667,236,3.93333,8.72,0,0,0,0,0,0,0,0,226,166,3e-04,6e-04,8e-04,0.0012,0.0014,0.0015,0.0019,0.0019,8.1,0.01,0
2025-12-19 11:15:06,0,0,28.12,0,16,514,8.56667,0,0,49,0.816667,8.41,0,0,0,0,0,0,0,0,221,158,3e-04,6e-04,8e-04,0.0012,0.0014,0.0014,0.0018,0.0019,7.7,0.01,0
2025-12-19 11:16:06,0,0,28.31,0,16,900,15,4,0.0666667,102,1.7,7.76,0,0,0,0,0,0,0,0,210,148,3e-04,6e-04,7e-04,0.0011,0.0013,0.0013,0.0017,0.0017,7.23,0,0
2025-12-19 11:17:06,0,0,28.06,0,16,846,14.1,2,0.0333333,92,1.53333,7.34,0,0,0,0,0,0,0,0,220,157,2e-04,5e-04,7e-04,0.0011,0.0012,0.0012,0.0016,0.0016,6.74,0,0
2025-12-19 11:18:06,0,0,28.06,0,16,745,12.4167,8,0.133333,73,1.21667,9.03,0,0,0,0,0,0,0,0,216,155,3e-04,7e-04,9e-04,0.0013,0.0015,0.0015,0.0019,0.0019,8.5,0.01,0
2025-12-19 11:19:06,0,0,28.25,0,16,882,14.7,15,0.25,64,1.06667,8.02,0,0,0,0,0,0,0,0,200,132,3e-04,6e-04,7e-04,0.0011,0.0013,0.0013,0.0017,0.0017,7.31,0.01,0
2025-12-19 11:20:06,0,0,28.06,0,16,1083,18.05,4,0.0666667,116,1.93333,7.74,0,0,0,0,0,0,0,0,213,151,3e-04,6e-04,7e-04,0.0011,0.0013,0.0013,0.0017,0.0016,7.25,0,0
2025-12-19 11:21:06,0,0,27.75,0,16,1524,25.4,7,0.116667,167,2.78333,7.26,0,0,0,0,0,0,0,0,217,155,2e-04,5e-04,7e-04,0.001,0.0012,0.0012,0.0016,0.0016,6.58,0,0
2025-12-19 11:22:06,0,0,27.88,0,16,1790,29.8333,5,0.0833333,197,3.28333,6.62,0,0,0,0,0,0,0,0,198,135,2e-04,5e-04,6e-04,9e-04,0.0011,0.0011,0.0015,0.0014,5.93,0,0
2025-12-19 11:23:06,0,0,27.94,0,16,1129,18.8167,7,0.116667,102,1.7,7.71,0,0,0,0,0,0,0,0,198,136,2e-04,6e-04,7e-04,0.0011,0.0013,0.0013,0.0017,0.0017,6.83,0,0
2025-12-19 11:24:06,0,0,27.75,0,16,1323,22.05,14,0.233333,117,1.95,6.48,0,0,0,0,0,0,0,0,214,152,2e-04,5e-04,6e-04,0.001,0.0011,0.001,0.0015,0.0013,6.1,0,0
2025-12-19 11:25:06,0,0,27.5,0,16,520,8.66667,2,0.0333333,56,0.933333,8.81,0,0,0,0,0,0,0,0,220,157,3e-04,6e-04,8e-04,0.0013,0.0015,0.0015,0.0019,0.0019,8.12,0.01,0
2025-12-19 11:26:06,0,0,27.62,0,16,978,16.3,4,0.0666667,102,1.7,7.64,0,0,0,0,0,0,0,0,198,137,2e-04,6e-04,7e-04,0.0011,0.0013,0.0012,0.0017,0.0014,7.04,0,0
2025-12-19 11:27:06,0,0,27.75,0,16,1264,21.0667,14,0.233333,120,2,9.2,0,0,0,0,0,0,0,0,198,131,3e-04,7e-04,9e-04,0.0013,0.0015,0.0015,0.002,0.002,8.59,0.01,0
2025-12-19 11:28:06,0,0,27.62,0,16,2174,36.2333,37,0.616667,199,3.31667,7.29,0,0,0,0,0,0,0,0,229,155,2e-04,5e-04,6e-04,0.0011,0.0012,0.0011,0.0017,0.0014,6.61,0,0
2025-12-19 11:29:06,0,0,27.62,0,16,1452,24.2,7,0.116667,141,2.35,5.83,0,0,0,0,0,0,0,0,197,139,2e-04,4e-04,5e-04,8e-04,0.001,9e-04,0.0013,0.0012,5.1,0,0
2025-12-19 11:30:06,0,0,27.75,0,16,489,8.15,0,0,42,0.7,6.05,0,0,0,0,0,0,0,0,192,134,2e-04,5e-04,6e-04,8e-04,0.001,0.001,0.0014,0.0013,5.49,0,0
2025-12-19 11:31:06,0,0,27.81,0,16,683,11.3833,1,0.0166667,55,0.916667,5.85,0,0,0,0,0,0,0,0,200,141,2e-04,4e-04,6e-04,8e-04,0.001,0.001,0.0013,0.0012,5.41,0,0
2025-12-19 11:32:06,0,0,27.56,0,16,616,10.2667,3,0.05,55,0.916667,5.9,0,0,0,0,0,0,0,0,219,160,2e-04,4e-04,5e-04,8e-04,0.001,0.001,0.0013,0.0012,5.26,0,0
2025-12-19 11:33:06,0,0,27.75,0,16,914,15.2333,13,0.216667,66,1.1,5.96,0,0,0,0,0,0,0,0,187,131,2e-04,5e-04,5e-04,8e-04,0.001,0.001,0.0013,0.0012,5.33,0,0
2025-12-19 11:34:06,0,0,27.69,0,16,2062,34.3667,27,0.45,179,2.98333,5.7,0,0,0,0,0,0,0,0,198,139,2e-04,4e-04,5e-04,8e-04,0.001,9e-04,0.0013,0.0012,5.1,0,0
2025-12-19 11:35:06,0,0,27.62,0,16,923,15.3833,5,0.0833333,88,1.46667,5.25,0,0,0,0,0,0,0,0,217,158,1e-04,4e-04,4e-04,7e-04,9e-04,9e-04,0.0012,0.0011,4.53,0,0
2025-12-19 11:36:06,0,0,27.62,0,16,881,14.6833,8,0.133333,81,1.35,9.08,0,0,0,0,0,0,0,0,211,151,3e-04,7e-04,8e-04,0.0013,0.0015,0.0015,0.002,0.0019,8.3,0.01,0
2025-12-19 11:37:06,0,0,27.44,0,16,1379,22.9833,14,0.233333,119,1.98333,7.56,0,0,0,0,0,0,0,0,219,157,2e-04,6e-04,7e-04,0.0011,0.0012,0.0012,0.0017,0.0016,6.98,0,0
2025-12-19 11:38:06,0,0,27.75,0,16,1364,22.7333,6,0.1,137,2.28333,7.08,0,0,0,0,0,0,0,0,190,131,2e-04,5e-04,6e-04,0.001,0.0012,0.0011,0.0016,0.0015,6.4,0,0
2025-12-19 11:39:06,0,0,27.5,0,16,568,9.46667,3,0.05,48,0.8,7.83,0,0,0,0,0,0,0,0,222,159,3e-04,6e-04,7e-04,0.0011,0.0013,0.0013,0.0017,0.0017,7.18,0.01,0
2025-12-19 11:40:06,0,0,27.56,0,16,785,13.0833,4,0.0666667,80,1.33333,7.31,0,0,0,0,0,0,0,0,217,155,2e-04,5e-04,7e-04,0.001,0.0012,0.0012,0.0016,0.0015,6.58,0,0
2025-12-19 11:41:06,0,0,27.69,0,16,692,11.5333,5,0.0833333,48,0.8,7.97,0,0,0,0,0,0,0,0,192,130,3e-04,6e-04,7e-04,0.0011,0.0013,0.0013,0.0017,0.0017,7.45,0.01,0
2025-12-19 11:42:06,0,0,27.38,0,16,1996,33.2667,47,0.783333,126,2.1,8.19,0,0,0,0,0,0,0,0,220,156,3e-04,6e-04,8e-04,0.0011,0.0014,0.0014,0.0018,0.0018,7.47,0.01,0
2025-12-19 11:43:06,0,0,27.62,0,16,897,14.95,3,0.05,81,1.35,7.32,0,0,0,0,0,0,0,0,223,158,2e-04,5e-04,7e-04,0.001,0.0012,0.0012,0.0016,0.0016,6.67,0,0
2025-12-19 11:44:06,0,0,27.5,0,16,2289,38.15,33,0.55,202,3.36667,7.7,0,0,0,0,0,0,0,0,218,155,3e-04,6e-04,7e-04,0.0011,0.0013,0.0013,0.0017,0.0016,6.92,0,0
2025-12-19 11:45:06,0,0,27.06,0,1,17144,285.733,565,9.41667,482,8.03333,2.01,0,0,0,0,0,0,0,0,227,161,1e-04,2e-04,2e-04,4e-04,4e-04,4e-04,5e-04,8e-04,1.78,0,0
2025-12-19 11:46:06,0,0,26.38,0,1,32684,544.733,1286,21.4333,540,9,3.59,0,0,0,0,0,0,0,0,233,169,2e-04,3e-04,4e-04,6e-04,6e-04,7e-04,8e-04,0.0012,3,0,0
2025-12-19 11:47:06,0,0,26.31,0,16,7705,128.417,313,5.21667,179,2.98333,1.75,0,0,0,0,0,0,0,0,221,166,0,1e-04,1e-04,2e-04,3e-04,4e-04,5e-04,7e-04,0.92,0,0
2025-12-19 11:48:06,0,0,26.44,0,8,4522,75.3667,101,1.68333,255,4.25,1.26,0,0,0,0,0,0,0,0,235,171,0,1e-04,1e-04,2e-04,2e-04,3e-04,3e-04,5e-04,0.61,0,0
2025-12-19 11:49:06,0,0,26.5,0,1,5726,95.4333,178,2.96667,311,5.18333,0.57,0,0,0,0,0,0,0,0,209,153,0,0,0,1e-04,1e-04,1e-04,1e-04,2e-04,0.35,0,0
2025-12-19 11:50:06,0,0,26.75,0,1,12809,213.483,488,8.13333,584,9.73333,2.15,0,0,0,0,0,0,0,0,231,174,1e-04,1e-04,2e-04,3e-04,4e-04,4e-04,5e-04,6e-04,1.65,0,0
2025-12-19 11:51:06,0,0,26.81,0,16,758,12.6333,7,0.116667,62,1.03333,4.41,0,0,0,0,0,0,0,0,217,163,1e-04,3e-04,4e-04,6e-04,8e-04,7e-04,0.001,9e-04,3.68,0,0
2025-12-19 11:52:06,0,0,27,0,16,852,14.2,5,0.0833333,81,1.35,5.13,0,0,0,0,0,0,0,0,217,155,2e-04,4e-04,4e-04,7e-04,9e-04,8e-04,0.0012,0.001,4.6,0,0
2025-12-19 11:53:06,0,0,26.88,0,4,670,11.1667,8,0.133333,47,0.783333,3.76,0,0,0,0,0,0,0,0,210,147,1e-04,3e-04,3e-04,5e-04,6e-04,5e-04,0.001,5e-04,3.03,0,0
2025-12-19 11:54:06,0,0,26.88,0,16,5505,91.75,179,2.98333,305,5.08333,4.31,0,0,0,0,0,0,0,0,214,157,1e-04,3e-04,4e-04,6e-04,7e-04,7e-04,0.001,9e-04,3.88,0,0
2025-12-19 11:55:06,0,0,27,0,16,1335,22.25,20,0.333333,106,1.76667,6.72,0,0,0,0,0,0,0,0,201,145,2e-04,5e-04,6e-04,9e-04,0.0011,0.0011,0.0015,0.0014,5.91,0,0
2025-12-19 11:56:06,0,0,27.06,0,16,1366,22.7667,10,0.166667,138,2.3,5.78,0,0,0,0,0,0,0,0,212,149,2e-04,4e-04,5e-04,8e-04,0.001,9e-04,0.0013,0.0012,5.09,0,0
2025-12-19 11:57:06,0,0,27.12,0,16,868,14.4667,4,0.0666667,92,1.53333,5.89,0,0,0,0,0,0,0,0,187,131,2e-04,4e-04,5e-04,8e-04,0.001,0.001,0.0013,0.0012,5.18,0,0
2025-12-19 11:58:06,0,0,27,0,16,1017,16.95,8,0.133333,89,1.48333,5.34,0,0,0,0,0,0,0,0,197,141,2e-04,4e-04,5e-04,8e-04,9e-04,9e-04,0.0012,0.0011,4.91,0,0
2025-12-19 11:59:06,0,0,26.88,0,16,961,16.0167,3,0.05,102,1.7,5.41,0,0,0,0,0,0,0,0,212,152,2e-04,4e-04,5e-04,8e-04,9e-04,9e-04,0.0012,0.0011,4.72,0,0
2025-12-19 12:00:06,0,0,26.81,0,16,416,6.93333,1,0.0166667,43,0.716667,6.49,0,0,0,0,0,0,0,0,218,155,2e-04,5e-04,6e-04,9e-04,0.0011,0.001,0.0014,0.0013,5.8,0,0
2025-12-19 12:01:06,0,0,26.81,0,16,1433,23.8833,6,0.1,157,2.61667,6.2,0,0,0,0,0,0,0,0,186,131,2e-04,5e-04,5e-04,8e-04,0.0011,0.001,0.0014,0.0013,5.25,0,0
2025-12-19 12:02:06,0,0,26.81,0,16,1617,26.95,20,0.333333,155,2.58333,4.91,0,0,0,0,0,0,0,0,192,137,2e-04,4e-04,4e-04,7e-04,8e-04,8e-04,0.0011,9e-04,4.42,0,0
2025-12-19 12:03:06,0,0,26.62,0,8,7436,123.933,246,4.1,313,5.21667,3.55,0,0,0,0,0,0,0,0,212,151,1e-04,3e-04,3e-04,5e-04,6e-04,6e-04,8e-04,8e-04,3.05,0,0
2025-12-19 12:04:06,0,0,26.75,0,16,1015,16.9167,2,0.0333333,104,1.73333,7.98,0,0,0,0,0,0,0,0,221,159,3e-04,6e-04,7e-04,0.0011,0.0013,0.0013,0.0017,0.0017,7.34,0.01,0
2025-12-19 12:05:06,0,0,26.56,0,16,483,8.05,0,0,47,0.783333,6.65,0,0,0,0,0,0,0,0,204,144,2e-04,5e-04,6e-04,9e-04,0.0011,0.0011,0.0014,0.0014,6.09,0,0
2025-12-19 12:06:06,0,0,26.44,0,16,573,9.55,0,0,66,1.1,7.32,0,0,0,0,0,0,0,0,210,153,3e-04,5e-04,7e-04,0.0011,0.0012,0.0012,0.0016,0.0016,6.98,0,0
2025-12-19 12:07:06,0,0,26.56,0,16,1630,27.1667,35,0.583333,127,2.11667,7.15,0,0,0,0,0,0,0,0,215,153,2e-04,5e-04,7e-04,0.001,0.0012,0.0012,0.0016,0.0016,6.45,0,0
2025-12-19 12:08:06,0,0,26.5,0,16,1965,32.75,39,0.65,164,2.73333,6.62,0,0,0,0,0,0,0,0,221,160,2e-04,5e-04,6e-04,9e-04,0.0011,0.0011,0.0014,0.0013,6.06,0,0
2025-12-19 12:09:06,0,0,26.31,0,32,6223,103.717,130,2.16667,385,6.41667,5.81,0,0,0,0,0,0,0,0,192,130,2e-04,4e-04,6e-04,8e-04,0.001,0.0012,0.0014,0.0019,4.65,0.01,0
2025-12-19 12:10:06,0,0,26.38,0,1,11545,192.417,393,6.55,670,11.1667,4.09,0,0,0,0,0,0,0,0,231,161,2e-04,3e-04,4e-04,7e-04,8e-04,9e-04,0.0011,0.0016,3.05,0.01,0
2025-12-19 12:11:06,0,0,26.44,0,1,10964,182.733,351,5.85,660,11,5.64,0,0,0,0,0,0,0,0,197,144,2e-04,4e-04,5e-04,8e-04,0.001,0.0012,0.0015,0.0021,3.99,0.01,0
2025-12-19 12:12:06,0,0,26.56,0,1,20865,347.75,848,14.1333,830,13.8333,3.75,0,0,0,0,0,0,0,0,217,153,1e-04,3e-04,3e-04,5e-04,7e-04,8e-04,0.001,0.0012,2.75,0,0
2025-12-19 12:13:06,0,0,26.38,0,1,10119,168.65,340,5.66667,517,8.61667,0,0,0,0,0,0,0,0,0,223,157,0,0,0,0,0,0,0,0,0,0,0
2025-12-19 12:14:06,0,0,26.88,0,8,9573,159.55,293,4.88333,572,9.53333,0,0,0,0,0,0.02,0,0,0,228,154,4e-04,5e-04,4e-04,5e-04,4e-04,6e-04,5e-04,4e-04,0,0.01,0
2025-12-19 12:15:06,0,0,26.56,0,1,4722,78.7,113,1.88333,290,4.83333,0,0,0,0,0,0.04,0,0,0,235,163,8e-04,0.001,9e-04,0.0011,7e-04,0.0012,0.001,9e-04,0,0.02,0
2025-12-19 12:16:06,0,0,26.81,0,1,3962,66.0333,46,0.766667,271,4.51667,0,0,0,0,0,0.05,0,0,0,183,135,0.0011,0.0014,0.0012,0.0015,0.001,0.0018,0.0014,0.0013,0,0.03,0
2025-12-19 12:17:06,0,0,27.06,0,8,2090,34.8333,5,0.0833333,156,2.6,0,0,0,0,0,0.03,0,0,0,224,156,7e-04,8e-04,7e-04,9e-04,6e-04,0.001,8e-04,7e-04,0,0.02,0
2025-12-19 12:18:06,0,0,27.38,0,1,9664,161.067,338,5.63333,485,8.08333,0,0,0,0,0,0.04,0,0,0,225,151,0.001,0.0012,0.001,0.0013,9e-04,0.0015,0.0012,0.0012,0,0.02,0
2025-12-19 12:19:06,0,0,27.19,0,1,7511,125.183,176,2.93333,454,7.56667,0,0,0,0,0,0.04,0,0,0,213,145,8e-04,0.001,9e-04,0.0011,7e-04,0.0012,0.001,9e-04,0,0.02,0
2025-12-19 12:20:06,0,0,27.31,0,1,2347,39.1167,20,0.333333,175,2.91667,0,0,0,0,0,0.03,0,0,0,228,159,6e-04,8e-04,6e-04,8e-04,5e-04,9e-04,7e-04,7e-04,0,0.01,0
2025-12-19 12:21:06,0,0,27.06,0,1,10904,181.733,383,6.38333,495,8.25,360.99,0,0,0,0,0.18,0,0,0,218,162,0.0183,0.0308,0.039,0.0509,0.0626,0.0695,0.0821,0.1033,332.91,0.3,0
2025-12-19 12:22:06,0,0,27.44,0,1,8890,148.167,210,3.5,498,8.3,0,0,0,0,0,0.04,0,0,0,183,119,0.001,0.0013,0.0011,0.0014,0.001,0.0016,0.0013,0.0013,0,0.02,0
2025-12-19 12:23:06,0,0,27.31,0,1,8380,139.667,137,2.28333,475,7.91667,1143.88,0,0,0,0,0.5,0,0,0,198,129,0.0614,0.1034,0.1304,0.1707,0.1915,0.2145,0.2544,0.3245,1151.43,0.94,0
2025-12-19 12:24:06,0,0,26.81,0,1,10588,176.467,306,5.1,504,8.4,1444.63,0,0,0,0,0.59,0,0,0,185,121,0.0761,0.1292,0.1642,0.2148,0.2408,0.268,0.3153,0.3983,1462.87,1.16,0
2025-12-19 12:25:06,0,0,26.31,0,1,8302,138.367,170,2.83333,449,7.48333,806.5,0,0,0,0,0.33,0,0,0,178,119,0.0412,0.07,0.0891,0.1169,0.1357,0.1509,0.1771,0.2246,790.09,0.64,0
2025-12-19 12:26:06,0,0,25.44,0,1,11332,188.867,375,6.25,538,8.96667,3.7,0,0,0,0,0,0,0,0,179,137,1e-04,1e-04,2e-04,3e-04,6e-04,9e-04,0.001,8e-04,1.51,0,0
2025-12-19 12:27:06,0,0,25.38,0,1,6632,110.533,178,2.96667,406,6.76667,22,0,0,0,0,0,0,0,0,222,160,2e-04,6e-04,7e-04,0.0017,0.0035,0.0055,0.0059,0.0037,8.36,0.01,0
2025-12-19 12:28:06,0,0,25.19,0,8,12614,210.233,420,7,611,10.1833,6.67,0,0,0,0,0,0,0,0,224,160,3e-04,5e-04,7e-04,0.001,0.0011,0.0013,0.0015,0.0019,5.99,0.01,0
2025-12-19 12:29:06,0,0,25.44,0,16,5074,84.5667,119,1.98333,322,5.36667,8.79,0,0,0,0,0,0,0,0,211,153,3e-04,7e-04,9e-04,0.0012,0.0015,0.0016,0.0019,0.0024,7.6,0.01,0
2025-12-19 12:30:06,0,0,25.69,0,16,939,15.65,9,0.15,100,1.66667,7.73,0,0,0,0,0,0,0,0,204,143,3e-04,6e-04,7e-04,0.0011,0.0013,0.0013,0.0017,0.0017,7.14,0.01,0
2025-12-19 12:31:06,0,0,25.62,0,16,1124,18.7333,11,0.183333,103,1.71667,8.19,0,0,0,0,0,0,0,0,199,131,3e-04,6e-04,8e-04,0.0011,0.0014,0.0013,0.0017,0.0018,7.66,0.01,0
2025-12-19 12:32:06,0,0,25.56,0,16,578,9.63333,1,0.0166667,57,0.95,8.79,0,0,0,0,0,0,0,0,203,140,3e-04,7e-04,8e-04,0.0012,0.0015,0.0015,0.0019,0.0019,8.1,0.01,0
2025-12-19 12:33:06,0,0,25.44,0,16,710,11.8333,4,0.0666667,65,1.08333,8.86,0,0,0,0,0,0,0,0,223,163,3e-04,7e-04,8e-04,0.0013,0.0015,0.0015,0.0019,0.0019,8.31,0.01,0
2025-12-19 12:34:06,0,0,25.31,0,16,613,10.2167,5,0.0833333,58,0.966667,8.06,0,0,0,0,0,0,0,0,209,157,3e-04,6e-04,7e-04,0.0012,0.0013,0.0013,0.0017,0.0017,7.4,0.01,0
2025-12-19 12:35:06,0,0,26.25,0,16,982,16.3667,9,0.15,106,1.76667,9.86,0,0,0,0,0,0,0,0,188,131,4e-04,7e-04,0.001,0.0014,0.0016,0.0016,0.0021,0.0021,9.43,0.01,0
2025-12-19 12:36:06,0,0,26.69,0,16,764,12.7333,4,0.0666667,66,1.1,10.85,0,0,0,0,0,0,0,0,203,149,4e-04,8e-04,0.0011,0.0016,0.0018,0.0018,0.0023,0.0024,10.47,0.01,0
2025-12-19 12:37:06,0,0,26.94,0,16,823,13.7167,3,0.05,70,1.16667,10.66,0,0,0,0,0,0,0,0,211,153,4e-04,8e-04,0.0011,0.0015,0.0018,0.0018,0.0023,0.0024,10.29,0.01,0
2025-12-19 12:38:06,0,0,27.19,0,16,848,14.1333,2,0.0333333,83,1.38333,10.82,0,0,0,0,0,0,0,0,203,146,4e-04,9e-04,0.0011,0.0016,0.0018,0.0018,0.0023,0.0023,10.66,0.01,0
2025-12-19 12:39:06,0,0,27.69,0,16,813,13.55,2,0.0333333,85,1.41667,9.32,0,0,0,0,0,0,0,0,211,156,3e-04,7e-04,9e-04,0.0014,0.0015,0.0015,0.002,0.002,9.03,0.01,0
2025-12-19 12:40:06,0,0,28,0,16,870,14.5,2,0.0333333,87,1.45,8.66,0,0,0,0,0,0,0,0,187,130,3e-04,7e-04,8e-04,0.0012,0.0014,0.0014,0.0019,0.0019,8.05,0.01,0
2025-12-19 12:41:06,0,0,28.31,0,16,1324,22.0667,10,0.166667,120,2,9.11,0,0,0,0,0,0,0,0,182,128,3e-04,7e-04,9e-04,0.0013,0.0015,0.0015,0.002,0.002,8.53,0.01,0
2025-12-19 12:42:06,0,0,28.62,0,16,831,13.85,3,0.05,84,1.4,7.81,0,0,0,0,0,0,0,0,177,122,3e-04,6e-04,7e-04,0.0011,0.0013,0.0013,0.0017,0.0017,7.15,0.01,0
2025-12-19 12:43:06,0,0,28.69,0,16,1241,20.6833,11,0.183333,128,2.13333,7.65,0,0,0,0,0,0,0,0,176,121,3e-04,6e-04,7e-04,0.0011,0.0013,0.0013,0.0016,0.0016,7.03,0,0
2025-12-19 12:44:06,0,0,28.62,0,16,861,14.35,12,0.2,76,1.26667,7.45,0,0,0,0,0,0,0,0,200,146,2e-04,6e-04,7e-04,0.0011,0.0012,0.0012,0.0016,0.0016,6.91,0,0
2025-12-19 12:45:06,0,0,28.94,0,16,669,11.15,1,0.0166667,67,1.11667,5.94,0,0,0,0,0,0,0,0,192,144,2e-04,4e-04,5e-04,8e-04,0.001,0.001,0.0013,0.0013,5.3,0,0
2025-12-19 12:46:06,0,0,29.25,0,16,1201,20.0167,2,0.0333333,126,2.1,4.53,0,0,0,0,0,0,0,0,186,128,1e-04,3e-04,4e-04,6e-04,8e-04,7e-04,0.001,9e-04,3.95,0,0
2025-12-19 12:47:06,0,0,29.31,0,16,1868,31.1333,22,0.366667,177,2.95,5.55,0,0,0,0,0,0,0,0,206,152,2e-04,4e-04,5e-04,8e-04,0.001,9e-04,0.0012,0.0012,4.67,0,0
2025-12-19 12:48:06,0,0,29.44,0,16,920,15.3333,3,0.05,95,1.58333,6.73,0,0,0,0,0,0,0,0,177,118,2e-04,5e-04,6e-04,0.001,0.0011,0.0011,0.0015,0.0014,6.2,0,0
2025-12-19 12:49:06,0,0,29.62,0,16,1530,25.5,13,0.216667,144,2.4,5.57,0,0,0,0,0,0,0,0,206,144,2e-04,4e-04,5e-04,8e-04,0.001,9e-04,0.0012,0.0012,4.83,0,0
2025-12-19 12:50:06,0,0,29.44,0,16,1041,17.35,7,0.116667,112,1.86667,5.78,0,0,0,0,0,0,0,0,214,158,2e-04,4e-04,5e-04,8e-04,0.001,9e-04,0.0013,0.0012,5.2,0,0
2025-12-19 12:51:06,0,0,29.69,0,16,705,11.75,2,0.0333333,79,1.31667,6.45,0,0,0,0,0,0,0,0,182,124,2e-04,5e-04,6e-04,9e-04,0.0011,0.001,0.0014,0.0014,5.97,0,0
2025-12-19 12:52:06,0,0,29.94,0,16,819,13.65,4,0.0666667,88,1.46667,5.87,0,0,0,0,0,0,0,0,187,122,2e-04,4e-04,5e-04,8e-04,0.001,0.001,0.0013,0.0013,5.23,0,0
2025-12-19 12:53:06,0,0,30,0,16,1858,30.9667,30,0.5,165,2.75,5.33,0,0,0,0,0,0,0,0,185,128,2e-04,4e-04,5e-04,8e-04,9e-04,9e-04,0.0012,0.0011,4.75,0,0
2025-12-19 12:54:06,0,0,30,0,16,1394,23.2333,6,0.1,153,2.55,6.03,0,0,0,0,0,0,0,0,207,150,2e-04,4e-04,6e-04,9e-04,0.001,0.001,0.0013,0.0013,5.46,0,0
2025-12-19 12:55:06,0,0,29.88,0,16,904,15.0667,4,0.0666667,91,1.51667,6.27,0,0,0,0,0,0,0,0,203,151,2e-04,5e-04,6e-04,9e-04,0.0011,0.001,0.0014,0.0013,5.76,0,0
2025-12-19 12:56:06,0,0,29.94,0,16,1022,17.0333,4,0.0666667,97,1.61667,7.08,0,0,0,0,0,0,0,0,207,153,2e-04,5e-04,7e-04,0.001,0.0012,0.0012,0.0015,0.0015,6.51,0,0
2025-12-19 12:57:06,0,0,30.19,0,16,1193,19.8833,7,0.116667,115,1.91667,5.39,0,0,0,0,0,0,0,0,204,149,2e-04,4e-04,5e-04,8e-04,9e-04,9e-04,0.0012,0.0012,4.83,0,0
2025-12-19 12:58:06,0,0,29.88,0,16,1352,22.5333,9,0.15,133,2.21667,7.26,0,0,0,0,0,0,0,0,213,153,3e-04,6e-04,7e-04,0.001,0.0012,0.0012,0.0016,0.0016,6.83,0,0
2025-12-19 12:59:06,0,0,29.81,0,16,521,8.68333,1,0.0166667,46,0.766667,5.92,0,0,0,0,0,0,0,0,201,157,2e-04,5e-04,6e-04,8e-04,0.001,0.001,0.0013,0.0013,5.48,0,0
2025-12-19 13:00:06,0,0,30.31,0,1,5970,99.5,153,2.55,378,6.3,12.34,0,0,0,0,0,0,0,0,194,148,3e-04,6e-04,8e-04,0.0013,0.002,0.0028,0.0032,0.0029,7.16,0.01,0
2025-12-19 13:01:06,0,0,30.69,0,16,5760,96,205,3.41667,256,4.26667,16.41,0,0,0,0,0,0,0,0,178,161,2e-04,4e-04,5e-04,0.0013,0.0025,0.0042,0.0047,0.0031,5.84,0.01,0
2025-12-19 13:02:06,0,0,30.25,0,1,3408,56.8,114,1.9,190,3.16667,10.56,0,0,0,0,0.01,0,0,0,212,158,4e-04,8e-04,0.001,0.0016,0.0019,0.0022,0.0027,0.004,8.08,0.01,0
2025-12-19 13:03:06,0,0,30.12,0,1,1466,24.4333,9,0.15,120,2,10.77,0,0,0,0,0.01,0,0,0,215,156,5e-04,9e-04,0.0011,0.0016,0.0019,0.0023,0.0028,0.0042,8.51,0.01,0
2025-12-19 13:04:06,0,0,30.19,0,1,153,2.55,0,0,8,0.133333,9.7,0,0,0,0,0.01,0,0,0,202,143,4e-04,8e-04,0.001,0.0015,0.0017,0.002,0.0025,0.0039,7.87,0.01,0
2025-12-19 13:05:06,0,0,30.38,0,1,56,0.933333,0,0,3,0.05,9.53,0,0,0,0,0.01,0,0,0,200,141,4e-04,8e-04,0.001,0.0014,0.0017,0.002,0.0025,0.0038,7.39,0.01,0
2025-12-19 13:06:06,0,0,30.69,0,1,32,0.533333,0,0,2,0.0333333,9.42,0,0,0,0,0.01,0,0,0,194,135,4e-04,7e-04,9e-04,0.0014,0.0017,0.002,0.0024,0.0037,7.25,0.01,0
2025-12-19 13:07:06,0,0,30.88,0,1,1532,25.5333,51,0.85,76,1.26667,9.74,0,0,0,0,0,0,0,0,213,128,4e-04,8e-04,0.001,0.0015,0.0017,0.0019,0.0023,0.0033,8.44,0.01,0
2025-12-19 13:08:06,0,0,31.06,0,1,97,1.61667,0,0,7,0.116667,2.98,0,0,0,0,0,0,0,0,206,116,1e-04,2e-04,3e-04,4e-04,5e-04,6e-04,8e-04,0.0012,1.85,0,0
2025-12-19 13:09:06,0,0,31.19,0,1,75,1.25,0,0,4,0.0666667,2,0,0,0,0,0,0,0,0,205,122,1e-04,1e-04,1e-04,3e-04,4e-04,4e-04,5e-04,9e-04,1.14,0,0
2025-12-19 13:10:06,0,0,31.38,0,1,0,0,0,0,0,0,2.03,0,0,0,0,0,0,0,0,206,119,1e-04,1e-04,2e-04,3e-04,4e-04,4e-04,5e-04,9e-04,1.21,0,0
2025-12-19 13:11:06,0,0,31.44,0,1,17,0.283333,0,0,1,0.0166667,2.82,0,0,0,0,0,0,0,0,207,131,1e-04,2e-04,3e-04,4e-04,5e-04,6e-04,7e-04,0.0012,1.81,0,0
2025-12-19 13:12:06,0,0,31.5,0,1,1205,20.0833,28,0.466667,75,1.25,17.84,0,0,0,0,0.01,0,0,0,192,136,7e-04,0.0013,0.0018,0.0025,0.003,0.0035,0.0042,0.0056,14.95,0.01,0
2025-12-19 13:13:06,0,0,31.12,0,2,1353,22.55,23,0.383333,101,1.68333,40.07,0,0,0,0,0.01,0,0,0,214,145,0.0016,0.0031,0.0041,0.0057,0.0068,0.0077,0.0092,0.0119,35.47,0.03,0
2025-12-19 13:14:06,0,0,30.81,0,2,253,4.21667,2,0.0333333,14,0.233333,47.73,0,0,0,0,0.02,0,0,0,192,160,0.0019,0.0037,0.0049,0.0068,0.0081,0.0093,0.0111,0.0144,41.71,0.04,0
2025-12-19 13:15:06,0,0,31.06,0,8,533,8.88333,17,0.283333,24,0.4,12.33,0,0,0,0,0.01,0,0,0,170,128,5e-04,0.001,0.0012,0.0018,0.0022,0.0025,0.0031,0.0043,9.89,0.01,0
2025-12-19 13:16:06,0,0,31.12,0,8,0,0,0,0,0,0,5.34,0,0,0,0,0,0,0,0,163,121,2e-04,4e-04,5e-04,9e-04,0.001,0.0012,0.0014,0.0023,3.87,0.01,0
2025-12-19 13:17:06,0,0,31.12,0,8,0,0,0,0,0,0,5.35,0,0,0,0,0,0,0,0,160,117,2e-04,4e-04,5e-04,8e-04,0.001,0.0012,0.0014,0.0023,3.78,0.01,0
2025-12-19 13:18:06,0,0,31.12,0,8,0,0,0,0,0,0,5.38,0,0,0,0,0,0,0,0,157,115,2e-04,5e-04,5e-04,8e-04,0.001,0.0012,0.0015,0.0023,3.81,0.01,0
2025-12-19 13:19:06,0,0,31.12,0,8,0,0,0,0,0,0,5.43,0,0,0,0,0,0,0,0,155,113,2e-04,4e-04,5e-04,8e-04,0.001,0.0012,0.0015,0.0024,3.63,0.01,0
2025-12-19 13:20:06,0,0,31.12,0,8,16,0.266667,0,0,1,0.0166667,5.5,0,0,0,0,0,0,0,0,154,113,2e-04,4e-04,5e-04,8e-04,0.001,0.0012,0.0016,0.0024,3.69,0.01,0
2025-12-19 13:21:06,0,0,31,0,8,855,14.25,16,0.266667,59,0.983333,19.48,0,0,0,0,0.01,0,0,0,180,120,8e-04,0.0015,0.002,0.0028,0.0034,0.0039,0.0046,0.0063,16.43,0.02,0
2025-12-19 13:22:06,0,0,30.25,0,1,1427,23.7833,24,0.4,102,1.7,11.67,0,0,0,0,0.01,0,0,0,225,160,4e-04,9e-04,0.0011,0.0017,0.002,0.0024,0.0029,0.004,9.48,0.01,0
2025-12-19 13:23:06,0,0,29.88,0,1,0,0,0,0,0,0,6.53,0,0,0,0,0,0,0,0,220,156,2e-04,5e-04,6e-04,9e-04,0.0012,0.0014,0.0018,0.0026,4.4,0.01,0
2025-12-19 13:24:06,0,0,30.56,0,1,432,7.2,9,0.15,29,0.483333,3.57,0,0,0,0,0,0,0,0,206,132,1e-04,3e-04,3e-04,5e-04,7e-04,8e-04,9e-04,0.0015,2.48,0,0
2025-12-19 13:25:06,0,0,30.62,0,1,510,8.5,10,0.166667,31,0.516667,4.36,0,0,0,0,0,0,0,0,219,152,2e-04,3e-04,4e-04,7e-04,8e-04,9e-04,0.0011,0.0018,3.06,0,0
2025-12-19 13:26:06,0,0,30.56,0,16,5159,85.9833,115,1.91667,297,4.95,18.44,0,0,0,0,0.01,0,0,0,178,134,7e-04,0.0014,0.0018,0.0026,0.0032,0.0037,0.0045,0.0061,14.92,0.02,0
2025-12-19 13:27:06,0,0,30.44,0,1,2150,35.8333,48,0.8,130,2.16667,17.3,0,0,0,0,0.01,0,0,0,199,138,7e-04,0.0014,0.0018,0.0026,0.003,0.0034,0.0042,0.0058,14.91,0.02,0
2025-12-19 13:28:06,0,0,30.31,0,1,51,0.85,0,0,4,0.0666667,10.09,0,0,0,0,0.01,0,0,0,202,140,5e-04,8e-04,0.001,0.0015,0.0018,0.0021,0.0026,0.004,7.83,0.01,0
2025-12-19 13:29:06,0,0,30.06,0,1,154,2.56667,0,0,7,0.116667,9.19,0,0,0,0,0.01,0,0,0,204,133,4e-04,8e-04,0.001,0.0014,0.0017,0.002,0.0024,0.0038,7.1,0.01,0
2025-12-19 13:30:06,0,0,29.75,0,1,366,6.1,9,0.15,19,0.316667,8.72,0,0,0,0,0.01,0,0,0,220,156,4e-04,7e-04,9e-04,0.0013,0.0016,0.0018,0.0023,0.0036,6.73,0.01,0
2025-12-19 13:31:06,0,0,30.12,0,1,118,1.96667,0,0,7,0.116667,0.19,0,0,0,0,0,0,0,0,220,134,0,0,0,1e-04,1e-04,1e-04,1e-04,3e-04,0,0,0
2025-12-19 13:32:06,0,0,30.31,0,1,53,0.883333,0,0,6,0.1,0,0,0,0,0,0,0,0,0,227,144,0,0,0,0,0,0,0,0,0,0,0
2025-12-19 13:33:06,0,0,30.5,0,1,0,0,0,0,0,0,0,0,0,0,0,0,0,0,0,224,136,0,0,0,0,0,0,0,0,0,0,0
2025-12-19 13:34:06,0,0,30.75,0,1,7,0.116667,0,0,0,0,0,0,0,0,0,0,0,0,0,219,128,0,0,0,0,0,0,0,1e-04,0,0,0
2025-12-19 13:35:06,0,0,31,0,1,0,0,0,0,0,0,0.13,0,0,0,0,0,0,0,0,215,123,0,0,0,1e-04,1e-04,1e-04,1e-04,2e-04,0,0,0
2025-12-19 13:36:06,0,0,31.25,0,1,0,0,0,0,0,0,0.27,0,0,0,0,0,0,0,0,215,120,0,0,0,1e-04,1e-04,1e-04,1e-04,3e-04,0,0,0
2025-12-19 13:37:06,0,0,31.5,0,1,181,3.01667,0,0,13,0.216667,0.67,0,0,0,0,0,0,0,0,213,117,0,1e-04,1e-04,1e-04,2e-04,2e-04,2e-04,5e-04,0,0,0
2025-12-19 13:38:06,0,0,31.5,0,1,799,13.3167,27,0.45,45,0.75,7.46,0,0,0,0,0,0,0,0,244,182,3e-04,6e-04,7e-04,0.0011,0.0013,0.0015,0.0018,0.0024,6.14,0.01,0
2025-12-19 13:39:06,0,0,30.94,0,2,1517,25.2833,45,0.75,79,1.31667,36.45,0,0,0,0,0.01,0,0,0,241,183,0.0014,0.0028,0.0036,0.0051,0.0062,0.007,0.0085,0.011,31.48,0.03,0
2025-12-19 13:40:06,0,0,31,0,8,8109,135.15,262,4.36667,409,6.81667,3.71,0,0,0,0,0,0,0,0,234,170,2e-04,3e-04,4e-04,6e-04,6e-04,7e-04,8e-04,0.0012,3.24,0,0
2025-12-19 13:41:06,0,0,30.69,0,1,7684,128.067,243,4.05,451,7.51667,1.8,0,0,0,0,0,0,0,0,229,164,1e-04,1e-04,2e-04,3e-04,3e-04,3e-04,5e-04,7e-04,1.26,0,0
2025-12-19 13:42:06,0,0,30.44,0,16,4423,73.7167,102,1.7,247,4.11667,24.45,0,0,0,0,0.01,0,0,0,195,145,0.001,0.0019,0.0024,0.0034,0.0041,0.0046,0.0052,0.0059,22.07,0.02,0
2025-12-19 13:43:06,0,0,30.25,0,1,6066,101.1,132,2.2,393,6.55,126.03,0,0,0,0,0.03,0,0,0,211,143,0.0053,0.0099,0.0131,0.0173,0.0212,0.0226,0.0262,0.032,119.6,0.09,0
2025-12-19 13:44:06,0,0,30.06,0,1,12045,200.75,376,6.26667,654,10.9,8.69,0,0,0,0,0,0,0,0,225,162,3e-04,7e-04,9e-04,0.0013,0.0015,0.0017,0.002,0.0027,7.64,0.01,0
2025-12-19 13:45:06,0,0,29.56,0,1,6857,114.283,161,2.68333,441,7.35,28.53,0,0,0,0,0.01,0,0,0,217,148,0.0012,0.0023,0.0031,0.0041,0.0048,0.0052,0.0061,0.0076,27.63,0.02,0
2025-12-19 13:46:06,0,0,29.69,0,16,6666,111.1,181,3.01667,387,6.45,19.61,0,0,0,0,0,0,0,0,224,162,8e-04,0.0016,0.002,0.0028,0.0032,0.0035,0.0041,0.0048,18.98,0.01,0
2025-12-19 13:47:06,0,0,29.25,0,1,3957,65.95,82,1.36667,328,5.46667,8.87,0,0,0,0,0,0,0,0,230,170,2e-04,6e-04,7e-04,0.0011,0.0015,0.0018,0.0022,0.002,6.47,0.01,0
2025-12-19 13:48:06,0,0,29,0,16,6608,110.133,182,3.03333,420,7,16.31,0,0,0,0,0,0,0,0,215,160,6e-04,0.0012,0.0015,0.0022,0.0027,0.0031,0.0038,0.0043,13.67,0.01,0
2025-12-19 13:49:06,0,0,28.94,0,16,2398,39.9667,63,1.05,171,2.85,7.82,0,0,0,0,0,0,0,0,219,162,2e-04,5e-04,5e-04,0.001,0.0013,0.0014,0.0019,0.0013,5.94,0,0
2025-12-19 13:50:06,0,0,28.75,0,1,9903,165.05,325,5.41667,565,9.41667,43.55,0,0,0,0,0.01,0,0,0,192,134,0.0017,0.0034,0.0044,0.0061,0.0074,0.0082,0.0098,0.0125,39.12,0.03,0
2025-12-19 13:51:06,0,0,28.44,0,1,8932,148.867,275,4.58333,512,8.53333,37.37,0,0,0,0,0.04,0,0,0,217,150,0.0022,0.0034,0.0041,0.0057,0.0068,0.0087,0.011,0.0157,28.45,0.05,0
2025-12-19 13:52:06,0,0,28.5,0,1,7493,124.883,215,3.58333,424,7.06667,18.02,0,0,0,0,0,0,0,0,209,148,7e-04,0.0017,0.0019,0.0026,0.003,0.0032,0.0036,0.0043,18.6,0.01,0
2025-12-19 13:53:06,0,0,28.5,0,1,7055,117.583,154,2.56667,521,8.68333,53.42,0,0,0,0,0.01,0,0,0,205,151,0.0023,0.0044,0.0058,0.0078,0.0087,0.0098,0.0116,0.0142,52.57,0.04,0
2025-12-19 13:54:06,0,0,28.44,0,32,11286,188.1,346,5.76667,649,10.8167,12.37,0,0,0,0,0,0,0,0,214,174,5e-04,9e-04,0.0012,0.0017,0.0021,0.0025,0.003,0.0037,10.02,0.01,0
2025-12-19 13:55:06,0,0,28.25,0,1,6392,106.533,127,2.11667,420,7,116.99,0,0,0,0,0.02,0,0,0,204,150,0.0043,0.008,0.011,0.0155,0.0185,0.0233,0.0272,0.0278,102.22,0.08,0
2025-12-19 13:56:06,0,0,28.06,0,1,5334,88.9,98,1.63333,328,5.46667,35.39,0,0,0,0,0.01,0,0,0,228,161,0.0014,0.0026,0.0035,0.0049,0.0058,0.0068,0.0082,0.0096,32.05,0.03,0
2025-12-19 13:57:06,0,0,28.12,0,1,3875,64.5833,52,0.866667,298,4.96667,83.54,0,0,0,0,0.01,0,0,0,205,148,0.0022,0.0043,0.006,0.0092,0.0131,0.0188,0.022,0.0198,55.38,0.05,0
2025-12-19 13:58:06,0,0,28.06,0,1,5686,94.7667,109,1.81667,467,7.78333,97.63,0,0,0,0,0.01,0,0,0,192,140,0.002,0.0038,0.0056,0.0092,0.0152,0.0238,0.0278,0.0226,50.99,0.05,0
2025-12-19 13:59:06,0,0,27.75,0,1,6993,116.55,167,2.78333,479,7.98333,57.4,0,0,0,0,0.01,0,0,0,214,150,0.0013,0.0023,0.0033,0.0053,0.0091,0.0141,0.017,0.015,28.76,0.03,0
2025-12-19 14:00:06,0,0,27.94,0,1,3687,61.45,36,0.6,283,4.71667,98.69,0,0,0,0,0.01,0,0,0,213,154,0.0018,0.0033,0.0049,0.0084,0.0152,0.0251,0.0298,0.0234,44.92,0.05,0
2025-12-19 14:01:06,0,0,28.06,0,1,3480,58,57,0.95,273,4.55,124.73,0,0,0,0,0.01,0,0,0,204,144,0.0022,0.0042,0.0065,0.0108,0.0193,0.0311,0.0361,0.0279,59.45,0.07,0
2025-12-19 14:02:06,0,0,27.81,0,1,5507,91.7833,121,2.01667,464,7.73333,128.41,0,0,0,0,0.01,0,0,0,202,139,0.0021,0.0039,0.0059,0.0101,0.02,0.0326,0.0379,0.0288,54.78,0.06,0
2025-12-19 14:03:06,0,0,27.94,0,16,3184,53.0667,66,1.1,208,3.46667,152.81,0,0,0,0,0.01,0,0,0,198,140,0.0026,0.005,0.0078,0.0132,0.0235,0.0381,0.0441,0.033,72.63,0.08,0
2025-12-19 14:04:06,0,0,27.75,0,1,4040,67.3333,79,1.31667,341,5.68333,128.5,0,0,0,0,0.01,0,0,0,186,133,0.0022,0.0043,0.0066,0.0111,0.0198,0.0321,0.0371,0.0281,61.07,0.07,0
2025-12-19 14:05:06,0,0,27.69,0,1,5052,84.2,112,1.86667,466,7.76667,129.98,0,0,0,0,0.01,0,0,0,199,139,0.0023,0.0044,0.0066,0.011,0.0202,0.0324,0.0375,0.0289,60.95,0.07,0
2025-12-19 14:06:06,0,0,27.5,0,16,4070,67.8333,73,1.21667,321,5.35,138.33,0,0,0,0,0.01,0,0,0,219,159,0.0024,0.0047,0.0072,0.0121,0.0214,0.0344,0.0396,0.0299,66.72,0.07,0
2025-12-19 14:07:06,0,0,27.44,0,16,4073,67.8833,87,1.45,315,5.25,145.16,0,0,0,0,0.01,0,0,0,232,163,0.0025,0.0048,0.0074,0.0126,0.0223,0.0362,0.0419,0.0313,69.43,0.07,0
2025-12-19 14:08:06,0,0,27.38,0,1,4499,74.9833,63,1.05,420,7,113.18,0,0,0,0,0.01,0,0,0,211,142,0.002,0.0037,0.0057,0.0095,0.0176,0.0284,0.0331,0.0257,51.99,0.06,0
2025-12-19 14:09:06,0,0,27.44,0,16,5345,89.0833,111,1.85,375,6.25,105.88,0,0,0,0,0.01,0,0,0,192,135,0.0019,0.0036,0.0055,0.0092,0.0163,0.0264,0.0309,0.0238,50.42,0.06,0
2025-12-19 14:10:06,0,0,27.31,0,16,3818,63.6333,64,1.06667,296,4.93333,133.17,0,0,0,0,0.01,0,0,0,222,160,0.0023,0.0043,0.0067,0.0114,0.0206,0.0333,0.0385,0.029,62.47,0.07,0
2025-12-19 14:11:06,0,0,27.5,0,1,4069,67.8167,56,0.933333,327,5.45,114.85,0,0,0,0,0.01,0,0,0,201,141,0.002,0.0039,0.006,0.0099,0.0178,0.0286,0.0333,0.0257,54.74,0.06,0
2025-12-19 14:12:06,0,0,27.56,0,16,3906,65.1,71,1.18333,312,5.2,121.85,0,0,0,0,0.01,0,0,0,216,154,0.0021,0.0041,0.0062,0.0104,0.0189,0.0303,0.035,0.0266,57.54,0.06,0
2025-12-19 14:13:06,0,0,27.69,0,16,5178,86.3,128,2.13333,366,6.1,151.91,0,0,0,0,0.01,0,0,0,198,135,0.0027,0.0052,0.0082,0.014,0.0231,0.0376,0.0435,0.0324,76.92,0.08,0
2025-12-19 14:14:06,0,0,27.75,0,1,8617,143.617,240,4,505,8.41667,59.67,0,0,0,0,0.01,0,0,0,201,142,0.0013,0.0024,0.0035,0.0057,0.0093,0.0146,0.0173,0.0147,31.1,0.04,0
2025-12-19 14:15:06,0,0,28,0,1,8257,137.617,246,4.1,470,7.83333,28.47,0,0,0,0,0.01,0,0,0,177,129,7e-04,0.0013,0.0018,0.0028,0.0046,0.0068,0.0079,0.0071,15.56,0.02,0
2025-12-19 14:16:06,0,0,27.75,0,8,7662,127.7,207,3.45,449,7.48333,9.52,0,0,0,0,0,0,0,0,199,142,4e-04,7e-04,9e-04,0.0013,0.0016,0.0019,0.0024,0.003,7.85,0.01,0
2025-12-19 14:17:06,0,0,27.94,0,8,6075,101.25,171,2.85,385,6.41667,11.91,0,0,0,0,0,0,0,0,231,163,6e-04,0.0011,0.0014,0.0019,0.002,0.0021,0.0025,0.0032,12.55,0.01,0
2025-12-19 14:18:06,0,0,27.75,0,16,7807,130.117,212,3.53333,412,6.86667,15.75,0,0,0,0,0,0,0,0,219,150,6e-04,0.0012,0.0016,0.0022,0.0027,0.0029,0.0034,0.0044,14,0.01,0
2025-12-19 14:19:06,0,0,28.06,0,1,1663,27.7167,28,0.466667,119,1.98333,39.19,0,0,0,0,0.01,0,0,0,228,167,0.0018,0.0033,0.0043,0.0057,0.0065,0.007,0.0082,0.0104,39.19,0.03,0
2025-12-19 14:20:06,0,0,28.31,0,8,2236,37.2667,49,0.816667,147,2.45,42.36,0,0,0,0,0.01,0,0,0,171,123,0.0019,0.0036,0.0048,0.0062,0.007,0.0075,0.0087,0.011,43.33,0.03,0
2025-12-19 14:21:06,0,0,27.88,0,1,4082,68.0333,96,1.6,306,5.1,44.54,0,0,0,0,0.01,0,0,0,228,175,0.002,0.0038,0.005,0.0065,0.0074,0.0079,0.0093,0.0116,45.1,0.03,0
2025-12-19 14:22:06,0,0,27.81,0,1,2779,46.3167,87,1.45,118,1.96667,38.48,0,0,0,0,0.01,0,0,0,222,166,0.0018,0.0033,0.0043,0.0056,0.0064,0.0068,0.008,0.0102,38.7,0.03,0
2025-12-19 14:23:06,0,0,27.88,0,1,2133,35.55,56,0.933333,67,1.11667,29.05,0,0,0,0,0.01,0,0,0,205,147,0.0013,0.0025,0.0033,0.0044,0.0048,0.0053,0.0063,0.0081,29.05,0.02,0
2025-12-19 14:24:06,0,0,28.44,0,1,4449,74.15,152,2.53333,189,3.15,20.02,0,0,0,0,0.01,0,0,0,207,147,8e-04,0.0016,0.0021,0.0029,0.0034,0.0038,0.0047,0.0062,17.9,0.02,0
2025-12-19 14:25:06,0,0,28.19,0,8,6323,105.383,177,2.95,311,5.18333,11.52,0,0,0,0,0,0,0,0,233,162,5e-04,9e-04,0.0012,0.0018,0.0019,0.0021,0.0025,0.0033,10.94,0.01,0
2025-12-19 14:26:06,0,0,28.19,0,8,7923,132.05,224,3.73333,374,6.23333,10.33,0,0,0,0,0,0,0,0,225,155,4e-04,8e-04,0.0011,0.0015,0.0018,0.002,0.0025,0.0034,8.73,0.01,0
2025-12-19 14:27:06,0,0,28.12,0,1,6985,116.417,201,3.35,376,6.26667,5.02,0,0,0,0,0,0,0,0,198,128,2e-04,4e-04,5e-04,7e-04,9e-04,0.001,0.0012,0.0016,3.98,0,0
2025-12-19 14:28:06,0,0,27.94,0,1,4714,78.5667,73,1.21667,340,5.66667,12.29,0,0,0,0,0,0,0,0,193,149,5e-04,0.001,0.0013,0.0018,0.0021,0.0024,0.0028,0.0039,11.01,0.01,0
2025-12-19 14:29:06,0,0,27.94,0,8,3999,66.65,60,1,277,4.61667,7.46,0,0,0,0,0,0,0,0,232,161,3e-04,6e-04,8e-04,0.0011,0.0013,0.0014,0.0018,0.0025,6.28,0.01,0
2025-12-19 14:30:06,0,0,27.94,0,1,1789,29.8167,15,0.25,139,2.31667,8.74,0,0,0,0,0,0,0,0,207,139,4e-04,7e-04,9e-04,0.0013,0.0015,0.0017,0.0021,0.003,7.48,0.01,0
2025-12-19 14:31:06,0,0,27.94,0,1,2050,34.1667,21,0.35,173,2.88333,3.81,0,0,0,0,0,0,0,0,207,150,1e-04,3e-04,4e-04,6e-04,7e-04,7e-04,9e-04,0.0013,3.01,0,0
2025-12-19 14:32:06,0,0,27.94,0,16,760,12.6667,1,0.0166667,86,1.43333,3.91,0,0,0,0,0,0,0,0,210,151,1e-04,3e-04,3e-04,6e-04,7e-04,5e-04,0.001,6e-04,3.43,0,0
2025-12-19 14:33:06,0,0,28.19,0,16,648,10.8,1,0.0166667,64,1.06667,4.15,0,0,0,0,0,0,0,0,207,151,1e-04,3e-04,3e-04,6e-04,7e-04,6e-04,0.001,8e-04,3.71,0,0
2025-12-19 14:34:06,0,0,28.44,0,16,1439,23.9833,7,0.116667,165,2.75,5.66,0,0,0,0,0,0,0,0,208,150,1e-04,4e-04,4e-04,8e-04,9e-04,8e-04,0.0014,7e-04,5.1,0,0
2025-12-19 14:35:06,0,0,28.75,0,16,511,8.51667,0,0,45,0.75,5.66,0,0,0,0,0,0,0,0,175,125,1e-04,4e-04,4e-04,8e-04,0.001,7e-04,0.0015,7e-04,4.96,0,0
2025-12-19 14:36:06,0,0,28.81,0,16,602,10.0333,0,0,66,1.1,5.4,0,0,0,0,0,0,0,0,205,150,1e-04,4e-04,4e-04,8e-04,9e-04,7e-04,0.0013,8e-04,4.9,0,0
2025-12-19 14:37:06,0,0,29.12,0,16,694,11.5667,0,0,68,1.13333,3.58,0,0,0,0,0,0,0,0,192,138,1e-04,3e-04,3e-04,5e-04,6e-04,5e-04,8e-04,6e-04,3.23,0,0
2025-12-19 14:38:06,0,0,29.31,0,16,1202,20.0333,23,0.383333,101,1.68333,4.09,0,0,0,0,0,0,0,0,200,146,1e-04,3e-04,4e-04,6e-04,7e-04,6e-04,9e-04,8e-04,3.83,0,0
2025-12-19 14:39:06,0,0,29.31,0,16,254,4.23333,0,0,20,0.333333,4.12,0,0,0,0,0,0,0,0,202,146,2e-04,3e-04,4e-04,6e-04,7e-04,6e-04,9e-04,9e-04,3.96,0,0
2025-12-19 14:40:06,0,0,29.38,0,16,366,6.1,0,0,34,0.566667,3.61,0,0,0,0,0,0,0,0,211,153,1e-04,3e-04,3e-04,5e-04,6e-04,5e-04,8e-04,7e-04,3.31,0,0
2025-12-19 14:41:06,0,0,29.31,0,16,528,8.8,0,0,45,0.75,3.9,0,0,0,0,0,0,0,0,206,150,1e-04,3e-04,3e-04,6e-04,7e-04,6e-04,9e-04,7e-04,3.49,0,0
2025-12-19 14:42:06,0,0,29.62,0,16,989,16.4833,20,0.333333,48,0.8,4.08,0,0,0,0,0,0,0,0,175,136,1e-04,3e-04,3e-04,6e-04,7e-04,6e-04,0.001,7e-04,3.72,0,0
2025-12-19 14:43:06,0,0,29.5,0,1,1876,31.2667,56,0.933333,111,1.85,3.05,0,0,0,0,0,0,0,0,202,148,1e-04,3e-04,2e-04,5e-04,5e-04,4e-04,8e-04,4e-04,2.72,0,0
2025-12-19 14:44:06,0,0,29.75,0,16,383,6.38333,1,0.0166667,28,0.466667,5.01,0,0,0,0,0,0,0,0,203,148,2e-04,4e-04,4e-04,8e-04,8e-04,7e-04,0.0011,9e-04,4.94,0,0
2025-12-19 14:45:06,0,0,29.69,0,1,986,16.4333,3,0.05,75,1.25,2.7,0,0,0,0,0,0,0,0,198,122,0,2e-04,2e-04,4e-04,5e-04,4e-04,7e-04,4e-04,2.26,0,0
2025-12-19 14:46:06,0,0,29.5,0,1,46,0.766667,0,0,1,0.0166667,1.69,0,0,0,0,0,0,0,0,190,124,0,1e-04,1e-04,3e-04,3e-04,2e-04,5e-04,2e-04,1.22,0,0
2025-12-19 14:47:06,0,0,29.56,0,1,80,1.33333,0,0,1,0.0166667,1.64,0,0,0,0,0,0,0,0,187,122,0,1e-04,1e-04,2e-04,3e-04,2e-04,4e-04,2e-04,1.18,0,0
2025-12-19 14:48:06,0,0,29.62,0,1,28,0.466667,0,0,1,0.0166667,1.59,0,0,0,0,0,0,0,0,186,124,0,1e-04,1e-04,2e-04,3e-04,2e-04,4e-04,2e-04,1.09,0,0
2025-12-19 14:49:06,0,0,29.94,0,1,384,6.4,3,0.05,31,0.516667,1.7,0,0,0,0,0,0,0,0,166,121,0,2e-04,1e-04,3e-04,3e-04,2e-04,5e-04,2e-04,1.39,0,0
2025-12-19 14:50:06,0,0,30.31,0,16,423,7.05,0,0,36,0.6,4.62,0,0,0,0,0,0,0,0,160,116,1e-04,4e-04,4e-04,7e-04,8e-04,7e-04,0.0011,8e-04,4.29,0,0
2025-12-19 14:51:06,0,0,30.38,0,16,468,7.8,0,0,37,0.616667,4.58,0,0,0,0,0,0,0,0,174,124,1e-04,4e-04,4e-04,7e-04,8e-04,7e-04,0.0011,8e-04,4.24,0,0
2025-12-19 14:52:06,0,0,30.5,0,16,315,5.25,0,0,29,0.483333,4.73,0,0,0,0,0,0,0,0,162,117,2e-04,4e-04,4e-04,7e-04,8e-04,7e-04,0.0011,9e-04,4.51,0,0
2025-12-19 14:53:06,0,0,30.62,0,16,758,12.6333,2,0.0333333,62,1.03333,4.24,0,0,0,0,0,0,0,0,156,109,1e-04,3e-04,4e-04,6e-04,7e-04,6e-04,0.001,8e-04,3.87,0,0
2025-12-19 14:54:06,0,0,30.69,0,16,595,9.91667,0,0,59,0.983333,5.27,0,0,0,0,0,0,0,0,166,110,2e-04,4e-04,5e-04,8e-04,9e-04,7e-04,0.0013,9e-04,4.96,0,0
2025-12-19 14:55:06,0,0,30.69,0,16,488,8.13333,1,0.0166667,35,0.583333,4.96,0,0,0,0,0,0,0,0,167,111,1e-04,4e-04,4e-04,7e-04,8e-04,7e-04,0.0012,8e-04,4.52,0,0
2025-12-19 14:56:06,0,0,30.81,0,16,954,15.9,0,0,95,1.58333,5.32,0,0,0,0,0,0,0,0,161,108,1e-04,4e-04,4e-04,8e-04,9e-04,7e-04,0.0013,9e-04,4.84,0,0
2025-12-19 14:57:06,0,0,30.62,0,16,2276,37.9333,50,0.833333,171,2.85,4.76,0,0,0,0,0,0,0,0,197,145,1e-04,4e-04,4e-04,7e-04,8e-04,7e-04,0.0012,8e-04,4.24,0,0
2025-12-19 14:58:06,0,0,30.69,0,16,1170,19.5,0,0,117,1.95,5.09,0,0,0,0,0,0,0,0,207,152,1e-04,4e-04,4e-04,7e-04,9e-04,7e-04,0.0014,6e-04,4.18,0,0
2025-12-19 14:59:06,0,0,30.62,0,16,585,9.75,0,0,57,0.95,5.22,0,0,0,0,0,0,0,0,210,153,1e-04,4e-04,4e-04,8e-04,9e-04,7e-04,0.0014,5e-04,4.46,0,0
2025-12-19 15:00:06,0,0,30.75,0,16,1061,17.6833,8,0.133333,94,1.56667,5.56,0,0,0,0,0,0,0,0,176,121,1e-04,4e-04,4e-04,8e-04,0.001,7e-04,0.0015,5e-04,4.7,0,0
2025-12-19 15:01:06,0,0,30.62,0,16,465,7.75,0,0,34,0.566667,4.74,0,0,0,0,0,0,0,0,183,124,1e-04,4e-04,4e-04,7e-04,8e-04,6e-04,0.0013,5e-04,4.32,0,0
2025-12-19 15:02:06,0,0,30.31,0,16,1160,19.3333,12,0.2,87,1.45,2.94,0,0,0,0,0,0,0,0,174,120,0,2e-04,2e-04,5e-04,5e-04,3e-04,8e-04,3e-04,2.4,0,0
2025-12-19 15:03:06,0,0,30.19,0,16,890,14.8333,6,0.1,81,1.35,1.95,0,0,0,0,0,0,0,0,156,132,0,1e-04,1e-04,3e-04,3e-04,2e-04,5e-04,3e-04,1.68,0,0
2025-12-19 15:04:06,0,0,30.19,0,16,985,16.4167,8,0.133333,117,1.95,1.62,0,0,0,0,0,0,0,0,172,116,0,1e-04,1e-04,2e-04,3e-04,2e-04,4e-04,2e-04,1.2,0,0
2025-12-19 15:05:06,0,0,30.31,0,16,1187,19.7833,4,0.0666667,118,1.96667,1.37,0,0,0,0,0,0,0,0,163,110,0,1e-04,1e-04,2e-04,2e-04,2e-04,3e-04,2e-04,1.06,0,0
2025-12-19 15:06:06,0,0,30,0,16,597,9.95,1,0.0166667,51,0.85,1.46,0,0,0,0,0,0,0,0,176,124,0,1e-04,1e-04,2e-04,3e-04,2e-04,3e-04,2e-04,1.15,0,0
2025-12-19 15:07:06,0,0,30.31,0,16,1179,19.65,2,0.0333333,121,2.01667,1.13,0,0,0,0,0,0,0,0,171,128,0,1e-04,1e-04,2e-04,2e-04,1e-04,3e-04,2e-04,0.85,0,0
2025-12-19 15:08:06,0,0,30.25,0,16,1630,27.1667,13,0.216667,160,2.66667,1.26,0,0,0,0,0,0,0,0,186,137,0,1e-04,1e-04,2e-04,2e-04,1e-04,3e-04,1e-04,1.01,0,0
2025-12-19 15:09:06,0,0,30.56,0,4,2119,35.3167,30,0.5,180,3,1.73,0,0,0,0,0,0,0,0,197,148,0,1e-04,1e-04,2e-04,3e-04,2e-04,5e-04,2e-04,1.14,0,0
2025-12-19 15:10:06,0,0,30.75,0,16,1899,31.65,12,0.2,203,3.38333,2.44,0,0,0,0,0,0,0,0,192,144,1e-04,2e-04,2e-04,4e-04,4e-04,3e-04,5e-04,3e-04,2.42,0,0
2025-12-19 15:11:06,0,0,30.62,0,16,722,12.0333,5,0.0833333,82,1.36667,1.97,0,0,0,0,0,0,0,0,211,153,0,2e-04,2e-04,3e-04,3e-04,2e-04,5e-04,3e-04,1.94,0,0
2025-12-19 15:12:06,0,0,30.81,0,16,2020,33.6667,14,0.233333,258,4.3,2.27,0,0,0,0,0,0,0,0,225,161,1e-04,2e-04,2e-04,4e-04,4e-04,3e-04,5e-04,4e-04,2.33,0,0
2025-12-19 15:13:06,0,0,30.94,0,16,1029,17.15,10,0.166667,122,2.03333,2.26,0,0,0,0,0,0,0,0,192,140,1e-04,2e-04,2e-04,4e-04,4e-04,3e-04,4e-04,4e-04,2.32,0,0
2025-12-19 15:14:06,0,0,30.94,0,16,953,15.8833,9,0.15,92,1.53333,1.98,0,0,0,0,0,0,0,0,214,156,1e-04,2e-04,2e-04,3e-04,3e-04,3e-04,4e-04,3e-04,2.1,0,0
2025-12-19 15:15:06,0,0,30.69,0,1,967,16.1167,6,0.1,99,1.65,1.03,0,0,0,0,0,0,0,0,205,150,0,1e-04,1e-04,2e-04,2e-04,1e-04,2e-04,2e-04,0.82,0,0
2025-12-19 15:16:06,0,0,30.94,0,16,1110,18.5,6,0.1,123,2.05,4.03,0,0,0,0,0,0,0,0,196,144,1e-04,3e-04,4e-04,6e-04,7e-04,5e-04,9e-04,5e-04,4.01,0,0
2025-12-19 15:17:06,0,0,31,0,16,657,10.95,2,0.0333333,56,0.933333,4.57,0,0,0,0,0,0,0,0,188,136,1e-04,4e-04,4e-04,7e-04,8e-04,6e-04,0.0011,5e-04,4.42,0,0
2025-12-19 15:18:06,0,0,31.31,0,1,996,16.6,7,0.116667,90,1.5,3.71,0,0,0,0,0,0,0,0,192,140,0,3e-04,3e-04,5e-04,6e-04,4e-04,0.001,3e-04,3.19,0,0
2025-12-19 15:19:06,0,0,31.38,0,16,682,11.3667,0,0,67,1.11667,4.43,0,0,0,0,0,0,0,0,190,137,1e-04,4e-04,4e-04,6e-04,7e-04,6e-04,0.0011,5e-04,4.13,0,0
2025-12-19 15:20:06,0,0,31.38,0,16,604,10.0667,0,0,58,0.966667,4.91,0,0,0,0,0,0,0,0,187,136,1e-04,4e-04,4e-04,7e-04,8e-04,6e-04,0.0012,6e-04,4.79,0,0
2025-12-19 15:21:06,0,0,31.56,0,16,380,6.33333,0,0,33,0.55,4.94,0,0,0,0,0,0,0,0,185,131,1e-04,4e-04,4e-04,7e-04,8e-04,6e-04,0.0013,6e-04,4.66,0,0
2025-12-19 15:22:06,0,0,31.62,0,16,750,12.5,0,0,67,1.11667,4.6,0,0,0,0,0,0,0,0,186,131,1e-04,4e-04,4e-04,7e-04,8e-04,5e-04,0.0012,5e-04,4.41,0,0
2025-12-19 15:23:06,0,0,31.5,0,16,351,5.85,0,0,32,0.533333,4.71,0,0,0,0,0,0,0,0,181,130,1e-04,4e-04,4e-04,7e-04,8e-04,6e-04,0.0012,4e-04,4.74,0,0
2025-12-19 15:24:06,0,0,31.62,0,16,91,1.51667,0,0,4,0.0666667,5.04,0,0,0,0,0,0,0,0,178,128,1e-04,4e-04,5e-04,7e-04,8e-04,6e-04,0.0012,5e-04,5.2,0,0
2025-12-19 15:25:06,0,0,31.75,0,16,174,2.9,0,0,14,0.233333,5.11,0,0,0,0,0,0,0,0,177,123,1e-04,4e-04,5e-04,8e-04,8e-04,6e-04,0.0012,5e-04,5.24,0,0
2025-12-19 15:26:06,0,0,31.81,0,16,495,8.25,0,0,52,0.866667,5.18,0,0,0,0,0,0,0,0,174,121,1e-04,5e-04,5e-04,8e-04,9e-04,6e-04,0.0012,4e-04,5.3,0,0
2025-12-19 15:27:06,0,0,31.5,0,16,779,12.9833,4,0.0666667,86,1.43333,4.8,0,0,0,0,0,0,0,0,212,155,1e-04,4e-04,5e-04,7e-04,8e-04,5e-04,0.0011,4e-04,4.95,0,0
2025-12-19 15:28:06,0,0,31.25,0,16,625,10.4167,0,0,72,1.2,4.86,0,0,0,0,0,0,0,0,208,153,1e-04,4e-04,5e-04,7e-04,8e-04,6e-04,0.0012,5e-04,5.22,0,0
2025-12-19 15:29:06,0,0,31.19,0,16,547,9.11667,0,0,50,0.833333,4.71,0,0,0,0,0,0,0,0,198,143,1e-04,4e-04,4e-04,7e-04,8e-04,6e-04,0.0011,4e-04,4.89,0,0
2025-12-19 15:30:06,0,0,31.44,0,16,681,11.35,0,0,89,1.48333,3.04,0,0,0,0,0,0,0,0,192,137,1e-04,3e-04,3e-04,5e-04,5e-04,3e-04,6e-04,4e-04,3.42,0,0
2025-12-19 15:31:06,0,0,31.44,0,16,906,15.1,0,0,116,1.93333,2.16,0,0,0,0,0,0,0,0,188,134,1e-04,2e-04,2e-04,4e-04,4e-04,3e-04,4e-04,3e-04,2.65,0,0
2025-12-19 15:32:06,0,0,31.31,0,16,722,12.0333,1,0.0166667,96,1.6,2.56,0,0,0,0,0,0,0,0,196,141,1e-04,2e-04,3e-04,4e-04,4e-04,3e-04,5e-04,3e-04,2.97,0,0
2025-12-19 15:33:06,0,0,31,0,16,671,11.1833,2,0.0333333,73,1.21667,2.36,0,0,0,0,0,0,0,0,209,155,1e-04,2e-04,3e-04,4e-04,4e-04,3e-04,5e-04,3e-04,2.79,0,0
2025-12-19 15:34:06,0,0,30.88,0,16,2456,40.9333,58,0.966667,177,2.95,1.04,0,0,0,0,0,0,0,0,210,154,0,1e-04,1e-04,2e-04,2e-04,1e-04,2e-04,2e-04,1.12,0,0
2025-12-19 15:35:06,0,0,30.81,0,16,1115,18.5833,9,0.15,120,2,1.92,0,0,0,0,0,0,0,0,212,156,0,2e-04,2e-04,3e-04,3e-04,2e-04,4e-04,3e-04,2.05,0,0
2025-12-19 15:36:06,0,0,30.62,0,16,2141,35.6833,53,0.883333,151,2.51667,1.22,0,0,0,0,0,0,0,0,214,157,0,1e-04,1e-04,2e-04,2e-04,1e-04,2e-04,2e-04,1.27,0,0
2025-12-19 15:37:06,0,0,30.56,0,16,839,13.9833,5,0.0833333,83,1.38333,1.1,0,0,0,0,0,0,0,0,214,157,0,1e-04,1e-04,2e-04,2e-04,1e-04,2e-04,2e-04,1.17,0,0
2025-12-19 15:38:06,0,0,30.56,0,16,973,16.2167,7,0.116667,96,1.6,1.33,0,0,0,0,0,0,0,0,184,128,0,1e-04,1e-04,2e-04,2e-04,2e-04,2e-04,2e-04,1.34,0,0
2025-12-19 15:39:06,0,0,30.56,0,16,1495,24.9167,6,0.1,138,2.3,1.34,0,0,0,0,0,0,0,0,203,145,0,1e-04,1e-04,2e-04,2e-04,2e-04,3e-04,2e-04,1.29,0,0
2025-12-19 15:40:06,0,0,30.19,0,16,1066,17.7667,6,0.1,103,1.71667,1.03,0,0,0,0,0,0,0,0,216,158,0,1e-04,1e-04,2e-04,2e-04,1e-04,2e-04,2e-04,0.98,0,0
2025-12-19 15:41:06,0,0,30.19,0,16,1530,25.5,16,0.266667,135,2.25,1.18,0,0,0,0,0,0,0,0,213,152,0,1e-04,1e-04,2e-04,2e-04,1e-04,3e-04,1e-04,0.79,0,0
2025-12-19 15:42:06,0,0,30.06,0,16,851,14.1833,2,0.0333333,86,1.43333,1.01,0,0,0,0,0,0,0,0,206,152,0,1e-04,1e-04,2e-04,2e-04,1e-04,2e-04,2e-04,1.04,0,0
2025-12-19 15:43:06,0,0,30.19,0,16,3228,53.8,63,1.05,296,4.93333,0.79,0,0,0,0,0,0,0,0,205,147,0,0,1e-04,1e-04,1e-04,1e-04,2e-04,1e-04,0.62,0,0
2025-12-19 15:44:06,0,0,30.12,0,16,1758,29.3,7,0.116667,201,3.35,1.19,0,0,0,0,0,0,0,0,201,148,0,1e-04,1e-04,2e-04,2e-04,1e-04,3e-04,1e-04,0.86,0,0
2025-12-19 15:45:06,0,0,30.25,0,16,1553,25.8833,53,0.883333,94,1.56667,1.67,0,0,0,0,0,0,0,0,203,150,0,1e-04,1e-04,2e-04,3e-04,2e-04,5e-04,2e-04,1.31,0,0
2025-12-19 15:46:06,0,0,30.12,0,16,3225,53.75,59,0.983333,240,4,1.62,0,0,0,0,0,0,0,0,207,156,0,1e-04,1e-04,2e-04,3e-04,2e-04,5e-04,1e-04,1.16,0,0
2025-12-19 15:47:06,0,0,30.25,0,16,3913,65.2167,89,1.48333,249,4.15,6.14,0,0,0,0,0,0,0,0,192,142,1e-04,2e-04,3e-04,7e-04,9e-04,0.0012,0.002,0.0012,3.25,0,0
2025-12-19 15:48:06,0,0,29.94,0,1,5792,96.5333,117,1.95,364,6.06667,9.68,0,0,0,0,0,0,0,0,230,158,1e-04,2e-04,3e-04,8e-04,0.0015,0.0024,0.0028,0.0019,3.52,0,0
2025-12-19 15:49:06,0,0,29.38,0,1,360,6,2,0.0333333,32,0.533333,15.72,0,0,0,0,0,0,0,0,220,149,2e-04,4e-04,4e-04,0.0012,0.0024,0.004,0.0045,0.0028,5.36,0.01,0
2025-12-19 15:50:06,0,0,30.19,0,8,3890,64.8333,89,1.48333,250,4.16667,21.19,0,0,0,0,0,0,0,0,161,120,2e-04,6e-04,7e-04,0.0017,0.0033,0.0053,0.0058,0.0035,8.41,0.01,0
2025-12-19 15:51:06,0,0,30,0,2,14395,239.917,508,8.46667,592,9.86667,24.3,0,0,0,0,0,0,0,0,229,160,3e-04,6e-04,8e-04,0.0019,0.0037,0.0062,0.0067,0.0041,9.21,0.01,0
2025-12-19 15:52:06,0,0,30.38,0,4,2940,49,42,0.7,231,3.85,252.65,0,0,0,0,0.01,0,0,0,189,135,0.0031,0.007,0.009,0.0204,0.0389,0.0629,0.0664,0.0378,106.17,0.1,0
2025-12-19 15:53:06,0,0,30.19,0,4,6785,113.083,167,2.78333,441,7.35,247.27,0,0,0,0,0.01,0,0,0,186,134,0.0029,0.0065,0.0085,0.0191,0.0383,0.0621,0.0656,0.0375,98.87,0.1,0
2025-12-19 15:54:06,0,0,29.88,0,16,5092,84.8667,134,2.23333,293,4.88333,48.57,0,0,0,0,0,0,0,0,183,132,6e-04,0.0013,0.0018,0.0042,0.0074,0.0117,0.0134,0.008,21.02,0.02,0
2025-12-19 15:55:06,0,0,29.62,0,16,1361,22.6833,9,0.15,127,2.11667,15.56,0,0,0,0,0,0,0,0,216,158,2e-04,4e-04,6e-04,0.0014,0.0024,0.0034,0.0054,0.0036,6.41,0.01,0
2025-12-19 15:56:06,0,0,29.44,0,16,689,11.4833,1,0.0166667,64,1.06667,14.59,0,0,0,0,0,0,0,0,191,121,2e-04,4e-04,5e-04,0.0014,0.0022,0.0032,0.0051,0.0034,6.01,0.01,0
2025-12-19 15:57:06,0,0,29.19,0,16,776,12.9333,0,0,77,1.28333,14.77,0,0,0,0,0,0,0,0,187,114,2e-04,4e-04,5e-04,0.0014,0.0023,0.0032,0.0051,0.0034,6.11,0.01,0
2025-12-19 15:58:06,0,0,29,0,16,418,6.96667,0,0,23,0.383333,14.3,0,0,0,0,0,0,0,0,186,114,2e-04,3e-04,5e-04,0.0014,0.0022,0.0031,0.005,0.0033,5.87,0.01,0
2025-12-19 15:59:06,0,0,28.94,0,16,656,10.9333,0,0,58,0.966667,14.36,0,0,0,0,0,0,0,0,201,145,2e-04,4e-04,5e-04,0.0013,0.0022,0.0032,0.0051,0.0034,5.81,0.01,0
2025-12-19 16:00:06,0,0,28.88,0,16,1557,25.95,12,0.2,163,2.71667,13.83,0,0,0,0,0,0,0,0,182,128,2e-04,3e-04,5e-04,0.0013,0.0021,0.003,0.0048,0.0032,5.56,0.01,0
2025-12-19 16:01:06,0,0,29,0,16,1413,23.55,0,0,151,2.51667,14.69,0,0,0,0,0,0,0,0,194,128,2e-04,4e-04,5e-04,0.0014,0.0023,0.0032,0.0051,0.0034,6,0.01,0
2025-12-19 16:02:06,0,0,29.12,0,16,1254,20.9,0,0,128,2.13333,14.37,0,0,0,0,0,0,0,0,207,145,2e-04,4e-04,5e-04,0.0013,0.0022,0.0032,0.005,0.0033,5.83,0.01,0
2025-12-19 16:03:06,0,0,29.25,0,16,1597,26.6167,1,0.0166667,190,3.16667,15.19,0,0,0,0,0,0,0,0,202,137,2e-04,4e-04,5e-04,0.0014,0.0023,0.0034,0.0053,0.0035,6,0.01,0
2025-12-19 16:04:06,0,0,29.38,0,16,1873,31.2167,1,0.0166667,214,3.56667,14.21,0,0,0,0,0,0,0,0,197,138,2e-04,3e-04,5e-04,0.0013,0.0022,0.0031,0.0049,0.0033,5.78,0.01,0
2025-12-19 16:05:06,0,0,29.38,0,16,1284,21.4,0,0,144,2.4,14.12,0,0,0,0,0,0,0,0,204,139,2e-04,4e-04,5e-04,0.0013,0.0022,0.0031,0.0049,0.0033,5.82,0.01,0
2025-12-19 16:06:06,0,0,29.19,0,16,1461,24.35,10,0.166667,149,2.48333,14.03,0,0,0,0,0,0,0,0,180,118,2e-04,4e-04,5e-04,0.0013,0.0022,0.003,0.0049,0.003,5.86,0.01,0
2025-12-19 16:07:06,0,0,29.5,0,16,2182,36.3667,15,0.25,242,4.03333,14.18,0,0,0,0,0,0,0,0,168,108,2e-04,4e-04,5e-04,0.0014,0.0022,0.003,0.0049,0.0031,5.99,0.01,0
2025-12-19 16:08:06,0,0,29.56,0,16,1923,32.05,34,0.566667,171,2.85,13.99,0,0,0,0,0,0,0,0,207,151,2e-04,4e-04,5e-04,0.0014,0.0021,0.003,0.0048,0.003,6.05,0.01,0
2025-12-19 16:09:06,0,0,29.69,0,16,2074,34.5667,17,0.283333,220,3.66667,13.64,0,0,0,0,0,0,0,0,161,108,2e-04,4e-04,5e-04,0.0013,0.0021,0.0029,0.0048,0.0031,5.75,0.01,0
2025-12-19 16:10:06,0,0,29.69,0,16,1138,18.9667,5,0.0833333,121,2.01667,13.37,0,0,0,0,0,0,0,0,161,112,2e-04,3e-04,4e-04,0.0012,0.0021,0.003,0.0047,0.0031,5.14,0.01,0
2025-12-19 16:11:06,0,0,29.75,0,16,1124,18.7333,8,0.133333,107,1.78333,13.39,0,0,0,0,0,0,0,0,206,151,2e-04,3e-04,4e-04,0.0012,0.0021,0.003,0.0047,0.0031,5.12,0.01,0
2025-12-19 16:12:06,0,0,29.75,0,16,668,11.1333,2,0.0333333,64,1.06667,13.34,0,0,0,0,0,0,0,0,217,164,2e-04,3e-04,4e-04,0.0013,0.002,0.0029,0.0046,0.0031,5.3,0.01,0
2025-12-19 16:13:06,0,0,29.69,0,1,2101,35.0167,32,0.533333,173,2.88333,8.64,0,0,0,0,0,0,0,0,197,119,1e-04,2e-04,3e-04,8e-04,0.0013,0.0019,0.003,0.002,3.25,0,0
2025-12-19 16:14:06,0,0,29.94,0,16,1137,18.95,11,0.183333,96,1.6,9.76,0,0,0,0,0,0,0,0,174,124,1e-04,2e-04,3e-04,9e-04,0.0015,0.0022,0.0034,0.0022,3.7,0,0
2025-12-19 16:15:06,0,0,29.94,0,16,1684,28.0667,15,0.25,172,2.86667,13.18,0,0,0,0,0,0,0,0,212,154,2e-04,3e-04,5e-04,0.0012,0.002,0.0029,0.0046,0.0031,5.33,0.01,0
2025-12-19 16:16:06,0,0,30.06,0,16,2912,48.5333,53,0.883333,216,3.6,13.44,0,0,0,0,0,0,0,0,227,154,2e-04,3e-04,5e-04,0.0013,0.0021,0.0029,0.0047,0.003,5.47,0.01,0
2025-12-19 16:17:06,0,0,29.75,0,8,9819,163.65,308,5.13333,473,7.88333,7.11,0,0,0,0,0,0,0,0,185,139,1e-04,1e-04,3e-04,7e-04,0.0011,0.0018,0.0023,0.0018,2.85,0,0
2025-12-19 16:18:06,0,0,29.5,0,1,427,7.11667,8,0.133333,25,0.416667,1.58,0,0,0,0,0,0,0,0,204,150,0,0,0,1e-04,2e-04,4e-04,6e-04,6e-04,0.22,0,0
2025-12-19 16:19:06,0,0,29.62,0,1,5742,95.7,153,2.55,341,5.68333,9.16,0,0,0,0,0,0,0,0,186,139,1e-04,2e-04,4e-04,9e-04,0.0014,0.0022,0.0029,0.0023,3.98,0,0
2025-12-19 16:20:06,0,0,29.56,0,1,3340,55.6667,76,1.26667,199,3.31667,14.7,0,0,0,0,0,0,0,0,205,154,2e-04,4e-04,6e-04,0.0014,0.0022,0.0035,0.0046,0.0036,6.61,0.01,0
2025-12-19 16:21:06,0,0,29.5,0,1,149,2.48333,0,0,8,0.133333,6.29,0,0,0,0,0,0,0,0,201,151,0,1e-04,2e-04,6e-04,0.001,0.0015,0.0021,0.0019,2.09,0,0
2025-12-19 16:22:06,0,0,29.44,0,1,127,2.11667,0,0,6,0.1,4.8,0,0,0,0,0,0,0,0,201,152,0,1e-04,2e-04,4e-04,7e-04,0.0012,0.0016,0.0015,1.57,0,0
2025-12-19 16:23:06,0,0,29.5,0,1,371,6.18333,8,0.133333,17,0.283333,9.12,0,0,0,0,0,0,0,0,201,149,1e-04,2e-04,3e-04,8e-04,0.0014,0.0022,0.003,0.0024,3.49,0,0
2025-12-19 16:24:06,0,0,29.31,0,1,211,3.51667,0,0,13,0.216667,5.26,0,0,0,0,0,0,0,0,204,151,0,1e-04,2e-04,5e-04,8e-04,0.0013,0.0018,0.0016,1.66,0,0
2025-12-19 16:25:06,0,0,29,0,1,524,8.73333,1,0.0166667,44,0.733333,5.26,0,0,0,0,0,0,0,0,213,161,0,1e-04,2e-04,5e-04,8e-04,0.0013,0.0018,0.0015,1.76,0,0
2025-12-19 16:26:06,0,0,29.25,0,1,559,9.31667,2,0.0333333,44,0.733333,6.27,0,0,0,0,0,0,0,0,196,147,1e-04,1e-04,2e-04,5e-04,0.001,0.0015,0.0021,0.0018,2.19,0,0
2025-12-19 16:27:06,0,0,29.25,0,1,989,16.4833,13,0.216667,81,1.35,6.12,0,0,0,0,0,0,0,0,183,139,0,1e-04,2e-04,5e-04,9e-04,0.0015,0.0021,0.0017,1.8,0,0
2025-12-19 16:28:06,0,0,29.19,0,1,3275,54.5833,70,1.16667,204,3.4,14.45,0,0,0,0,0,0,0,0,209,151,2e-04,3e-04,6e-04,0.0013,0.0021,0.0035,0.0046,0.0036,6.19,0.01,0
2025-12-19 16:29:06,0,0,29.25,0,4,4488,74.8,169,2.81667,196,3.26667,18.47,0,0,0,0,0,0,0,0,195,150,2e-04,4e-04,8e-04,0.0016,0.0027,0.0045,0.0059,0.0045,8.06,0.01,0
2025-12-19 16:30:06,0,0,29.44,0,32,716,11.9333,22,0.366667,37,0.616667,0.24,0,0,0,0,0,0,0,0,230,154,0,0,0,0,0,1e-04,1e-04,1e-04,0,0,0
2025-12-19 16:31:06,0,0,29.5,0,32,3490,58.1667,79,1.31667,174,2.9,2.57,0,0,0,0,0,0,0,0,212,145,0,0,1e-04,2e-04,4e-04,6e-04,9e-04,8e-04,0.86,0,0
2025-12-19 16:32:06,0,0,29.31,0,16,3208,53.4667,57,0.95,233,3.88333,24.19,0,0,0,0,0,0,0,0,231,162,3e-04,5e-04,0.0011,0.0022,0.0036,0.0059,0.0077,0.0058,10.59,0.01,0
2025-12-19 16:33:06,0,0,29.19,0,1,3383,56.3833,72,1.2,121,2.01667,9.65,0,0,0,0,0,0,0,0,225,156,1e-04,2e-04,3e-04,8e-04,0.0014,0.0024,0.0032,0.0025,3.52,0,0
2025-12-19 16:34:06,0,0,29,0,1,2003,33.3833,24,0.4,132,2.2,18.09,0,0,0,0,0,0,0,0,220,158,2e-04,4e-04,8e-04,0.0016,0.0027,0.0044,0.0058,0.0044,7.74,0.01,0
2025-12-19 16:35:06,0,0,28.94,0,1,2392,39.8667,23,0.383333,164,2.73333,6.36,0,0,0,0,0,0,0,0,232,163,1e-04,1e-04,2e-04,6e-04,9e-04,0.0016,0.0021,0.0017,2.41,0,0
2025-12-19 16:36:06,0,0,28.81,0,4,2349,39.15,25,0.416667,157,2.61667,7.48,0,0,0,0,0,0,0,0,222,161,1e-04,1e-04,3e-04,6e-04,0.0011,0.0019,0.0025,0.002,2.69,0,0
2025-12-19 16:37:06,0,0,28.81,0,1,3383,56.3833,74,1.23333,177,2.95,4.56,0,0,0,0,0,0,0,0,233,160,0,1e-04,1e-04,4e-04,7e-04,0.0012,0.0016,0.0014,1.21,0,0
2025-12-19 16:38:06,0,0,28.75,0,1,5142,85.7,119,1.98333,312,5.2,4.56,0,0,0,0,0,0,0,0,225,163,0,1e-04,1e-04,4e-04,7e-04,0.0012,0.0016,0.0013,1.28,0,0
2025-12-19 16:39:06,0,0,28.81,0,1,4142,69.0333,100,1.66667,266,4.43333,2.46,0,0,0,0,0,0,0,0,234,161,0,0,0,2e-04,4e-04,7e-04,9e-04,8e-04,0.41,0,0
2025-12-19 16:40:06,0,0,28.81,0,1,4002,66.7,98,1.63333,196,3.26667,5.81,0,0,0,0,0,0,0,0,224,162,1e-04,1e-04,2e-04,5e-04,9e-04,0.0014,0.002,0.0016,1.98,0,0
2025-12-19 16:41:06,0,0,28.75,0,1,4720,78.6667,147,2.45,171,2.85,12.01,0,0,0,0,0,0,0,0,220,160,1e-04,2e-04,5e-04,0.001,0.0018,0.0029,0.0039,0.003,4.74,0.01,0
2025-12-19 16:42:06,0,0,28.56,0,1,4642,77.3667,149,2.48333,189,3.15,9.16,0,0,0,0,0,0,0,0,210,150,1e-04,2e-04,3e-04,8e-04,0.0014,0.0022,0.003,0.0023,3.37,0,0
2025-12-19 16:43:06,0,0,28.31,0,16,4679,77.9833,138,2.3,260,4.33333,12.69,0,0,0,0,0,0,0,0,216,150,1e-04,3e-04,4e-04,0.0012,0.002,0.0028,0.0044,0.003,5.01,0.01,0
2025-12-19 16:44:06,0,0,28.62,0,1,1351,22.5167,20,0.333333,90,1.5,5.63,0,0,0,0,0,0,0,0,232,155,1e-04,1e-04,2e-04,5e-04,8e-04,0.0014,0.0018,0.0016,1.97,0,0
2025-12-19 16:45:06,0,0,28.56,0,32,103,1.71667,0,0,2,0.0333333,0.61,0,0,0,0,0,0,0,0,237,161,0,0,0,0,1e-04,2e-04,2e-04,3e-04,0,0,0
2025-12-19 16:46:06,0,0,28.56,0,1,56,0.933333,0,0,4,0.0666667,1.35,0,0,0,0,0,0,0,0,236,159,0,0,0,1e-04,2e-04,4e-04,5e-04,5e-04,0.06,0,0
2025-12-19 16:47:06,0,0,28.81,0,1,224,3.73333,1,0.0166667,13,0.216667,1.47,0,0,0,0,0,0,0,0,233,155,0,0,0,1e-04,2e-04,4e-04,5e-04,5e-04,0.27,0,0
2025-12-19 16:48:06,0,0,28.88,0,1,881,14.6833,40,0.666667,35,0.583333,0.09,0,0,0,0,0,0,0,0,227,149,0,0,0,0,0,0,1e-04,1e-04,0,0,0
2025-12-19 16:49:06,0,0,29,0,1,0,0,0,0,0,0,0.42,0,0,0,0,0,0,0,0,228,149,0,0,0,0,1e-04,1e-04,2e-04,2e-04,0,0,0
2025-12-19 16:50:06,0,0,29.12,0,1,450,7.5,7,0.116667,32,0.533333,0.33,0,0,0,0,0,0,0,0,230,159,0,0,0,0,1e-04,1e-04,2e-04,2e-04,0,0,0
2025-12-19 16:51:06,0,0,28.94,0,1,952,15.8667,19,0.316667,60,1,25.37,0,0,0,0,0,0,0,0,224,161,3e-04,6e-04,0.0011,0.0022,0.0038,0.0062,0.008,0.006,10.97,0.01,0
2025-12-19 16:52:06,0,0,28.94,0,1,2727,45.45,73,1.21667,157,2.61667,13.92,0,0,0,0,0,0,0,0,192,143,1e-04,3e-04,6e-04,0.0012,0.0021,0.0034,0.0045,0.0035,5.72,0.01,0
2025-12-19 16:53:06,0,0,28.69,0,1,1660,27.6667,38,0.633333,78,1.3,4.18,0,0,0,0,0,0,0,0,223,160,0,1e-04,1e-04,4e-04,6e-04,0.0011,0.0014,0.0012,1.18,0,0
2025-12-19 16:54:06,0,0,28.75,0,1,2474,41.2333,48,0.8,179,2.98333,13.63,0,0,0,0,0,0,0,0,237,163,1e-04,3e-04,5e-04,0.0011,0.0021,0.0034,0.0044,0.0034,5.02,0.01,0
2025-12-19 16:55:06,0,0,28.56,0,1,748,12.4667,3,0.05,52,0.866667,4.47,0,0,0,0,0,0,0,0,224,150,0,1e-04,1e-04,4e-04,7e-04,0.0011,0.0015,0.0012,1.27,0,0
2025-12-19 16:56:06,0,0,28.88,0,1,1439,23.9833,24,0.4,106,1.76667,17.12,0,0,0,0,0,0,0,0,226,154,2e-04,4e-04,7e-04,0.0015,0.0025,0.0042,0.0055,0.0042,7.2,0.01,0
2025-12-19 16:57:06,0,0,28.81,0,1,1876,31.2667,32,0.533333,135,2.25,12.04,0,0,0,0,0,0,0,0,231,160,1e-04,3e-04,5e-04,0.0011,0.0018,0.0029,0.0038,0.003,4.94,0.01,0
2025-12-19 16:58:06,0,0,28.75,0,1,2406,40.1,66,1.1,120,2,9.59,0,0,0,0,0,0,0,0,233,166,1e-04,2e-04,4e-04,8e-04,0.0014,0.0024,0.0031,0.0025,3.67,0,0
2025-12-19 16:59:06,0,0,28.88,0,1,1913,31.8833,52,0.866667,100,1.66667,15.52,0,0,0,0,0,0,0,0,227,162,2e-04,4e-04,7e-04,0.0014,0.0023,0.0038,0.005,0.0038,6.6,0.01,0
2025-12-19 17:00:06,0,0,28.44,0,1,2487,41.45,43,0.716667,146,2.43333,9.3,0,0,0,0,0,0,0,0,229,165,1e-04,2e-04,4e-04,8e-04,0.0014,0.0023,0.003,0.0024,3.78,0,0
2025-12-19 17:01:06,0,0,28.44,0,1,855,14.25,12,0.2,63,1.05,3.61,0,0,0,0,0,0,0,0,199,151,0,1e-04,1e-04,3e-04,5e-04,9e-04,0.0012,0.001,0.97,0,0
2025-12-19 17:02:06,0,0,28.31,0,1,773,12.8833,11,0.183333,40,0.666667,4.76,0,0,0,0,0,0,0,0,189,141,0,1e-04,1e-04,4e-04,7e-04,0.0012,0.0017,0.0013,1.43,0,0
2025-12-19 17:03:06,0,0,28.31,0,1,1231,20.5167,12,0.2,99,1.65,3.74,0,0,0,0,0,0,0,0,194,149,0,0,1e-04,3e-04,6e-04,0.001,0.0013,0.0012,0.99,0,0
2025-12-19 17:04:06,0,0,28.31,0,1,82,1.36667,0,0,4,0.0666667,5.17,0,0,0,0,0,0,0,0,185,147,1e-04,1e-04,1e-04,4e-04,8e-04,0.0013,0.0021,0.002,1.41,0,0
2025-12-19 17:05:06,0,0,28.56,0,1,1054,17.5667,28,0.466667,64,1.06667,7.18,0,0,0,0,0,0,0,0,211,142,1e-04,1e-04,3e-04,6e-04,0.0011,0.0018,0.0025,0.0022,2.57,0,0
2025-12-19 17:06:06,0,0,28.44,0,8,510,8.5,11,0.183333,24,0.4,10.93,0,0,0,0,0,0,0,0,210,163,1e-04,2e-04,4e-04,0.001,0.0016,0.0027,0.0036,0.0028,4.37,0.01,0
2025-12-19 17:07:06,0,0,28,0,1,961,16.0167,24,0.4,66,1.1,8.57,0,0,0,0,0,0,0,0,226,158,1e-04,2e-04,3e-04,7e-04,0.0013,0.0022,0.0028,0.0023,3.27,0,0
2025-12-19 17:08:06,0,0,27.81,0,1,616,10.2667,19,0.316667,49,0.816667,12.47,0,0,0,0,0,0,0,0,231,167,2e-04,3e-04,5e-04,0.0011,0.0018,0.0031,0.0041,0.0032,5.05,0.01,0
2025-12-19 17:09:06,0,0,27.69,0,1,5,0.0833333,0,0,0,0,11.78,0,0,0,0,0,0,0,0,223,157,2e-04,3e-04,4e-04,0.001,0.0018,0.0029,0.0038,0.003,4.72,0.01,0
2025-12-19 17:10:06,0,0,27.75,0,1,363,6.05,6,0.1,30,0.5,13.5,0,0,0,0,0,0,0,0,214,156,1e-04,3e-04,6e-04,0.0012,0.002,0.0033,0.0043,0.0033,5.66,0.01,0
2025-12-19 17:11:06,0,0,27.75,0,1,812,13.5333,14,0.233333,48,0.8,5.32,0,0,0,0,0,0,0,0,207,147,1e-04,1e-04,2e-04,5e-04,8e-04,0.0013,0.0017,0.0014,2.13,0,0
2025-12-19 17:12:06,0,0,27.75,0,1,628,10.4667,0,0,33,0.55,3.81,0,0,0,0,0,0,0,0,231,167,0,1e-04,1e-04,4e-04,6e-04,9e-04,0.0013,0.0011,1.24,0,0
2025-12-19 17:13:06,0,0,27.94,0,1,372,6.2,1,0.0166667,29,0.483333,3.32,0,0,0,0,0,0,0,0,226,147,0,1e-04,1e-04,3e-04,5e-04,8e-04,0.0011,9e-04,1.08,0,0
2025-12-19 17:14:06,0,0,28.19,0,1,3459,57.65,95,1.58333,213,3.55,4.59,0,0,0,0,0,0,0,0,220,160,0,1e-04,1e-04,4e-04,7e-04,0.0011,0.0015,0.0013,1.53,0,0
2025-12-19 17:15:06,0,0,28.44,0,1,1608,26.8,21,0.35,136,2.26667,0,0,0,0,0,0,0,0,0,229,163,0,0,0,0,0,0,0,1e-04,0,0,0
2025-12-19 17:16:06,0,0,28.69,0,1,1642,27.3667,34,0.566667,93,1.55,0,0,0,0,0,0,0,0,0,221,135,0,0,0,0,0,0,0,0,0,0,0
2025-12-19 17:17:06,0,0,28.81,0,1,234,3.9,0,0,15,0.25,0.18,0,0,0,0,0,0,0,0,221,146,0,0,0,0,0,1e-04,1e-04,1e-04,0,0,0
2025-12-19 17:18:06,0,0,28.81,0,1,490,8.16667,5,0.0833333,34,0.566667,2.41,0,0,0,0,0,0,0,0,220,158,0,0,1e-04,2e-04,4e-04,6e-04,8e-04,7e-04,0.66,0,0
2025-12-19 17:19:06,0,0,28.88,0,1,288,4.8,0,0,17,0.283333,4.02,0,0,0,0,0,0,0,0,199,130,0,1e-04,1e-04,4e-04,6e-04,0.001,0.0013,0.0012,1.29,0,0
2025-12-19 17:20:06,0,0,29.12,0,1,2706,45.1,56,0.933333,178,2.96667,4.72,0,0,0,0,0,0,0,0,216,153,0,1e-04,2e-04,4e-04,7e-04,0.0012,0.0015,0.0013,1.67,0,0
2025-12-19 17:21:06,0,0,28.94,0,1,2934,48.9,62,1.03333,165,2.75,5.44,0,0,0,0,0,0,0,0,198,147,1e-04,1e-04,2e-04,5e-04,8e-04,0.0014,0.0018,0.0015,1.88,0,0
2025-12-19 17:22:06,0,0,29.12,0,1,1716,28.6,31,0.516667,132,2.2,4.32,0,0,0,0,0,0,0,0,216,156,0,1e-04,1e-04,3e-04,7e-04,0.0011,0.0015,0.0013,1.07,0,0
2025-12-19 17:23:06,0,0,29,0,1,1069,17.8167,18,0.3,69,1.15,2.93,0,0,0,0,0,0,0,0,218,153,0,0,0,2e-04,5e-04,8e-04,0.0011,9e-04,0.42,0,0
2025-12-19 17:24:06,0,0,29.06,0,1,856,14.2667,10,0.166667,54,0.9,2.88,0,0,0,0,0,0,0,0,186,139,0,0,1e-04,2e-04,4e-04,8e-04,0.001,9e-04,0.6,0,0
2025-12-19 17:25:06,0,0,28.62,0,1,1024,17.0667,13,0.216667,83,1.38333,2.86,0,0,0,0,0,0,0,0,234,175,0,0,0,2e-04,4e-04,8e-04,0.001,9e-04,0.48,0,0
2025-12-19 17:26:06,0,0,28.5,0,1,510,8.5,0,0,55,0.916667,3.41,0,0,0,0,0,0,0,0,212,150,0,1e-04,1e-04,3e-04,5e-04,9e-04,0.0012,0.001,0.78,0,0
2025-12-19 17:27:06,0,0,28.31,0,1,85,1.41667,0,0,4,0.0666667,3.89,0,0,0,0,0,0,0,0,215,152,0,1e-04,1e-04,3e-04,6e-04,0.001,0.0013,0.0011,0.94,0,0
2025-12-19 17:28:06,0,0,28.56,0,1,716,11.9333,6,0.1,52,0.866667,4.21,0,0,0,0,0,0,0,0,187,137,0,1e-04,1e-04,3e-04,6e-04,0.0011,0.0015,0.0012,1.11,0,0
2025-12-19 17:29:06,0,0,28.38,0,2,1219,20.3167,22,0.366667,84,1.4,7.64,0,0,0,0,0,0,0,0,222,163,1e-04,1e-04,3e-04,7e-04,0.0011,0.0019,0.0025,0.0021,2.73,0,0
2025-12-19 17:30:06,0,0,28.38,0,16,982,16.3667,20,0.333333,69,1.15,10.18,0,0,0,0,0,0,0,0,196,115,1e-04,2e-04,4e-04,9e-04,0.0015,0.0025,0.0033,0.0026,3.85,0.01,0
2025-12-19 17:31:06,0,0,28.06,0,1,634,10.5667,2,0.0333333,60,1,4.62,0,0,0,0,0,0,0,0,220,145,0,1e-04,1e-04,4e-04,7e-04,0.0012,0.0016,0.0013,1.32,0,0
2025-12-19 17:32:06,0,0,28.12,0,1,1818,30.3,37,0.616667,120,2,5.41,0,0,0,0,0,0,0,0,233,163,0,1e-04,2e-04,5e-04,8e-04,0.0013,0.0018,0.0014,1.96,0,0
2025-12-19 17:33:06,0,0,28.38,0,16,2740,45.6667,43,0.716667,243,4.05,21.2,0,0,0,0,0.01,0,0,0,217,137,3e-04,6e-04,0.0011,0.0021,0.0032,0.0054,0.0069,0.0052,9.02,0.01,0
2025-12-19 17:34:06,0,0,28.5,0,16,3560,59.3333,109,1.81667,193,3.21667,11.99,0,0,0,0,0,0,0,0,198,147,1e-04,3e-04,5e-04,0.0011,0.0018,0.003,0.0039,0.0029,5.02,0.01,0
2025-12-19 17:35:06,0,0,28.25,0,32,3670,61.1667,70,1.16667,292,4.86667,3.48,0,0,0,0,0,0,0,0,223,151,0,1e-04,1e-04,3e-04,5e-04,9e-04,0.0012,0.0011,0.88,0,0
2025-12-19 17:36:06,0,0,28.62,0,1,2911,48.5167,32,0.533333,238,3.96667,5.47,0,0,0,0,0,0,0,0,199,140,0,1e-04,2e-04,4e-04,8e-04,0.0014,0.0018,0.0015,1.51,0,0
2025-12-19 17:37:06,0,0,28.62,0,1,5086,84.7667,55,0.916667,494,8.23333,2.63,0,0,0,0,0,0,0,0,208,138,0,0,0,2e-04,4e-04,7e-04,0.001,9e-04,0.29,0,0
2025-12-19 17:38:06,0,0,28.69,0,1,3129,52.15,18,0.3,232,3.86667,4.47,0,0,0,0,0,0,0,0,192,128,0,1e-04,1e-04,4e-04,7e-04,0.0011,0.0015,0.0012,1.14,0,0
2025-12-19 17:39:06,0,0,28.88,0,1,2714,45.2333,12,0.2,225,3.75,2.54,0,0,0,0,0,0,0,0,203,142,0,0,0,2e-04,4e-04,7e-04,0.001,9e-04,0.18,0,0
2025-12-19 17:40:06,0,0,28.81,0,8,3298,54.9667,62,1.03333,224,3.73333,2.12,0,0,0,0,0,0,0,0,187,139,0,0,0,2e-04,3e-04,6e-04,8e-04,8e-04,0.2,0,0
2025-12-19 17:41:06,0,0,28.81,0,8,6,0.1,0,0,0,0,2.59,0,0,0,0,0,0,0,0,175,134,0,0,0,2e-04,4e-04,7e-04,0.001,9e-04,0.21,0,0
2025-12-19 17:42:06,0,0,28.62,0,8,4762,79.3667,131,2.18333,285,4.75,6.69,0,0,0,0,0,0,0,0,229,154,1e-04,1e-04,2e-04,6e-04,0.001,0.0016,0.0022,0.0017,2.54,0,0
2025-12-19 17:43:06,0,0,28.5,0,16,13728,228.8,547,9.11667,582,9.7,8.53,0,0,0,0,0,0,0,0,227,163,1e-04,3e-04,4e-04,0.001,0.0012,0.0021,0.0028,0.0022,3.88,0.01,0
2025-12-19 17:44:06,0,0,28.69,0,16,6023,100.383,139,2.31667,415,6.91667,10.21,0,0,0,0,0.01,0,0,0,231,161,2e-04,3e-04,4e-04,0.001,0.0015,0.0027,0.0033,0.0025,4.03,0.01,0
2025-12-19 17:45:06,0,0,28.5,0,16,6174,102.9,186,3.1,386,6.43333,13.84,0,0,0,0,0,0,0,0,230,163,2e-04,3e-04,6e-04,0.0013,0.0021,0.0034,0.0045,0.0034,5.58,0.01,0
2025-12-19 17:46:06,0,0,28.44,0,1,5751,95.85,191,3.18333,332,5.53333,16.24,0,0,0,0,0,0,0,0,203,144,2e-04,4e-04,7e-04,0.0015,0.0025,0.004,0.0052,0.0039,6.89,0.01,0
2025-12-19 17:47:06,0,0,28.88,0,16,1470,24.5,35,0.583333,99,1.65,14.32,0,0,0,0,0,0,0,0,150,123,2e-04,3e-04,6e-04,0.0012,0.0021,0.0035,0.0046,0.0035,5.81,0.01,0
2025-12-19 17:48:06,0,0,28.94,0,8,1876,31.2667,46,0.766667,106,1.76667,3,0,0,0,0,0,0,0,0,206,150,0,1e-04,1e-04,3e-04,5e-04,7e-04,0.001,8e-04,0.89,0,0
2025-12-19 17:49:06,0,0,28.88,0,1,2676,44.6,65,1.08333,173,2.88333,4.85,0,0,0,0,0,0,0,0,223,133,0,1e-04,1e-04,4e-04,8e-04,0.0013,0.0017,0.0015,1.26,0,0
2025-12-19 17:50:06,0,0,28.94,0,1,1469,24.4833,41,0.683333,92,1.53333,3.94,0,0,0,0,0,0,0,0,193,148,0,1e-04,1e-04,3e-04,6e-04,0.001,0.0013,0.0011,1.31,0,0
2025-12-19 17:51:06,0,0,29.44,0,1,1183,19.7167,21,0.35,74,1.23333,0.89,0,0,0,0,0,0,0,0,224,167,0,0,0,1e-04,1e-04,2e-04,3e-04,3e-04,0.21,0,0
2025-12-19 17:52:06,0,0,29.62,0,1,1312,21.8667,33,0.55,60,1,2.29,0,0,0,0,0,0,0,0,219,152,0,0,1e-04,2e-04,4e-04,6e-04,8e-04,7e-04,0.58,0,0
2025-12-19 17:53:06,0,0,29.88,0,16,2010,33.5,42,0.7,99,1.65,15.08,0,0,0,0,0,0,0,0,211,146,2e-04,3e-04,6e-04,0.0013,0.0023,0.0037,0.0048,0.0038,6.18,0.01,0
2025-12-19 17:54:06,0,0,29.69,0,16,2075,34.5833,29,0.483333,110,1.83333,20.98,0,0,0,0,0,0,0,0,214,158,3e-04,5e-04,9e-04,0.0019,0.0031,0.0051,0.0067,0.0051,9.21,0.01,0
2025-12-19 17:55:06,0,0,29.94,0,1,2598,43.3,70,1.16667,122,2.03333,2.99,0,0,0,0,0,0,0,0,215,150,0,1e-04,1e-04,2e-04,5e-04,7e-04,0.001,9e-04,0.9,0,0
2025-12-19 17:56:06,0,0,30,0,1,1056,17.6,27,0.45,47,0.783333,3.38,0,0,0,0,0,0,0,0,210,140,0,1e-04,1e-04,3e-04,5e-04,9e-04,0.0012,0.0011,0.76,0,0
2025-12-19 17:57:06,0,0,30.25,0,1,353,5.88333,0,0,27,0.45,2.68,0,0,0,0,0,0,0,0,214,140,0,0,0,2e-04,4e-04,7e-04,0.001,0.001,0.49,0,0
2025-12-19 17:58:06,0,0,30.62,0,1,120,2,0,0,11,0.183333,1.86,0,0,0,0,0,0,0,0,218,149,0,0,0,1e-04,3e-04,5e-04,7e-04,8e-04,0.15,0,0
2025-12-19 17:59:06,0,0,30.88,0,1,44,0.733333,0,0,1,0.0166667,2.29,0,0,0,0,0,0,0,0,214,128,0,0,0,2e-04,4e-04,6e-04,8e-04,8e-04,0.37,0,0
2025-12-19 18:00:06,0,0,31,0,1,576,9.6,8,0.133333,28,0.466667,2.89,0,0,0,0,0,0,0,0,210,132,0,1e-04,1e-04,2e-04,4e-04,7e-04,0.001,0.0011,0.77,0,0
2025-12-19 18:01:06,0,0,31,0,1,375,6.25,3,0.05,20,0.333333,2.77,0,0,0,0,0,0,0,0,209,121,0,1e-04,0,2e-04,4e-04,7e-04,0.001,9e-04,0.71,0,0
2025-12-19 18:02:06,0,0,31.12,0,1,11,0.183333,0,0,0,0,3.77,0,0,0,0,0,0,0,0,203,118,0,1e-04,1e-04,3e-04,6e-04,0.001,0.0013,0.0012,1.02,0,0
2025-12-19 18:03:06,0,0,31.31,0,1,660,11,18,0.3,28,0.466667,4.87,0,0,0,0,0,0,0,0,200,121,0,1e-04,1e-04,4e-04,7e-04,0.0013,0.0017,0.0015,1.27,0,0
2025-12-19 18:04:06,0,0,31.62,0,1,74,1.23333,0,0,6,0.1,0.83,0,0,0,0,0,0,0,0,213,115,0,0,0,1e-04,1e-04,2e-04,3e-04,4e-04,0,0,0
2025-12-19 18:05:06,0,0,31.75,0,1,27,0.45,0,0,0,0,0.3,0,0,0,0,0,0,0,0,218,113,0,0,0,0,1e-04,1e-04,1e-04,1e-04,0.02,0,0
2025-12-19 18:06:06,0,0,31.88,0,1,1740,29,58,0.966667,81,1.35,0.73,0,0,0,0,0,0,0,0,227,143,0,0,0,1e-04,1e-04,2e-04,3e-04,3e-04,0.11,0,0
2025-12-19 18:07:06,0,0,31.75,0,8,2929,48.8167,40,0.666667,232,3.86667,15.36,0,0,0,0,0,0,0,0,201,145,2e-04,3e-04,6e-04,0.0014,0.0023,0.0037,0.0049,0.0038,6.33,0.01,0
2025-12-19 18:08:06,0,0,31.75,0,1,865,14.4167,21,0.35,50,0.833333,1.36,0,0,0,0,0,0,0,0,192,115,0,0,0,1e-04,2e-04,3e-04,5e-04,4e-04,0.41,0,0
2025-12-19 18:09:06,0,0,31.31,0,1,666,11.1,12,0.2,25,0.416667,2.59,0,0,0,0,0,0,0,0,212,159,0,1e-04,1e-04,2e-04,4e-04,7e-04,0.001,8e-04,0.73,0,0
2025-12-19 18:10:06,0,0,30.94,0,1,988,16.4667,18,0.3,39,0.65,4.53,0,0,0,0,0,0,0,0,226,176,0,1e-04,1e-04,4e-04,7e-04,0.0011,0.0016,0.0014,1.46,0,0
2025-12-19 18:11:06,0,0,31.25,0,1,48,0.8,0,0,0,0,12.87,0,0,0,0,0,0,0,0,200,146,2e-04,3e-04,5e-04,0.0011,0.0019,0.0032,0.0041,0.0032,5.4,0.01,0
2025-12-19 18:12:06,0,0,31.12,0,1,134,2.23333,0,0,6,0.1,13.42,0,0,0,0,0,0,0,0,194,143,2e-04,3e-04,5e-04,0.0012,0.002,0.0032,0.0043,0.0033,5.64,0.01,0
2025-12-19 18:13:06,0,0,31,0,1,84,1.4,0,0,0,0,12.51,0,0,0,0,0,0,0,0,196,140,1e-04,3e-04,5e-04,0.0011,0.0019,0.003,0.004,0.0031,5.29,0.01,0
2025-12-19 18:14:06,0,0,30.81,0,1,679,11.3167,19,0.316667,20,0.333333,11.84,0,0,0,0,0,0,0,0,194,150,1e-04,3e-04,5e-04,0.0011,0.0018,0.0029,0.0038,0.003,4.94,0.01,0
2025-12-19 18:15:06,0,0,30.75,0,1,639,10.65,4,0.0666667,45,0.75,5.88,0,0,0,0,0,0,0,0,225,134,1e-04,1e-04,2e-04,5e-04,9e-04,0.0014,0.0019,0.0015,2.42,0,0
2025-12-19 18:16:06,0,0,30.81,0,32,11,0.183333,0,0,0,0,0.51,0,0,0,0,0,0,0,0,222,128,0,0,0,0,1e-04,2e-04,2e-04,2e-04,0,0,0
2025-12-19 18:17:06,0,0,30.81,0,1,296,4.93333,5,0.0833333,14,0.233333,1.48,0,0,0,0,0,0,0,0,205,155,0,0,0,1e-04,2e-04,5e-04,6e-04,7e-04,0,0,0
2025-12-19 18:18:06,0,0,30.75,0,1,2067,34.45,62,1.03333,87,1.45,3.13,0,0,0,0,0,0,0,0,222,148,0,1e-04,1e-04,3e-04,5e-04,8e-04,0.0011,0.0011,0.91,0,0
2025-12-19 18:19:06,0,0,30.69,0,1,108,1.8,0,0,8,0.133333,5.14,0,0,0,0,0,0,0,0,211,148,0,1e-04,1e-04,4e-04,8e-04,0.0013,0.0017,0.0015,1.63,0,0
2025-12-19 18:20:06,0,0,30.62,0,1,159,2.65,0,0,13,0.216667,5.89,0,0,0,0,0,0,0,0,206,149,1e-04,1e-04,2e-04,5e-04,9e-04,0.0015,0.002,0.0017,1.96,0,0
2025-12-19 18:21:06,0,0,30.5,0,1,234,3.9,1,0.0166667,8,0.133333,4.94,0,0,0,0,0,0,0,0,206,134,0,1e-04,2e-04,4e-04,7e-04,0.0013,0.0017,0.0015,1.51,0,0
2025-12-19 18:22:06,0,0,30.75,0,1,181,3.01667,0,0,5,0.0833333,3.71,0,0,0,0,0,0,0,0,194,123,0,1e-04,1e-04,3e-04,5e-04,9e-04,0.0012,0.0011,1.31,0,0
2025-12-19 18:23:06,0,0,30.94,0,1,983,16.3833,14,0.233333,54,0.9,1.39,0,0,0,0,0,0,0,0,208,134,0,0,0,1e-04,2e-04,4e-04,5e-04,5e-04,0.13,0,0
2025-12-19 18:24:06,0,0,30.94,0,1,760,12.6667,1,0.0166667,49,0.816667,2.09,0,0,0,0,0,0,0,0,209,142,0,1e-04,0,2e-04,3e-04,5e-04,7e-04,7e-04,0.7,0,0
2025-12-19 18:25:06,0,0,31.06,0,32,524,8.73333,4,0.0666667,29,0.483333,0.83,0,0,0,0,0,0,0,0,213,144,0,0,0,1e-04,1e-04,2e-04,3e-04,3e-04,0.14,0,0
2025-12-19 18:26:06,0,0,31.19,0,1,934,15.5667,18,0.3,69,1.15,1.4,0,0,0,0,0,0,0,0,223,162,0,0,0,1e-04,2e-04,4e-04,5e-04,5e-04,0.3,0,0
2025-12-19 18:27:06,0,0,31,0,1,439,7.31667,5,0.0833333,30,0.5,2.05,0,0,0,0,0,0,0,0,227,172,0,0,0,2e-04,3e-04,5e-04,6e-04,6e-04,0.49,0,0
2025-12-19 18:28:06,0,0,30.81,0,32,971,16.1833,9,0.15,74,1.23333,3.28,0,0,0,0,0,0,0,0,177,140,0,1e-04,1e-04,3e-04,5e-04,8e-04,0.0011,0.0011,1.01,0,0
2025-12-19 18:29:06,0,0,31.12,0,1,2011,33.5167,48,0.8,145,2.41667,11.71,0,0,0,0,0,0,0,0,205,137,1e-04,3e-04,5e-04,0.0011,0.0017,0.0028,0.0037,0.0029,5.12,0.01,0
2025-12-19 18:30:06,0,0,30.75,0,1,498,8.3,15,0.25,21,0.35,16.01,0,0,0,0,0,0,0,0,218,154,2e-04,4e-04,7e-04,0.0014,0.0024,0.0038,0.005,0.0038,7.15,0.01,0
2025-12-19 18:31:06,0,0,30.94,0,8,668,11.1333,21,0.35,33,0.55,16.21,0,0,0,0,0,0,0,0,212,151,2e-04,4e-04,7e-04,0.0015,0.0024,0.0039,0.0051,0.0038,7.29,0.01,0
2025-12-19 18:32:06,0,0,30.88,0,8,638,10.6333,14,0.233333,32,0.533333,16.45,0,0,0,0,0,0,0,0,204,143,2e-04,5e-04,7e-04,0.0015,0.0024,0.0039,0.0051,0.0039,7.57,0.01,0
2025-12-19 18:33:06,0,0,30.81,0,8,0,0,0,0,0,0,15.04,0,0,0,0,0,0,0,0,199,140,2e-04,4e-04,6e-04,0.0014,0.0022,0.0036,0.0048,0.0037,6.63,0.01,0
2025-12-19 18:34:06,0,0,30.88,0,8,243,4.05,6,0.1,13,0.216667,15.35,0,0,0,0,0,0,0,0,195,136,2e-04,4e-04,7e-04,0.0014,0.0023,0.0037,0.0049,0.0037,6.78,0.01,0
2025-12-19 18:35:06,0,0,30.94,0,16,866,14.4333,17,0.283333,58,0.966667,23.32,0,0,0,0,0,0,0,0,210,134,3e-04,5e-04,0.001,0.0021,0.0035,0.0057,0.0074,0.0056,10.04,0.01,0
2025-12-19 18:36:06,0,0,31.06,0,1,441,7.35,10,0.166667,26,0.433333,16.16,0,0,0,0,0,0,0,0,183,121,2e-04,3e-04,7e-04,0.0014,0.0024,0.004,0.0052,0.004,6.48,0.01,0
2025-12-19 18:37:06,0,0,31.06,0,16,727,12.1167,20,0.333333,43,0.716667,25.51,0,0,0,0,0,0,0,0,178,124,3e-04,6e-04,0.0011,0.0022,0.0038,0.0062,0.0081,0.0061,11.14,0.01,0
2025-12-19 18:38:06,0,0,30.88,0,16,5676,94.6,166,2.76667,281,4.68333,18.28,0,0,0,0,0,0,0,0,172,116,2e-04,4e-04,8e-04,0.0016,0.0027,0.0045,0.0059,0.0045,7.72,0.01,0
2025-12-19 18:39:06,0,0,30.94,0,8,5349,89.15,181,3.01667,288,4.8,36.99,0,0,0,0,0,0,0,0,189,120,4e-04,0.001,0.0015,0.0032,0.0056,0.0091,0.0108,0.0073,15.94,0.02,0
2025-12-19 18:40:06,0,0,30.56,0,8,4963,82.7167,172,2.86667,222,3.7,50.82,0,0,0,0,0,0,0,0,216,158,6e-04,0.0015,0.0019,0.0044,0.0077,0.0126,0.0139,0.0085,21.99,0.02,0
2025-12-19 18:41:06,0,0,30.25,0,1,3033,50.55,94,1.56667,145,2.41667,4.88,0,0,0,0,0,0,0,0,220,152,0,1e-04,1e-04,4e-04,7e-04,0.0012,0.0017,0.0015,1.46,0,0
2025-12-19 18:42:06,0,0,30.25,0,1,747,12.45,18,0.3,46,0.766667,4.87,0,0,0,0,0,0,0,0,157,116,0,1e-04,1e-04,4e-04,8e-04,0.0011,0.0017,0.0015,1.6,0,0
2025-12-19 18:43:06,0,0,30.38,0,4,558,9.3,9,0.15,52,0.866667,6.69,0,0,0,0,0,0,0,0,153,112,1e-04,2e-04,2e-04,6e-04,0.001,0.0015,0.0023,0.0018,2.49,0,0
2025-12-19 18:44:06,0,0,30.19,0,4,667,11.1167,9,0.15,48,0.8,6.34,0,0,0,0,0,0,0,0,204,159,1e-04,1e-04,2e-04,6e-04,0.001,0.0015,0.0021,0.002,2.3,0,0
2025-12-19 18:45:06,0,0,30.38,0,4,63,1.05,0,0,4,0.0666667,5.45,0,0,0,0,0,0,0,0,160,119,0,2e-04,2e-04,5e-04,8e-04,0.0012,0.0019,0.0015,2.08,0,0
2025-12-19 18:46:06,0,0,30.38,0,8,887,14.7833,24,0.4,56,0.933333,7.56,0,0,0,0,0,0,0,0,194,156,1e-04,2e-04,3e-04,7e-04,0.0011,0.0018,0.0025,0.0023,2.94,0,0
2025-12-19 18:47:06,0,0,30.31,0,8,1457,24.2833,26,0.433333,78,1.3,12.05,0,0,0,0,0,0,0,0,220,161,1e-04,3e-04,5e-04,0.0011,0.0018,0.0029,0.0039,0.0033,5.19,0.01,0
2025-12-19 18:48:06,0,0,30.19,0,1,5185,86.4167,108,1.8,330,5.5,15.5,0,0,0,0,0,0,0,0,224,156,2e-04,3e-04,6e-04,0.0013,0.0023,0.0038,0.0051,0.0042,6.26,0.01,0
2025-12-19 18:49:06,0,0,29.94,0,1,2999,49.9833,68,1.13333,180,3,4.53,0,0,0,0,0,0,0,0,215,156,0,1e-04,2e-04,4e-04,7e-04,0.0011,0.0015,0.0015,1.42,0,0
2025-12-19 18:50:06,0,0,29.94,0,8,3946,65.7667,111,1.85,241,4.01667,1.78,0,0,0,0,0,0,0,0,224,151,0,0,0,1e-04,3e-04,5e-04,5e-04,3e-04,0.36,0,0
2025-12-19 18:51:06,0,0,29.69,0,8,3111,51.85,63,1.05,188,3.13333,2.54,0,0,0,0,0,0,0,0,202,138,0,0,0,2e-04,4e-04,7e-04,7e-04,4e-04,0.31,0,0
2025-12-19 18:52:06,0,0,29.31,0,1,4758,79.3,117,1.95,278,4.63333,0.43,0,0,0,0,0,0,0,0,232,164,0,0,0,0,1e-04,1e-04,1e-04,1e-04,0.03,0,0
2025-12-19 18:53:06,0,0,29.19,0,8,7410,123.5,195,3.25,446,7.43333,5.48,0,0,0,0,0,0,0,0,232,162,0,1e-04,1e-04,4e-04,8e-04,0.0014,0.0017,0.0012,1.68,0,0
2025-12-19 18:54:06,0,0,28.94,0,1,11549,192.483,415,6.91667,505,8.41667,24.77,0,0,0,0,0,0,0,0,213,158,2e-04,6e-04,8e-04,0.0019,0.004,0.0061,0.0062,0.0037,9.51,0.01,0
2025-12-19 18:55:06,0,0,28.62,0,1,5992,99.8667,152,2.53333,356,5.93333,0,0,0,0,0,0,0,0,0,193,144,0,0,0,0,0,0,0,0,0,0,0
2025-12-19 18:56:06,0,0,29.31,0,1,7869,131.15,231,3.85,414,6.9,0,0,0,0,0,0,0,0,0,174,124,0,0,0,0,0,0,0,0,0,0,0
2025-12-19 18:57:06,0,0,29.25,0,1,8429,140.483,204,3.4,463,7.71667,1.74,0,0,0,0,0,0,0,0,211,162,0,0,0,0,3e-04,7e-04,4e-04,2e-04,0,0,0
2025-12-19 18:58:06,0,0,28.44,0,1,10200,170,307,5.11667,491,8.18333,0.86,0,0,0,0,0,0,0,0,218,166,0,0,0,0,2e-04,3e-04,2e-04,0,0,0,0
2025-12-19 18:59:06,0,0,27.31,0,1,9007,150.117,254,4.23333,487,8.11667,0.04,0,0,0,0,0,0,0,0,212,156,0,0,0,0,0,0,0,0,0,0,0
2025-12-19 19:00:06,0,0,26,0,8,5400,90,131,2.18333,347,5.78333,0,0,0,0,0,0,0,0,0,218,159,0,0,0,0,0,0,0,0,0,0,0
2025-12-19 19:01:06,0,0,25.06,0,1,6560,109.333,131,2.18333,419,6.98333,0,0,0,0,0,0,0,0,0,220,160,0,0,0,0,0,0,0,0,0,0,0
2025-12-19 19:02:06,0,0,25.88,0,1,8450,140.833,191,3.18333,469,7.81667,0,0,0,0,0,0,0,0,0,183,137,0,0,0,0,0,0,0,0,0,0,0
2025-12-19 19:03:06,0,0,26,0,1,9126,152.1,285,4.75,507,8.45,0,0,0,0,0,0,0,0,0,212,143,0,0,0,0,0,0,0,0,0,0,0
2025-12-19 19:04:06,0,0,26,0,1,1269,21.15,24,0.4,95,1.58333,0,0,0,0,0,0,0,0,0,197,131,0,0,0,0,0,0,0,0,0,0,0
2025-12-19 19:05:06,0,0,26,0,8,8444,140.733,275,4.58333,461,7.68333,0,0,0,0,0,0,0,0,0,213,151,0,0,0,0,0,0,0,0,0,0,0
2025-12-19 19:06:06,0,0,26.12,0,1,6990,116.5,212,3.53333,388,6.46667,0,0,0,0,0,0,0,0,0,202,147,0,0,0,0,0,0,0,0,0,0,0
2025-12-19 19:07:06,0,0,26.31,0,8,8103,135.05,205,3.41667,447,7.45,0.67,0,0,0,0,0,0,0,0,200,146,0,0,0,0,1e-04,2e-04,2e-04,1e-04,0.01,0,0
2025-12-19 19:08:06,0,0,26.44,0,1,13194,219.9,467,7.78333,633,10.55,2.67,0,0,0,0,0,0,0,0,213,151,0,1e-04,1e-04,3e-04,4e-04,6e-04,7e-04,4e-04,1.17,0,0
2025-12-19 19:09:06,0,0,26.56,0,1,2090,34.8333,49,0.816667,105,1.75,4.85,0,0,0,0,0,0,0,0,204,129,0,1e-04,2e-04,4e-04,7e-04,0.0012,0.0016,0.0014,1.64,0,0
2025-12-19 19:10:06,0,0,26.69,0,1,382,6.36667,9,0.15,27,0.45,7.4,0,0,0,0,0,0,0,0,195,121,1e-04,1e-04,3e-04,6e-04,0.0011,0.0019,0.0025,0.0021,2.54,0,0
2025-12-19 19:11:06,0,0,26.81,0,1,664,11.0667,13,0.216667,40,0.666667,8.16,0,0,0,0,0,0,0,0,190,137,1e-04,1e-04,3e-04,7e-04,0.0012,0.002,0.0027,0.0022,3.01,0,0
2025-12-19 19:12:06,0,0,27.06,0,1,335,5.58333,6,0.1,23,0.383333,4.84,0,0,0,0,0,0,0,0,192,121,0,1e-04,1e-04,4e-04,7e-04,0.0012,0.0017,0.0014,1.49,0,0
2025-12-19 19:13:06,0,0,27.19,0,1,6,0.1,0,0,0,0,5.01,0,0,0,0,0,0,0,0,188,119,0,1e-04,2e-04,4e-04,8e-04,0.0013,0.0017,0.0014,1.71,0,0
2025-12-19 19:14:06,0,0,27.25,0,1,27,0.45,0,0,2,0.0333333,3.95,0,0,0,0,0,0,0,0,185,129,0,1e-04,1e-04,4e-04,6e-04,0.001,0.0013,0.0012,1.04,0,0
2025-12-19 19:15:06,0,0,27.56,0,1,334,5.56667,12,0.2,17,0.283333,3.85,0,0,0,0,0,0,0,0,184,128,0,1e-04,1e-04,4e-04,6e-04,0.001,0.0013,0.0012,1.06,0,0
2025-12-19 19:16:06,0,0,28.25,0,1,1109,18.4833,28,0.466667,45,0.75,7.11,0,0,0,0,0,0,0,0,181,128,1e-04,1e-04,3e-04,6e-04,0.001,0.0018,0.0025,0.0021,2.44,0,0
2025-12-19 19:17:06,0,0,28.5,0,1,0,0,0,0,0,0,6.94,0,0,0,0,0,0,0,0,181,124,1e-04,1e-04,2e-04,6e-04,0.001,0.0018,0.0024,0.0021,2.25,0,0
2025-12-19 19:18:06,0,0,28.81,0,1,433,7.21667,5,0.0833333,28,0.466667,5.28,0,0,0,0,0,0,0,0,182,111,0,1e-04,1e-04,4e-04,8e-04,0.0014,0.0019,0.0016,1.51,0,0
2025-12-19 19:19:06,0,0,28.94,0,1,3,0.05,0,0,0,0,5.21,0,0,0,0,0,0,0,0,182,109,0,1e-04,1e-04,4e-04,8e-04,0.0014,0.0019,0.0017,1.4,0,0
2025-12-19 19:20:06,0,0,29.06,0,1,5,0.0833333,0,0,0,0,5.26,0,0,0,0,0,0,0,0,181,108,0,1e-04,1e-04,4e-04,8e-04,0.0014,0.0019,0.0017,1.42,0,0
2025-12-19 19:21:06,0,0,29.19,0,1,0,0,0,0,0,0,5.3,0,0,0,0,0,0,0,0,180,108,0,1e-04,2e-04,5e-04,8e-04,0.0014,0.0019,0.0017,1.61,0,0
2025-12-19 19:22:06,0,0,29.19,0,1,30,0.5,0,0,4,0.0666667,5.37,0,0,0,0,0,0,0,0,187,110,0,1e-04,1e-04,4e-04,8e-04,0.0014,0.0019,0.0017,1.41,0,0
2025-12-19 19:23:06,0,0,29.25,0,1,692,11.5333,23,0.383333,41,0.683333,5.54,0,0,0,0,0,0,0,0,197,116,1e-04,1e-04,2e-04,4e-04,8e-04,0.0015,0.002,0.0018,1.55,0,0
2025-12-19 19:24:06,0,0,29.44,0,1,0,0,0,0,0,0,5.73,0,0,0,0,0,0,0,0,195,112,1e-04,1e-04,1e-04,4e-04,9e-04,0.0015,0.002,0.0018,1.49,0,0
2025-12-19 19:25:06,0,0,29.44,0,1,282,4.7,5,0.0833333,17,0.283333,5.92,0,0,0,0,0,0,0,0,192,113,1e-04,1e-04,2e-04,5e-04,9e-04,0.0015,0.0021,0.0018,1.87,0,0
2025-12-19 19:26:06,0,0,29.56,0,1,560,9.33333,3,0.05,40,0.666667,3.77,0,0,0,0,0,0,0,0,199,138,0,0,1e-04,3e-04,6e-04,0.001,0.0014,0.0013,0.73,0,0
2025-12-19 19:27:06,0,0,29.5,0,1,1258,20.9667,16,0.266667,79,1.31667,4.39,0,0,0,0,0,0,0,0,212,154,0,1e-04,1e-04,3e-04,7e-04,0.0011,0.0016,0.0014,1.14,0,0
2025-12-19 19:28:06,0,0,29.62,0,1,4624,77.0667,110,1.83333,265,4.41667,17.55,0,0,0,0,0,0,0,0,192,137,2e-04,4e-04,5e-04,0.0014,0.0027,0.0044,0.005,0.0033,6.44,0.01,0
2025-12-19 19:29:06,0,0,30.12,0,16,5946,99.1,147,2.45,437,7.28333,17.05,0,0,0,0,0,0,0,0,185,123,2e-04,4e-04,5e-04,0.0014,0.0026,0.0043,0.0049,0.0032,6.25,0.01,0
2025-12-19 19:30:06,0,0,30.12,0,1,6702,111.7,173,2.88333,461,7.68333,29.28,0,0,0,0,0,0,0,0,200,146,4e-04,0.0015,0.0011,0.0025,0.0046,0.0069,0.0074,0.0048,14.85,0.01,0
2025-12-19 19:31:06,0,0,29.94,0,1,5723,95.3833,133,2.21667,409,6.81667,17.56,0,0,0,0,0,0,0,0,187,134,2e-04,4e-04,5e-04,0.0013,0.0028,0.0044,0.0049,0.0033,5.85,0.01,0
2025-12-19 19:32:06,0,0,29.94,0,1,7216,120.267,165,2.75,396,6.6,15.33,0,0,0,0,0,0,0,0,209,150,2e-04,4e-04,5e-04,0.0012,0.0024,0.0038,0.0045,0.0032,5.78,0.01,0
2025-12-19 19:33:06,0,0,30,0,1,1594,26.5667,36,0.6,104,1.73333,3.17,0,0,0,0,0,0,0,0,201,131,0,0,1e-04,2e-04,5e-04,9e-04,0.0012,0.0011,0.45,0,0
2025-12-19 19:34:06,0,0,30,0,1,703,11.7167,11,0.183333,48,0.8,2.49,0,0,0,0,0,0,0,0,198,146,0,0,0,2e-04,4e-04,7e-04,9e-04,8e-04,0.14,0,0
2025-12-19 19:35:06,0,0,29.56,0,2,1673,27.8833,50,0.833333,82,1.36667,5.99,0,0,0,0,0,0,0,0,220,162,0,1e-04,2e-04,5e-04,9e-04,0.0015,0.002,0.0017,2.01,0,0
2025-12-19 19:36:06,0,0,29.62,0,1,2517,41.95,52,0.866667,139,2.31667,5.26,0,0,0,0,0,0,0,0,226,160,0,1e-04,2e-04,4e-04,8e-04,0.0013,0.0017,0.0014,1.85,0,0
2025-12-19 19:37:06,0,0,29.5,0,1,2127,35.45,27,0.45,152,2.53333,8.64,0,0,0,0,0,0,0,0,196,130,1e-04,2e-04,3e-04,8e-04,0.0013,0.0021,0.0028,0.0022,3.24,0,0
2025-12-19 19:38:06,0,0,29.81,0,16,1585,26.4167,12,0.2,135,2.25,10.31,0,0,0,0,0,0,0,0,193,143,1e-04,2e-04,4e-04,9e-04,0.0015,0.0025,0.0033,0.0026,4.3,0.01,0
2025-12-19 19:39:06,0,0,29.44,0,16,2105,35.0833,32,0.533333,145,2.41667,13.3,0,0,0,0,0,0,0,0,196,130,1e-04,3e-04,5e-04,0.0012,0.002,0.0032,0.0042,0.0032,5.65,0.01,0
2025-12-19 19:40:06,0,0,29.44,0,1,2651,44.1833,27,0.45,241,4.01667,9.38,0,0,0,0,0,0,0,0,214,151,1e-04,3e-04,4e-04,9e-04,0.0014,0.0023,0.003,0.0023,4,0,0
2025-12-19 19:41:06,0,0,29.25,0,1,1838,30.6333,14,0.233333,175,2.91667,8.67,0,0,0,0,0,0,0,0,199,138,1e-04,2e-04,3e-04,8e-04,0.0013,0.0021,0.0028,0.0022,3.35,0,0
2025-12-19 19:42:06,0,0,29.69,0,16,2606,43.4333,24,0.4,232,3.86667,10.62,0,0,0,0,0,0,0,0,188,135,1e-04,2e-04,4e-04,9e-04,0.0016,0.0026,0.0034,0.0027,4.26,0.01,0
2025-12-19 19:43:06,0,0,29.56,0,16,1927,32.1167,25,0.416667,140,2.33333,12.87,0,0,0,0,0,0,0,0,228,164,1e-04,3e-04,5e-04,0.0011,0.0019,0.0031,0.0041,0.0032,5.14,0.01,0
2025-12-19 19:44:06,0,0,29.62,0,1,3629,60.4833,52,0.866667,330,5.5,9.77,0,0,0,0,0,0,0,0,212,147,1e-04,2e-04,4e-04,9e-04,0.0015,0.0024,0.0031,0.0025,3.99,0,0
2025-12-19 19:45:06,0,0,29.5,0,1,6941,115.683,150,2.5,396,6.6,8.58,0,0,0,0,0,0,0,0,172,122,1e-04,2e-04,2e-04,7e-04,0.0013,0.0022,0.0024,0.0016,3.02,0,0
2025-12-19 19:46:06,0,0,29.44,0,1,3388,56.4667,60,1,242,4.03333,7.38,0,0,0,0,0,0,0,0,233,167,1e-04,2e-04,2e-04,6e-04,0.0011,0.0019,0.0022,0.0016,2.51,0,0
2025-12-19 19:47:06,0,0,29,0,1,4516,75.2667,105,1.75,225,3.75,3.41,0,0,0,0,0,0,0,0,228,174,0,1e-04,1e-04,3e-04,5e-04,9e-04,0.0011,0.001,1.07,0,0
2025-12-19 19:48:06,0,0,29.19,0,1,4050,67.5,75,1.25,256,4.26667,4.53,0,0,0,0,0,0,0,0,188,143,0,1e-04,1e-04,4e-04,7e-04,0.0012,0.0016,0.0014,1.14,0,0
2025-12-19 19:49:06,0,0,29.06,0,1,3172,52.8667,50,0.833333,173,2.88333,2.45,0,0,0,0,0,0,0,0,207,154,0,0,0,2e-04,4e-04,6e-04,9e-04,8e-04,0.47,0,0
2025-12-19 19:50:06,0,0,29.31,0,1,2261,37.6833,26,0.433333,165,2.75,2.44,0,0,0,0,0,0,0,0,175,128,0,0,0,2e-04,4e-04,7e-04,9e-04,9e-04,0.33,0,0
2025-12-19 19:51:06,0,0,29.31,0,1,2789,46.4833,35,0.583333,197,3.28333,5.66,0,0,0,0,0,0,0,0,210,152,0,1e-04,2e-04,5e-04,8e-04,0.0014,0.002,0.0016,1.89,0,0
2025-12-19 19:52:06,0,0,29.5,0,1,4594,76.5667,95,1.58333,275,4.58333,8.33,0,0,0,0,0,0,0,0,218,151,1e-04,2e-04,3e-04,7e-04,0.0012,0.0021,0.0027,0.0022,3.27,0,0
2025-12-19 19:53:06,0,0,29.69,0,1,725,12.0833,9,0.15,47,0.783333,3.52,0,0,0,0,0,0,0,0,208,140,0,0,1e-04,3e-04,5e-04,9e-04,0.0012,0.001,0.92,0,0
2025-12-19 19:54:06,0,0,29.81,0,1,140,2.33333,0,0,11,0.183333,3.25,0,0,0,0,0,0,0,0,212,144,0,1e-04,1e-04,3e-04,5e-04,8e-04,0.0011,9e-04,1.11,0,0
2025-12-19 19:55:06,0,0,29.88,0,1,1252,20.8667,22,0.366667,69,1.15,7.75,0,0,0,0,0,0,0,0,200,142,1e-04,2e-04,3e-04,7e-04,0.0012,0.002,0.0026,0.0022,2.76,0,0
2025-12-19 19:56:06,0,0,30.19,0,1,1141,19.0167,19,0.316667,62,1.03333,11.8,0,0,0,0,0,0,0,0,212,154,1e-04,2e-04,4e-04,0.001,0.0018,0.003,0.004,0.0033,4.33,0.01,0
2025-12-19 19:57:06,0,0,30.19,0,1,2654,44.2333,39,0.65,188,3.13333,15.24,0,0,0,0,0,0,0,0,231,160,2e-04,3e-04,6e-04,0.0013,0.0023,0.0038,0.0049,0.0039,6.17,0.01,0
2025-12-19 19:58:06,0,0,30.69,0,1,1212,20.2,23,0.383333,76,1.26667,4.2,0,0,0,0,0,0,0,0,199,118,0,1e-04,2e-04,4e-04,6e-04,0.001,0.0013,0.001,1.75,0,0
2025-12-19 19:59:06,0,0,30.81,0,1,247,4.11667,0,0,16,0.266667,0.16,0,0,0,0,0,0,0,0,210,124,0,0,0,0,0,1e-04,1e-04,2e-04,0,0,0
2025-12-19 20:00:06,0,0,30.94,0,1,89,1.48333,0,0,4,0.0666667,0.16,0,0,0,0,0,0,0,0,201,132,0,0,0,0,0,0,1e-04,1e-04,0.01,0,0
2025-12-19 20:01:06,0,0,31.31,0,1,205,3.41667,0,0,18,0.3,0.49,0,0,0,0,0,0,0,0,192,121,0,0,0,0,1e-04,1e-04,2e-04,2e-04,0.15,0,0
2025-12-19 20:02:06,0,0,31.38,0,1,783,13.05,6,0.1,54,0.9,21.23,0,0,0,0,0,0,0,0,231,175,3e-04,5e-04,0.001,0.0019,0.0032,0.0051,0.0067,0.0049,9.43,0.01,0
2025-12-19 20:03:06,0,0,31.81,0,1,1425,23.75,36,0.6,66,1.1,15.57,0,0,0,0,0,0,0,0,185,121,2e-04,3e-04,7e-04,0.0014,0.0023,0.0038,0.0049,0.0036,6.83,0.01,0
2025-12-19 20:04:06,0,0,31.19,0,1,4302,71.7,111,1.85,216,3.6,13.45,0,0,0,0,0,0,0,0,228,164,1e-04,3e-04,6e-04,0.0013,0.002,0.0033,0.0043,0.0032,5.85,0.01,0
2025-12-19 20:05:06,0,0,31,0,1,6146,102.433,163,2.71667,315,5.25,16.86,0,0,0,0,0,0,0,0,230,173,2e-04,4e-04,5e-04,0.0014,0.0026,0.0042,0.0048,0.0032,6.3,0.01,0
2025-12-19 20:06:06,0,0,31.25,0,1,630,10.5,6,0.1,45,0.75,0.13,0,0,0,0,0,0,0,0,217,134,0,0,0,0,0,0,1e-04,1e-04,0,0,0
2025-12-19 20:07:06,0,0,31.12,0,1,404,6.73333,6,0.1,36,0.6,11.14,0,0,0,0,0,0,0,0,202,145,1e-04,3e-04,5e-04,0.001,0.0016,0.0027,0.0035,0.0026,5.1,0.01,0
2025-12-19 20:08:06,0,0,30.81,0,1,2265,37.75,61,1.01667,105,1.75,15.78,0,0,0,0,0,0,0,0,204,151,2e-04,3e-04,7e-04,0.0014,0.0024,0.0038,0.0051,0.0039,6.72,0.01,0
2025-12-19 20:09:06,0,0,30.88,0,1,909,15.15,14,0.233333,47,0.783333,9.83,0,0,0,0,0,0,0,0,179,119,1e-04,2e-04,4e-04,9e-04,0.0015,0.0024,0.0032,0.0025,4.17,0,0
2025-12-19 20:10:06,0,0,30.62,0,4,628,10.4667,9,0.15,37,0.616667,12.96,0,0,0,0,0,0,0,0,224,163,2e-04,3e-04,5e-04,0.0011,0.002,0.0032,0.0042,0.0033,4.95,0.01,0
2025-12-19 20:11:06,0,0,30.94,0,1,1133,18.8833,29,0.483333,67,1.11667,6,0,0,0,0,0,0,0,0,202,128,1e-04,1e-04,2e-04,5e-04,9e-04,0.0015,0.002,0.0017,2.06,0,0
2025-12-19 20:12:06,0,0,31,0,1,1286,21.4333,8,0.133333,93,1.55,23.07,0,0,0,0,0,0,0,0,205,153,3e-04,5e-04,0.001,0.0021,0.0034,0.0056,0.0073,0.0054,10.22,0.01,0
2025-12-19 20:13:06,0,0,30.88,0,2,808,13.4667,17,0.283333,43,0.716667,24.13,0,0,0,0,0,0,0,0,203,150,3e-04,5e-04,0.0011,0.0021,0.0036,0.0059,0.0077,0.006,10.28,0.01,0
2025-12-19 20:14:06,0,0,30.81,0,16,1695,28.25,44,0.733333,131,2.18333,33.99,0,0,0,0,0,0,0,0,226,159,4e-04,8e-04,0.0016,0.003,0.005,0.0082,0.0107,0.0079,15.46,0.02,0
2025-12-19 20:15:06,0,0,30.62,0,16,1424,23.7333,16,0.266667,113,1.88333,28.1,0,0,0,0,0,0,0,0,209,153,3e-04,7e-04,0.0012,0.0025,0.0042,0.0068,0.0089,0.0066,12.47,0.01,0
2025-12-19 20:16:06,0,0,31,0,16,3536,58.9333,74,1.23333,265,4.41667,26.78,0,0,0,0,0,0,0,0,182,133,3e-04,6e-04,0.0012,0.0024,0.004,0.0065,0.0085,0.0064,11.87,0.01,0
2025-12-19 20:17:06,0,0,31.06,0,1,5582,93.0333,166,2.76667,237,3.95,19.29,0,0,0,0,0,0,0,0,162,120,2e-04,4e-04,8e-04,0.0017,0.0029,0.0047,0.0061,0.0047,8.2,0.01,0
2025-12-19 20:18:06,0,0,31,0,1,4566,76.1,106,1.76667,260,4.33333,20.61,0,0,0,0,0,0,0,0,179,136,2e-04,5e-04,9e-04,0.0018,0.0031,0.005,0.0065,0.0049,9.07,0.01,0
2025-12-19 20:19:06,0,0,30.69,0,16,3777,62.95,83,1.38333,195,3.25,21.59,0,0,0,0,0,0,0,0,184,148,2e-04,5e-04,9e-04,0.0018,0.0032,0.0053,0.0069,0.0052,8.87,0.01,0
2025-12-19 20:20:06,0,0,30.62,0,1,555,9.25,4,0.0666667,47,0.783333,8.25,0,0,0,0,0,0,0,0,214,150,1e-04,1e-04,3e-04,7e-04,0.0012,0.0021,0.0028,0.0024,2.77,0,0
2025-12-19 20:21:06,0,0,30.62,0,1,2731,45.5167,75,1.25,163,2.71667,15.69,0,0,0,0,0,0,0,0,208,152,2e-04,3e-04,7e-04,0.0014,0.0023,0.0038,0.005,0.0039,6.68,0.01,0
2025-12-19 20:22:06,0,0,30.56,0,8,1715,28.5833,12,0.2,103,1.71667,24.72,0,0,0,0,0,0,0,0,182,135,3e-04,5e-04,0.0011,0.0022,0.0037,0.006,0.0078,0.0059,10.7,0.01,0
2025-12-19 20:23:06,0,0,30.12,0,2,934,15.5667,7,0.116667,59,0.983333,15.33,0,0,0,0,0,0,0,0,223,161,2e-04,3e-04,6e-04,0.0013,0.0023,0.0038,0.005,0.004,6.08,0.01,0
2025-12-19 20:24:06,0,0,30.06,0,1,1726,28.7667,52,0.866667,87,1.45,17.75,0,0,0,0,0,0,0,0,224,156,2e-04,4e-04,7e-04,0.0016,0.0026,0.0043,0.0057,0.0044,7.4,0.01,0
2025-12-19 20:25:06,0,0,30.31,0,1,698,11.6333,4,0.0666667,61,1.01667,4.93,0,0,0,0,0,0,0,0,192,130,0,1e-04,2e-04,4e-04,7e-04,0.0012,0.0017,0.0014,1.72,0,0
2025-12-19 20:26:06,0,0,30.44,0,1,4864,81.0667,80,1.33333,306,5.1,3.44,0,0,0,0,0,0,0,0,179,122,0,0,1e-04,3e-04,5e-04,9e-04,0.0012,0.001,1.08,0,0
2025-12-19 20:27:06,0,0,30.38,0,1,2924,48.7333,53,0.883333,156,2.6,0.06,0,0,0,0,0,0,0,0,170,120,0,0,0,0,0,0,0,0,0,0,0
2025-12-19 20:28:06,0,0,30,0,1,7388,123.133,219,3.65,432,7.2,8.97,0,0,0,0,0,0,0,0,210,150,1e-04,2e-04,3e-04,7e-04,0.0014,0.0023,0.0025,0.0016,3.22,0,0
2025-12-19 20:29:06,0,0,29.5,0,1,4543,75.7167,68,1.13333,303,5.05,4.09,0,0,0,0,0,0,0,0,178,130,0,0,1e-04,3e-04,7e-04,0.0011,0.0012,8e-04,0.97,0,0
2025-12-19 20:30:06,0,0,29.19,0,1,5374,89.5667,113,1.88333,357,5.95,12.59,0,0,0,0,0,0,0,0,213,151,1e-04,3e-04,4e-04,0.001,0.0019,0.0032,0.0037,0.0026,4.37,0.01,0
2025-12-19 20:31:06,0,0,29.31,0,1,8008,133.467,241,4.01667,368,6.13333,8.81,0,0,0,0,0,0,0,0,205,134,1e-04,2e-04,3e-04,7e-04,0.0014,0.0022,0.0028,0.0021,2.85,0,0
2025-12-19 20:32:06,0,0,29.12,0,8,4676,77.9333,87,1.45,354,5.9,16.68,0,0,0,0,0,0,0,0,204,142,2e-04,4e-04,5e-04,0.0012,0.0026,0.0042,0.0048,0.0032,5.75,0.01,0
2025-12-19 20:33:06,0,0,29.06,0,1,3983,66.3833,70,1.16667,266,4.43333,23.38,0,0,0,0,0,0,0,0,207,148,3e-04,5e-04,0.001,0.002,0.0035,0.0057,0.0075,0.0057,10.04,0.01,0
2025-12-19 20:34:06,0,0,28.81,0,1,5334,88.9,146,2.43333,333,5.55,15.52,0,0,0,0,0,0,0,0,219,164,2e-04,4e-04,6e-04,0.0013,0.0024,0.0039,0.0047,0.0033,6.16,0.01,0
2025-12-19 20:35:06,0,0,28.94,0,1,3968,66.1333,88,1.46667,227,3.78333,8.38,0,0,0,0,0,0,0,0,223,155,1e-04,2e-04,2e-04,6e-04,0.0013,0.0022,0.0024,0.0016,2.62,0,0
2025-12-19 20:36:06,0,0,28.88,0,8,6321,105.35,109,1.81667,433,7.21667,12.99,0,0,0,0,0,0,0,0,224,160,1e-04,3e-04,5e-04,0.0011,0.002,0.0032,0.004,0.0029,4.94,0.01,0
2025-12-19 20:37:06,0,0,28.81,0,1,3755,62.5833,111,1.85,220,3.66667,8.42,0,0,0,0,0,0,0,0,207,154,1e-04,2e-04,3e-04,8e-04,0.0012,0.0021,0.0028,0.0025,3.43,0,0
2025-12-19 20:38:06,0,0,28.94,0,1,497,8.28333,10,0.166667,32,0.533333,4.22,0,0,0,0,0,0,0,0,179,130,0,1e-04,1e-04,4e-04,6e-04,0.001,0.0014,0.0012,1.58,0,0
2025-12-19 20:39:06,0,0,29,0,1,91,1.51667,0,0,9,0.15,5.37,0,0,0,0,0,0,0,0,179,128,0,1e-04,2e-04,5e-04,8e-04,0.0014,0.0018,0.0016,1.71,0,0
2025-12-19 20:40:06,0,0,29.25,0,1,2812,46.8667,46,0.766667,233,3.88333,8.03,0,0,0,0,0,0,0,0,199,142,1e-04,2e-04,3e-04,7e-04,0.0012,0.002,0.0026,0.0023,3.03,0,0
2025-12-19 20:41:06,0,0,29.38,0,1,310,5.16667,4,0.0666667,16,0.266667,8.73,0,0,0,0,0,0,0,0,178,121,1e-04,2e-04,3e-04,8e-04,0.0013,0.0021,0.0028,0.0022,3.56,0,0
2025-12-19 20:42:06,0,0,29.44,0,1,1463,24.3833,38,0.633333,65,1.08333,19.32,0,0,0,0,0,0,0,0,229,160,2e-04,5e-04,8e-04,0.0017,0.0029,0.0046,0.0061,0.0047,8.49,0.01,0
2025-12-19 20:43:06,0,0,29.62,0,1,59,0.983333,0,0,3,0.05,4.84,0,0,0,0,0,0,0,0,175,122,0,2e-04,2e-04,5e-04,7e-04,0.0012,0.0015,0.0013,1.95,0,0
2025-12-19 20:44:06,0,0,29.75,0,1,64,1.06667,0,0,5,0.0833333,3.35,0,0,0,0,0,0,0,0,170,124,0,1e-04,1e-04,3e-04,5e-04,9e-04,0.0012,0.0011,0.97,0,0
2025-12-19 20:45:06,0,0,29.94,0,1,723,12.05,19,0.316667,41,0.683333,5.2,0,0,0,0,0,0,0,0,182,120,0,2e-04,1e-04,5e-04,8e-04,0.0012,0.0015,0.0013,2.39,0,0
2025-12-19 20:46:06,0,0,30.12,0,1,363,6.05,0,0,49,0.816667,5.55,0,0,0,0,0,0,0,0,189,116,0,2e-04,2e-04,5e-04,8e-04,0.0014,0.0018,0.0016,2.11,0,0
2025-12-19 20:47:06,0,0,30.25,0,1,646,10.7667,2,0.0333333,57,0.95,11.07,0,0,0,0,0,0,0,0,184,114,1e-04,3e-04,4e-04,0.001,0.0017,0.0027,0.0034,0.0027,4.83,0.01,0
2025-12-19 20:48:06,0,0,30.31,0,1,144,2.4,0,0,6,0.1,11.38,0,0,0,0,0,0,0,0,176,116,1e-04,4e-04,4e-04,0.0011,0.0017,0.0027,0.0035,0.0027,5.18,0.01,0
2025-12-19 20:49:06,0,0,30.5,0,1,206,3.43333,0,0,11,0.183333,7.68,0,0,0,0,0,0,0,0,172,112,1e-04,2e-04,3e-04,7e-04,0.0011,0.0019,0.0024,0.002,3.2,0,0
2025-12-19 20:50:06,0,0,30.62,0,1,118,1.96667,0,0,9,0.15,8.86,0,0,0,0,0,0,0,0,175,114,1e-04,2e-04,3e-04,8e-04,0.0013,0.0021,0.0028,0.0022,3.52,0,0
2025-12-19 20:51:06,0,0,30.69,0,1,39,0.65,0,0,0,0,7.69,0,0,0,0,0,0,0,0,171,113,1e-04,2e-04,3e-04,7e-04,0.0011,0.0018,0.0024,0.002,3.17,0,0
2025-12-19 20:52:06,0,0,30.81,0,1,130,2.16667,0,0,12,0.2,6.69,0,0,0,0,0,0,0,0,170,121,1e-04,1e-04,2e-04,6e-04,0.001,0.0016,0.0022,0.0018,2.49,0,0
2025-12-19 20:53:06,0,0,31,0,1,110,1.83333,0,0,4,0.0666667,3.28,0,0,0,0,0,0,0,0,174,113,0,0,1e-04,3e-04,5e-04,8e-04,0.0011,0.0011,0.77,0,0
2025-12-19 20:54:06,0,0,31.12,0,1,223,3.71667,0,0,14,0.233333,4.05,0,0,0,0,0,0,0,0,175,111,0,1e-04,1e-04,4e-04,6e-04,0.001,0.0013,0.0012,1.32,0,0
2025-12-19 20:55:06,0,0,31.25,0,1,42,0.7,0,0,0,0,3.62,0,0,0,0,0,0,0,0,174,110,0,0,1e-04,3e-04,5e-04,9e-04,0.0012,0.0011,0.97,0,0
2025-12-19 20:56:06,0,0,31.31,0,1,885,14.75,19,0.316667,52,0.866667,7.17,0,0,0,0,0,0,0,0,169,115,1e-04,2e-04,3e-04,7e-04,0.0011,0.0017,0.0023,0.0019,2.95,0,0
2025-12-19 20:57:06,0,0,31.44,0,1,58,0.966667,0,0,9,0.15,6.46,0,0,0,0,0,0,0,0,167,115,1e-04,1e-04,2e-04,5e-04,0.001,0.0016,0.0022,0.0018,2.27,0,0
2025-12-19 20:58:06,0,0,31.5,0,1,0,0,0,0,0,0,5.12,0,0,0,0,0,0,0,0,165,115,0,1e-04,2e-04,4e-04,8e-04,0.0013,0.0017,0.0015,1.57,0,0
2025-12-19 20:59:06,0,0,31.56,0,1,330,5.5,0,0,47,0.783333,5.13,0,0,0,0,0,0,0,0,163,115,0,1e-04,2e-04,5e-04,8e-04,0.0013,0.0017,0.0014,1.66,0,0
2025-12-19 21:00:06,0,0,31.69,0,1,67,1.11667,0,0,4,0.0666667,5.61,0,0,0,0,0,0,0,0,164,113,0,1e-04,2e-04,5e-04,8e-04,0.0014,0.0019,0.0016,1.79,0,0
2025-12-19 21:01:06,0,0,31.81,0,1,47,0.783333,0,0,2,0.0333333,4.8,0,0,0,0,0,0,0,0,163,111,0,1e-04,2e-04,4e-04,7e-04,0.0012,0.0016,0.0014,1.45,0,0
2025-12-19 21:02:06,0,0,31.88,0,1,19,0.316667,0,0,0,0,4.54,0,0,0,0,0,0,0,0,165,111,0,1e-04,2e-04,4e-04,7e-04,0.0011,0.0015,0.0013,1.45,0,0
2025-12-19 21:03:06,0,0,31.94,0,1,441,7.35,11,0.183333,27,0.45,4.5,0,0,0,0,0,0,0,0,169,112,0,1e-04,1e-04,4e-04,7e-04,0.0011,0.0016,0.0014,1.48,0,0
2025-12-19 21:04:06,0,0,31.94,0,1,2625,43.75,74,1.23333,164,2.73333,4.62,0,0,0,0,0,0,0,0,177,123,0,2e-04,1e-04,4e-04,7e-04,0.0011,0.0015,0.0013,1.79,0,0
2025-12-19 21:05:06,0,0,31.81,0,1,1554,25.9,40,0.666667,73,1.21667,4.91,0,0,0,0,0,0,0,0,162,139,0,1e-04,1e-04,5e-04,7e-04,0.0012,0.0015,0.0013,1.83,0,0
2025-12-19 21:06:06,0,0,31.75,0,1,904,15.0667,1,0.0166667,75,1.25,4.25,0,0,0,0,0,0,0,0,151,146,0,1e-04,1e-04,4e-04,6e-04,0.001,0.0014,0.0012,1.43,0,0
2025-12-19 21:07:06,0,0,31.69,0,1,1962,32.7,8,0.133333,233,3.88333,4.39,0,0,0,0,0,0,0,0,169,137,0,1e-04,1e-04,4e-04,7e-04,0.0011,0.0015,0.0013,1.32,0,0
2025-12-19 21:08:06,0,0,31.62,0,1,996,16.6,1,0.0166667,83,1.38333,3.59,0,0,0,0,0,0,0,0,168,131,0,1e-04,1e-04,3e-04,5e-04,9e-04,0.0013,0.0012,0.92,0,0
2025-12-19 21:09:06,0,0,31.38,0,1,671,11.1833,0,0,49,0.816667,4,0,0,0,0,0,0,0,0,163,140,0,1e-04,1e-04,3e-04,6e-04,0.001,0.0014,0.0012,1.16,0,0
2025-12-19 21:10:06,0,0,31.19,0,1,752,12.5333,25,0.416667,39,0.65,6.82,0,0,0,0,0,0,0,0,161,140,0,1e-04,2e-04,6e-04,0.001,0.0017,0.0023,0.0018,2.54,0,0
2025-12-19 21:11:06,0,0,31.25,0,1,210,3.5,3,0.05,11,0.183333,1.73,0,0,0,0,0,0,0,0,170,128,0,0,0,1e-04,3e-04,5e-04,6e-04,6e-04,0.17,0,0
2025-12-19 21:12:06,0,0,31.56,0,1,51,0.85,0,0,1,0.0166667,1.52,0,0,0,0,0,0,0,0,159,120,0,0,0,1e-04,2e-04,4e-04,6e-04,6e-04,0.16,0,0
2025-12-19 21:13:06,0,0,31.62,0,1,3416,56.9333,126,2.1,148,2.46667,1.11,0,0,0,0,0,0,0,0,187,121,0,0,0,1e-04,2e-04,3e-04,3e-04,3e-04,0.35,0,0
2025-12-19 21:14:06,0,0,31.31,0,1,7130,118.833,165,2.75,528,8.8,4.05,0,0,0,0,0,0,0,0,231,161,0,1e-04,1e-04,4e-04,6e-04,0.001,0.0013,0.0011,1.39,0,0
2025-12-19 21:15:06,0,0,31.31,0,1,5423,90.3833,144,2.4,364,6.06667,3.54,0,0,0,0,0,0,0,0,233,167,0,1e-04,1e-04,3e-04,5e-04,9e-04,0.0012,0.001,1.03,0,0
2025-12-19 21:16:06,0,0,31.12,0,8,37,0.616667,0,0,0,0,2.38,0,0,0,0,0,0,0,0,231,156,0,0,0,2e-04,4e-04,7e-04,9e-04,8e-04,0.16,0,0
2025-12-19 21:17:06,0,0,31.19,0,1,4299,71.65,102,1.7,248,4.13333,5.93,0,0,0,0,0,0,0,0,213,155,1e-04,1e-04,2e-04,5e-04,9e-04,0.0015,0.002,0.0016,1.89,0,0
2025-12-19 21:18:06,0,0,30.88,0,1,6745,112.417,187,3.11667,486,8.1,2.56,0,0,0,0,0,0,0,0,224,168,0,0,0,2e-04,4e-04,7e-04,9e-04,7e-04,0.51,0,0
2025-12-19 21:19:06,0,0,30.69,0,4,8623,143.717,248,4.13333,633,10.55,43.55,0,0,0,0,0,0,0,0,232,165,5e-04,0.0012,0.0014,0.0036,0.0067,0.0109,0.012,0.0071,17.43,0.02,0
2025-12-19 21:20:06,0,0,30.62,0,4,13508,225.133,483,8.05,695,11.5833,67.34,0,0,0,0,0,0,0,0,232,171,8e-04,0.0019,0.0025,0.0056,0.0103,0.0168,0.0185,0.0112,28.63,0.03,0
2025-12-19 21:21:06,0,0,30.44,0,1,18816,313.6,679,11.3167,675,11.25,26.36,0,0,0,0,0,0,0,0,214,156,3e-04,6e-04,9e-04,0.002,0.0041,0.0067,0.0076,0.005,9.73,0.01,0
2025-12-19 21:22:06,0,0,30.5,0,1,10112,168.533,384,6.4,432,7.2,49.59,0,0,0,0,0,0,0,0,148,108,6e-04,0.0014,0.0018,0.0042,0.0076,0.0123,0.0133,0.0079,21.22,0.02,0
2025-12-19 21:23:06,0,0,30.25,0,32,3153,52.55,82,1.36667,180,3,4.19,0,0,0,0,0,0,0,0,204,133,0,1e-04,1e-04,4e-04,6e-04,0.0011,0.0014,0.0012,1.32,0,0
2025-12-19 21:24:06,0,0,29.81,0,1,5779,96.3167,193,3.21667,303,5.05,15.31,0,0,0,0,0,0,0,0,183,140,2e-04,3e-04,6e-04,0.0013,0.0023,0.0038,0.005,0.0039,6.12,0.01,0
2025-12-19 21:25:06,0,0,29.38,0,16,3250,54.1667,87,1.45,172,2.86667,38.75,0,0,0,0,0,0,0,0,199,148,5e-04,9e-04,0.0018,0.0034,0.0057,0.0094,0.0123,0.0091,17.4,0.02,0
2025-12-19 21:26:06,0,0,29.44,0,16,1971,32.85,38,0.633333,125,2.08333,27.27,0,0,0,0,0,0,0,0,195,147,3e-04,6e-04,0.0012,0.0024,0.004,0.0066,0.0087,0.0065,11.94,0.01,0
2025-12-19 21:27:06,0,0,29.62,0,16,827,13.7833,13,0.216667,58,0.966667,36.02,0,0,0,0,0,0,0,0,204,152,4e-04,8e-04,0.0016,0.0032,0.0054,0.0087,0.0114,0.0085,15.94,0.02,0
2025-12-19 21:28:06,0,0,29.88,0,16,3541,59.0167,89,1.48333,229,3.81667,37.33,0,0,0,0,0,0,0,0,179,132,4e-04,8e-04,0.0016,0.0031,0.0056,0.0091,0.0119,0.0089,15.48,0.02,0
2025-12-19 21:29:06,0,0,29.94,0,16,1432,23.8667,16,0.266667,94,1.56667,35.41,0,0,0,0,0,0,0,0,194,140,4e-04,8e-04,0.0016,0.0031,0.0053,0.0086,0.0113,0.0084,15.56,0.02,0
2025-12-19 21:30:06,0,0,30.25,0,16,3274,54.5667,69,1.15,225,3.75,31.05,0,0,0,0,0,0,0,0,198,146,4e-04,7e-04,0.0014,0.0027,0.0046,0.0076,0.0099,0.0074,13.53,0.01,0
2025-12-19 21:31:06,0,0,30.31,0,1,2997,49.95,44,0.733333,221,3.68333,17.6,0,0,0,0,0,0,0,0,200,148,2e-04,4e-04,8e-04,0.0016,0.0026,0.0043,0.0056,0.0043,7.56,0.01,0
2025-12-19 21:32:06,0,0,30.38,0,1,519,8.65,3,0.05,31,0.516667,12.84,0,0,0,0,0,0,0,0,194,154,1e-04,2e-04,5e-04,0.0011,0.0019,0.0032,0.0042,0.0033,4.89,0.01,0
2025-12-19 21:33:06,0,0,30.31,0,1,6781,113.017,181,3.01667,333,5.55,3.68,0,0,0,0,0,0,0,0,202,135,0,0,1e-04,3e-04,5e-04,0.001,0.0013,0.0011,0.87,0,0
2025-12-19 21:34:06,0,0,30.38,0,16,1812,30.2,42,0.7,90,1.5,23.2,0,0,0,0,0,0,0,0,184,133,3e-04,5e-04,0.001,0.002,0.0035,0.0056,0.0074,0.0055,9.95,0.01,0
2025-12-19 21:35:06,0,0,30.31,0,16,1797,29.95,33,0.55,115,1.91667,17.28,0,0,0,0,0,0,0,0,198,149,2e-04,4e-04,7e-04,0.0016,0.0026,0.0042,0.0055,0.0041,7.39,0.01,0
2025-12-19 21:36:06,0,0,30.38,0,1,1284,21.4,37,0.616667,63,1.05,14.33,0,0,0,0,0,0,0,0,202,148,2e-04,3e-04,6e-04,0.0013,0.0021,0.0035,0.0046,0.0035,5.74,0.01,0
2025-12-19 21:37:06,0,0,30.56,0,8,969,16.15,33,0.55,47,0.783333,14.13,0,0,0,0,0,0,0,0,194,141,1e-04,3e-04,6e-04,0.0012,0.0021,0.0035,0.0045,0.0034,5.81,0.01,0
2025-12-19 21:38:06,0,0,30.62,0,8,2185,36.4167,62,1.03333,123,2.05,10.01,0,0,0,0,0,0,0,0,214,162,1e-04,2e-04,4e-04,9e-04,0.0015,0.0024,0.0032,0.0025,4.17,0.01,0
2025-12-19 21:39:06,0,0,30.81,0,1,434,7.23333,12,0.2,15,0.25,17.94,0,0,0,0,0,0,0,0,158,112,2e-04,4e-04,7e-04,0.0016,0.0027,0.0044,0.0059,0.0046,7.3,0.01,0
2025-12-19 21:40:06,0,0,30.62,0,1,871,14.5167,30,0.5,35,0.583333,17.09,0,0,0,0,0,0,0,0,214,156,2e-04,4e-04,7e-04,0.0015,0.0025,0.0042,0.0056,0.0044,6.98,0.01,0
2025-12-19 21:41:06,0,0,30.25,0,1,1012,16.8667,25,0.416667,47,0.783333,12.93,0,0,0,0,0,0,0,0,209,152,1e-04,3e-04,5e-04,0.0011,0.0019,0.0032,0.0042,0.0033,5.25,0.01,0
2025-12-19 21:42:06,0,0,30.5,0,16,914,15.2333,4,0.0666667,64,1.06667,15.7,0,0,0,0,0,0,0,0,214,157,2e-04,3e-04,6e-04,0.0013,0.0023,0.0039,0.0051,0.0039,6.19,0.01,0
2025-12-19 21:43:06,0,0,30.62,0,8,1601,26.6833,34,0.566667,98,1.63333,13.8,0,0,0,0,0,0,0,0,176,152,1e-04,3e-04,6e-04,0.0012,0.0021,0.0034,0.0045,0.0034,5.54,0.01,0
2025-12-19 21:44:06,0,0,30.06,0,16,1140,19,31,0.516667,42,0.7,22.6,0,0,0,0,0,0,0,0,216,158,3e-04,5e-04,0.001,0.002,0.0033,0.0055,0.0072,0.0054,9.74,0.01,0
2025-12-19 21:45:06,0,0,30.31,0,16,4477,74.6167,111,1.85,269,4.48333,13.85,0,0,0,0,0,0,0,0,188,136,2e-04,3e-04,5e-04,0.0012,0.0021,0.0034,0.0043,0.0032,5.52,0.01,0
2025-12-19 21:46:06,0,0,30.25,0,1,4856,80.9333,91,1.51667,381,6.35,7.03,0,0,0,0,0,0,0,0,226,160,1e-04,2e-04,1e-04,5e-04,0.0011,0.0018,0.0019,0.0013,2.06,0,0
2025-12-19 21:47:06,0,0,30.44,0,1,10963,182.717,400,6.66667,677,11.2833,8.53,0,0,0,0,0,0,0,0,220,156,1e-04,3e-04,2e-04,7e-04,0.0014,0.002,0.0019,0.0012,3.3,0,0
2025-12-19 21:48:06,0,0,30.31,0,8,2137,35.6167,45,0.75,134,2.23333,19.51,0,0,0,0,0,0,0,0,231,175,2e-04,7e-04,5e-04,0.0016,0.0033,0.0045,0.0043,0.0027,7.91,0.01,0
2025-12-19 21:49:06,0,0,30.31,0,8,4941,82.35,109,1.81667,323,5.38333,10.18,0,0,0,0,0,0,0,0,226,157,1e-04,3e-04,2e-04,8e-04,0.0017,0.0024,0.0023,0.0014,3.74,0,0
2025-12-19 21:50:06,0,0,30.25,0,1,6448,107.467,161,2.68333,409,6.81667,15.97,0,0,0,0,0,0,0,0,227,153,2e-04,5e-04,4e-04,0.0013,0.0026,0.0039,0.0041,0.0026,6.01,0.01,0
2025-12-19 21:51:06,0,0,30.19,0,8,5667,94.45,126,2.1,357,5.95,2.39,0,0,0,0,0,0,0,0,222,163,0,0,0,2e-04,4e-04,6e-04,8e-04,6e-04,0.59,0,0
2025-12-19 21:52:06,0,0,30.12,0,8,6522,108.7,153,2.55,391,6.51667,6.41,0,0,0,0,0,0,0,0,214,152,0,1e-04,2e-04,5e-04,0.001,0.0016,0.0022,0.0018,1.7,0,0
2025-12-19 21:53:06,0,0,30.38,0,1,1262,21.0333,16,0.266667,82,1.36667,3.28,0,0,0,0,0,0,0,0,195,132,0,1e-04,1e-04,3e-04,5e-04,8e-04,0.001,8e-04,1.27,0,0
2025-12-19 21:54:06,0,0,30.5,0,1,151,2.51667,0,0,5,0.0833333,1.22,0,0,0,0,0,0,0,0,182,122,0,0,0,1e-04,2e-04,3e-04,4e-04,4e-04,0.11,0,0
2025-12-19 21:55:06,0,0,30.81,0,1,67,1.11667,0,0,6,0.1,1.77,0,0,0,0,0,0,0,0,173,116,0,1e-04,0,2e-04,3e-04,4e-04,5e-04,4e-04,0.8,0,0
2025-12-19 21:56:06,0,0,31.06,0,1,281,4.68333,0,0,29,0.483333,2.94,0,0,0,0,0,0,0,0,173,114,0,2e-04,1e-04,4e-04,4e-04,6e-04,7e-04,5e-04,1.85,0,0
2025-12-19 21:57:06,0,0,31.25,0,1,236,3.93333,0,0,15,0.25,2.23,0,0,0,0,0,0,0,0,168,116,0,1e-04,0,2e-04,4e-04,6e-04,8e-04,7e-04,0.47,0,0
2025-12-19 21:58:06,0,0,31.44,0,1,391,6.51667,0,0,41,0.683333,2.15,0,0,0,0,0,0,0,0,165,113,0,1e-04,0,2e-04,3e-04,5e-04,7e-04,6e-04,0.72,0,0
2025-12-19 21:59:06,0,0,31.62,0,1,393,6.55,1,0.0166667,36,0.6,2.21,0,0,0,0,0,0,0,0,176,112,0,1e-04,0,2e-04,3e-04,5e-04,7e-04,6e-04,0.72,0,0
2025-12-19 22:00:06,0,0,31.81,0,1,212,3.53333,0,0,12,0.2,2.36,0,0,0,0,0,0,0,0,165,112,0,1e-04,0,3e-04,4e-04,5e-04,7e-04,6e-04,0.74,0,0
2025-12-19 22:01:06,0,0,31.94,0,1,412,6.86667,0,0,45,0.75,1.87,0,0,0,0,0,0,0,0,165,109,0,1e-04,0,2e-04,3e-04,4e-04,6e-04,5e-04,0.48,0,0
2025-12-19 22:02:06,0,0,32,0,1,2692,44.8667,55,0.916667,226,3.76667,3.19,0,0,0,0,0,0,0,0,170,117,0,2e-04,1e-04,3e-04,5e-04,7e-04,0.001,8e-04,1.54,0,0
2025-12-19 22:03:06,0,0,32,0,1,1503,25.05,49,0.816667,85,1.41667,5.37,0,0,0,0,0,0,0,0,166,129,1e-04,3e-04,2e-04,5e-04,8e-04,0.0012,0.0015,0.0012,2.78,0,0
2025-12-19 22:04:06,0,0,32.19,0,1,381,6.35,0,0,42,0.7,1.22,0,0,0,0,0,0,0,0,161,122,0,1e-04,0,1e-04,2e-04,3e-04,3e-04,3e-04,0.48,0,0
2025-12-19 22:05:06,0,0,32.31,0,1,547,9.11667,0,0,54,0.9,2.42,0,0,0,0,0,0,0,0,159,124,0,1e-04,0,2e-04,4e-04,6e-04,8e-04,7e-04,0.78,0,0
2025-12-19 22:06:06,0,0,32.38,0,1,928,15.4667,3,0.05,122,2.03333,2.15,0,0,0,0,0,0,0,0,161,121,0,1e-04,0,2e-04,3e-04,5e-04,7e-04,6e-04,0.87,0,0
2025-12-19 22:07:06,0,0,32.5,0,1,402,6.7,3,0.05,47,0.783333,1.78,0,0,0,0,0,0,0,0,161,114,0,1e-04,0,2e-04,3e-04,4e-04,6e-04,5e-04,0.57,0,0
2025-12-19 22:08:06,0,0,32.56,0,1,597,9.95,0,0,75,1.25,1.99,0,0,0,0,0,0,0,0,158,121,0,1e-04,0,2e-04,3e-04,5e-04,7e-04,6e-04,0.55,0,0
2025-12-19 22:09:06,0,0,32.69,0,1,430,7.16667,0,0,60,1,1.74,0,0,0,0,0,0,0,0,163,116,0,0,0,1e-04,3e-04,5e-04,7e-04,6e-04,0.16,0,0
2025-12-19 22:10:06,0,0,32.75,0,1,456,7.6,0,0,50,0.833333,1.87,0,0,0,0,0,0,0,0,159,114,0,0,0,2e-04,3e-04,5e-04,7e-04,6e-04,0.22,0,0
2025-12-19 22:11:06,0,0,32.81,0,1,483,8.05,8,0.133333,23,0.383333,1.28,0,0,0,0,0,0,0,0,166,112,0,0,0,1e-04,2e-04,3e-04,5e-04,4e-04,0.15,0,0
2025-12-19 22:12:06,0,0,32.94,0,1,642,10.7,14,0.233333,36,0.6,1.63,0,0,0,0,0,0,0,0,174,111,0,0,0,1e-04,3e-04,4e-04,6e-04,5e-04,0.29,0,0
2025-12-19 22:13:06,0,0,32.94,0,1,558,9.3,2,0.0333333,47,0.783333,3.61,0,0,0,0,0,0,0,0,157,112,0,1e-04,1e-04,3e-04,6e-04,9e-04,0.0013,0.0011,0.74,0,0
2025-12-19 22:14:06,0,0,32.94,0,1,143,2.38333,0,0,5,0.0833333,3.76,0,0,0,0,0,0,0,0,160,116,0,1e-04,1e-04,3e-04,6e-04,9e-04,0.0013,0.0011,1.24,0,0
2025-12-19 22:15:06,0,0,32.94,0,1,1145,19.0833,1,0.0166667,159,2.65,3.57,0,0,0,0,0,0,0,0,155,114,0,1e-04,1e-04,3e-04,5e-04,9e-04,0.0013,0.0011,1.13,0,0
2025-12-19 22:16:06,0,0,32.81,0,1,1034,17.2333,7,0.116667,115,1.91667,3.89,0,0,0,0,0,0,0,0,160,114,0,1e-04,1e-04,4e-04,6e-04,0.001,0.0013,0.0011,1.28,0,0
2025-12-19 22:17:06,0,0,32.62,0,1,118,1.96667,0,0,9,0.15,2.86,0,0,0,0,0,0,0,0,158,118,0,0,1e-04,2e-04,4e-04,7e-04,0.001,9e-04,0.6,0,0
2025-12-19 22:18:06,0,0,32.69,0,1,450,7.5,1,0.0166667,52,0.866667,3.01,0,0,0,0,0,0,0,0,154,110,0,0,0,3e-04,5e-04,8e-04,0.0011,9e-04,0.6,0,0
2025-12-19 22:19:06,0,0,32.69,0,1,174,2.9,0,0,7,0.116667,3,0,0,0,0,0,0,0,0,155,110,0,0,1e-04,2e-04,5e-04,8e-04,0.0011,0.001,0.62,0,0
2025-12-19 22:20:06,0,0,32.81,0,1,190,3.16667,0,0,19,0.316667,3.21,0,0,0,0,0,0,0,0,157,110,0,1e-04,1e-04,3e-04,5e-04,8e-04,0.0012,0.001,0.84,0,0
2025-12-19 22:21:06,0,0,32.81,0,1,830,13.8333,1,0.0166667,112,1.86667,3.3,0,0,0,0,0,0,0,0,155,112,0,1e-04,1e-04,3e-04,5e-04,9e-04,0.0011,0.001,0.95,0,0
2025-12-19 22:22:06,0,0,32.75,0,1,81,1.35,0,0,1,0.0166667,2.86,0,0,0,0,0,0,0,0,152,110,0,0,1e-04,2e-04,4e-04,7e-04,0.001,9e-04,0.63,0,0
2025-12-19 22:23:06,0,0,32.81,0,1,400,6.66667,10,0.166667,17,0.283333,3.06,0,0,0,0,0,0,0,0,159,110,0,0,1e-04,3e-04,5e-04,8e-04,0.0011,0.001,0.74,0,0
2025-12-19 22:24:06,0,0,32.12,0,4,948,15.8,17,0.283333,52,0.866667,3.41,0,0,0,0,0,0,0,0,161,128,0,0,1e-04,2e-04,5e-04,9e-04,0.0013,0.0012,0.56,0,0
2025-12-19 22:25:06,0,0,32.19,0,1,1465,24.4167,28,0.466667,111,1.85,3.64,0,0,0,0,0,0,0,0,188,134,0,1e-04,1e-04,3e-04,6e-04,9e-04,0.0013,0.0012,0.82,0,0
2025-12-19 22:26:06,0,0,32.25,0,1,1431,23.85,43,0.716667,81,1.35,0.91,0,0,0,0,0,0,0,0,183,114,0,0,0,1e-04,1e-04,2e-04,3e-04,3e-04,0.2,0,0
2025-12-19 22:27:06,0,0,32.31,0,1,68,1.13333,0,0,4,0.0666667,0,0,0,0,0,0,0,0,0,184,111,0,0,0,0,0,0,0,0,0,0,0
2025-12-19 22:28:06,0,0,32.12,0,1,790,13.1667,22,0.366667,42,0.7,1.04,0,0,0,0,0,0,0,0,185,128,0,0,0,1e-04,2e-04,3e-04,4e-04,4e-04,0.25,0,0
2025-12-19 22:29:06,0,0,32.38,0,1,950,15.8333,12,0.2,83,1.38333,3.12,0,0,0,0,0,0,0,0,167,122,0,1e-04,1e-04,3e-04,5e-04,8e-04,0.001,8e-04,1.25,0,0
2025-12-19 22:30:06,0,0,32.56,0,1,690,11.5,9,0.15,53,0.883333,0,0,0,0,0,0,0,0,0,174,112,0,0,0,0,0,0,0,0,0,0,0
2025-12-19 22:31:06,0,0,32.75,0,1,256,4.26667,0,0,20,0.333333,0,0,0,0,0,0,0,0,0,177,112,0,0,0,0,0,0,0,0,0,0,0
2025-12-19 22:32:06,0,0,33,0,1,158,2.63333,1,0.0166667,16,0.266667,0,0,0,0,0,0,0,0,0,177,108,0,0,0,0,0,0,0,0,0,0,0
2025-12-19 22:33:06,0,0,33.12,0,1,1453,24.2167,28,0.466667,115,1.91667,2.76,0,0,0,0,0,0,0,0,167,112,0,1e-04,1e-04,3e-04,4e-04,7e-04,9e-04,7e-04,1.24,0,0
2025-12-19 22:34:06,0,0,33.25,0,1,1840,30.6667,38,0.633333,120,2,2.04,0,0,0,0,0,0,0,0,194,108,0,0,0,2e-04,3e-04,5e-04,7e-04,7e-04,0.51,0,0
2025-12-19 22:35:06,0,0,33.25,0,1,88,1.46667,0,0,6,0.1,0,0,0,0,0,0,0,0,0,167,107,0,0,0,0,0,0,0,0,0,0,0
2025-12-19 22:36:06,0,0,33.31,0,1,2309,38.4833,58,0.966667,143,2.38333,10.79,0,0,0,0,0,0,0,0,241,180,1e-04,2e-04,5e-04,0.001,0.0016,0.0026,0.0034,0.0026,4.73,0.01,0
2025-12-19 22:37:06,0,0,32.88,0,8,9694,161.567,312,5.2,434,7.23333,8.42,0,0,0,0,0,0,0,0,221,160,1e-04,1e-04,3e-04,6e-04,0.0013,0.0021,0.0025,0.0018,2.77,0,0
2025-12-19 22:38:06,0,0,32.44,0,8,4981,83.0167,133,2.21667,239,3.98333,7.14,0,0,0,0,0,0,0,0,158,122,1e-04,1e-04,3e-04,6e-04,0.0011,0.0018,0.0024,0.002,2.63,0,0
2025-12-19 22:39:06,0,0,32.31,0,1,2374,39.5667,66,1.1,133,2.21667,6.76,0,0,0,0,0,0,0,0,173,128,1e-04,1e-04,3e-04,6e-04,0.001,0.0016,0.0022,0.0017,2.95,0,0
2025-12-19 22:40:06,0,0,31.69,0,1,1205,20.0833,36,0.6,69,1.15,6.05,0,0,0,0,0,0,0,0,174,134,0,1e-04,2e-04,5e-04,9e-04,0.0015,0.0021,0.0017,2.05,0,0
2025-12-19 22:41:06,0,0,31.31,0,1,152,2.53333,0,0,9,0.15,6.16,0,0,0,0,0,0,0,0,164,124,0,1e-04,2e-04,5e-04,9e-04,0.0016,0.0021,0.0018,2.07,0,0
2025-12-19 22:42:06,0,0,30.88,0,4,1483,24.7167,30,0.5,91,1.51667,3.75,0,0,0,0,0,0,0,0,207,159,0,0,1e-04,3e-04,6e-04,0.001,0.0014,0.0013,0.89,0,0
2025-12-19 22:43:06,0,0,30.62,0,1,404,6.73333,5,0.0833333,29,0.483333,3.47,0,0,0,0,0,0,0,0,177,133,0,0,1e-04,3e-04,5e-04,9e-04,0.0013,0.0012,1.01,0,0
2025-12-19 22:44:06,0,0,30.88,0,32,166,2.76667,4,0.0666667,10,0.166667,4.27,0,0,0,0,0,0,0,0,193,147,0,1e-04,1e-04,4e-04,7e-04,0.0011,0.0015,0.0014,1.14,0,0
2025-12-19 22:45:06,0,0,30.88,0,32,861,14.35,23,0.383333,38,0.633333,2.89,0,0,0,0,0,0,0,0,192,153,0,0,1e-04,3e-04,4e-04,7e-04,0.0011,0.0011,0.77,0,0
2025-12-19 22:46:06,0,0,31.06,0,1,904,15.0667,19,0.316667,58,0.966667,4.62,0,0,0,0,0,0,0,0,196,155,0,1e-04,1e-04,4e-04,7e-04,0.0012,0.0016,0.0014,1.19,0,0
2025-12-19 22:47:06,0,0,31,0,32,911,15.1833,14,0.233333,67,1.11667,3.24,0,0,0,0,0,0,0,0,208,155,0,0,1e-04,3e-04,5e-04,8e-04,0.0012,0.0011,0.98,0,0
2025-12-19 22:48:06,0,0,31.31,0,1,557,9.28333,14,0.233333,26,0.433333,4.39,0,0,0,0,0,0,0,0,188,147,0,0,1e-04,4e-04,7e-04,0.0011,0.0016,0.0014,1.24,0,0
2025-12-19 22:49:06,0,0,30.94,0,1,702,11.7,15,0.25,34,0.566667,3.75,0,0,0,0,0,0,0,0,208,157,0,0,1e-04,4e-04,5e-04,9e-04,0.0014,0.0012,1.17,0,0
2025-12-19 22:50:06,0,0,30.81,0,1,246,4.1,3,0.05,12,0.2,6.15,0,0,0,0,0,0,0,0,187,139,1e-04,1e-04,2e-04,5e-04,9e-04,0.0015,0.0022,0.0018,2.1,0,0
2025-12-19 22:51:06,0,0,30.75,0,1,6287,104.783,183,3.05,307,5.11667,5.22,0,0,0,0,0,0,0,0,209,148,1e-04,1e-04,2e-04,5e-04,8e-04,0.0013,0.0018,0.0014,1.85,0,0
2025-12-19 22:52:06,0,0,30.5,0,8,9084,151.4,259,4.31667,482,8.03333,10.74,0,0,0,0,0,0,0,0,235,175,1e-04,3e-04,4e-04,0.001,0.0017,0.0026,0.0028,0.0017,4.6,0,0
2025-12-19 22:53:06,0,0,30.25,0,1,6429,107.15,147,2.45,396,6.6,0,0,0,0,0,0,0,0,0,195,142,0,0,0,0,0,0,0,0,0,0,0
2025-12-19 22:54:06,0,0,30.69,0,1,6750,112.5,137,2.28333,363,6.05,0,0,0,0,0,0,0,0,0,213,150,0,0,0,0,0,0,0,0,0,0,0
2025-12-19 22:55:06,0,0,30.38,0,1,4047,67.45,52,0.866667,299,4.98333,0,0,0,0,0,0,0,0,0,222,170,0,0,0,0,0,0,0,0,0,0,0
2025-12-19 22:56:06,0,0,30.31,0,1,6914,115.233,187,3.11667,369,6.15,0,0,0,0,0,0,0,0,0,151,149,0,0,0,0,0,0,0,0,0,0,0
2025-12-19 22:57:06,0,0,29.94,0,1,3346,55.7667,63,1.05,202,3.36667,1.41,0,0,0,0,0,0,0,0,211,155,0,0,0,1e-04,3e-04,3e-04,2e-04,1e-04,0,0,0
2025-12-19 22:58:06,0,0,28.88,0,1,3986,66.4333,59,0.983333,273,4.55,1.23,0,0,0,0,0,0,0,0,224,160,0,0,0,0,3e-04,3e-04,2e-04,1e-04,0,0,0
2025-12-19 22:59:06,0,0,28.62,0,1,2552,42.5333,20,0.333333,211,3.51667,1.56,0,0,0,0,0,0,0,0,184,140,0,0,0,0,4e-04,4e-04,2e-04,1e-04,0,0,0
2025-12-19 23:00:06,0,0,28.25,0,8,4064,67.7333,69,1.15,207,3.45,0,0,0,0,0,0,0,0,0,202,153,0,0,0,0,0,0,0,0,0,0,0
2025-12-19 23:01:06,0,0,28.19,0,1,4343,72.3833,128,2.13333,195,3.25,0,0,0,0,0,0,0,0,0,227,162,0,0,0,0,0,0,0,0,0,0,0
2025-12-19 23:02:06,0,0,28.5,0,1,2285,38.0833,19,0.316667,128,2.13333,0,0,0,0,0,0,0,0,0,199,118,0,0,0,0,0,0,0,0,0,0,0
2025-12-19 23:03:06,0,0,28,0,1,1531,25.5167,3,0.05,114,1.9,0,0,0,0,0,0,0,0,0,222,156,0,0,0,0,0,0,0,0,0,0,0
2025-12-19 23:04:06,0,0,28.25,0,1,770,12.8333,0,0,63,1.05,0,0,0,0,0,0,0,0,0,218,158,0,0,0,0,0,0,0,0,0,0,0
2025-12-19 23:05:06,0,0,29.06,0,8,10819,180.317,387,6.45,403,6.71667,0.17,0,0,0,0,0,0,0,0,218,148,0,0,0,0,0,1e-04,0,0,0.01,0,0
2025-12-19 23:06:06,0,0,28.62,0,1,3224,53.7333,57,0.95,196,3.26667,0,0,0,0,0,0,0,0,0,216,160,0,0,0,0,0,0,0,0,0,0,0
2025-12-19 23:07:06,0,0,28.62,0,1,3798,63.3,36,0.6,272,4.53333,0,0,0,0,0,0,0,0,0,222,160,0,0,0,0,0,0,0,0,0,0,0
2025-12-19 23:08:06,0,0,28.94,0,1,2848,47.4667,9,0.15,207,3.45,0,0,0,0,0,0,0,0,0,192,146,0,0,0,0,0,0,0,0,0,0,0
2025-12-19 23:09:06,0,0,29.06,0,1,4671,77.85,44,0.733333,342,5.7,0,0,0,0,0,0,0,0,0,207,150,0,0,0,0,0,0,0,0,0,0,0
2025-12-19 23:10:06,0,0,29.44,0,1,4642,77.3667,62,1.03333,277,4.61667,0,0,0,0,0,0,0,0,0,173,118,0,0,0,0,0,0,0,0,0,0,0
2025-12-19 23:11:06,0,0,29.62,0,1,6398,106.633,65,1.08333,348,5.8,0,0,0,0,0,0,0,0,0,165,108,0,0,0,0,0,0,0,0,0,0,0
2025-12-19 23:12:06,0,0,29.69,0,1,6347,105.783,53,0.883333,343,5.71667,0,0,0,0,0,0,0,0,0,161,106,0,0,0,0,0,0,0,0,0,0,0
2025-12-19 23:13:06,0,0,29.75,0,1,4868,81.1333,29,0.483333,294,4.9,0,0,0,0,0,0,0,0,0,157,104,0,0,0,0,0,0,0,0,0,0,0
2025-12-19 23:14:06,0,0,29.56,0,1,9996,166.6,302,5.03333,499,8.31667,0.31,0,0,0,0,0,0,0,0,208,128,0,0,0,0,1e-04,1e-04,1e-04,1e-04,0,0,0
2025-12-19 23:15:06,0,0,29.25,0,1,5944,99.0667,132,2.2,349,5.81667,7.42,0,0,0,0,0,0,0,0,226,160,1e-04,1e-04,2e-04,6e-04,0.0012,0.0019,0.0022,0.0015,2.25,0,0
2025-12-19 23:16:06,0,0,29,0,1,3031,50.5167,49,0.816667,191,3.18333,9.63,0,0,0,0,0,0,0,0,211,136,1e-04,2e-04,3e-04,8e-04,0.0015,0.0024,0.0029,0.0021,3.35,0,0
2025-12-19 23:17:06,0,0,29.19,0,8,5552,92.5333,124,2.06667,336,5.6,10.59,0,0,0,0,0,0,0,0,198,134,1e-04,3e-04,3e-04,8e-04,0.0017,0.0026,0.0031,0.0021,3.75,0,0
2025-12-19 23:18:06,0,0,29.44,0,1,2344,39.0667,45,0.75,154,2.56667,12.51,0,0,0,0,0,0,0,0,199,144,1e-04,2e-04,4e-04,0.0011,0.0019,0.0031,0.004,0.0031,4.67,0.01,0
2025-12-19 23:19:06,0,0,29.56,0,16,1054,17.5667,5,0.0833333,78,1.3,18.98,0,0,0,0,0,0,0,0,207,142,2e-04,4e-04,8e-04,0.0017,0.0028,0.0047,0.0062,0.0047,7.82,0.01,0
2025-12-19 23:20:06,0,0,29.94,0,16,5483,91.3833,152,2.53333,263,4.38333,9.35,0,0,0,0,0,0,0,0,176,132,1e-04,2e-04,3e-04,8e-04,0.0014,0.0023,0.0031,0.0024,3.51,0,0
2025-12-19 23:21:06,0,0,29.81,0,16,1490,24.8333,17,0.283333,133,2.21667,0.25,0,0,0,0,0,0,0,0,188,142,0,0,0,0,1e-04,0,1e-04,0,0,0,0
2025-12-19 23:22:06,0,0,30.19,0,16,864,14.4,1,0.0166667,94,1.56667,0.73,0,0,0,0,0,0,0,0,184,136,0,0,0,1e-04,1e-04,1e-04,3e-04,0,0.27,0,0
2025-12-19 23:23:06,0,0,30.44,0,16,459,7.65,0,0,46,0.766667,0.74,0,0,0,0,0,0,0,0,179,134,0,0,0,1e-04,1e-04,1e-04,3e-04,0,0.25,0,0
2025-12-19 23:24:06,0,0,30.31,0,16,517,8.61667,0,0,50,0.833333,0.19,0,0,0,0,0,0,0,0,203,153,0,0,0,0,0,0,1e-04,0,0.05,0,0
2025-12-19 23:25:06,0,0,30.56,0,16,528,8.8,3,0.05,49,0.816667,0.52,0,0,0,0,0,0,0,0,203,149,0,0,0,1e-04,1e-04,1e-04,2e-04,0,0.25,0,0
2025-12-19 23:26:06,0,0,30.38,0,16,1143,19.05,13,0.216667,90,1.5,0.05,0,0,0,0,0,0,0,0,198,149,0,0,0,0,0,0,1e-04,0,0.01,0,0
2025-12-19 23:27:06,0,0,30.12,0,16,464,7.73333,0,0,52,0.866667,0.16,0,0,0,0,0,0,0,0,199,148,0,0,0,0,0,0,1e-04,0,0.06,0,0
2025-12-19 23:28:06,0,0,30.19,0,16,377,6.28333,1,0.0166667,33,0.55,0.15,0,0,0,0,0,0,0,0,182,128,0,0,0,0,0,0,1e-04,0,0.06,0,0
2025-12-19 23:29:06,0,0,30.69,0,1,3955,65.9167,71,1.18333,270,4.5,10.8,0,0,0,0,0,0,0,0,170,128,1e-04,3e-04,4e-04,9e-04,0.0017,0.0027,0.0031,0.0022,4.05,0,0
2025-12-19 23:30:06,0,0,30.75,0,1,659,10.9833,0,0,42,0.7,38.99,0,0,0,0,0,0,0,0,167,123,5e-04,0.001,0.0013,0.0032,0.006,0.0096,0.011,0.0073,15.37,0.02,0
2025-12-19 23:31:06,0,0,30.5,0,4,1109,18.4833,17,0.283333,74,1.23333,19.87,0,0,0,0,0,0,0,0,190,128,2e-04,4e-04,8e-04,0.0017,0.003,0.0049,0.0063,0.0047,8.08,0.01,0
2025-12-19 23:32:06,0,0,30.12,0,4,858,14.3,13,0.216667,55,0.916667,20.66,0,0,0,0,0,0,0,0,207,154,2e-04,5e-04,8e-04,0.0018,0.0031,0.0051,0.0065,0.0049,8.48,0.01,0
2025-12-19 23:33:06,0,0,30.31,0,32,929,15.4833,16,0.266667,69,1.15,2.98,0,0,0,0,0,0,0,0,204,154,0,0,0,2e-04,5e-04,8e-04,0.0011,9e-04,0.42,0,0
2025-12-19 23:34:06,0,0,30.69,0,32,1891,31.5167,29,0.483333,124,2.06667,14.69,0,0,0,0,0,0,0,0,193,153,1e-04,3e-04,5e-04,0.0012,0.0022,0.0036,0.0045,0.0033,5.54,0.01,0
2025-12-19 23:35:06,0,0,30.5,0,1,4712,78.5333,80,1.33333,366,6.1,8.97,0,0,0,0,0,0,0,0,170,153,1e-04,3e-04,2e-04,7e-04,0.0015,0.0021,0.0021,0.0013,3.4,0,0
2025-12-19 23:36:06,0,0,30.62,0,1,4772,79.5333,132,2.2,274,4.56667,12.23,0,0,0,0,0,0,0,0,187,108,1e-04,3e-04,4e-04,0.0011,0.0018,0.0031,0.0035,0.0024,5.02,0.01,0
2025-12-19 23:37:06,0,0,30.5,0,8,8152,135.867,260,4.33333,405,6.75,15.82,0,0,0,0,0,0,0,0,204,150,2e-04,4e-04,5e-04,0.0012,0.0025,0.004,0.0044,0.0028,5.71,0.01,0
2025-12-19 23:38:06,0,0,30.75,0,32,1971,32.85,60,1,86,1.43333,9.84,0,0,0,0,0,0,0,0,156,108,1e-04,2e-04,4e-04,9e-04,0.0014,0.0025,0.0032,0.0025,3.99,0,0
2025-12-19 23:39:06,0,0,30.69,0,1,37,0.616667,0,0,2,0.0333333,10.2,0,0,0,0,0,0,0,0,154,104,1e-04,2e-04,4e-04,8e-04,0.0015,0.0026,0.0034,0.0028,3.57,0.01,0
2025-12-19 23:40:06,0,0,30.69,0,1,0,0,0,0,0,0,9.51,0,0,0,0,0,0,0,0,152,104,1e-04,1e-04,4e-04,8e-04,0.0014,0.0024,0.0032,0.0026,3.51,0,0
2025-12-19 23:41:06,0,0,30.44,0,1,569,9.48333,22,0.366667,21,0.35,19.52,0,0,0,0,0,0,0,0,192,148,2e-04,4e-04,8e-04,0.0017,0.0029,0.0048,0.0063,0.0048,7.89,0.01,0
2025-12-19 23:42:06,0,0,30.62,0,1,2085,34.75,35,0.583333,138,2.3,12.57,0,0,0,0,0,0,0,0,152,130,1e-04,2e-04,5e-04,0.0011,0.0019,0.0031,0.0041,0.0034,4.89,0.01,0
2025-12-19 23:43:06,0,0,30.38,0,1,2574,42.9,71,1.18333,132,2.2,18.17,0,0,0,0,0,0,0,0,224,164,2e-04,4e-04,8e-04,0.0016,0.0027,0.0044,0.0058,0.0046,7.81,0.01,0
2025-12-19 23:44:06,0,0,30.56,0,4,1262,21.0333,17,0.283333,73,1.21667,16.16,0,0,0,0,0,0,0,0,198,149,2e-04,3e-04,7e-04,0.0014,0.0024,0.004,0.0052,0.004,6.72,0.01,0
2025-12-19 23:45:06,0,0,30.62,0,4,644,10.7333,4,0.0666667,41,0.683333,30.04,0,0,0,0,0,0,0,0,156,110,4e-04,7e-04,0.0013,0.0027,0.0045,0.0073,0.0095,0.0071,13.19,0.01,0
2025-12-19 23:46:06,0,0,30.56,0,1,972,16.2,9,0.15,62,1.03333,5.74,0,0,0,0,0,0,0,0,200,156,0,0,2e-04,5e-04,9e-04,0.0015,0.002,0.0017,1.53,0,0
2025-12-19 23:47:06,0,0,30.44,0,1,2529,42.15,28,0.466667,170,2.83333,19.74,0,0,0,0,0,0,0,0,211,128,2e-04,4e-04,8e-04,0.0017,0.0029,0.0049,0.0064,0.0049,7.91,0.01,0
2025-12-19 23:48:06,0,0,30.44,0,1,3368,56.1333,71,1.18333,167,2.78333,14.67,0,0,0,0,0,0,0,0,202,133,1e-04,3e-04,6e-04,0.0013,0.0022,0.0036,0.0047,0.0037,5.99,0.01,0
2025-12-19 23:49:06,0,0,30.56,0,4,490,8.16667,0,0,35,0.583333,23.83,0,0,0,0,0,0,0,0,145,104,3e-04,5e-04,0.0011,0.0021,0.0035,0.0058,0.0076,0.0058,10.42,0.01,0
2025-12-19 23:50:06,0,0,30.94,0,4,1129,18.8167,19,0.316667,65,1.08333,20.96,0,0,0,0,0,0,0,0,160,104,2e-04,5e-04,9e-04,0.0019,0.0031,0.0051,0.0067,0.0051,8.97,0.01,0
2025-12-19 23:51:06,0,0,30.69,0,1,1516,25.2667,16,0.266667,92,1.53333,7.09,0,0,0,0,0,0,0,0,166,120,0,1e-04,2e-04,6e-04,0.0011,0.0018,0.0024,0.002,2.26,0,0
2025-12-19 23:52:06,0,0,30.44,0,1,4672,77.8667,88,1.46667,233,3.88333,7.68,0,0,0,0,0,0,0,0,211,168,1e-04,1e-04,3e-04,7e-04,0.0012,0.0019,0.0026,0.0022,2.75,0,0
2025-12-19 23:53:06,0,0,30.88,0,16,2423,40.3833,48,0.8,148,2.46667,28.1,0,0,0,0,0,0,0,0,179,118,3e-04,6e-04,0.0012,0.0025,0.0042,0.0068,0.009,0.0068,12.2,0.01,0
2025-12-19 23:54:06,0,0,31.25,0,16,714,11.9,21,0.35,31,0.516667,32.97,0,0,0,0,0,0,0,0,162,116,4e-04,7e-04,0.0015,0.0029,0.0049,0.008,0.0104,0.0078,14.57,0.02,0
2025-12-19 23:55:06,0,0,31.56,0,8,300,5,2,0.0333333,25,0.416667,11.63,0,0,0,0,0,0,0,0,158,108,1e-04,2e-04,4e-04,0.001,0.0017,0.0029,0.0038,0.003,4.42,0.01,0
2025-12-19 23:56:06,0,0,31.56,0,8,141,2.35,2,0.0333333,7,0.116667,13.42,0,0,0,0,0,0,0,0,162,115,1e-04,3e-04,5e-04,0.0012,0.002,0.0033,0.0044,0.0034,5.2,0.01,0
2025-12-19 23:57:06,0,0,31.5,0,1,677,11.2833,17,0.283333,32,0.533333,9.75,0,0,0,0,0,0,0,0,178,119,1e-04,2e-04,4e-04,8e-04,0.0015,0.0024,0.0032,0.0027,3.77,0,0
2025-12-19 23:58:06,0,0,31.38,0,1,7,0.116667,0,0,1,0.0166667,5.13,0,0,0,0,0,0,0,0,183,117,0,1e-04,1e-04,4e-04,8e-04,0.0013,0.0018,0.0018,1.45,0,0
2025-12-19 23:59:06,0,0,31.31,0,1,2262,37.7,72,1.2,116,1.93333,6.28,0,0,0,0,0,0,0,0,156,120,1e-04,1e-04,2e-04,5e-04,9e-04,0.0016,0.0022,0.0019,1.98,0,0
2025-12-20 00:00:06,0,0,31.12,0,1,4217,70.2833,107,1.78333,216,3.6,3.65,0,0,0,0,0,0,0,0,203,140,0,0,1e-04,3e-04,5e-04,0.001,0.0013,0.0013,0.96,0,0
2025-12-20 00:01:06,0,0,30.75,0,1,3558,59.3,90,1.5,191,3.18333,7.4,0,0,0,0,0,0,0,0,187,143,1e-04,1e-04,3e-04,7e-04,0.0011,0.0018,0.0025,0.0022,2.66,0,0
2025-12-20 00:02:06,0,0,30.44,0,1,160,2.66667,0,0,11,0.183333,5.19,0,0,0,0,0,0,0,0,192,139,0,1e-04,2e-04,4e-04,8e-04,0.0014,0.0019,0.0018,1.39,0,0
2025-12-20 00:03:06,0,0,30.69,0,1,116,1.93333,0,0,4,0.0666667,5.29,0,0,0,0,0,0,0,0,180,140,0,1e-04,1e-04,4e-04,8e-04,0.0014,0.0019,0.0018,1.46,0,0
2025-12-20 00:04:06,0,0,30.75,0,1,1726,28.7667,35,0.583333,78,1.3,4.56,0,0,0,0,0,0,0,0,182,138,0,1e-04,1e-04,4e-04,7e-04,0.0012,0.0016,0.0017,1.35,0,0
2025-12-20 00:05:06,0,0,30.56,0,1,1968,32.8,44,0.733333,117,1.95,5.3,0,0,0,0,0,0,0,0,220,163,0,1e-04,1e-04,4e-04,8e-04,0.0014,0.0019,0.0017,1.4,0,0
2025-12-20 00:06:06,0,0,30.94,0,1,1143,19.05,15,0.25,86,1.43333,10.03,0,0,0,0,0,0,0,0,174,108,1e-04,2e-04,4e-04,9e-04,0.0015,0.0025,0.0033,0.0028,3.7,0.01,0
2025-12-20 00:07:06,0,0,30.5,0,2,2988,49.8,85,1.41667,163,2.71667,8.5,0,0,0,0,0,0,0,0,188,138,1e-04,1e-04,3e-04,7e-04,0.0013,0.0021,0.0028,0.0023,2.97,0,0
2025-12-20 00:08:06,0,0,30.62,0,32,3463,57.7167,82,1.36667,151,2.51667,2.88,0,0,0,0,0,0,0,0,148,135,0,0,1e-04,2e-04,4e-04,7e-04,0.001,0.0011,0.67,0,0
2025-12-20 00:09:06,0,0,31,0,1,4048,67.4667,107,1.78333,185,3.08333,5.46,0,0,0,0,0,0,0,0,218,156,0,1e-04,2e-04,5e-04,8e-04,0.0014,0.0018,0.0016,1.87,0,0
2025-12-20 00:10:06,0,0,30.38,0,1,4679,77.9833,119,1.98333,230,3.83333,3.09,0,0,0,0,0,0,0,0,222,166,0,0,1e-04,2e-04,5e-04,8e-04,0.0012,0.0011,0.55,0,0
2025-12-20 00:11:06,0,0,30.38,0,1,3649,60.8167,84,1.4,199,3.31667,6.75,0,0,0,0,0,0,0,0,160,146,1e-04,1e-04,2e-04,6e-04,0.001,0.0017,0.0023,0.002,2.29,0,0
2025-12-20 00:12:06,0,0,30.44,0,1,594,9.9,11,0.183333,35,0.583333,8.16,0,0,0,0,0,0,0,0,183,108,1e-04,1e-04,3e-04,7e-04,0.0012,0.002,0.0027,0.0022,3.13,0,0
2025-12-20 00:13:06,0,0,30.31,0,1,0,0,0,0,0,0,15.11,0,0,0,0,0,0,0,0,180,106,2e-04,3e-04,6e-04,0.0013,0.0023,0.0037,0.0049,0.0038,6.11,0.01,0
2025-12-20 00:14:06,0,0,30.12,0,1,488,8.13333,13,0.216667,28,0.466667,12.42,0,0,0,0,0,0,0,0,182,106,1e-04,2e-04,5e-04,0.0011,0.0018,0.0031,0.0041,0.0033,4.89,0.01,0
2025-12-20 00:15:06,0,0,30.25,0,1,178,2.96667,0,0,11,0.183333,7.74,0,0,0,0,0,0,0,0,179,102,1e-04,1e-04,3e-04,6e-04,0.0012,0.002,0.0027,0.0023,2.5,0,0
2025-12-20 00:16:06,0,0,29.56,0,1,1218,20.3,25,0.416667,69,1.15,11.8,0,0,0,0,0,0,0,0,162,146,1e-04,2e-04,5e-04,0.001,0.0018,0.0029,0.0039,0.003,4.42,0.01,0
2025-12-20 00:17:06,0,0,29.69,0,16,2717,45.2833,81,1.35,134,2.23333,14.83,0,0,0,0,0,0,0,0,175,103,2e-04,3e-04,6e-04,0.0013,0.0022,0.0037,0.0048,0.0037,5.97,0.01,0
2025-12-20 00:18:06,0,0,29.88,0,1,1203,20.05,20,0.333333,68,1.13333,8.83,0,0,0,0,0,0,0,0,154,101,1e-04,2e-04,3e-04,7e-04,0.0013,0.0022,0.003,0.0025,3.09,0,0
2025-12-20 00:19:06,0,0,29.94,0,1,3,0.05,0,0,0,0,13.29,0,0,0,0,0,0,0,0,147,100,2e-04,3e-04,5e-04,0.0011,0.002,0.0033,0.0044,0.0037,5.14,0.01,0
2025-12-20 00:20:06,0,0,29.94,0,1,0,0,0,0,0,0,13.2,0,0,0,0,0,0,0,0,145,100,2e-04,3e-04,5e-04,0.0011,0.002,0.0033,0.0044,0.0037,5.15,0.01,0
2025-12-20 00:21:06,0,0,29.94,0,1,0,0,0,0,0,0,13.29,0,0,0,0,0,0,0,0,144,102,2e-04,3e-04,5e-04,0.0011,0.002,0.0033,0.0044,0.0037,5.05,0.01,0
2025-12-20 00:22:06,0,0,30,0,1,0,0,0,0,0,0,13.35,0,0,0,0,0,0,0,0,144,100,2e-04,3e-04,5e-04,0.0011,0.002,0.0033,0.0044,0.0037,5.05,0.01,0
2025-12-20 00:23:06,0,0,30.06,0,1,14,0.233333,0,0,1,0.0166667,13.39,0,0,0,0,0,0,0,0,143,100,2e-04,3e-04,5e-04,0.0011,0.002,0.0033,0.0044,0.0037,5.06,0.01,0
2025-12-20 00:24:06,0,0,30.12,0,1,0,0,0,0,0,0,13.48,0,0,0,0,0,0,0,0,142,100,2e-04,3e-04,5e-04,0.0011,0.002,0.0033,0.0045,0.0037,5.26,0.01,0
2025-12-20 00:25:06,0,0,30.19,0,1,0,0,0,0,0,0,13.43,0,0,0,0,0,0,0,0,142,100,2e-04,3e-04,5e-04,0.0011,0.002,0.0033,0.0044,0.0037,5.07,0.01,0
2025-12-20 00:26:06,0,0,29.69,0,1,1199,19.9833,22,0.366667,97,1.61667,8.43,0,0,0,0,0,0,0,0,171,107,1e-04,1e-04,3e-04,7e-04,0.0013,0.0021,0.0029,0.0024,2.89,0,0
2025-12-20 00:27:06,0,0,29.62,0,1,1372,22.8667,23,0.383333,94,1.56667,4.04,0,0,0,0,0,0,0,0,150,116,0,0,1e-04,3e-04,6e-04,0.001,0.0014,0.0014,0.93,0,0
2025-12-20 00:28:06,0,0,29.75,0,1,506,8.43333,5,0.0833333,39,0.65,8.26,0,0,0,0,0,0,0,0,157,110,1e-04,1e-04,3e-04,7e-04,0.0012,0.0021,0.0028,0.0023,3,0,0
2025-12-20 00:29:06,0,0,29.62,0,1,381,6.35,1,0.0166667,23,0.383333,5.64,0,0,0,0,0,0,0,0,161,117,1e-04,1e-04,2e-04,4e-04,9e-04,0.0014,0.002,0.0017,1.64,0,0
2025-12-20 00:30:06,0,0,29.5,0,1,252,4.2,1,0.0166667,31,0.516667,6.96,0,0,0,0,0,0,0,0,162,107,1e-04,1e-04,2e-04,6e-04,0.0011,0.0018,0.0024,0.002,2.26,0,0
2025-12-20 00:31:06,0,0,29.62,0,1,196,3.26667,1,0.0166667,9,0.15,6.24,0,0,0,0,0,0,0,0,155,108,1e-04,1e-04,2e-04,5e-04,9e-04,0.0016,0.0021,0.0018,1.95,0,0
2025-12-20 00:32:06,0,0,29.69,0,1,79,1.31667,0,0,8,0.133333,6.51,0,0,0,0,0,0,0,0,157,108,1e-04,1e-04,2e-04,5e-04,0.001,0.0017,0.0023,0.002,1.96,0,0
2025-12-20 00:33:06,0,0,29.69,0,1,160,2.66667,0,0,11,0.183333,9.41,0,0,0,0,0,0,0,0,169,107,1e-04,2e-04,4e-04,8e-04,0.0014,0.0024,0.0032,0.0026,3.45,0,0
2025-12-20 00:34:06,0,0,30.19,0,1,2659,44.3167,81,1.35,148,2.46667,8.29,0,0,0,0,0,0,0,0,176,109,1e-04,1e-04,3e-04,7e-04,0.0012,0.0021,0.0028,0.0022,3.02,0,0
2025-12-20 00:35:06,0,0,30.44,0,1,328,5.46667,0,0,29,0.483333,1.35,0,0,0,0,0,0,0,0,206,110,0,0,0,1e-04,2e-04,4e-04,5e-04,5e-04,0,0,0
2025-12-20 00:36:06,0,0,30.44,0,4,895,14.9167,16,0.266667,59,0.983333,3.42,0,0,0,0,0,0,0,0,180,103,0,0,1e-04,3e-04,5e-04,9e-04,0.0013,0.0011,0.62,0,0
2025-12-20 00:37:06,0,0,30.25,0,4,1729,28.8167,19,0.316667,99,1.65,3.66,0,0,0,0,0,0,0,0,219,143,0,0,1e-04,3e-04,6e-04,0.001,0.0013,0.0012,0.63,0,0
2025-12-20 00:38:06,0,0,30.44,0,1,2199,36.65,64,1.06667,109,1.81667,6.86,0,0,0,0,0,0,0,0,173,118,1e-04,1e-04,2e-04,6e-04,0.001,0.0017,0.0023,0.0019,2.42,0,0
2025-12-20 00:39:06,0,0,30.12,0,1,7764,129.4,247,4.11667,321,5.35,3.75,0,0,0,0,0,0,0,0,224,160,0,0,1e-04,3e-04,6e-04,0.001,0.0013,0.001,1.19,0,0
2025-12-20 00:40:06,0,0,30.06,0,8,5913,98.55,207,3.45,277,4.61667,3.48,0,0,0,0,0,0,0,0,228,158,0,0,0,2e-04,5e-04,9e-04,0.0011,9e-04,0.49,0,0
2025-12-20 00:41:06,0,0,29.62,0,1,4460,74.3333,145,2.41667,223,3.71667,4.08,0,0,0,0,0,0,0,0,194,164,0,0,0,2e-04,7e-04,0.0011,0.0013,0.001,0.4,0,0
2025-12-20 00:42:06,0,0,29.88,0,8,4789,79.8167,166,2.76667,208,3.46667,5.42,0,0,0,0,0,0,0,0,163,102,0,1e-04,1e-04,4e-04,9e-04,0.0014,0.0017,0.0013,1.2,0,0
2025-12-20 00:43:06,0,0,29.75,0,8,2585,43.0833,83,1.38333,107,1.78333,2.97,0,0,0,0,0,0,0,0,181,137,0,0,0,2e-04,5e-04,9e-04,0.001,8e-04,0.13,0,0
2025-12-20 00:44:06,0,0,29.31,0,16,1650,27.5,59,0.983333,47,0.783333,2.57,0,0,0,0,0,0,0,0,218,158,0,0,0,2e-04,4e-04,7e-04,9e-04,7e-04,0.2,0,0
2025-12-20 00:45:06,0,0,29.44,0,16,3338,55.6333,77,1.28333,192,3.2,2.98,0,0,0,0,0,0,0,0,186,134,0,0,0,2e-04,5e-04,8e-04,0.001,7e-04,0.41,0,0
2025-12-20 00:46:06,0,0,29.69,0,8,3542,59.0333,95,1.58333,152,2.53333,4.18,0,0,0,0,0,0,0,0,160,103,0,0,1e-04,2e-04,7e-04,0.0012,0.0014,0.0011,0.56,0,0
2025-12-20 00:47:06,0,0,29.38,0,16,3386,56.4333,89,1.48333,150,2.5,3.34,0,0,0,0,0,0,0,0,230,163,0,0,0,2e-04,5e-04,9e-04,0.0011,8e-04,0.4,0,0
2025-12-20 00:48:06,0,0,29.81,0,8,1294,21.5667,42,0.7,58,0.966667,4.85,0,0,0,0,0,0,0,0,163,102,0,1e-04,1e-04,3e-04,8e-04,0.0013,0.0016,0.0011,0.83,0,0
2025-12-20 00:49:06,0,0,29.75,0,8,1723,28.7167,61,1.01667,57,0.95,4.64,0,0,0,0,0,0,0,0,189,118,0,0,0,3e-04,7e-04,0.0013,0.0015,0.0011,0.65,0,0
2025-12-20 00:50:06,0,0,29.56,0,8,1320,22,34,0.566667,76,1.26667,3.95,0,0,0,0,0,0,0,0,187,113,0,0,0,3e-04,6e-04,0.0011,0.0013,0.001,0.37,0,0
2025-12-20 00:51:06,0,0,29.75,0,8,11,0.183333,0,0,0,0,4.98,0,0,0,0,0,0,0,0,194,122,0,1e-04,1e-04,3e-04,8e-04,0.0014,0.0016,0.0012,0.88,0,0
2025-12-20 00:52:06,0,0,29.56,0,8,2376,39.6,77,1.28333,107,1.78333,4.78,0,0,0,0,0,0,0,0,230,164,0,0,1e-04,3e-04,8e-04,0.0013,0.0015,0.0011,0.83,0,0
2025-12-20 00:53:06,0,0,29.94,0,8,3049,50.8167,96,1.6,147,2.45,5.72,0,0,0,0,0,0,0,0,153,119,0,1e-04,1e-04,4e-04,9e-04,0.0015,0.0018,0.0013,1.35,0,0
2025-12-20 00:54:06,0,0,29.81,0,8,3582,59.7,113,1.88333,132,2.2,5.49,0,0,0,0,0,0,0,0,198,128,0,1e-04,1e-04,4e-04,9e-04,0.0015,0.0017,0.0013,1.18,0,0
2025-12-20 00:55:06,0,0,29.69,0,8,474,7.9,12,0.2,24,0.4,5.1,0,0,0,0,0,0,0,0,151,111,0,1e-04,1e-04,3e-04,8e-04,0.0014,0.0016,0.0012,1.03,0,0
2025-12-20 00:56:06,0,0,29.69,0,8,4733,78.8833,166,2.76667,194,3.23333,3.28,0,0,0,0,0,0,0,0,151,107,0,0,0,2e-04,5e-04,9e-04,0.0011,8e-04,0.18,0,0
2025-12-20 00:57:06,0,0,29.81,0,8,1729,28.8167,54,0.9,68,1.13333,2.94,0,0,0,0,0,0,0,0,185,106,0,0,0,2e-04,5e-04,8e-04,0.001,8e-04,0.25,0,0
2025-12-20 00:58:06,0,0,29.62,0,1,4985,83.0833,159,2.65,232,3.86667,3.8,0,0,0,0,0,0,0,0,214,152,0,0,0,2e-04,6e-04,0.0011,0.0012,9e-04,0.5,0,0
2025-12-20 00:59:06,0,0,29,0,16,363,6.05,9,0.15,20,0.333333,2.6,0,0,0,0,0,0,0,0,221,158,0,0,0,1e-04,4e-04,7e-04,9e-04,7e-04,0.01,0,0
2025-12-20 01:00:06,0,0,29.19,0,16,2290,38.1667,62,1.03333,103,1.71667,2.78,0,0,0,0,0,0,0,0,216,154,0,0,0,1e-04,5e-04,8e-04,9e-04,7e-04,0.05,0,0
2025-12-20 01:01:06,0,0,29.62,0,8,7880,131.333,223,3.71667,493,8.21667,4.61,0,0,0,0,0,0,0,0,214,170,0,0,1e-04,3e-04,7e-04,0.0012,0.0014,0.001,1.09,0,0
2025-12-20 01:02:06,0,0,29.69,0,16,7084,118.067,215,3.58333,426,7.1,1.34,0,0,0,0,0,0,0,0,179,120,0,0,0,1e-04,2e-04,4e-04,5e-04,4e-04,0.02,0,0
2025-12-20 01:03:06,0,0,29.38,0,16,4396,73.2667,154,2.56667,211,3.51667,2.32,0,0,0,0,0,0,0,0,219,159,0,0,0,1e-04,4e-04,7e-04,8e-04,6e-04,0.05,0,0
2025-12-20 01:04:06,0,0,29.56,0,16,432,7.2,1,0.0166667,30,0.5,3.03,0,0,0,0,0,0,0,0,207,151,0,0,0,2e-04,5e-04,8e-04,0.001,8e-04,0.24,0,0
2025-12-20 01:05:06,0,0,29.56,0,1,1943,32.3833,49,0.816667,131,2.18333,2.41,0,0,0,0,0,0,0,0,204,158,0,0,0,2e-04,4e-04,7e-04,8e-04,7e-04,0.13,0,0
2025-12-20 01:06:06,0,0,29.5,0,1,345,5.75,1,0.0166667,30,0.5,2.51,0,0,0,0,0,0,0,0,208,158,0,0,0,1e-04,4e-04,7e-04,9e-04,6e-04,0.03,0,0
2025-12-20 01:07:06,0,0,29.62,0,1,22,0.366667,0,0,1,0.0166667,2.28,0,0,0,0,0,0,0,0,210,160,0,0,0,1e-04,4e-04,7e-04,8e-04,6e-04,0,0,0
2025-12-20 01:08:06,0,0,29.75,0,1,37,0.616667,0,0,1,0.0166667,2.36,0,0,0,0,0,0,0,0,196,153,0,0,0,1e-04,4e-04,7e-04,8e-04,6e-04,0.05,0,0
2025-12-20 01:09:06,0,0,29.81,0,1,165,2.75,0,0,5,0.0833333,2.75,0,0,0,0,0,0,0,0,194,146,0,0,0,2e-04,5e-04,7e-04,9e-04,7e-04,0.18,0,0
2025-12-20 01:10:06,0,0,29.81,0,1,98,1.63333,1,0.0166667,3,0.05,2.25,0,0,0,0,0,0,0,0,200,153,0,0,0,1e-04,4e-04,6e-04,7e-04,6e-04,0.13,0,0
2025-12-20 01:11:06,0,0,29.94,0,1,3,0.05,0,0,0,0,2.35,0,0,0,0,0,0,0,0,206,156,0,0,0,1e-04,4e-04,6e-04,8e-04,6e-04,0.18,0,0
2025-12-20 01:12:06,0,0,30.12,0,1,82,1.36667,0,0,6,0.1,2.21,0,0,0,0,0,0,0,0,202,154,0,0,0,1e-04,4e-04,6e-04,7e-04,6e-04,0.04,0,0
2025-12-20 01:13:06,0,0,30.31,0,1,856,14.2667,21,0.35,67,1.11667,2.05,0,0,0,0,0,0,0,0,183,140,0,0,0,1e-04,4e-04,6e-04,7e-04,5e-04,0,0,0
2025-12-20 01:14:06,0,0,30.56,0,16,15,0.25,0,0,2,0.0333333,2.24,0,0,0,0,0,0,0,0,172,118,0,0,0,1e-04,4e-04,6e-04,7e-04,6e-04,0.12,0,0
2025-12-20 01:15:06,0,0,30.5,0,1,227,3.78333,3,0.05,14,0.233333,2.43,0,0,0,0,0,0,0,0,186,143,0,0,0,1e-04,4e-04,7e-04,8e-04,6e-04,0.04,0,0
2025-12-20 01:16:06,0,0,30.38,0,1,7438,123.967,228,3.8,377,6.28333,0.86,0,0,0,0,0,0,0,0,222,161,0,0,0,1e-04,1e-04,2e-04,3e-04,2e-04,0.17,0,0
2025-12-20 01:17:06,0,0,30.31,0,16,4740,79,101,1.68333,320,5.33333,0.47,0,0,0,0,0,0,0,0,195,128,0,0,0,0,1e-04,1e-04,2e-04,1e-04,0.01,0,0
2025-12-20 01:18:06,0,0,30.38,0,16,3728,62.1333,86,1.43333,261,4.35,0,0,0,0,0,0,0,0,0,212,150,0,0,0,0,0,0,0,0,0,0,0
2025-12-20 01:19:06,0,0,30.5,0,16,2712,45.2,101,1.68333,131,2.18333,0,0,0,0,0,0,0,0,0,231,163,0,0,0,0,0,0,0,0,0,0,0
2025-12-20 01:20:06,0,0,30.69,0,16,1257,20.95,26,0.433333,85,1.41667,0,0,0,0,0,0,0,0,0,196,141,0,0,0,0,0,0,0,0,0,0,0
2025-12-20 01:21:06,0,0,30.75,0,16,1109,18.4833,38,0.633333,67,1.11667,0,0,0,0,0,0,0,0,0,231,162,0,0,0,0,0,0,0,0,0,0,0
2025-12-20 01:22:06,0,0,31.19,0,16,2173,36.2167,42,0.7,166,2.76667,0,0,0,0,0,0,0,0,0,209,150,0,0,0,0,0,0,0,0,0,0,0
2025-12-20 01:23:06,0,0,31.75,0,16,1704,28.4,46,0.766667,129,2.15,0,0,0,0,0,0,0,0,0,214,150,0,0,0,0,0,0,0,0,0,0,0
2025-12-20 01:24:06,0,0,31.81,0,16,2197,36.6167,69,1.15,159,2.65,0,0,0,0,0,0,0,0,0,200,139,0,0,0,0,0,0,0,0,0,0,0
2025-12-20 01:25:06,0,0,31.56,0,16,103,1.71667,3,0.05,5,0.0833333,0,0,0,0,0,0,0,0,0,195,135,0,0,0,0,0,0,0,0,0,0,0
2025-12-20 01:26:06,0,0,31.44,0,1,1804,30.0667,71,1.18333,95,1.58333,0,0,0,0,0,0,0,0,0,207,148,0,0,0,0,0,0,0,0,0,0,0
2025-12-20 01:27:06,0,1,31.19,0,16,1039,17.3167,37,0.616667,56,0.933333,0,0,0,0,0,0,0,0,11,228,164,0,0,0,0,0,0,0,0,0,0,0
2025-12-20 01:28:06,0,0,30.75,0,16,61,1.01667,0,0,4,0.0666667,0,0,0,0,0,0,0,0,11,226,163,0,0,0,0,0,0,0,0,0,0,0
2025-12-20 01:29:06,0,0,30.5,0,16,0,0,0,0,0,0,0,0,0,0,0,0,0,0,11,224,161,0,0,0,0,0,0,0,0,0,0,0
2025-12-20 01:30:06,0,0,30.31,0,16,14,0.233333,0,0,2,0.0333333,0,0,0,0,0,0,0,0,11,225,162,0,0,0,0,0,0,0,0,0,0,0
2025-12-20 01:31:06,0,0,30.19,0,16,7,0.116667,0,0,1,0.0166667,0,0,0,0,0,0,0,0,11,225,162,0,0,0,0,0,0,0,0,0,0,0
2025-12-20 01:32:06,0,0,30.12,0,1,1084,18.0667,21,0.35,75,1.25,0,0,0,0,0,0,0,0,11,220,160,0,0,0,0,0,0,0,0,0,0,0
2025-12-20 01:33:06,0,0,30.12,0,16,2441,40.6833,74,1.23333,167,2.78333,0,0,0,0,0,0,0,0,11,205,156,0,0,0,0,0,0,0,0,0,0,0
2025-12-20 01:34:06,0,0,30.06,0,16,0,0,0,0,0,0,0,0,0,0,0,0,0,0,1,202,152,0,0,0,0,0,0,0,0,0,0,1
2025-12-20 01:35:06,0,0,29.94,0,16,4,0.0666667,0,0,0,0,0,0,0,0,0,0,0,0,1,202,151,0,0,0,0,0,0,0,0,0,0,1
2025-12-20 01:36:06,0,0,29.94,0,16,473,7.88333,15,0.25,37,0.616667,0,0,0,0,0,0,0,0,2,211,153,0,0,0,0,0,0,0,0,0,0,1
2025-12-20 01:37:06,0,0,29.94,0,16,4,0.0666667,0,0,0,0,0,0,0,0,0,0,0,0,2,209,153,0,0,0,0,0,0,0,0,0,0,1
2025-12-20 01:38:06,0,0,29.94,0,16,0,0,0,0,0,0,0,0,0,0,0,0,0,0,1,209,152,0,0,0,0,0,0,0,0,0,0,1
2025-12-20 01:39:06,0,0,29.94,0,16,0,0,0,0,0,0,0,0,0,0,0,0,0,0,1,210,152,0,0,0,0,0,0,0,0,0,0,1
2025-12-20 01:40:06,0,0,29.88,0,16,0,0,0,0,0,0,0,0,0,0,0,0,0,0,1,210,152,0,0,0,0,0,0,0,0,0,0,1
2025-12-20 01:41:06,0,0,29.88,0,16,103,1.71667,2,0.0333333,6,0.1,0,0,0,0,0,0,0,0,1,208,152,0,0,0,0,0,0,0,0,0,0,1
2025-12-20 01:42:06,0,0,29.88,0,16,0,0,0,0,0,0,0,0,0,0,0,0,0,0,1,209,152,0,0,0,0,0,0,0,0,0,0,1
2025-12-20 01:43:06,0,0,29.88,0,16,0,0,0,0,0,0,0,0,0,0,0,0,0,0,1,208,152,0,0,0,0,0,0,0,0,0,0,1
2025-12-20 01:44:06,0,0,29.88,0,16,0,0,0,0,0,0,0,0,0,0,0,0,0,0,1,208,152,0,0,0,0,0,0,0,0,0,0,1
2025-12-20 01:45:06,0,0,29.88,0,16,0,0,0,0,0,0,0,0,0,0,0,0,0,0,1,208,152,0,0,0,0,0,0,0,0,0,0,1
2025-12-20 01:46:06,0,0,29.88,0,16,52,0.866667,0,0,3,0.05,0,0,0,0,0,0,0,0,1,208,152,0,0,0,0,0,0,0,0,0,0,1
2025-12-20 01:47:06,0,0,29.88,0,16,0,0,0,0,0,0,0,0,0,0,0,0,0,0,1,210,152,0,0,0,0,0,0,0,0,0,0,1
2025-12-20 01:48:06,0,0,29.88,0,16,0,0,0,0,0,0,0,0,0,0,0,0,0,0,1,209,151,0,0,0,0,0,0,0,0,0,0,1
2025-12-20 01:49:06,0,0,29.88,0,16,0,0,0,0,0,0,0,0,0,0,0,0,0,0,1,208,151,0,0,0,0,0,0,0,0,0,0,1
2025-12-20 01:50:06,0,0,29.88,0,16,0,0,0,0,0,0,0,0,0,0,0,0,0,0,1,208,151,0,0,0,0,0,0,0,0,0,0,1
2025-12-20 01:51:06,0,0,29.88,0,16,0,0,0,0,0,0,0,0,0,0,0,0,0,0,1,208,151,0,0,0,0,0,0,0,0,0,0,1
2025-12-20 01:52:06,0,0,29.88,0,16,0,0,0,0,0,0,0,0,0,0,0,0,0,0,1,208,151,0,0,0,0,0,0,0,0,0,0,1
2025-12-20 01:53:06,0,0,29.88,0,16,0,0,0,0,0,0,0,0,0,0,0,0,0,0,1,208,152,0,0,0,0,0,0,0,0,0,0,1
2025-12-20 01:54:06,0,0,29.88,0,16,0,0,0,0,0,0,0,0,0,0,0,0,0,0,1,209,152,0,0,0,0,0,0,0,0,0,0,1
2025-12-20 01:55:06,0,0,29.88,0,16,0,0,0,0,0,0,0,0,0,0,0,0,0,0,1,208,151,0,0,0,0,0,0,0,0,0,0,1
2025-12-20 01:56:06,0,0,29.88,0,16,0,0,0,0,0,0,0,0,0,0,0,0,0,0,1,208,151,0,0,0,0,0,0,0,0,0,0,1
2025-12-20 01:57:06,0,0,29.88,0,16,30,0.5,1,0.0166667,3,0.05,0,0,0,0,0,0,0,0,1,209,151,0,0,0,0,0,0,0,0,0,0,1
2025-12-20 01:58:06,0,0,29.88,0,16,0,0,0,0,0,0,0,0,0,0,0,0,0,0,1,209,151,0,0,0,0,0,0,0,0,0,0,1
2025-12-20 01:59:06,0,0,29.88,0,16,0,0,0,0,0,0,0,0,0,0,0,0,0,0,1,209,151,0,0,0,0,0,0,0,0,0,0,1
2025-12-20 02:00:06,0,0,29.88,0,16,0,0,0,0,0,0,0,0,0,0,0,0,0,0,1,208,151,0,0,0,0,0,0,0,0,0,0,1
2025-12-20 02:01:06,0,0,29.88,0,16,0,0,0,0,0,0,0,0,0,0,0,0,0,0,1,208,151,0,0,0,0,0,0,0,0,0,0,1
2025-12-20 02:02:06,0,0,29.88,0,16,0,0,0,0,0,0,0,0,0,0,0,0,0,0,1,210,151,0,0,0,0,0,0,0,0,0,0,1
2025-12-20 02:03:06,0,0,29.88,0,16,0,0,0,0,0,0,0,0,0,0,0,0,0,0,1,209,151,0,0,0,0,0,0,0,0,0,0,1
2025-12-20 02:04:06,0,0,29.88,0,16,0,0,0,0,0,0,0,0,0,0,0,0,0,0,1,208,151,0,0,0,0,0,0,0,0,0,0,1
2025-12-20 02:05:06,0,0,29.88,0,16,0,0,0,0,0,0,0,0,0,0,0,0,0,0,1,208,151,0,0,0,0,0,0,0,0,0,0,1
2025-12-20 02:06:06,0,0,29.88,0,16,0,0,0,0,0,0,0,0,0,0,0,0,0,0,1,208,151,0,0,0,0,0,0,0,0,0,0,1
2025-12-20 02:07:06,0,0,29.88,0,16,0,0,0,0,0,0,0,0,0,0,0,0,0,0,1,208,151,0,0,0,0,0,0,0,0,0,0,1
2025-12-20 02:08:06,0,0,29.88,0,16,0,0,0,0,0,0,0,0,0,0,0,0,0,0,1,209,151,0,0,0,0,0,0,0,0,0,0,1
2025-12-20 02:09:06,0,0,29.88,0,16,0,0,0,0,0,0,0,0,0,0,0,0,0,0,2,210,151,0,0,0,0,0,0,0,0,0,0,1
2025-12-20 02:10:06,0,0,29.75,0,1,1687,28.1167,60,1,108,1.8,0,0,0,0,0,0,0,0,2,205,151,0,0,0,0,0,0,0,0,0,0,1
2025-12-20 02:11:06,0,0,29.75,0,1,2374,39.5667,67,1.11667,145,2.41667,0,0,0,0,0,0,0,0,2,142,132,0,0,0,0,0,0,0,0,0,0,1
2025-12-20 02:12:06,0,0,29.56,0,16,0,0,0,0,0,0,0,0,0,0,0,0,0,0,2,140,129,0,0,0,0,0,0,0,0,0,0,1
2025-12-20 02:13:06,0,0,29.56,0,16,0,0,0,0,0,0,0,0,0,0,0,0,0,0,1,140,129,0,0,0,0,0,0,0,0,0,0,1
2025-12-20 02:14:06,0,0,29.62,0,16,0,0,0,0,0,0,0,0,0,0,0,0,0,0,2,139,128,0,0,0,0,0,0,0,0,0,0,1
2025-12-20 02:15:06,0,0,29.75,0,16,0,0,0,0,0,0,0,0,0,0,0,0,0,0,1,139,128,0,0,0,0,0,0,0,0,0,0,1
2025-12-20 02:16:06,0,0,29.81,0,16,0,0,0,0,0,0,0,0,0,0,0,0,0,0,1,139,128,0,0,0,0,0,0,0,0,0,0,1
2025-12-20 02:17:06,0,0,30,0,16,0,0,0,0,0,0,0,0,0,0,0,0,0,0,1,139,129,0,0,0,0,0,0,0,0,0,0,1
2025-12-20 02:18:06,0,0,30.12,0,16,0,0,0,0,0,0,0,0,0,0,0,0,0,0,1,139,129,0,0,0,0,0,0,0,0,0,0,1
2025-12-20 02:19:06,0,0,30.25,0,16,0,0,0,0,0,0,0,0,0,0,0,0,0,0,1,139,129,0,0,0,0,0,0,0,0,0,0,1
2025-12-20 02:20:06,0,0,30.38,0,16,0,0,0,0,0,0,0,0,0,0,0,0,0,0,1,139,129,0,0,0,0,0,0,0,0,0,0,1
2025-12-20 02:21:06,0,0,30.5,0,16,0,0,0,0,0,0,0,0,0,0,0,0,0,0,1,138,129,0,0,0,0,0,0,0,0,0,0,1
2025-12-20 02:22:06,0,0,30.62,0,16,0,0,0,0,0,0,0,0,0,0,0,0,0,0,1,139,129,0,0,0,0,0,0,0,0,0,0,1
2025-12-20 02:23:06,0,0,30.75,0,16,0,0,0,0,0,0,0,0,0,0,0,0,0,0,1,138,129,0,0,0,0,0,0,0,0,0,0,1
2025-12-20 02:24:06,0,0,30.81,0,16,0,0,0,0,0,0,0,0,0,0,0,0,0,0,1,138,129,0,0,0,0,0,0,0,0,0,0,1
2025-12-20 02:25:06,0,0,30.94,0,16,0,0,0,0,0,0,0,0,0,0,0,0,0,0,1,138,129,0,0,0,0,0,0,0,0,0,0,1
2025-12-20 02:26:06,0,0,31.06,0,16,0,0,0,0,0,0,0,0,0,0,0,0,0,0,1,138,128,0,0,0,0,0,0,0,0,0,0,1
2025-12-20 02:27:06,0,0,31.19,0,16,0,0,0,0,0,0,0,0,0,0,0,0,0,0,1,138,128,0,0,0,0,0,0,0,0,0,0,1
2025-12-20 02:28:06,0,0,31.25,0,16,0,0,0,0,0,0,0,0,0,0,0,0,0,0,1,138,129,0,0,0,0,0,0,0,0,0,0,1
2025-12-20 02:29:06,0,0,31.31,0,16,0,0,0,0,0,0,0,0,0,0,0,0,0,0,1,138,128,0,0,0,0,0,0,0,0,0,0,1
2025-12-20 02:30:06,0,0,31.5,0,16,139,2.31667,4,0.0666667,11,0.183333,0,0,0,0,0,0,0,0,1,151,120,0,0,0,0,0,0,0,0,0,0,1
2025-12-20 02:31:06,0,0,31.5,0,16,0,0,0,0,0,0,0,0,0,0,0,0,0,0,1,147,118,0,0,0,0,0,0,0,0,0,0,1
2025-12-20 02:32:06,0,0,31.56,0,16,55,0.916667,0,0,7,0.116667,0,0,0,0,0,0,0,0,1,141,123,0,0,0,0,0,0,0,0,0,0,1
2025-12-20 02:33:06,0,0,31.56,0,16,8,0.133333,0,0,1,0.0166667,0,0,0,0,0,0,0,0,1,141,120,0,0,0,0,0,0,0,0,0,0,1
2025-12-20 02:34:06,0,0,31.56,0,16,0,0,0,0,0,0,0,0,0,0,0,0,0,0,1,140,120,0,0,0,0,0,0,0,0,0,0,1
2025-12-20 02:35:06,0,0,31.62,0,16,0,0,0,0,0,0,0,0,0,0,0,0,0,0,1,140,119,0,0,0,0,0,0,0,0,0,0,1
2025-12-20 02:36:06,0,0,31.62,0,16,0,0,0,0,0,0,0,0,0,0,0,0,0,0,1,140,119,0,0,0,0,0,0,0,0,0,0,1
2025-12-20 02:37:06,0,0,31.62,0,16,0,0,0,0,0,0,0,0,0,0,0,0,0,0,1,140,119,0,0,0,0,0,0,0,0,0,0,1
2025-12-20 02:38:06,0,0,31.69,0,16,0,0,0,0,0,0,0,0,0,0,0,0,0,0,1,140,119,0,0,0,0,0,0,0,0,0,0,1
2025-12-20 02:39:06,0,0,31.69,0,16,0,0,0,0,0,0,0,0,0,0,0,0,0,0,1,140,119,0,0,0,0,0,0,0,0,0,0,1
2025-12-20 02:40:06,0,0,31.75,0,16,0,0,0,0,0,0,0,0,0,0,0,0,0,0,1,140,119,0,0,0,0,0,0,0,0,0,0,1
2025-12-20 02:41:06,0,0,31.75,0,16,0,0,0,0,0,0,0,0,0,0,0,0,0,0,1,140,118,0,0,0,0,0,0,0,0,0,0,1
2025-12-20 02:42:06,0,0,31.81,0,16,0,0,0,0,0,0,0,0,0,0,0,0,0,0,1,140,118,0,0,0,0,0,0,0,0,0,0,1
2025-12-20 02:43:06,0,0,31.81,0,16,0,0,0,0,0,0,0,0,0,0,0,0,0,0,1,140,118,0,0,0,0,0,0,0,0,0,0,1
2025-12-20 02:44:06,0,0,31.81,0,16,7,0.116667,0,0,0,0,0,0,0,0,0,0,0,0,1,140,118,0,0,0,0,0,0,0,0,0,0,1
2025-12-20 02:45:06,0,0,31.81,0,16,6,0.1,0,0,1,0.0166667,0,0,0,0,0,0,0,0,1,138,124,0,0,0,0,0,0,0,0,0,0,1
2025-12-20 02:46:06,0,0,31.81,0,16,0,0,0,0,0,0,0,0,0,0,0,0,0,0,1,138,125,0,0,0,0,0,0,0,0,0,0,1
2025-12-20 02:47:06,0,0,31.81,0,16,0,0,0,0,0,0,0,0,0,0,0,0,0,0,1,138,124,0,0,0,0,0,0,0,0,0,0,1
2025-12-20 02:48:06,0,0,31.81,0,16,0,0,0,0,0,0,0,0,0,0,0,0,0,0,1,138,128,0,0,0,0,0,0,0,0,0,0,1
2025-12-20 02:49:06,0,0,31.81,0,16,0,0,0,0,0,0,0,0,0,0,0,0,0,0,1,138,124,0,0,0,0,0,0,0,0,0,0,1
2025-12-20 02:50:06,0,0,31.81,0,16,0,0,0,0,0,0,0,0,0,0,0,0,0,0,1,138,124,0,0,0,0,0,0,0,0,0,0,1
2025-12-20 02:51:06,0,0,31.81,0,16,0,0,0,0,0,0,0,0,0,0,0,0,0,0,1,138,124,0,0,0,0,0,0,0,0,0,0,1
2025-12-20 02:52:06,0,0,31.81,0,16,0,0,0,0,0,0,0,0,0,0,0,0,0,0,1,138,125,0,0,0,0,0,0,0,0,0,0,1
2025-12-20 02:53:06,0,0,31.81,0,16,0,0,0,0,0,0,0,0,0,0,0,0,0,0,1,138,125,0,0,0,0,0,0,0,0,0,0,1
2025-12-20 02:54:06,0,0,31.75,0,16,254,4.23333,3,0.05,29,0.483333,0,0,0,0,0,0,0,0,1,138,124,0,0,0,0,0,0,0,0,0,0,1
2025-12-20 02:55:06,0,0,31.75,0,1,949,15.8167,27,0.45,66,1.1,0,0,0,0,0,0,0,0,1,141,104,0,0,0,0,0,0,0,0,0,0,1
2025-12-20 02:56:06,0,0,31.94,0,16,4,0.0666667,0,0,0,0,0,0,0,0,0,0,0,0,1,182,136,0,0,0,0,0,0,0,0,0,0,1
2025-12-20 02:57:06,0,0,32.06,0,16,0,0,0,0,0,0,0,0,0,0,0,0,0,0,1,175,129,0,0,0,0,0,0,0,0,0,0,1
2025-12-20 02:58:06,0,0,32.12,0,16,0,0,0,0,0,0,0,0,0,0,0,0,0,0,1,172,128,0,0,0,0,0,0,0,0,0,0,1
2025-12-20 02:59:06,0,0,32.19,0,16,4,0.0666667,0,0,0,0,0,0,0,0,0,0,0,0,1,167,121,0,0,0,0,0,0,0,0,0,0,1
2025-12-20 03:00:06,0,0,32.31,0,16,0,0,0,0,0,0,0,0,0,0,0,0,0,0,1,166,120,0,0,0,0,0,0,0,0,0,0,1
2025-12-20 03:01:06,0,0,32.38,0,16,0,0,0,0,0,0,0,0,0,0,0,0,0,0,1,164,118,0,0,0,0,0,0,0,0,0,0,1
2025-12-20 03:02:06,0,0,32.44,0,16,0,0,0,0,0,0,0,0,0,0,0,0,0,0,1,162,117,0,0,0,0,0,0,0,0,0,0,1
2025-12-20 03:03:06,0,0,32.56,0,16,0,0,0,0,0,0,0,0,0,0,0,0,0,0,1,162,116,0,0,0,0,0,0,0,0,0,0,1
2025-12-20 03:04:06,0,0,32.62,0,16,0,0,0,0,0,0,0,0,0,0,0,0,0,0,1,160,115,0,0,0,0,0,0,0,0,0,0,1
2025-12-20 03:05:06,0,0,32.69,0,16,0,0,0,0,0,0,0,0,0,0,0,0,0,0,1,159,113,0,0,0,0,0,0,0,0,0,0,1
2025-12-20 03:06:06,0,0,32.81,0,16,0,0,0,0,0,0,0,0,0,0,0,0,0,0,1,157,113,0,0,0,0,0,0,0,0,0,0,1
2025-12-20 03:07:06,0,0,32.81,0,16,0,0,0,0,0,0,0,0,0,0,0,0,0,0,1,156,111,0,0,0,0,0,0,0,0,0,0,1
2025-12-20 03:08:06,0,0,32.88,0,16,0,0,0,0,0,0,0,0,0,0,0,0,0,0,1,154,109,0,0,0,0,0,0,0,0,0,0,1
2025-12-20 03:09:06,0,0,33,0,16,0,0,0,0,0,0,0,0,0,0,0,0,0,0,1,155,109,0,0,0,0,0,0,0,0,0,0,1
2025-12-20 03:10:06,0,0,33,0,16,240,4,6,0.1,17,0.283333,0,0,0,0,0,0,0,0,1,152,104,0,0,0,0,0,0,0,0,0,0,1
2025-12-20 03:11:06,0,0,33,0,16,0,0,0,0,0,0,0,0,0,0,0,0,0,0,1,149,104,0,0,0,0,0,0,0,0,0,0,1
2025-12-20 03:12:06,0,0,33.06,0,16,0,0,0,0,0,0,0,0,0,0,0,0,0,0,1,150,103,0,0,0,0,0,0,0,0,0,0,1
2025-12-20 03:13:06,0,0,33.06,0,16,0,0,0,0,0,0,0,0,0,0,0,0,0,0,1,149,104,0,0,0,0,0,0,0,0,0,0,1
2025-12-20 03:14:06,0,0,33.06,0,16,0,0,0,0,0,0,0,0,0,0,0,0,0,0,1,150,104,0,0,0,0,0,0,0,0,0,0,1
2025-12-20 03:15:06,0,0,33.12,0,16,0,0,0,0,0,0,0,0,0,0,0,0,0,0,1,149,103,0,0,0,0,0,0,0,0,0,0,1
2025-12-20 03:16:06,0,0,33.12,0,16,0,0,0,0,0,0,0,0,0,0,0,0,0,0,1,149,103,0,0,0,0,0,0,0,0,0,0,1
2025-12-20 03:17:06,0,0,33.19,0,16,0,0,0,0,0,0,0,0,0,0,0,0,0,0,1,150,103,0,0,0,0,0,0,0,0,0,0,1
2025-12-20 03:18:06,0,0,33.19,0,16,3,0.05,0,0,0,0,0,0,0,0,0,0,0,0,1,150,103,0,0,0,0,0,0,0,0,0,0,1
2025-12-20 03:19:06,0,0,33.19,0,16,0,0,0,0,0,0,0,0,0,0,0,0,0,0,1,148,103,0,0,0,0,0,0,0,0,0,0,1
2025-12-20 03:20:06,0,0,33.25,0,16,0,0,0,0,0,0,0,0,0,0,0,0,0,0,1,148,103,0,0,0,0,0,0,0,0,0,0,1
2025-12-20 03:21:06,0,0,33.25,0,16,0,0,0,0,0,0,0,0,0,0,0,0,0,0,1,149,103,0,0,0,0,0,0,0,0,0,0,1
2025-12-20 03:22:06,0,0,33.25,0,16,0,0,0,0,0,0,0,0,0,0,0,0,0,0,1,148,103,0,0,0,0,0,0,0,0,0,0,1
2025-12-20 03:23:06,0,0,33.31,0,16,0,0,0,0,0,0,0,0,0,0,0,0,0,0,1,148,103,0,0,0,0,0,0,0,0,0,0,1
2025-12-20 03:24:06,0,0,33.31,0,16,0,0,0,0,0,0,0,0,0,0,0,0,0,0,1,147,103,0,0,0,0,0,0,0,0,0,0,1
2025-12-20 03:25:06,0,0,33.31,0,16,0,0,0,0,0,0,0,0,0,0,0,0,0,0,1,147,102,0,0,0,0,0,0,0,0,0,0,1
2025-12-20 03:26:06,0,0,33.31,0,16,0,0,0,0,0,0,0,0,0,0,0,0,0,0,1,148,103,0,0,0,0,0,0,0,0,0,0,1
2025-12-20 03:27:06,0,0,33.31,0,16,0,0,0,0,0,0,0,0,0,0,0,0,0,0,1,148,103,0,0,0,0,0,0,0,0,0,0,1
2025-12-20 03:28:06,0,0,33.31,0,16,842,14.0333,27,0.45,60,1,0,0,0,0,0,0,0,0,1,156,110,0,0,0,0,0,0,0,0,0,0,1
2025-12-20 03:29:06,0,0,33.38,0,16,0,0,0,0,0,0,0,0,0,0,0,0,0,0,1,150,104,0,0,0,0,0,0,0,0,0,0,1
2025-12-20 03:30:06,0,0,33.38,0,16,0,0,0,0,0,0,0,0,0,0,0,0,0,0,1,150,103,0,0,0,0,0,0,0,0,0,0,1
2025-12-20 03:31:06,0,0,33.44,0,16,0,0,0,0,0,0,0,0,0,0,0,0,0,0,1,150,103,0,0,0,0,0,0,0,0,0,0,1
2025-12-20 03:32:06,0,0,33.5,0,16,0,0,0,0,0,0,0,0,0,0,0,0,0,0,1,150,104,0,0,0,0,0,0,0,0,0,0,1
2025-12-20 03:33:06,0,0,33.5,0,16,0,0,0,0,0,0,0,0,0,0,0,0,0,0,1,149,103,0,0,0,0,0,0,0,0,0,0,1
2025-12-20 03:34:06,0,0,33.5,0,16,0,0,0,0,0,0,0,0,0,0,0,0,0,0,1,149,103,0,0,0,0,0,0,0,0,0,0,1
2025-12-20 03:35:06,0,0,33.5,0,16,0,0,0,0,0,0,0,0,0,0,0,0,0,0,1,149,103,0,0,0,0,0,0,0,0,0,0,1
2025-12-20 03:36:06,0,0,33.5,0,16,0,0,0,0,0,0,0,0,0,0,0,0,0,0,1,149,104,0,0,0,0,0,0,0,0,0,0,1
2025-12-20 03:37:06,0,0,33.44,0,16,811,13.5167,13,0.216667,49,0.816667,0,0,0,0,0,0,0,0,1,163,109,0,0,0,0,0,0,0,0,0,0,1
2025-12-20 03:38:06,0,0,33.12,0,1,0,0,0,0,0,0,0,0,0,0,0,0,0,0,1,158,107,0,0,0,0,0,0,0,0,0,0,1
2025-12-20 03:39:06,0,0,32.75,0,1,0,0,0,0,0,0,0,0,0,0,0,0,0,0,1,157,107,0,0,0,0,0,0,0,0,0,0,1
2025-12-20 03:40:06,0,0,32.44,0,1,0,0,0,0,0,0,0,0,0,0,0,0,0,0,1,156,106,0,0,0,0,0,0,0,0,0,0,1
2025-12-20 03:41:06,0,0,32.06,0,1,0,0,0,0,0,0,0,0,0,0,0,0,0,0,1,156,106,0,0,0,0,0,0,0,0,0,0,1
2025-12-20 03:42:06,0,0,31.75,0,1,0,0,0,0,0,0,0,0,0,0,0,0,0,0,1,155,105,0,0,0,0,0,0,0,0,0,0,1
2025-12-20 03:43:06,0,0,31.5,0,1,0,0,0,0,0,0,0,0,0,0,0,0,0,0,1,155,106,0,0,0,0,0,0,0,0,0,0,1
2025-12-20 03:44:06,0,0,31.25,0,1,0,0,0,0,0,0,0,0,0,0,0,0,0,0,1,154,106,0,0,0,0,0,0,0,0,0,0,1
2025-12-20 03:45:06,0,0,31,0,1,0,0,0,0,0,0,0,0,0,0,0,0,0,0,1,154,106,0,0,0,0,0,0,0,0,0,0,1
2025-12-20 03:46:06,0,0,30.81,0,1,0,0,0,0,0,0,0,0,0,0,0,0,0,0,1,154,106,0,0,0,0,0,0,0,0,0,0,1
2025-12-20 03:47:06,0,0,30.62,0,1,183,3.05,0,0,16,0.266667,0,0,0,0,0,0,0,0,1,157,107,0,0,0,0,0,0,0,0,0,0,1
2025-12-20 03:48:06,0,0,30.44,0,1,0,0,0,0,0,0,0,0,0,0,0,0,0,0,1,152,106,0,0,0,0,0,0,0,0,0,0,1
2025-12-20 03:49:06,0,0,30.31,0,1,0,0,0,0,0,0,0,0,0,0,0,0,0,0,1,151,106,0,0,0,0,0,0,0,0,0,0,1
2025-12-20 03:50:06,0,0,30.19,0,1,0,0,0,0,0,0,0,0,0,0,0,0,0,0,1,150,105,0,0,0,0,0,0,0,0,0,0,1
2025-12-20 03:51:06,0,0,30.06,0,1,0,0,0,0,0,0,0,0,0,0,0,0,0,0,1,150,105,0,0,0,0,0,0,0,0,0,0,1
2025-12-20 03:52:06,0,0,30,0,1,0,0,0,0,0,0,0,0,0,0,0,0,0,0,1,150,105,0,0,0,0,0,0,0,0,0,0,1
2025-12-20 03:53:06,0,0,29.88,0,1,0,0,0,0,0,0,0,0,0,0,0,0,0,0,1,150,105,0,0,0,0,0,0,0,0,0,0,1
2025-12-20 03:54:06,0,0,29.81,0,1,0,0,0,0,0,0,0,0,0,0,0,0,0,0,1,150,105,0,0,0,0,0,0,0,0,0,0,1
2025-12-20 03:55:06,0,0,29.81,0,1,0,0,0,0,0,0,0,0,0,0,0,0,0,0,1,149,105,0,0,0,0,0,0,0,0,0,0,1
2025-12-20 03:56:06,0,0,29.75,0,1,0,0,0,0,0,0,0,0,0,0,0,0,0,0,1,149,105,0,0,0,0,0,0,0,0,0,0,1
2025-12-20 03:57:06,0,0,29.69,0,1,0,0,0,0,0,0,0,0,0,0,0,0,0,0,1,149,105,0,0,0,0,0,0,0,0,0,0,1
2025-12-20 03:58:06,0,0,29.69,0,1,0,0,0,0,0,0,0,0,0,0,0,0,0,0,1,149,104,0,0,0,0,0,0,0,0,0,0,1
2025-12-20 03:59:06,0,0,29.69,0,1,0,0,0,0,0,0,0,0,0,0,0,0,0,0,1,149,105,0,0,0,0,0,0,0,0,0,0,1
2025-12-20 04:00:06,0,0,29.62,0,1,0,0,0,0,0,0,0,0,0,0,0,0,0,0,1,149,105,0,0,0,0,0,0,0,0,0,0,1
2025-12-20 04:01:06,0,0,29.62,0,1,0,0,0,0,0,0,0,0,0,0,0,0,0,0,1,148,105,0,0,0,0,0,0,0,0,0,0,1
2025-12-20 04:02:06,0,0,29.69,0,1,0,0,0,0,0,0,0,0,0,0,0,0,0,0,1,148,105,0,0,0,0,0,0,0,0,0,0,1
2025-12-20 04:03:06,0,0,29.62,0,1,0,0,0,0,0,0,0,0,0,0,0,0,0,0,1,148,105,0,0,0,0,0,0,0,0,0,0,1
2025-12-20 04:04:06,0,0,29.69,0,1,187,3.11667,6,0.1,15,0.25,0,0,0,0,0,0,0,0,1,148,104,0,0,0,0,0,0,0,0,0,0,1
2025-12-20 04:05:06,0,0,29.62,0,16,692,11.5333,17,0.283333,50,0.833333,0,0,0,0,0,0,0,0,1,152,118,0,0,0,0,0,0,0,0,0,0,1
2025-12-20 04:06:06,0,0,29.75,0,16,0,0,0,0,0,0,0,0,0,0,0,0,0,0,1,149,117,0,0,0,0,0,0,0,0,0,0,1
2025-12-20 04:07:06,0,0,29.94,0,16,0,0,0,0,0,0,0,0,0,0,0,0,0,0,1,147,115,0,0,0,0,0,0,0,0,0,0,1
2025-12-20 04:08:06,0,0,30.12,0,16,0,0,0,0,0,0,0,0,0,0,0,0,0,0,1,146,115,0,0,0,0,0,0,0,0,0,0,1
2025-12-20 04:09:06,0,0,30.25,0,16,0,0,0,0,0,0,0,0,0,0,0,0,0,0,1,145,114,0,0,0,0,0,0,0,0,0,0,1
2025-12-20 04:10:06,0,0,30.38,0,16,0,0,0,0,0,0,0,0,0,0,0,0,0,0,1,144,113,0,0,0,0,0,0,0,0,0,0,1
2025-12-20 04:11:06,0,0,30.56,0,16,0,0,0,0,0,0,0,0,0,0,0,0,0,0,1,144,113,0,0,0,0,0,0,0,0,0,0,1
2025-12-20 04:12:06,0,0,30.69,0,16,0,0,0,0,0,0,0,0,0,0,0,0,0,0,1,143,112,0,0,0,0,0,0,0,0,0,0,1
2025-12-20 04:13:06,0,0,30.81,0,16,0,0,0,0,0,0,0,0,0,0,0,0,0,0,1,143,112,0,0,0,0,0,0,0,0,0,0,1
2025-12-20 04:14:06,0,0,30.88,0,16,90,1.5,4,0.0666667,7,0.116667,0,0,0,0,0,0,0,0,1,145,113,0,0,0,0,0,0,0,0,0,0,1
2025-12-20 04:15:06,0,0,30.94,0,16,0,0,0,0,0,0,0,0,0,0,0,0,0,0,1,143,112,0,0,0,0,0,0,0,0,0,0,1
2025-12-20 04:16:06,0,0,31,0,16,0,0,0,0,0,0,0,0,0,0,0,0,0,0,1,143,111,0,0,0,0,0,0,0,0,0,0,1
2025-12-20 04:17:06,0,0,31,0,16,0,0,0,0,0,0,0,0,0,0,0,0,0,0,1,142,111,0,0,0,0,0,0,0,0,0,0,1
2025-12-20 04:18:06,0,0,31.06,0,16,0,0,0,0,0,0,0,0,0,0,0,0,0,0,1,142,110,0,0,0,0,0,0,0,0,0,0,1
2025-12-20 04:19:06,0,0,31.12,0,16,0,0,0,0,0,0,0,0,0,0,0,0,0,0,1,142,110,0,0,0,0,0,0,0,0,0,0,1
2025-12-20 04:20:06,0,0,31.19,0,16,0,0,0,0,0,0,0,0,0,0,0,0,0,0,1,141,110,0,0,0,0,0,0,0,0,0,0,1
2025-12-20 04:21:06,0,0,31.25,0,16,0,0,0,0,0,0,0,0,0,0,0,0,0,0,1,141,110,0,0,0,0,0,0,0,0,0,0,1
2025-12-20 04:22:06,0,0,31.25,0,16,17,0.283333,0,0,0,0,0,0,0,0,0,0,0,0,1,142,112,0,0,0,0,0,0,0,0,0,0,1
2025-12-20 04:23:06,0,0,31.25,0,16,0,0,0,0,0,0,0,0,0,0,0,0,0,0,1,141,111,0,0,0,0,0,0,0,0,0,0,1
2025-12-20 04:24:06,0,0,31.31,0,16,0,0,0,0,0,0,0,0,0,0,0,0,0,0,1,141,111,0,0,0,0,0,0,0,0,0,0,1
2025-12-20 04:25:06,0,0,31.31,0,16,7,0.116667,0,0,1,0.0166667,0,0,0,0,0,0,0,0,1,141,111,0,0,0,0,0,0,0,0,0,0,1
2025-12-20 04:26:06,0,0,31.5,0,16,1455,24.25,40,0.666667,90,1.5,0,0,0,0,0,0,0,0,2,165,121,0,0,0,0,0,0,0,0,0,0,1
2025-12-20 04:27:06,0,0,31.38,0,8,3253,54.2167,51,0.85,214,3.56667,0,0,0,0,0,0,0,0,2,161,110,0,0,0,0,0,0,0,0,0,0,1
2025-12-20 04:28:06,0,0,31.12,0,8,7262,121.033,193,3.21667,385,6.41667,0,0,0,0,0,0,0,0,2,195,146,0,0,0,0,0,0,0,0,0,0,1
2025-12-20 04:29:06,0,0,31.12,0,16,4,0.0666667,0,0,0,0,0,0,0,0,0,0,0,0,2,160,109,0,0,0,0,0,0,0,0,0,0,1
2025-12-20 04:30:06,0,0,31.12,0,16,0,0,0,0,0,0,0,0,0,0,0,0,0,0,2,157,107,0,0,0,0,0,0,0,0,0,0,1
2025-12-20 04:31:06,0,0,31.19,0,16,0,0,0,0,0,0,0,0,0,0,0,0,0,0,2,157,107,0,0,0,0,0,0,0,0,0,0,1
2025-12-20 04:32:06,0,0,31.31,0,16,0,0,0,0,0,0,0,0,0,0,0,0,0,0,2,156,106,0,0,0,0,0,0,0,0,0,0,1
2025-12-20 04:33:06,0,0,31.44,0,16,0,0,0,0,0,0,0,0,0,0,0,0,0,0,1,155,106,0,0,0,0,0,0,0,0,0,0,1
2025-12-20 04:34:06,0,0,31.44,0,16,1204,20.0667,38,0.633333,67,1.11667,0,0,0,0,0,0,0,0,2,196,150,0,0,0,0,0,0,0,0,0,0,1
2025-12-20 04:35:06,0,0,31.31,0,1,0,0,0,0,0,0,0,0,0,0,0,0,0,0,1,192,144,0,0,0,0,0,0,0,0,0,0,1
2025-12-20 04:36:06,0,0,31.12,0,1,0,0,0,0,0,0,0,0,0,0,0,0,0,0,1,189,144,0,0,0,0,0,0,0,0,0,0,1
2025-12-20 04:37:06,0,0,30.94,0,1,0,0,0,0,0,0,0,0,0,0,0,0,0,0,1,188,143,0,0,0,0,0,0,0,0,0,0,1
2025-12-20 04:38:06,0,0,30.75,0,1,0,0,0,0,0,0,0,0,0,0,0,0,0,0,1,185,141,0,0,0,0,0,0,0,0,0,0,1
2025-12-20 04:39:06,0,0,30.56,0,1,0,0,0,0,0,0,0,0,0,0,0,0,0,0,1,184,139,0,0,0,0,0,0,0,0,0,0,1
2025-12-20 04:40:06,0,0,30.44,0,1,0,0,0,0,0,0,0,0,0,0,0,0,0,0,1,183,139,0,0,0,0,0,0,0,0,0,0,1
2025-12-20 04:41:06,0,0,30.25,0,1,0,0,0,0,0,0,0,0,0,0,0,0,0,0,1,183,139,0,0,0,0,0,0,0,0,0,0,1
2025-12-20 04:42:06,0,0,30.19,0,1,0,0,0,0,0,0,0,0,0,0,0,0,0,0,1,182,137,0,0,0,0,0,0,0,0,0,0,1
2025-12-20 04:43:06,0,0,30.06,0,1,0,0,0,0,0,0,0,0,0,0,0,0,0,0,1,183,139,0,0,0,0,0,0,0,0,0,0,1
2025-12-20 04:44:06,0,0,29.94,0,1,0,0,0,0,0,0,0,0,0,0,0,0,0,0,1,181,137,0,0,0,0,0,0,0,0,0,0,1
2025-12-20 04:45:06,0,0,29.88,0,1,0,0,0,0,0,0,0,0,0,0,0,0,0,0,1,183,139,0,0,0,0,0,0,0,0,0,0,1
2025-12-20 04:46:06,0,0,29.81,0,1,0,0,0,0,0,0,0,0,0,0,0,0,0,0,1,181,136,0,0,0,0,0,0,0,0,0,0,1
2025-12-20 04:47:06,0,0,29.75,0,1,0,0,0,0,0,0,0,0,0,0,0,0,0,0,1,180,136,0,0,0,0,0,0,0,0,0,0,1
2025-12-20 04:48:06,0,0,29.69,0,1,0,0,0,0,0,0,0,0,0,0,0,0,0,0,1,180,136,0,0,0,0,0,0,0,0,0,0,1
2025-12-20 04:49:06,0,0,29.62,0,1,0,0,0,0,0,0,0,0,0,0,0,0,0,0,1,180,136,0,0,0,0,0,0,0,0,0,0,1
2025-12-20 04:50:06,0,0,29.62,0,1,0,0,0,0,0,0,0,0,0,0,0,0,0,0,1,180,136,0,0,0,0,0,0,0,0,0,0,1
2025-12-20 04:51:06,0,0,29.56,0,1,0,0,0,0,0,0,0,0,0,0,0,0,0,0,1,181,136,0,0,0,0,0,0,0,0,0,0,1
2025-12-20 04:52:06,0,0,30,0,16,2473,41.2167,101,1.68333,126,2.1,0,0,0,0,0,0,0,0,2,160,110,0,0,0,0,0,0,0,0,0,0,1
2025-12-20 04:53:06,0,0,30.31,0,16,0,0,0,0,0,0,0,0,0,0,0,0,0,0,1,156,108,0,0,0,0,0,0,0,0,0,0,1
2025-12-20 04:54:06,0,0,30.56,0,16,15,0.25,0,0,0,0,0,0,0,0,0,0,0,0,1,154,108,0,0,0,0,0,0,0,0,0,0,1
2025-12-20 04:55:06,0,0,30.81,0,16,0,0,0,0,0,0,0,0,0,0,0,0,0,0,1,153,107,0,0,0,0,0,0,0,0,0,0,1
2025-12-20 04:56:06,0,0,31.06,0,16,0,0,0,0,0,0,0,0,0,0,0,0,0,0,2,153,107,0,0,0,0,0,0,0,0,0,0,1
2025-12-20 04:57:06,0,0,31.25,0,16,0,0,0,0,0,0,0,0,0,0,0,0,0,0,1,152,106,0,0,0,0,0,0,0,0,0,0,1
2025-12-20 04:58:06,0,0,31.5,0,16,0,0,0,0,0,0,0,0,0,0,0,0,0,0,1,152,105,0,0,0,0,0,0,0,0,0,0,1
2025-12-20 04:59:06,0,0,31.69,0,16,0,0,0,0,0,0,0,0,0,0,0,0,0,0,1,152,106,0,0,0,0,0,0,0,0,0,0,1
2025-12-20 05:00:06,0,0,31.88,0,16,0,0,0,0,0,0,0,0,0,0,0,0,0,0,1,152,105,0,0,0,0,0,0,0,0,0,0,1
2025-12-20 05:01:06,0,0,32,0,16,0,0,0,0,1,0.0166667,0,0,0,0,0,0,0,0,1,151,105,0,0,0,0,0,0,0,0,0,0,1
2025-12-20 05:02:06,0,0,32.12,0,16,5,0.0833333,0,0,0,0,0,0,0,0,0,0,0,0,1,152,104,0,0,0,0,0,0,0,0,0,0,1
2025-12-20 05:03:06,0,0,32.25,0,16,0,0,0,0,0,0,0,0,0,0,0,0,0,0,1,152,104,0,0,0,0,0,0,0,0,0,0,1
2025-12-20 05:04:06,0,0,32.38,0,16,20,0.333333,0,0,2,0.0333333,0,0,0,0,0,0,0,0,1,152,104,0,0,0,0,0,0,0,0,0,0,1
2025-12-20 05:05:06,0,0,32.44,0,16,0,0,0,0,0,0,0,0,0,0,0,0,0,0,1,153,104,0,0,0,0,0,0,0,0,0,0,1
2025-12-20 05:06:06,0,0,32.5,0,16,0,0,0,0,0,0,0,0,0,0,0,0,0,0,1,153,103,0,0,0,0,0,0,0,0,0,0,1
2025-12-20 05:07:06,0,0,32.56,0,16,5,0.0833333,0,0,0,0,0,0,0,0,0,0,0,0,1,154,104,0,0,0,0,0,0,0,0,0,0,1
2025-12-20 05:08:06,0,0,32.62,0,16,0,0,0,0,0,0,0,0,0,0,0,0,0,0,1,152,104,0,0,0,0,0,0,0,0,0,0,1
2025-12-20 05:09:06,0,0,32.69,0,16,924,15.4,25,0.416667,59,0.983333,0,0,0,0,0,0,0,0,1,159,109,0,0,0,0,0,0,0,0,0,0,1
2025-12-20 05:10:06,0,0,32.81,0,16,0,0,0,0,0,0,0,0,0,0,0,0,0,0,1,151,106,0,0,0,0,0,0,0,0,0,0,1
2025-12-20 05:11:06,0,0,32.88,0,16,0,0,0,0,0,0,0,0,0,0,0,0,0,0,1,151,106,0,0,0,0,0,0,0,0,0,0,1
2025-12-20 05:12:06,0,0,33,0,16,0,0,0,0,0,0,0,0,0,0,0,0,0,0,1,150,105,0,0,0,0,0,0,0,0,0,0,1
2025-12-20 05:13:06,0,0,33.06,0,16,0,0,0,0,0,0,0,0,0,0,0,0,0,0,1,150,105,0,0,0,0,0,0,0,0,0,0,1
2025-12-20 05:14:06,0,0,33.12,0,16,10,0.166667,0,0,1,0.0166667,0,0,0,0,0,0,0,0,1,150,105,0,0,0,0,0,0,0,0,0,0,1
2025-12-20 05:15:06,0,0,33.25,0,16,1574,26.2333,58,0.966667,94,1.56667,0,0,0,0,0,0,0,0,2,222,167,0,0,0,0,0,0,0,0,0,0,1
2025-12-20 05:16:06,0,0,33.19,0,8,9,0.15,0,0,0,0,0,0,0,0,0,0,0,0,1,148,109,0,0,0,0,0,0,0,0,0,0,1
2025-12-20 05:17:06,0,0,32.94,0,8,606,10.1,21,0.35,34,0.566667,0,0,0,0,0,0,0,0,1,148,106,0,0,0,0,0,0,0,0,0,0,1
2025-12-20 05:18:06,0,0,32.75,0,1,0,0,0,0,0,0,0,0,0,0,0,0,0,0,1,145,104,0,0,0,0,0,0,0,0,0,0,1
2025-12-20 05:19:06,0,0,32.56,0,1,0,0,0,0,0,0,0,0,0,0,0,0,0,0,1,144,104,0,0,0,0,0,0,0,0,0,0,1
2025-12-20 05:20:06,0,0,32.38,0,1,0,0,0,0,0,0,0,0,0,0,0,0,0,0,1,143,103,0,0,0,0,0,0,0,0,0,0,1
2025-12-20 05:21:06,0,0,32.25,0,1,0,0,0,0,0,0,0,0,0,0,0,0,0,0,2,143,103,0,0,0,0,0,0,0,0,0,0,1
2025-12-20 05:22:06,0,0,32.12,0,16,2382,39.7,89,1.48333,135,2.25,0,0,0,0,0,0,0,0,2,148,108,0,0,0,0,0,0,0,0,0,0,1
2025-12-20 05:23:06,0,0,31.94,0,1,0,0,0,0,0,0,0,0,0,0,0,0,0,0,1,146,107,0,0,0,0,0,0,0,0,0,0,1
2025-12-20 05:24:06,0,0,31.75,0,1,0,0,0,0,0,0,0,0,0,0,0,0,0,0,1,145,107,0,0,0,0,0,0,0,0,0,0,1
2025-12-20 05:25:06,0,0,31.56,0,1,0,0,0,0,0,0,0,0,0,0,0,0,0,0,1,145,107,0,0,0,0,0,0,0,0,0,0,1
2025-12-20 05:26:06,0,0,31.44,0,1,0,0,0,0,0,0,0,0,0,0,0,0,0,0,2,145,106,0,0,0,0,0,0,0,0,0,0,1
2025-12-20 05:27:06,0,0,31.38,0,1,0,0,0,0,0,0,0,0,0,0,0,0,0,0,1,145,106,0,0,0,0,0,0,0,0,0,0,1
2025-12-20 05:28:06,0,0,31.25,0,1,0,0,0,0,0,0,0,0,0,0,0,0,0,0,1,145,106,0,0,0,0,0,0,0,0,0,0,1
2025-12-20 05:29:06,0,0,31.19,0,1,0,0,0,0,0,0,0,0,0,0,0,0,0,0,1,144,106,0,0,0,0,0,0,0,0,0,0,1
2025-12-20 05:30:06,0,0,31.06,0,1,0,0,0,0,0,0,0,0,0,0,0,0,0,0,1,144,105,0,0,0,0,0,0,0,0,0,0,1
2025-12-20 05:31:06,0,0,31,0,1,0,0,0,0,0,0,0,0,0,0,0,0,0,0,1,144,105,0,0,0,0,0,0,0,0,0,0,1
2025-12-20 05:32:06,0,0,30.94,0,1,0,0,0,0,0,0,0,0,0,0,0,0,0,0,1,144,105,0,0,0,0,0,0,0,0,0,0,1
2025-12-20 05:33:06,0,0,30.88,0,1,0,0,0,0,0,0,0,0,0,0,0,0,0,0,1,144,105,0,0,0,0,0,0,0,0,0,0,1
2025-12-20 05:34:06,0,0,30.81,0,16,620,10.3333,14,0.233333,43,0.716667,0,0,0,0,0,0,0,0,1,144,105,0,0,0,0,0,0,0,0,0,0,1
2025-12-20 05:35:06,0,0,30.94,0,8,937,15.6167,26,0.433333,35,0.583333,0,0,0,0,0,0,0,0,1,142,103,0,0,0,0,0,0,0,0,0,0,1
2025-12-20 05:36:06,0,0,31,0,8,0,0,0,0,0,0,0,0,0,0,0,0,0,0,1,141,103,0,0,0,0,0,0,0,0,0,0,1
2025-12-20 05:37:06,0,0,31.12,0,16,334,5.56667,6,0.1,26,0.433333,0,0,0,0,0,0,0,0,1,140,101,0,0,0,0,0,0,0,0,0,0,1
2025-12-20 05:38:06,0,0,31.31,0,16,0,0,0,0,0,0,0,0,0,0,0,0,0,0,1,140,101,0,0,0,0,0,0,0,0,0,0,1
2025-12-20 05:39:06,0,0,31.56,0,16,0,0,0,0,0,0,0,0,0,0,0,0,0,0,1,140,101,0,0,0,0,0,0,0,0,0,0,1
2025-12-20 05:40:06,0,0,31.69,0,16,0,0,0,0,0,0,0,0,0,0,0,0,0,0,1,140,102,0,0,0,0,0,0,0,0,0,0,1
2025-12-20 05:41:06,0,0,31.88,0,16,0,0,0,0,0,0,0,0,0,0,0,0,0,0,1,140,101,0,0,0,0,0,0,0,0,0,0,1
2025-12-20 05:42:06,0,0,32,0,16,3,0.05,0,0,0,0,0,0,0,0,0,0,0,0,1,140,102,0,0,0,0,0,0,0,0,0,0,1
2025-12-20 05:43:06,0,0,32.12,0,16,0,0,0,0,0,0,0,0,0,0,0,0,0,0,1,140,102,0,0,0,0,0,0,0,0,0,0,1
2025-12-20 05:44:06,0,0,32.25,0,16,0,0,0,0,0,0,0,0,0,0,0,0,0,0,1,140,102,0,0,0,0,0,0,0,0,0,0,1
2025-12-20 05:45:06,0,0,32.38,0,16,0,0,0,0,0,0,0,0,0,0,0,0,0,0,1,140,101,0,0,0,0,0,0,0,0,0,0,1
2025-12-20 05:46:06,0,0,32.44,0,16,0,0,0,0,0,0,0,0,0,0,0,0,0,0,1,140,101,0,0,0,0,0,0,0,0,0,0,1
2025-12-20 05:47:06,0,0,32.56,0,16,0,0,0,0,0,0,0,0,0,0,0,0,0,0,1,139,100,0,0,0,0,0,0,0,0,0,0,1
2025-12-20 05:48:06,0,0,32.56,0,16,0,0,0,0,0,0,0,0,0,0,0,0,0,0,1,139,102,0,0,0,0,0,0,0,0,0,0,1
2025-12-20 05:49:06,0,0,32.69,0,16,0,0,0,0,0,0,0,0,0,0,0,0,0,0,1,139,100,0,0,0,0,0,0,0,0,0,0,1
2025-12-20 05:50:06,0,0,32.75,0,16,0,0,0,0,0,0,0,0,0,0,0,0,0,0,1,139,100,0,0,0,0,0,0,0,0,0,0,1
2025-12-20 05:51:06,0,0,32.81,0,16,0,0,0,0,0,0,0,0,0,0,0,0,0,0,1,139,100,0,0,0,0,0,0,0,0,0,0,1
2025-12-20 05:52:06,0,0,32.81,0,16,0,0,0,0,0,0,0,0,0,0,0,0,0,0,1,139,100,0,0,0,0,0,0,0,0,0,0,1
2025-12-20 05:53:06,0,0,32.88,0,16,0,0,0,0,0,0,0,0,0,0,0,0,0,0,1,139,101,0,0,0,0,0,0,0,0,0,0,1
2025-12-20 05:54:06,0,0,32.94,0,16,0,0,0,0,0,0,0,0,0,0,0,0,0,0,1,139,101,0,0,0,0,0,0,0,0,0,0,1
2025-12-20 05:55:06,0,0,32.94,0,16,0,0,0,0,0,0,0,0,0,0,0,0,0,0,1,139,101,0,0,0,0,0,0,0,0,0,0,1
2025-12-20 05:56:06,0,0,33,0,16,0,0,0,0,0,0,0,0,0,0,0,0,0,0,1,139,101,0,0,0,0,0,0,0,0,0,0,1
2025-12-20 05:57:06,0,0,33,0,16,0,0,0,0,0,0,0,0,0,0,0,0,0,0,1,139,101,0,0,0,0,0,0,0,0,0,0,1
2025-12-20 05:58:06,0,0,33,0,1,0,0,0,0,0,0,0,0,0,0,0,0,0,0,1,139,101,0,0,0,0,0,0,0,0,0,0,1
2025-12-20 05:59:06,0,0,33,0,1,0,0,0,0,0,0,0,0,0,0,0,0,0,0,1,139,100,0,0,0,0,0,0,0,0,0,0,1
2025-12-20 06:00:06,0,0,33,0,16,0,0,0,0,0,0,0,0,0,0,0,0,0,0,1,140,100,0,0,0,0,0,0,0,0,0,0,1
2025-12-20 06:01:06,0,0,33,0,16,0,0,0,0,0,0,0,0,0,0,0,0,0,0,1,140,100,0,0,0,0,0,0,0,0,0,0,1
2025-12-20 06:02:06,0,0,33,0,16,0,0,0,0,0,0,0,0,0,0,0,0,0,0,1,139,100,0,0,0,0,0,0,0,0,0,0,1
2025-12-20 06:03:06,0,0,32.81,0,16,1854,30.9,44,0.733333,111,1.85,0,0,0,0,0,0,0,0,2,214,158,0,0,0,0,0,0,0,0,0,0,1
2025-12-20 06:04:06,0,0,32.69,0,16,0,0,0,0,0,0,0,0,0,0,0,0,0,0,1,195,131,0,0,0,0,0,0,0,0,0,0,1
2025-12-20 06:05:06,0,0,32.75,0,16,0,0,0,0,0,0,0,0,0,0,0,0,0,0,1,194,130,0,0,0,0,0,0,0,0,0,0,1
2025-12-20 06:06:06,0,0,33.06,0,16,422,7.03333,8,0.133333,39,0.65,0,0,0,0,0,0,0,0,1,153,108,0,0,0,0,0,0,0,0,0,0,1
2025-12-20 06:07:06,0,0,33.19,0,16,0,0,0,0,0,0,0,0,0,0,0,0,0,0,1,152,105,0,0,0,0,0,0,0,0,0,0,1
2025-12-20 06:08:06,0,0,33.25,0,16,3,0.05,0,0,0,0,0,0,0,0,0,0,0,0,1,152,105,0,0,0,0,0,0,0,0,0,0,1
2025-12-20 06:09:06,0,0,33.31,0,16,0,0,0,0,0,0,0,0,0,0,0,0,0,0,1,155,104,0,0,0,0,0,0,0,0,0,0,1
2025-12-20 06:10:06,0,0,33.38,0,16,0,0,0,0,0,0,0,0,0,0,0,0,0,0,1,154,104,0,0,0,0,0,0,0,0,0,0,1
2025-12-20 06:11:06,0,0,33.44,0,16,0,0,0,0,0,0,0,0,0,0,0,0,0,0,1,156,104,0,0,0,0,0,0,0,0,0,0,1
2025-12-20 06:12:06,0,0,33.5,0,16,867,14.45,27,0.45,64,1.06667,0,0,0,0,0,0,0,0,1,145,103,0,0,0,0,0,0,0,0,0,0,1
2025-12-20 06:13:06,0,0,33.56,0,16,0,0,0,0,0,0,0,0,0,0,0,0,0,0,1,144,103,0,0,0,0,0,0,0,0,0,0,1
2025-12-20 06:14:06,0,0,33.56,0,1,697,11.6167,19,0.316667,52,0.866667,0,0,0,0,0,0,0,0,2,156,103,0,0,0,0,0,0,0,0,0,0,1
2025-12-20 06:15:06,0,0,33.62,0,1,1003,16.7167,24,0.4,83,1.38333,0,0,0,0,0,0,0,0,2,160,103,0,0,0,0,0,0,0,0,0,0,1
2025-12-20 06:16:06,0,0,33.69,0,1,591,9.85,14,0.233333,41,0.683333,0,0,0,0,0,0,0,0,2,149,103,0,0,0,0,0,0,0,0,0,0,1
2025-12-20 06:17:06,0,0,33.75,0,1,0,0,0,0,0,0,0,0,0,0,0,0,0,0,1,148,103,0,0,0,0,0,0,0,0,0,0,1
2025-12-20 06:18:06,0,0,33.81,0,16,4,0.0666667,0,0,1,0.0166667,0,0,0,0,0,0,0,0,1,146,102,0,0,0,0,0,0,0,0,0,0,1
2025-12-20 06:19:06,0,0,33.88,0,1,0,0,0,0,0,0,0,0,0,0,0,0,0,0,1,145,102,0,0,0,0,0,0,0,0,0,0,1
2025-12-20 06:20:06,0,0,33.88,0,16,0,0,0,0,0,0,0,0,0,0,0,0,0,0,1,145,102,0,0,0,0,0,0,0,0,0,0,1
2025-12-20 06:21:06,0,0,33.94,0,16,0,0,0,0,0,0,0,0,0,0,0,0,0,0,1,146,102,0,0,0,0,0,0,0,0,0,0,1
2025-12-20 06:22:06,0,0,33.94,0,16,0,0,0,0,0,0,0,0,0,0,0,0,0,0,1,146,103,0,0,0,0,0,0,0,0,0,0,1
2025-12-20 06:23:06,0,0,33.94,0,16,0,0,0,0,0,0,0,0,0,0,0,0,0,0,1,146,102,0,0,0,0,0,0,0,0,0,0,1
2025-12-20 06:24:06,0,0,34,0,1,0,0,0,0,0,0,0,0,0,0,0,0,0,0,1,147,102,0,0,0,0,0,0,0,0,0,0,1
2025-12-20 06:25:06,0,0,34,0,32,735,12.25,13,0.216667,53,0.883333,0,0,0,0,0,0,0,0,1,182,134,0,0,0,0,0,0,0,0,0,0,1
2025-12-20 06:26:06,0,0,34.12,0,32,1336,22.2667,46,0.766667,59,0.983333,0,0,0,0,0,0,0,0,2,183,133,0,0,0,0,0,0,0,0,0,0,1
2025-12-20 06:27:06,0,0,34.06,0,8,208,3.46667,5,0.0833333,14,0.233333,0,0,0,0,0,0,0,0,1,145,105,0,0,0,0,0,0,0,0,0,0,1
2025-12-20 06:28:06,0,0,34.06,0,8,0,0,0,0,0,0,0,0,0,0,0,0,0,0,1,144,104,0,0,0,0,0,0,0,0,0,0,1
2025-12-20 06:29:06,0,0,34.06,0,8,0,0,0,0,0,0,0,0,0,0,0,0,0,0,1,143,103,0,0,0,0,0,0,0,0,0,0,1
2025-12-20 06:30:06,0,0,34.06,0,8,0,0,0,0,0,0,0,0,0,0,0,0,0,0,1,143,103,0,0,0,0,0,0,0,0,0,0,1
2025-12-20 06:31:06,0,0,34.06,0,8,0,0,0,0,0,0,0,0,0,0,0,0,0,0,1,142,103,0,0,0,0,0,0,0,0,0,0,1
2025-12-20 06:32:06,0,0,34.12,0,8,0,0,0,0,0,0,0,0,0,0,0,0,0,0,1,142,102,0,0,0,0,0,0,0,0,0,0,1
2025-12-20 06:33:06,0,0,34.12,0,8,0,0,0,0,0,0,0,0,0,0,0,0,0,0,1,142,102,0,0,0,0,0,0,0,0,0,0,1
2025-12-20 06:34:06,0,0,34.12,0,8,161,2.68333,0,0,17,0.283333,0,0,0,0,0,0,0,0,1,142,102,0,0,0,0,0,0,0,0,0,0,1
2025-12-20 06:35:06,0,0,34.12,0,1,2251,37.5167,76,1.26667,148,2.46667,0,0,0,0,0,0,0,0,2,152,104,0,0,0,0,0,0,0,0,0,0,1
2025-12-20 06:36:06,0,0,34.12,0,1,64,1.06667,0,0,3,0.05,0,0,0,0,0,0,0,0,2,147,103,0,0,0,0,0,0,0,0,0,0,1
2025-12-20 06:37:06,0,0,34.12,0,16,2040,34,65,1.08333,93,1.55,0,0,0,0,0,0,0,0,2,144,103,0,0,0,0,0,0,0,0,0,0,1
2025-12-20 06:38:06,0,0,34.19,0,16,189,3.15,3,0.05,23,0.383333,0,0,0,0,0,0,0,0,2,143,103,0,0,0,0,0,0,0,0,0,0,1
2025-12-20 06:39:06,0,0,34.25,0,16,0,0,0,0,0,0,0,0,0,0,0,0,0,0,2,143,102,0,0,0,0,0,0,0,0,0,0,1
2025-12-20 06:40:06,0,0,34.25,0,16,0,0,0,0,0,0,0,0,0,0,0,0,0,0,1,143,102,0,0,0,0,0,0,0,0,0,0,1
2025-12-20 06:41:06,0,0,34.31,0,16,0,0,0,0,0,0,0,0,0,0,0,0,0,0,1,143,102,0,0,0,0,0,0,0,0,0,0,1
2025-12-20 06:42:06,0,0,34.38,0,16,0,0,0,0,0,0,0,0,0,0,0,0,0,0,1,142,102,0,0,0,0,0,0,0,0,0,0,1
2025-12-20 06:43:06,0,0,34.38,0,16,0,0,0,0,0,0,0,0,0,0,0,0,0,0,1,143,102,0,0,0,0,0,0,0,0,0,0,1
2025-12-20 06:44:06,0,0,34.44,0,16,1631,27.1833,52,0.866667,110,1.83333,0,0,0,0,0,0,0,0,2,154,104,0,0,0,0,0,0,0,0,0,0,1
2025-12-20 06:45:06,0,0,34.44,0,1,0,0,0,0,0,0,0,0,0,0,0,0,0,0,1,151,103,0,0,0,0,0,0,0,0,0,0,1
2025-12-20 06:46:06,0,0,34.44,0,1,0,0,0,0,0,0,0,0,0,0,0,0,0,0,1,150,103,0,0,0,0,0,0,0,0,0,0,1
2025-12-20 06:47:06,0,0,34.44,0,1,0,0,0,0,0,0,0,0,0,0,0,0,0,0,12,150,103,0,0,0,0,0,0,0,0,0,0,0
2025-12-20 06:48:06,0,0,34.44,0,1,0,0,0,0,0,0,0,0,0,0,0,0,0,0,0,150,103,0,0,0,0,0,0,0,0,0,0,0
2025-12-20 06:49:06,0,0,34.38,0,1,2597,43.2833,95,1.58333,159,2.65,0,0,0,0,0,0,0,0,0,184,108,0,0,0,0,0,0,0,0,0,0,0
2025-12-20 06:50:06,0,0,34.38,0,16,1009,16.8167,31,0.516667,62,1.03333,0,0,0,0,0,0,0,0,0,142,102,0,0,0,0,0,0,0,0,0,0,0
2025-12-20 06:51:06,0,1,34.25,0,8,6048,100.8,142,2.36667,338,5.63333,0,0,0,0,0,0,0,0,0,146,102,0,0,0,0,0,0,0,0,0,0,0
2025-12-20 06:52:06,0,0,33.88,0,1,3252,54.2,80,1.33333,198,3.3,0,0,0,0,0,0,0,0,0,149,105,0,0,0,0,0,0,0,0,0,0,0
2025-12-20 06:53:06,0,0,33.38,0,1,8901,148.35,292,4.86667,394,6.56667,0.06,0,0,0,0,0,0,0,0,151,104,0,0,0,0,0,0,0,0,0,0,0
2025-12-20 06:54:06,0,0,33,0,1,1237,20.6167,46,0.766667,63,1.05,0,0,0,0,0,0,0,0,0,148,103,0,0,0,0,0,0,0,0,0,0,0
2025-12-20 06:55:06,0,0,32.56,0,1,13251,220.85,451,7.51667,644,10.7333,4.63,0,0,0,0,0,0,0,0,169,118,1e-04,1e-04,1e-04,4e-04,7e-04,0.0012,0.0013,8e-04,1.74,0,0
2025-12-20 06:56:06,0,0,31.94,0,8,7067,117.783,168,2.8,372,6.2,2.22,0,0,0,0,0,0,0,0,188,138,0,0,1e-04,2e-04,3e-04,6e-04,6e-04,4e-04,0.84,0,0
2025-12-20 06:57:06,0,0,31.62,0,8,850,14.1667,8,0.133333,61,1.01667,0,0,0,0,0,0,0,0,0,181,130,0,0,0,0,0,0,0,0,0,0,0
2025-12-20 06:58:06,0,0,31,0,8,2802,46.7,59,0.983333,151,2.51667,0,0,0,0,0,0,0,0,0,216,167,0,0,0,0,0,0,0,0,0,0,0
2025-12-20 06:59:06,0,0,30.56,0,8,3370,56.1667,38,0.633333,222,3.7,2.79,0,0,0,0,0,0,0,0,209,164,0,1e-04,0,2e-04,5e-04,7e-04,8e-04,5e-04,0.63,0,0
2025-12-20 07:00:06,0,0,30.19,0,1,4053,67.55,78,1.3,285,4.75,16.13,0,0,0,0,0,0,0,0,205,152,2e-04,4e-04,4e-04,0.0012,0.0025,0.0041,0.0045,0.0028,5.5,0.01,0
2025-12-20 07:01:06,0,0,30.12,0,1,8261,137.683,262,4.36667,503,8.38333,8.04,0,0,0,0,0,0,0,0,187,131,1e-04,1e-04,2e-04,5e-04,0.0013,0.0021,0.0023,0.0014,2.12,0,0
2025-12-20 07:02:06,0,0,29.94,0,1,2514,41.9,16,0.266667,183,3.05,6.68,0,0,0,0,0,0,0,0,179,131,0,1e-04,1e-04,5e-04,0.0011,0.0017,0.0019,0.0012,1.95,0,0
2025-12-20 07:03:06,0,0,29.75,0,1,3855,64.25,54,0.9,302,5.03333,10.43,0,0,0,0,0,0,0,0,179,133,1e-04,2e-04,3e-04,8e-04,0.0016,0.0026,0.0029,0.0018,3.48,0,0
2025-12-20 07:04:06,0,0,29.75,0,1,4377,72.95,63,1.05,322,5.36667,17.26,0,0,0,0,0,0,0,0,181,124,2e-04,4e-04,5e-04,0.0014,0.0027,0.0043,0.0047,0.0029,6.37,0.01,0
2025-12-20 07:05:06,0,0,29.69,0,1,4489,74.8167,76,1.26667,308,5.13333,25.89,0,0,0,0,0,0,0,0,194,128,3e-04,7e-04,8e-04,0.0021,0.004,0.0064,0.007,0.0044,10.17,0.01,0
2025-12-20 07:06:06,0,0,29.56,0,8,3837,63.95,75,1.25,236,3.93333,0,0,0,0,0,0,0,0,0,212,156,0,0,0,0,0,0,0,0,0,0,0
2025-12-20 07:07:06,0,0,29.31,0,1,3566,59.4333,38,0.633333,244,4.06667,0.06,0,0,0,0,0,0,0,0,188,133,0,0,0,0,0,0,0,0,0.02,0,0
2025-12-20 07:08:06,0,0,28.94,0,16,348,5.8,0,0,28,0.466667,0.64,0,0,0,0,0,0,0,0,189,139,0,0,0,1e-04,1e-04,1e-04,3e-04,0,0.13,0,0
2025-12-20 07:09:06,0,0,29.12,0,16,942,15.7,1,0.0166667,106,1.76667,0.46,0,0,0,0,0,0,0,0,184,134,0,0,0,1e-04,1e-04,0,2e-04,0,0.06,0,0
2025-12-20 07:10:06,0,0,28.94,0,16,422,7.03333,1,0.0166667,45,0.75,0.47,0,0,0,0,0,0,0,0,202,148,0,0,0,1e-04,1e-04,0,3e-04,0,0.05,0,0
2025-12-20 07:11:06,0,0,29.06,0,16,7,0.116667,0,0,0,0,0.34,0,0,0,0,0,0,0,0,180,136,0,0,0,0,1e-04,0,2e-04,0,0,0,0
2025-12-20 07:12:06,0,0,29.38,0,16,45,0.75,0,0,3,0.05,0.31,0,0,0,0,0,0,0,0,176,128,0,0,0,0,1e-04,0,2e-04,0,0,0,0
2025-12-20 07:13:06,0,0,29.75,0,1,3498,58.3,80,1.33333,243,4.05,12.32,0,0,0,0,0,0,0,0,202,129,1e-04,3e-04,4e-04,0.001,0.0019,0.0031,0.0035,0.0021,4.6,0.01,0
2025-12-20 07:14:06,0,0,30.06,0,8,1526,25.4333,20,0.333333,109,1.81667,10.49,0,0,0,0,0,0,0,0,147,109,1e-04,2e-04,3e-04,8e-04,0.0016,0.0027,0.003,0.0018,3.68,0,0
2025-12-20 07:15:06,0,0,30.19,0,8,3195,53.25,66,1.1,231,3.85,9.12,0,0,0,0,0,0,0,0,195,139,1e-04,2e-04,2e-04,7e-04,0.0014,0.0023,0.0026,0.0016,3.14,0,0
2025-12-20 07:16:06,0,0,30.19,0,16,10892,181.533,396,6.6,540,9,36.42,0,0,0,0,0,0,0,0,185,116,4e-04,9e-04,0.0012,0.0028,0.0056,0.0093,0.0101,0.0062,13.86,0.02,0
2025-12-20 07:17:06,0,0,30.06,0,1,4281,71.35,82,1.36667,230,3.83333,0,0,0,0,0,0,0,0,0,195,133,0,0,0,0,0,0,0,0,0,0,0
2025-12-20 07:18:06,0,0,29.75,0,1,2841,47.35,31,0.516667,215,3.58333,0.34,0,0,0,0,0,0,0,0,214,156,0,0,0,1e-04,1e-04,0,1e-04,0,0.07,0,0
2025-12-20 07:19:06,0,0,29.62,0,1,1428,23.8,6,0.1,112,1.86667,0.24,0,0,0,0,0,0,0,0,177,128,0,0,0,0,1e-04,0,1e-04,0,0,0,0
2025-12-20 07:20:06,0,0,29.75,0,1,1939,32.3167,7,0.116667,162,2.7,0.34,0,0,0,0,0,0,0,0,203,147,0,0,0,1e-04,1e-04,0,1e-04,0,0.07,0,0
2025-12-20 07:21:06,0,0,29.81,0,1,1909,31.8167,1,0.0166667,197,3.28333,0.28,0,0,0,0,0,0,0,0,185,128,0,0,0,0,1e-04,0,1e-04,0,0,0,0
2025-12-20 07:22:06,0,0,30,0,1,2485,41.4167,15,0.25,254,4.23333,0.28,0,0,0,0,0,0,0,0,182,131,0,0,0,0,1e-04,0,1e-04,0,0,0,0
2025-12-20 07:23:06,0,0,30.06,0,1,6048,100.8,141,2.35,375,6.25,0.06,0,0,0,0,0,0,0,0,216,153,0,0,0,0,0,0,0,0,0.03,0,0
2025-12-20 07:24:06,0,0,30.12,0,8,6868,114.467,160,2.66667,481,8.01667,0,0,0,0,0,0,0,0,0,210,136,0,0,0,0,0,0,0,0,0,0,0
2025-12-20 07:25:06,0,0,29.94,0,1,3592,59.8667,41,0.683333,324,5.4,0,0,0,0,0,0,0,0,0,201,148,0,0,0,0,0,0,0,0,0,0,0
2025-12-20 07:26:06,0,0,29.81,0,1,2533,42.2167,31,0.516667,203,3.38333,0,0,0,0,0,0,0,0,0,181,118,0,0,0,0,0,0,0,0,0,0,0
2025-12-20 07:27:06,0,0,30.06,0,1,3821,63.6833,62,1.03333,229,3.81667,0,0,0,0,0,0,0,0,0,175,123,0,0,0,0,0,0,0,0,0,0,0
2025-12-20 07:28:06,0,0,29.94,0,1,5080,84.6667,120,2,330,5.5,4.16,0,0,0,0,0,0,0,0,172,110,1e-04,1e-04,1e-04,3e-04,6e-04,0.0011,0.0012,7e-04,1.51,0,0
2025-12-20 07:29:06,0,0,29.94,0,1,10650,177.5,349,5.81667,568,9.46667,1.24,0,0,0,0,0,0,0,0,223,158,0,0,0,1e-04,2e-04,3e-04,4e-04,2e-04,0.11,0,0
2025-12-20 07:30:06,0,0,30.12,0,1,7541,125.683,170,2.83333,460,7.66667,0.37,0,0,0,0,0,0,0,0,182,136,0,0,0,0,1e-04,1e-04,1e-04,0,0,0,0
2025-12-20 07:31:06,0,0,29.56,0,1,5445,90.75,119,1.98333,350,5.83333,0,0,0,0,0,0,0,0,0,198,148,0,0,0,0,0,0,0,0,0,0,0
2025-12-20 07:32:06,0,0,28.75,0,1,4443,74.05,61,1.01667,337,5.61667,0,0,0,0,0,0,0,0,0,220,160,0,0,0,0,0,0,0,1e-04,0,0,0
2025-12-20 07:33:06,0,0,28.25,0,1,8784,146.4,213,3.55,524,8.73333,0,0,0,0,0,0,0,0,0,210,148,0,0,0,0,0,0,0,0,0,0,0
2025-12-20 07:34:06,0,0,28.19,0,8,7236,120.6,146,2.43333,477,7.95,0.27,0,0,0,0,0,0,0,0,184,136,0,0,0,0,1e-04,1e-04,1e-04,1e-04,0,0,0
2025-12-20 07:35:06,0,0,27.69,0,1,6561,109.35,125,2.08333,414,6.9,0.25,0,0,0,0,0,0,0,0,201,161,0,0,0,0,1e-04,1e-04,0,0,0,0,0
2025-12-20 07:36:06,0,0,27.31,0,1,5248,87.4667,51,0.85,340,5.66667,0,0,0,0,0,0,0,0,0,214,154,0,0,0,0,0,0,0,0,0,0,0
2025-12-20 07:37:06,0,0,27.5,0,8,7296,121.6,139,2.31667,406,6.76667,0,0,0,0,0,0,0,0,0,187,143,0,0,0,0,0,0,0,0,0,0,0
2025-12-20 07:38:06,0,0,27.44,0,1,8344,139.067,223,3.71667,454,7.56667,0,0,0,0,0,0,0,0,0,204,146,0,0,0,0,0,0,0,0,0,0,0
2025-12-20 07:39:06,0,0,27.44,0,1,8876,147.933,221,3.68333,467,7.78333,0,0,0,0,0,0,0,0,0,214,147,0,0,0,0,0,0,0,0,0,0,0
2025-12-20 07:40:06,0,0,27.31,0,1,4795,79.9167,56,0.933333,301,5.01667,0,0,0,0,0,0,0,0,0,192,134,0,0,0,0,0,0,0,0,0,0,0
2025-12-20 07:41:06,0,0,27.12,0,1,5003,83.3833,74,1.23333,318,5.3,0,0,0,0,0,0,0,0,0,204,145,0,0,0,0,0,0,0,0,0,0,0
2025-12-20 07:42:06,0,0,27.19,0,1,5816,96.9333,92,1.53333,352,5.86667,0,0,0,0,0,0,0,0,0,214,151,0,0,0,0,0,0,0,0,0,0,0
2025-12-20 07:43:06,0,0,27.31,0,1,4354,72.5667,43,0.716667,281,4.68333,0,0,0,0,0,0,0,0,0,225,160,0,0,0,0,0,0,0,0,0,0,0
2025-12-20 07:44:06,0,0,27.25,0,1,5927,98.7833,100,1.66667,358,5.96667,0,0,0,0,0,0,0,0,0,230,163,0,0,0,0,0,0,0,0,0,0,0
2025-12-20 07:45:06,0,0,27.5,0,8,4527,75.45,34,0.566667,329,5.48333,0,0,0,0,0,0,0,0,0,168,123,0,0,0,0,0,0,0,0,0,0,0
2025-12-20 07:46:06,0,0,27.56,0,8,4433,73.8833,36,0.6,323,5.38333,0,0,0,0,0,0,0,0,0,218,150,0,0,0,0,0,0,0,0,0,0,0
2025-12-20 07:47:06,0,0,27.56,0,8,4770,79.5,38,0.633333,338,5.63333,0,0,0,0,0,0,0,0,0,226,166,0,0,0,0,0,0,0,0,0,0,0
2025-12-20 07:48:06,0,0,27.75,0,8,4074,67.9,38,0.633333,293,4.88333,0,0,0,0,0,0,0,0,0,225,163,0,0,0,0,0,0,0,0,0,0,0
2025-12-20 07:49:06,0,0,27.88,0,8,2471,41.1833,37,0.616667,158,2.63333,0,0,0,0,0,0,0,0,0,204,139,0,0,0,0,0,0,0,0,0,0,0
2025-12-20 07:50:06,0,0,28,0,8,4165,69.4167,46,0.766667,266,4.43333,0,0,0,0,0,0,0,0,0,206,158,0,0,0,0,0,0,0,0,0,0,0
2025-12-20 07:51:06,0,0,28.06,0,1,5710,95.1667,102,1.7,358,5.96667,0,0,0,0,0,0,0,0,0,223,160,0,0,0,0,0,0,0,0,0,0,0
2025-12-20 07:52:06,0,0,28.38,0,1,10288,171.467,319,5.31667,488,8.13333,0,0,0,0,0,0,0,0,0,182,134,0,0,0,0,0,0,0,0,0,0,0
2025-12-20 07:53:06,0,0,28.44,0,1,9501,158.35,229,3.81667,437,7.28333,0,0,0,0,0,0,0,0,0,173,128,0,0,0,0,0,0,0,0,0,0,0
2025-12-20 07:54:06,0,0,28.44,0,1,9316,155.267,196,3.26667,454,7.56667,0,0,0,0,0,0,0,0,0,174,124,0,0,0,0,0,0,0,0,0,0,0
2025-12-20 07:55:06,0,0,28.38,0,1,9133,152.217,183,3.05,436,7.26667,0,0,0,0,0,0,0,0,0,166,118,0,0,0,0,0,0,0,0,0,0,0
2025-12-20 07:56:06,0,0,28.31,0,1,10099,168.317,268,4.46667,487,8.11667,0,0,0,0,0,0,0,0,0,159,114,0,0,0,0,0,0,0,0,0,0,0
2025-12-20 07:57:06,0,0,28.19,0,1,10133,168.883,280,4.66667,492,8.2,0,0,0,0,0,0,0,0,0,168,128,0,0,0,0,0,0,0,0,0,0,0
2025-12-20 07:58:06,0,0,27.75,0,8,12583,209.717,418,6.96667,591,9.85,8.74,0,0,0,0,0,0,0,0,216,155,1e-04,2e-04,2e-04,6e-04,0.0014,0.0022,0.0024,0.0015,2.78,0,0
2025-12-20 07:59:06,0,0,27.38,0,8,10471,174.517,328,5.46667,498,8.3,5.56,0,0,0,0,0,0,0,0,225,160,1e-04,1e-04,2e-04,4e-04,8e-04,0.0015,0.0019,0.0014,1.51,0,0
2025-12-20 08:00:06,0,0,26.94,0,1,3194,53.2333,43,0.716667,313,5.21667,0.06,0,0,0,0,0,0,0,0,212,155,0,0,0,1e-04,0,0,0,1e-04,0.01,0,0
2025-12-20 08:01:06,0,0,26.94,0,1,2456,40.9333,4,0.0666667,317,5.28333,0,0,0,0,0,0,0,0,0,149,105,0,0,0,0,0,0,0,1e-04,0,0,0
2025-12-20 08:02:06,0,0,27.5,0,1,3070,51.1667,41,0.683333,285,4.75,0,0,0,0,0,0,0,0,0,211,154,0,0,0,0,0,0,0,0,0,0,0
2025-12-20 08:03:06,0,0,27.88,0,8,6918,115.3,197,3.28333,455,7.58333,8.78,0,0,0,0,0,0,0,0,178,103,1e-04,2e-04,3e-04,8e-04,0.0014,0.0022,0.0025,0.0017,3.43,0,0
2025-12-20 08:04:06,0,0,28.12,0,1,5741,95.6833,142,2.36667,347,5.78333,18.89,0,0,0,0,0,0,0,0,215,159,2e-04,5e-04,8e-04,0.0014,0.0029,0.005,0.0059,0.0043,7.24,0.01,0
2025-12-20 08:05:06,0,0,28.06,0,1,1917,31.95,30,0.5,152,2.53333,84.04,0,0,0,0,0,0,0,0,182,103,0.0011,0.0021,0.0035,0.0065,0.0126,0.0218,0.0253,0.0172,34.23,0.04,0
2025-12-20 08:06:06,0,0,27.88,0,1,6819,113.65,147,2.45,435,7.25,39.82,0,0,0,0,0,0,0,0,146,118,5e-04,0.001,0.0016,0.003,0.006,0.0104,0.012,0.0082,15.5,0.02,0
2025-12-20 08:07:06,0,0,28.25,0,1,3623,60.3833,65,1.08333,308,5.13333,79.02,0,0,0,0,0,0,0,0,160,102,0.001,0.0019,0.0032,0.0058,0.0119,0.0207,0.0242,0.0166,30.62,0.04,0
2025-12-20 08:08:06,0,0,28.31,0,1,5300,88.3333,140,2.33333,325,5.41667,96.93,0,0,0,0,0,0,0,0,169,107,0.0012,0.0023,0.0039,0.0072,0.0146,0.0252,0.0293,0.0199,38.02,0.04,0
2025-12-20 08:09:06,0,0,28.75,0,1,3389,56.4833,62,1.03333,270,4.5,87.09,0,0,0,0,0,0,0,0,164,101,0.0012,0.0023,0.0038,0.007,0.013,0.0225,0.0262,0.018,36.72,0.04,0
2025-12-20 08:10:06,0,0,28.81,0,16,3630,60.5,52,0.866667,293,4.88333,138.09,0,0,0,0,0,0,0,0,175,102,0.0018,0.0036,0.006,0.0108,0.0208,0.0355,0.0405,0.0272,58.11,0.06,0
2025-12-20 08:11:06,0,0,29.25,0,1,1502,25.0333,13,0.216667,122,2.03333,111.89,0,0,0,0,0,0,0,0,156,102,0.0014,0.0027,0.0046,0.0083,0.0169,0.0291,0.0337,0.023,44.03,0.05,0
2025-12-20 08:12:06,0,0,29.44,0,1,2866,47.7667,43,0.716667,209,3.48333,57.33,0,0,0,0,0,0,0,0,192,102,7e-04,0.0013,0.0022,0.004,0.0087,0.0152,0.0178,0.0124,20.63,0.03,0
2025-12-20 08:13:06,0,0,29.44,0,1,1027,17.1167,7,0.116667,75,1.25,82.33,0,0,0,0,0,0,0,0,156,100,0.0011,0.0021,0.0034,0.0062,0.0124,0.0214,0.0247,0.0169,33.02,0.04,0
2025-12-20 08:14:06,0,0,29.25,0,1,3770,62.8333,100,1.66667,203,3.38333,88.13,0,0,0,0,0,0,0,0,199,148,0.0011,0.0022,0.0036,0.0066,0.0134,0.0229,0.0265,0.0181,34.87,0.04,0
2025-12-20 08:15:06,0,0,30,0,1,3424,57.0667,55,0.916667,238,3.96667,68.87,0,0,0,0,0,0,0,0,163,101,9e-04,0.0017,0.0028,0.0051,0.0104,0.0181,0.0213,0.0149,26.39,0.03,0
2025-12-20 08:16:06,0,0,29.69,0,1,978,16.3,13,0.216667,63,1.05,82.57,0,0,0,0,0,0,0,0,186,111,0.0011,0.0021,0.0034,0.0062,0.0125,0.0214,0.0247,0.017,33.21,0.04,0
2025-12-20 08:17:06,0,0,29.44,0,1,914,15.2333,28,0.466667,49,0.816667,114.03,0,0,0,0,0,0,0,0,208,152,0.0015,0.003,0.0049,0.0088,0.0173,0.0294,0.0336,0.0229,47.07,0.05,0
2025-12-20 08:18:06,0,0,30.31,0,16,3232,53.8667,108,1.8,162,2.7,108.85,0,0,0,0,0,0,0,0,169,104,0.0014,0.0028,0.0046,0.0083,0.0165,0.0281,0.0323,0.0222,44.43,0.05,0
2025-12-20 08:19:06,0,0,29.81,0,1,3790,63.1667,101,1.68333,308,5.13333,111.72,0,0,0,0,0,0,0,0,203,149,0.0015,0.0028,0.0046,0.0084,0.0168,0.0292,0.0341,0.0234,44.01,0.05,0
2025-12-20 08:20:06,0,0,29.75,0,1,4749,79.15,135,2.25,266,4.43333,70.2,0,0,0,0,0,0,0,0,156,102,0.001,0.0019,0.0031,0.0057,0.0106,0.0181,0.021,0.0146,29.96,0.03,0
2025-12-20 08:21:06,0,0,29.56,0,16,1918,31.9667,40,0.666667,114,1.9,28.25,0,0,0,0,0,0,0,0,206,148,4e-04,8e-04,0.0013,0.0022,0.0043,0.0073,0.0088,0.0068,11.69,0.01,0
2025-12-20 08:22:06,0,0,30.06,0,16,3316,55.2667,105,1.75,133,2.21667,20.95,0,0,0,0,0,0,0,0,192,108,3e-04,6e-04,0.001,0.0017,0.0032,0.0054,0.0065,0.0052,8.88,0.01,0
2025-12-20 08:23:06,0,0,30.12,0,16,3482,58.0333,93,1.55,184,3.06667,45.77,0,0,0,0,0,0,0,0,219,153,7e-04,0.0013,0.0021,0.0036,0.007,0.0118,0.0139,0.0103,19.25,0.02,0
2025-12-20 08:24:06,0,0,30,0,16,476,7.93333,5,0.0833333,34,0.566667,30.19,0,0,0,0,0,0,0,0,202,148,5e-04,9e-04,0.0014,0.0024,0.0046,0.0077,0.0093,0.0073,13.09,0.02,0
2025-12-20 08:25:06,0,0,30.5,0,1,2086,34.7667,36,0.6,162,2.7,60.26,0,0,0,0,0,0,0,0,157,101,8e-04,0.0016,0.0026,0.0047,0.0092,0.0155,0.018,0.0128,25.01,0.03,0
2025-12-20 08:26:06,0,0,30.62,0,1,3807,63.45,59,0.983333,333,5.55,29.99,0,0,0,0,0,0,0,0,185,105,5e-04,9e-04,0.0014,0.0025,0.0046,0.0077,0.009,0.007,12.99,0.02,0
2025-12-20 08:27:06,0,0,30.31,0,1,5323,88.7167,130,2.16667,301,5.01667,5.37,0,0,0,0,0,0,0,0,215,159,1e-04,2e-04,3e-04,6e-04,9e-04,0.0013,0.0017,0.0019,2.59,0,0
2025-12-20 08:28:06,0,0,30.56,0,1,3495,58.25,82,1.36667,202,3.36667,3.88,0,0,0,0,0,0,0,0,164,134,1e-04,2e-04,2e-04,4e-04,6e-04,0.001,0.0013,0.0014,1.7,0,0
2025-12-20 08:29:06,0,0,30.5,0,1,5160,86,130,2.16667,343,5.71667,5.75,0,0,0,0,0,0,0,0,178,128,1e-04,2e-04,3e-04,5e-04,9e-04,0.0015,0.0019,0.002,2.44,0,0
2025-12-20 08:30:06,0,0,30.25,0,8,711,11.85,13,0.216667,47,0.783333,1.64,0,0,0,0,0,0,0,0,140,100,0,1e-04,1e-04,3e-04,3e-04,3e-04,3e-04,7e-04,0.84,0,0
2025-12-20 08:31:06,0,0,30.44,0,1,1267,21.1167,42,0.7,68,1.13333,1.53,0,0,0,0,0,0,0,0,193,141,1e-04,1e-04,1e-04,3e-04,3e-04,3e-04,4e-04,8e-04,0.96,0,0
2025-12-20 08:32:06,0,0,30.81,0,1,848,14.1333,10,0.166667,76,1.26667,2.01,0,0,0,0,0,0,0,0,168,105,1e-04,2e-04,2e-04,4e-04,4e-04,4e-04,4e-04,7e-04,1.88,0,0
2025-12-20 08:33:06,0,0,30.88,0,1,650,10.8333,1,0.0166667,79,1.31667,1.19,0,0,0,0,0,0,0,0,162,103,0,1e-04,1e-04,2e-04,2e-04,2e-04,3e-04,5e-04,0.8,0,0
2025-12-20 08:34:06,0,0,30.94,0,1,1765,29.4167,6,0.1,227,3.78333,1.4,0,0,0,0,0,0,0,0,162,100,0,1e-04,1e-04,2e-04,3e-04,3e-04,4e-04,7e-04,0.85,0,0
2025-12-20 08:35:06,0,0,31,0,1,648,10.8,0,0,70,1.16667,1.77,0,0,0,0,0,0,0,0,157,101,1e-04,2e-04,2e-04,3e-04,3e-04,3e-04,5e-04,8e-04,1.42,0,0
2025-12-20 08:36:06,0,0,31.06,0,1,818,13.6333,24,0.4,44,0.733333,1.08,0,0,0,0,0,0,0,0,154,105,1e-04,1e-04,1e-04,2e-04,2e-04,3e-04,3e-04,7e-04,0.49,0,0
2025-12-20 08:37:06,0,0,31.31,0,1,848,14.1333,1,0.0166667,111,1.85,1.63,0,0,0,0,0,0,0,0,158,101,1e-04,2e-04,1e-04,3e-04,3e-04,4e-04,5e-04,8e-04,1.09,0,0
2025-12-20 08:38:06,0,0,31.38,0,1,1255,20.9167,0,0,149,2.48333,1.8,0,0,0,0,0,0,0,0,156,101,1e-04,2e-04,2e-04,3e-04,4e-04,4e-04,5e-04,9e-04,1.22,0,0
2025-12-20 08:39:06,0,0,31.5,0,1,375,6.25,12,0.2,21,0.35,1.84,0,0,0,0,0,0,0,0,157,102,1e-04,2e-04,1e-04,4e-04,4e-04,4e-04,5e-04,8e-04,1.2,0,0
2025-12-20 08:40:06,0,0,31.62,0,1,1848,30.8,9,0.15,251,4.18333,2.01,0,0,0,0,0,0,0,0,160,102,1e-04,2e-04,2e-04,4e-04,4e-04,4e-04,5e-04,9e-04,1.6,0,0
2025-12-20 08:41:06,0,0,31.69,0,1,2095,34.9167,5,0.0833333,274,4.56667,2,0,0,0,0,0,0,0,0,158,100,1e-04,3e-04,2e-04,4e-04,4e-04,4e-04,5e-04,8e-04,1.69,0,0
2025-12-20 08:42:06,0,0,31.75,0,1,1464,24.4,36,0.6,98,1.63333,2.09,0,0,0,0,0,0,0,0,151,101,1e-04,2e-04,2e-04,4e-04,4e-04,4e-04,5e-04,9e-04,1.57,0,0
2025-12-20 08:43:06,0,0,31.81,0,1,563,9.38333,1,0.0166667,58,0.966667,1.28,0,0,0,0,0,0,0,0,157,104,1e-04,1e-04,1e-04,3e-04,3e-04,3e-04,4e-04,8e-04,0.68,0,0
2025-12-20 08:44:06,0,0,31.88,0,1,759,12.65,1,0.0166667,56,0.933333,3.36,0,0,0,0,0,0,0,0,150,104,2e-04,3e-04,4e-04,6e-04,6e-04,7e-04,9e-04,0.0014,2.61,0,0
2025-12-20 08:45:06,0,0,31.75,0,1,3792,63.2,84,1.4,194,3.23333,5.4,0,0,0,0,0,0,0,0,197,125,2e-04,4e-04,6e-04,8e-04,0.001,0.001,0.0013,0.0018,4.67,0.01,0
2025-12-20 08:46:06,0,0,31.88,0,1,1167,19.45,1,0.0166667,152,2.53333,0,0,0,0,0,0,0,0,0,199,102,0,0,0,0,0,0,0,0,0,0,0
2025-12-20 08:47:06,0,0,31.94,0,1,134,2.23333,0,0,8,0.133333,0,0,0,0,0,0,0,0,0,203,102,0,0,0,0,0,0,0,0,0,0,0
2025-12-20 08:48:06,0,0,31.81,0,1,2681,44.6833,70,1.16667,189,3.15,13.18,0,0,0,0,0,0,0,0,166,117,5e-04,0.0011,0.0014,0.002,0.0022,0.0024,0.0029,0.0039,12.5,0.01,0
2025-12-20 08:49:06,0,0,31.88,0,1,1854,30.9,20,0.333333,187,3.11667,21.82,0,0,0,0,0.01,0,0,0,157,103,9e-04,0.002,0.0022,0.0033,0.0036,0.0039,0.0047,0.0062,21.49,0.02,0
2025-12-20 08:50:06,0,0,31.75,0,1,1818,30.3,30,0.5,152,2.53333,18.05,0,0,0,0,0.01,0,0,0,161,104,8e-04,0.0016,0.0019,0.0027,0.003,0.0033,0.004,0.0052,17.58,0.01,0
2025-12-20 08:51:06,0,0,31.69,0,1,944,15.7333,1,0.0166667,103,1.71667,19.45,0,0,0,0,0.01,0,0,0,155,105,8e-04,0.0019,0.002,0.003,0.0032,0.0035,0.0041,0.0053,19.55,0.02,0
2025-12-20 08:52:06,0,0,31.69,0,1,398,6.63333,0,0,40,0.666667,16.91,0,0,0,0,0.01,0,0,0,157,105,8e-04,0.0015,0.0018,0.0026,0.0028,0.0031,0.0038,0.0052,16.53,0.01,0
2025-12-20 08:53:06,0,0,31.75,0,1,303,5.05,0,0,24,0.4,18.21,0,0,0,0,0.01,0,0,0,157,109,8e-04,0.0017,0.0019,0.0028,0.0031,0.0033,0.0041,0.0054,17.76,0.02,0
2025-12-20 08:54:06,0,0,31.88,0,1,97,1.61667,0,0,5,0.0833333,17.7,0,0,0,0,0.01,0,0,0,164,107,8e-04,0.0017,0.0019,0.0027,0.003,0.0032,0.0039,0.0052,17.41,0.01,0
2025-12-20 08:55:06,0,0,32.06,0,1,292,4.86667,0,0,12,0.2,17.06,0,0,0,0,0.01,0,0,0,157,109,8e-04,0.0016,0.002,0.0027,0.0029,0.0031,0.0038,0.0054,17.33,0.01,0
2025-12-20 08:56:06,0,0,31.81,0,1,12380,206.333,415,6.91667,526,8.76667,13.13,0,0,0,0,0.01,0,0,0,186,111,6e-04,0.0012,0.0015,0.002,0.0023,0.0024,0.003,0.0043,12.48,0.01,0
2025-12-20 08:57:06,0,0,31.44,0,1,12887,214.783,441,7.35,643,10.7167,89.25,0,0,0,0,0,0,0,0,160,129,9e-04,0.002,0.0025,0.0059,0.0141,0.0229,0.0246,0.0144,29.53,0.03,0
2025-12-20 08:58:06,0,0,31.38,0,1,8307,138.45,277,4.61667,493,8.21667,71.53,0,0,0,0,0,0,0,0,158,105,8e-04,0.0019,0.0024,0.0055,0.0111,0.018,0.0194,0.0114,27.99,0.03,0
2025-12-20 08:59:06,0,0,30.81,0,1,14820,247,536,8.93333,575,9.58333,24.14,0,0,0,0,0,0,0,0,184,111,4e-04,8e-04,0.001,0.0021,0.0039,0.0057,0.0061,0.0045,10.88,0.01,0
2025-12-20 09:00:06,0,0,30.81,0,1,3702,61.7,65,1.08333,310,5.16667,133.91,0,0,0,0,0,0,0,0,169,102,0.0017,0.0039,0.005,0.0107,0.0205,0.0336,0.0362,0.0217,56.59,0.05,0
2025-12-20 09:01:06,0,0,30.69,0,1,1941,32.35,9,0.15,150,2.5,151.57,0,0,0,0,0,0,0,0,158,100,0.0019,0.0043,0.0056,0.012,0.0233,0.038,0.0408,0.0243,63.89,0.06,0
2025-12-20 09:02:06,0,0,30.38,0,1,8266,137.767,255,4.25,474,7.9,46.69,0,0,0,0,0,0,0,0,187,116,6e-04,0.0014,0.0018,0.0038,0.0072,0.0117,0.0127,0.0081,19.57,0.02,0
2025-12-20 09:03:06,0,0,30.25,0,8,12301,205.017,415,6.91667,680,11.3333,6.11,0,0,0,0,0,0,0,0,226,168,3e-04,5e-04,7e-04,0.001,0.0011,0.0013,0.0016,0.0025,5.24,0.01,0
2025-12-20 09:04:06,0,0,30.12,0,8,18480,308,690,11.5,720,12,5.33,0,0,0,0,0,0,0,0,206,156,1e-04,3e-04,4e-04,7e-04,9e-04,0.0011,0.0015,0.0015,3.43,0,0
2025-12-20 09:05:06,0,0,29.88,0,32,13501,225.017,512,8.53333,615,10.25,12.33,0,0,0,0,0,0,0,0,193,120,2e-04,5e-04,7e-04,0.0014,0.0019,0.0028,0.0032,0.0026,7.11,0.01,0
2025-12-20 09:06:06,0,0,29.56,0,1,9481,158.017,293,4.88333,513,8.55,6.54,0,0,0,0,0,0,0,0,220,156,2e-04,4e-04,6e-04,9e-04,0.0011,0.0013,0.0016,0.0022,4.93,0.01,0
2025-12-20 09:07:06,0,0,29.5,0,1,351,5.85,6,0.1,20,0.333333,4.06,0,0,0,0,0,0,0,0,177,118,2e-04,4e-04,4e-04,7e-04,8e-04,9e-04,0.0011,0.0018,3.11,0.01,0
2025-12-20 09:08:06,0,0,29.38,0,1,79,1.31667,0,0,5,0.0833333,4.17,0,0,0,0,0,0,0,0,167,112,2e-04,4e-04,5e-04,7e-04,8e-04,9e-04,0.0011,0.0019,3.28,0.01,0
2025-12-20 09:09:06,0,0,29.44,0,1,15,0.25,0,0,0,0,3.94,0,0,0,0,0,0,0,0,162,114,2e-04,4e-04,4e-04,6e-04,8e-04,9e-04,0.0011,0.0018,2.95,0.01,0
2025-12-20 09:10:06,0,0,29.62,0,1,64,1.06667,0,0,4,0.0666667,4,0,0,0,0,0,0,0,0,160,112,2e-04,4e-04,4e-04,7e-04,8e-04,9e-04,0.0011,0.0019,3.04,0.01,0
2025-12-20 09:11:06,0,0,29.81,0,1,52,0.866667,0,0,2,0.0333333,4.13,0,0,0,0,0,0,0,0,160,111,2e-04,4e-04,4e-04,7e-04,8e-04,9e-04,0.0011,0.0019,3.11,0.01,0
2025-12-20 09:12:06,0,0,30.06,0,1,0,0,0,0,0,0,4.67,0,0,0,0,0,0,0,0,155,113,2e-04,4e-04,5e-04,8e-04,9e-04,0.001,0.0013,0.0021,3.58,0.01,0
2025-12-20 09:13:06,0,0,30.38,0,1,4,0.0666667,0,0,0,0,4.93,0,0,0,0,0,0,0,0,157,110,2e-04,4e-04,5e-04,8e-04,9e-04,0.001,0.0013,0.0022,3.78,0.01,0
2025-12-20 09:14:06,0,0,30.56,0,1,15,0.25,0,0,0,0,4.62,0,0,0,0,0,0,0,0,156,113,2e-04,4e-04,5e-04,8e-04,9e-04,0.001,0.0013,0.0022,3.55,0.01,0
2025-12-20 09:15:06,0,0,30.56,0,1,1242,20.7,43,0.716667,81,1.35,4.48,0,0,0,0,0,0,0,0,164,115,2e-04,4e-04,5e-04,7e-04,9e-04,0.001,0.0012,0.002,3.35,0.01,0
2025-12-20 09:16:06,0,0,30.56,0,1,186,3.1,0,0,13,0.216667,4.99,0,0,0,0,0,0,0,0,161,112,2e-04,4e-04,6e-04,8e-04,9e-04,0.0011,0.0013,0.0022,3.84,0.01,0
2025-12-20 09:17:06,0,0,30.62,0,1,156,2.6,0,0,11,0.183333,4.69,0,0,0,0,0,0,0,0,160,110,2e-04,4e-04,5e-04,8e-04,9e-04,0.001,0.0013,0.0021,3.61,0.01,0
2025-12-20 09:18:06,0,0,30.81,0,1,11,0.183333,0,0,0,0,4.31,0,0,0,0,0,0,0,0,158,108,2e-04,4e-04,5e-04,7e-04,8e-04,0.001,0.0012,0.002,3.15,0.01,0
2025-12-20 09:19:06,0,0,30.88,0,1,1348,22.4667,47,0.783333,73,1.21667,4.61,0,0,0,0,0,0,0,0,164,108,2e-04,4e-04,5e-04,8e-04,9e-04,0.001,0.0013,0.0021,3.49,0.01,0
2025-12-20 09:20:06,0,0,30.75,0,8,8586,143.1,274,4.56667,435,7.25,11.61,0,0,0,0,0,0,0,0,169,124,4e-04,6e-04,9e-04,0.0015,0.0019,0.0025,0.003,0.0035,7.86,0.01,0
2025-12-20 09:21:06,0,0,30.75,0,1,7079,117.983,233,3.88333,381,6.35,4.26,0,0,0,0,0,0,0,0,180,133,1e-04,1e-04,2e-04,4e-04,7e-04,0.0011,0.0012,0.0012,1.77,0,0
2025-12-20 09:22:06,0,0,30.75,0,1,4821,80.35,130,2.16667,302,5.03333,3.43,0,0,0,0,0,0,0,0,218,170,2e-04,3e-04,4e-04,6e-04,6e-04,7e-04,9e-04,0.0016,2.67,0,0
2025-12-20 09:23:06,0,0,30.62,0,32,1927,32.1167,58,0.966667,88,1.46667,7.95,0,0,0,0,0.01,0,0,0,204,152,4e-04,6e-04,8e-04,0.0012,0.0015,0.002,0.0022,0.0035,4.68,0.01,0
2025-12-20 09:24:06,0,0,30.38,0,32,911,15.1833,26,0.433333,60,1,5.87,0,0,0,0,0,0,0,0,181,135,2e-04,5e-04,6e-04,9e-04,0.0011,0.0013,0.0016,0.0026,4.21,0.01,0
2025-12-20 09:25:06,0,0,30.12,0,1,6691,111.517,175,2.91667,401,6.68333,9.72,0,0,0,0,0,0,0,0,224,162,4e-04,8e-04,0.0011,0.0015,0.0017,0.0019,0.0024,0.0034,8.68,0.01,0
2025-12-20 09:26:06,0,0,29.62,0,1,2395,39.9167,17,0.283333,199,3.31667,0,0,0,0,0,0,0,0,0,221,159,0,0,0,0,0,0,0,1e-04,0,0,0
2025-12-20 09:27:06,0,0,29.81,0,1,3524,58.7333,89,1.48333,179,2.98333,12.03,0,0,0,0,0.01,0,0,0,161,120,5e-04,0.001,0.0013,0.0018,0.0021,0.0024,0.003,0.0044,10.43,0.01,0
2025-12-20 09:28:06,0,0,29.62,0,1,6365,106.083,152,2.53333,376,6.26667,84.54,0,0,0,0,0.02,0,0,0,204,142,0.0042,0.0078,0.0103,0.0132,0.0135,0.0143,0.0169,0.0213,95.39,0.06,0
2025-12-20 09:29:06,0,0,29.44,0,8,5677,94.6167,158,2.63333,350,5.83333,7.53,0,0,0,0,0,0,0,0,204,148,3e-04,6e-04,8e-04,0.0011,0.0013,0.0015,0.0018,0.0027,6.19,0.01,0
2025-12-20 09:30:06,0,0,29.06,0,8,7143,119.05,227,3.78333,319,5.31667,5.21,0,0,0,0,0,0,0,0,224,175,2e-04,4e-04,5e-04,8e-04,9e-04,0.001,0.0013,0.0018,4.27,0,0
2025-12-20 09:31:06,0,0,28.69,0,16,818,13.6333,13,0.216667,55,0.916667,12.33,0,0,0,0,0.01,0,0,0,193,148,5e-04,0.001,0.0012,0.0018,0.0021,0.0025,0.0031,0.0046,9.99,0.01,0
2025-12-20 09:32:06,0,0,28.62,0,1,1180,19.6667,25,0.416667,72,1.2,6.01,0,0,0,0,0,0,0,0,215,158,3e-04,5e-04,6e-04,9e-04,0.0011,0.0013,0.0016,0.0025,4.44,0.01,0
2025-12-20 09:33:06,0,0,28.69,0,1,7,0.116667,0,0,0,0,3.14,0,0,0,0,0,0,0,0,192,143,1e-04,3e-04,3e-04,5e-04,6e-04,7e-04,9e-04,0.0015,1.97,0,0
2025-12-20 09:34:06,0,0,29.25,0,1,9,0.15,0,0,0,0,1.58,0,0,0,0,0,0,0,0,190,140,1e-04,1e-04,1e-04,3e-04,4e-04,5e-04,6e-04,0.0011,0.49,0,0
2025-12-20 09:35:06,0,0,29.56,0,1,250,4.16667,4,0.0666667,20,0.333333,3.97,0,0,0,0,0,0,0,0,190,142,2e-04,3e-04,4e-04,7e-04,8e-04,9e-04,0.0011,0.0019,2.69,0.01,0
2025-12-20 09:36:06,0,0,29.94,0,16,3683,61.3833,56,0.933333,337,5.61667,10.22,0,0,0,0,0.01,0,0,0,212,159,4e-04,8e-04,0.001,0.0015,0.0018,0.0021,0.0027,0.004,7.74,0.01,0
2025-12-20 09:37:06,0,0,30.25,0,16,3055,50.9167,74,1.23333,219,3.65,6.6,0,0,0,0,0,0,0,0,164,120,3e-04,5e-04,6e-04,9e-04,0.0012,0.0014,0.0017,0.0025,4.86,0.01,0
2025-12-20 09:38:06,0,0,30.56,0,16,28,0.466667,0,0,1,0.0166667,0,0,0,0,0,0,0,0,0,150,109,0,0,0,0,0,0,0,0,0,0,0
2025-12-20 09:39:06,0,0,30.81,0,1,15,0.25,0,0,0,0,0,0,0,0,0,0,0,0,0,146,105,0,0,0,0,0,0,0,0,0,0,0
2025-12-20 09:40:06,0,0,31,0,16,659,10.9833,13,0.216667,46,0.766667,0,0,0,0,0,0,0,0,0,152,109,0,0,0,0,0,0,0,0,0,0,0
2025-12-20 09:41:06,0,0,31,0,1,10922,182.033,391,6.51667,517,8.61667,18.27,0,0,0,0,0,0,0,0,212,169,2e-04,5e-04,6e-04,0.0015,0.0028,0.0046,0.0051,0.0031,6.98,0.01,0
2025-12-20 09:42:06,0,0,30.62,0,8,8526,142.1,285,4.75,414,6.9,34.49,0,0,0,0,0,0,0,0,228,173,5e-04,0.0014,0.0015,0.0032,0.0055,0.008,0.0088,0.0067,17.15,0.02,0
2025-12-20 09:43:06,0,0,30.56,0,8,10443,174.05,365,6.08333,516,8.6,9.56,0,0,0,0,0,0,0,0,213,155,2e-04,4e-04,5e-04,0.001,0.0016,0.0022,0.0025,0.0021,4.85,0.01,0
2025-12-20 09:44:06,0,0,30,0,1,10181,169.683,336,5.6,451,7.51667,0,0,0,0,0,0.02,0,0,0,195,134,4e-04,5e-04,4e-04,5e-04,4e-04,6e-04,5e-04,6e-04,0,0.01,0
2025-12-20 09:45:06,0,0,29.19,0,1,10220,170.333,362,6.03333,448,7.46667,1814.71,0,0,0,0,1.02,0,0,0,207,156,0.0931,0.1579,0.2071,0.2766,0.3086,0.349,0.4325,0.576,1734.87,1.64,0
2025-12-20 09:46:06,0,0,29.25,0,1,810,13.5,12,0.2,56,0.933333,4670.66,0,0,0,0,2.71,0,0,0,189,115,0.2352,0.3953,0.521,0.6999,0.8005,0.9106,1.132,1.514,4313.05,4.24,0
2025-12-20 09:47:06,0,0,29.12,0,1,4148,69.1333,128,2.13333,238,3.96667,101.93,0,0,0,0,0.18,0,0,0,173,128,0.0081,0.0125,0.0144,0.0189,0.0202,0.0245,0.0286,0.0395,90.63,0.16,0
2025-12-20 09:48:06,0,0,28.88,0,16,1198,19.9667,18,0.3,95,1.58333,0.95,0,0,0,0,0.18,0,0,0,171,119,0.0045,0.0057,0.0049,0.0061,0.004,0.0067,0.0055,0.0057,0,0.1,0
2025-12-20 09:49:06,0,0,28.75,0,1,3895,64.9167,55,0.916667,289,4.81667,0.54,0,0,0,0,0.16,0,0,0,182,130,0.0039,0.005,0.0042,0.0053,0.0036,0.0059,0.0048,0.0049,0,0.09,0
2025-12-20 09:50:06,0,0,28.81,0,16,4037,67.2833,66,1.1,346,5.76667,0,0,0,0,0,0,0,0,0,178,128,1e-04,1e-04,0,1e-04,0,1e-04,0,0,0,0,0
2025-12-20 09:51:06,0,0,28.75,0,16,2016,33.6,9,0.15,220,3.66667,0,0,0,0,0,0.01,0,0,0,170,112,1e-04,1e-04,1e-04,2e-04,1e-04,2e-04,1e-04,1e-04,0,0,0
2025-12-20 09:52:06,0,0,28.56,0,16,4061,67.6833,50,0.833333,423,7.05,83.25,0,0,0,0,0.04,0,0,0,228,170,0.0047,0.008,0.0098,0.0125,0.0145,0.0151,0.0177,0.0251,85.35,0.07,0
2025-12-20 09:53:06,0,0,28.19,0,16,5722,95.3667,134,2.23333,268,4.46667,2450.25,0,0,0,0,1.05,0,0,0,224,170,0.1325,0.2286,0.2911,0.3704,0.4079,0.4438,0.5313,0.6899,2584.57,1.97,0
2025-12-20 09:54:06,0,0,27.69,0,16,7926,132.1,105,1.75,394,6.56667,741.51,0,0,0,0,0.36,0,0,0,230,173,0.0357,0.0631,0.0811,0.1095,0.1253,0.1416,0.1683,0.2119,702.93,0.62,0
2025-12-20 09:55:06,0,0,27.31,0,16,1700,28.3333,8,0.133333,119,1.98333,892.02,0,0,0,0,0.45,0,0,0,220,163,0.0421,0.0708,0.0939,0.13,0.1528,0.1757,0.2207,0.2948,781.31,0.8,0
2025-12-20 09:56:06,0,0,26.44,0,16,794,13.2333,3,0.05,57,0.95,1421.62,0,0,0,0,0.64,0,0,0,234,175,0.0746,0.1297,0.1664,0.2142,0.2387,0.2616,0.3152,0.4066,1454.07,1.18,0
2025-12-20 09:57:06,0,0,26.44,0,16,550,9.16667,6,0.1,35,0.583333,1558.06,0,0,0,0,0.7,0,0,0,210,157,0.0828,0.1442,0.1843,0.2361,0.2612,0.2856,0.3425,0.4406,1614.61,1.29,0
2025-12-20 09:58:06,0,0,25.94,0,1,3429,57.15,83,1.38333,189,3.15,1218.14,0,0,0,0,0.54,0,0,0,203,133,0.0639,0.1107,0.1417,0.1832,0.2044,0.2243,0.2694,0.3411,1242.58,1,0
2025-12-20 09:59:06,0,0,25.94,0,1,2081,34.6833,32,0.533333,155,2.58333,46.13,0,0,0,0,0.03,0,0,0,194,145,0.002,0.0034,0.0044,0.0062,0.0083,0.0096,0.0116,0.0141,34.08,0.04,0
2025-12-20 10:00:06,0,0,25.94,0,1,3666,61.1,66,1.1,248,4.13333,32.05,0,0,0,0,0.02,0,0,0,231,163,0.0013,0.0022,0.0029,0.0042,0.0059,0.0068,0.0084,0.0102,21.65,0.03,0
2025-12-20 10:01:06,0,0,26.31,0,1,3927,65.45,95,1.58333,232,3.86667,0.02,0,0,0,0,0,0,0,0,183,131,0,0,0,0,0,0,0,0,0,0,0
2025-12-20 10:02:06,0,0,26.75,0,16,2727,45.45,42,0.7,249,4.15,110.92,0,0,0,0,0.05,0,0,0,222,151,0.0045,0.0079,0.0105,0.0148,0.0195,0.022,0.0266,0.0318,87.78,0.09,0
2025-12-20 10:03:06,0,0,27,0,16,2427,40.45,45,0.75,169,2.81667,316.98,0,0,0,0,0.15,0,0,0,214,150,0.0133,0.023,0.0306,0.0429,0.0557,0.0634,0.077,0.0937,251.71,0.27,0
2025-12-20 10:04:06,0,0,27.44,0,1,3909,65.15,69,1.15,307,5.11667,101.47,0,0,0,0,0.04,0,0,0,208,134,0.0037,0.0065,0.0086,0.0124,0.0183,0.0203,0.0241,0.0254,71.44,0.08,0
2025-12-20 10:05:06,0,0,27.94,0,1,1415,23.5833,3,0.05,92,1.53333,268.49,0,0,0,0,0.14,0,0,0,192,119,0.0109,0.0185,0.0246,0.0352,0.048,0.0549,0.067,0.0798,197.28,0.23,0
2025-12-20 10:06:06,0,0,28.12,0,16,2832,47.2,47,0.783333,199,3.31667,27.15,0,0,0,0,0.01,0,0,0,189,161,0.0011,0.0018,0.0024,0.0035,0.0049,0.0056,0.0067,0.0078,18.79,0.02,0
2025-12-20 10:07:06,0,0,28.38,0,4,4485,74.75,97,1.61667,300,5,0,0,0,0,0,0,0,0,0,180,128,0,0,0,0,0,0,0,1e-04,0,0,0
2025-12-20 10:08:06,0,0,28.81,0,1,4073,67.8833,100,1.66667,286,4.76667,0,0,0,0,0,0,0,0,0,200,144,0,0,0,0,0,0,0,0,0,0,0
2025-12-20 10:09:06,0,0,29.25,0,4,4121,68.6833,108,1.8,227,3.78333,0,0,0,0,0,0,0,0,0,211,150,0,0,0,0,0,0,0,0,0,0,0
2025-12-20 10:10:06,0,0,29.69,0,1,7700,128.333,236,3.93333,452,7.53333,0,0,0,0,0,0,0,0,0,162,124,0,0,0,0,0,0,0,0,0,0,0
2025-12-20 10:11:06,0,0,29.69,0,16,5454,90.9,74,1.23333,309,5.15,133.76,0,0,0,0,0.01,0,0,0,203,144,0.0022,0.0062,0.0068,0.0124,0.0231,0.0274,0.0267,0.0141,76.01,0.05,0
2025-12-20 10:12:06,0,0,29.44,0,1,9275,154.583,204,3.4,426,7.1,391.65,0,0,0,0,0.01,0,0,0,155,114,0.0049,0.0147,0.0152,0.0312,0.0668,0.0872,0.0849,0.0339,180.84,0.15,0
2025-12-20 10:13:06,0,0,28.75,0,16,3339,55.65,60,1,172,2.86667,207.36,0,0,0,0,0,0,0,0,159,116,0.0023,0.0085,0.0089,0.0169,0.0352,0.0454,0.042,0.017,104.65,0.07,0
2025-12-20 10:14:06,0,0,28.12,0,16,559,9.31667,4,0.0666667,44,0.733333,110.76,0,0,0,0,0,0,0,0,225,170,0.0012,0.005,0.0048,0.0097,0.0185,0.0241,0.0215,0.0095,60.02,0.04,0
2025-12-20 10:15:06,0,0,27.5,0,16,693,11.55,7,0.116667,58,0.966667,117.6,0,0,0,0,0,0,0,0,217,169,0.0013,0.0056,0.0053,0.0108,0.0195,0.0254,0.0223,0.0105,66.73,0.04,0
2025-12-20 10:16:06,0,0,27.69,0,16,3038,50.6333,70,1.16667,227,3.78333,188.52,0,0,0,0,0.01,0,0,0,184,123,0.0024,0.007,0.0074,0.0143,0.032,0.043,0.0415,0.015,85.48,0.07,0
2025-12-20 10:17:06,0,0,27.94,0,1,5382,89.7,138,2.3,403,6.71667,1.34,0,0,0,0,0,0,0,0,195,111,0,0,0,1e-04,3e-04,3e-04,4e-04,1e-04,0.09,0,0
2025-12-20 10:18:06,0,0,28.06,0,1,4407,73.45,114,1.9,270,4.5,0,0,0,0,0,0,0,0,0,216,167,0,0,0,0,0,0,0,0,0,0,0
2025-12-20 10:19:06,0,0,28.62,0,1,5172,86.2,146,2.43333,382,6.36667,42.24,0,0,0,0,0,0,0,0,206,148,6e-04,0.001,0.0013,0.0022,0.0075,0.0104,0.011,0.003,11.61,0.02,0
2025-12-20 10:20:06,0,0,28.88,0,1,795,13.25,0,0,57,0.95,0,0,0,0,0,0,0,0,0,178,128,0,0,0,0,0,0,0,0,0,0,0
2025-12-20 10:21:06,0,0,28.88,0,1,441,7.35,0,0,24,0.4,0,0,0,0,0,0,0,0,0,171,128,0,0,0,0,0,0,0,0,0,0,0
2025-12-20 10:22:06,0,0,28.94,0,1,257,4.28333,0,0,6,0.1,0,0,0,0,0,0,0,0,0,176,125,0,0,0,0,0,0,0,0,0,0,0
2025-12-20 10:23:06,0,0,28.94,0,1,477,7.95,0,0,19,0.316667,0,0,0,0,0,0,0,0,0,171,121,0,0,0,0,0,0,0,0,0,0,0
2025-12-20 10:24:06,0,0,29,0,1,325,5.41667,0,0,7,0.116667,0,0,0,0,0,0,0,0,0,167,118,0,0,0,0,0,0,0,0,0,0,0
2025-12-20 10:25:06,0,0,29.12,0,1,429,7.15,0,0,13,0.216667,0,0,0,0,0,0,0,0,0,162,114,0,0,0,0,0,0,0,0,0,0,0
2025-12-20 10:26:06,0,0,28.94,0,1,1819,30.3167,21,0.35,147,2.45,0,0,0,0,0,0,0,0,0,154,119,0,0,0,0,0,0,0,0,0,0,0
2025-12-20 10:27:06,0,0,29.19,0,16,1172,19.5333,35,0.583333,69,1.15,0,0,0,0,0,0,0,0,0,163,103,0,0,0,0,0,0,0,0,0,0,0
2025-12-20 10:28:06,0,0,29.5,0,1,2422,40.3667,63,1.05,157,2.61667,39.8,0,0,0,0,0,0,0,0,164,116,5e-04,0.0011,0.0014,0.0026,0.0069,0.0095,0.0099,0.0031,14,0.02,0
2025-12-20 10:29:06,0,0,29.44,0,1,734,12.2333,0,0,41,0.683333,98.97,0,0,0,0,0,0,0,0,154,108,0.0014,0.0026,0.0034,0.006,0.0173,0.0238,0.0253,0.0069,33.2,0.04,0
2025-12-20 10:30:06,0,0,29.31,0,1,1539,25.65,14,0.233333,101,1.68333,94.8,0,0,0,0,0,0,0,0,176,110,0.0014,0.0026,0.0034,0.0059,0.0166,0.0227,0.0239,0.0069,33.01,0.04,0
2025-12-20 10:31:06,0,0,29.06,0,1,1207,20.1167,13,0.216667,100,1.66667,53.32,0,0,0,0,0,0,0,0,217,158,7e-04,0.0015,0.0018,0.0034,0.0093,0.0128,0.0136,0.0041,18.16,0.02,0
2025-12-20 10:32:06,0,0,29,0,1,932,15.5333,11,0.183333,72,1.2,47.18,0,0,0,0,0,0,0,0,163,124,6e-04,0.0013,0.0016,0.003,0.0082,0.0113,0.0119,0.0037,16.14,0.02,0
2025-12-20 10:33:06,0,0,29,0,1,430,7.16667,0,0,22,0.366667,32.97,0,0,0,0,0,0,0,0,167,128,4e-04,8e-04,0.0011,0.002,0.0058,0.008,0.0085,0.0024,10.15,0.01,0
2025-12-20 10:34:06,0,0,29.12,0,1,836,13.9333,3,0.05,47,0.783333,44.65,0,0,0,0,0,0,0,0,153,117,6e-04,0.001,0.0015,0.0027,0.0077,0.011,0.0117,0.0036,13.95,0.02,0
2025-12-20 10:35:06,0,0,29.38,0,1,1468,24.4667,11,0.183333,119,1.98333,14.28,0,0,0,0,0,0,0,0,157,120,2e-04,3e-04,4e-04,8e-04,0.0026,0.0035,0.0037,0.001,3.68,0.01,0
2025-12-20 10:36:06,0,0,29.62,0,1,559,9.31667,0,0,25,0.416667,1.63,0,0,0,0,0,0,0,0,155,117,0,0,0,1e-04,3e-04,4e-04,4e-04,1e-04,0,0,0
2025-12-20 10:37:06,0,0,29.88,0,1,593,9.88333,0,0,19,0.316667,1.29,0,0,0,0,0,0,0,0,151,116,0,0,0,0,3e-04,3e-04,3e-04,1e-04,0,0,0
2025-12-20 10:38:06,0,0,30.06,0,1,3403,56.7167,78,1.3,185,3.08333,0.16,0,0,0,0,0,0,0,0,151,108,0,0,0,0,0,0,1e-04,0,0,0,0
2025-12-20 10:39:06,0,0,29.62,0,1,7839,130.65,211,3.51667,446,7.43333,0,0,0,0,0,0,0,0,0,199,149,0,0,0,0,0,0,0,0,0,0,0
2025-12-20 10:40:06,0,0,29.44,0,1,5982,99.7,154,2.56667,326,5.43333,0,0,0,0,0,0,0,0,0,146,105,1e-04,1e-04,1e-04,1e-04,1e-04,1e-04,1e-04,1e-04,0,0,0
2025-12-20 10:41:06,0,0,29.44,0,1,3264,54.4,36,0.6,296,4.93333,0,0,0,0,0,0,0,0,0,153,112,0,0,0,0,0,0,0,0,0,0,0
2025-12-20 10:42:06,0,0,29.31,0,1,2548,42.4667,9,0.15,250,4.16667,0,0,0,0,0,0,0,0,0,164,119,0,0,0,0,0,0,0,0,0,0,0
2025-12-20 10:43:06,0,0,29.25,0,1,1712,28.5333,4,0.0666667,202,3.36667,0,0,0,0,0,0,0,0,0,157,118,0,0,0,0,0,0,0,0,0,0,0
2025-12-20 10:44:06,0,0,29.19,0,1,745,12.4167,2,0.0333333,52,0.866667,0,0,0,0,0,0,0,0,0,178,134,0,0,0,0,0,0,0,0,0,0,0
2025-12-20 10:45:06,0,0,29.31,0,1,2356,39.2667,7,0.116667,282,4.7,0,0,0,0,0,0,0,0,0,174,130,0,0,0,0,0,0,0,0,0,0,0
2025-12-20 10:46:06,0,0,29.31,0,1,1144,19.0667,7,0.116667,106,1.76667,0,0,0,0,0,0,0,0,0,203,162,0,0,0,0,0,0,0,0,0,0,0
2025-12-20 10:47:06,0,0,29.69,0,1,1606,26.7667,9,0.15,142,2.36667,0,0,0,0,0,0,0,0,0,172,128,0,0,0,0,0,0,0,0,0,0,0
2025-12-20 10:48:06,0,0,29.94,0,1,2099,34.9833,23,0.383333,226,3.76667,0,0,0,0,0,0,0,0,0,162,118,0,0,0,0,0,0,0,0,0,0,0
2025-12-20 10:49:06,0,0,30.12,0,1,367,6.11667,0,0,21,0.35,0,0,0,0,0,0,0,0,0,172,128,0,0,0,0,0,0,0,0,0,0,0
2025-12-20 10:50:06,0,0,30.25,0,1,1554,25.9,1,0.0166667,167,2.78333,0,0,0,0,0,0,0,0,0,172,128,0,0,0,0,0,0,0,0,0,0,0
2025-12-20 10:51:06,0,0,30.62,0,1,1658,27.6333,5,0.0833333,178,2.96667,0,0,0,0,0,0,0,0,0,153,112,0,0,0,0,0,0,0,0,0,0,0
2025-12-20 10:52:06,0,0,30.88,0,1,1498,24.9667,5,0.0833333,135,2.25,0,0,0,0,0,0,0,0,0,152,119,0,0,0,0,0,0,0,0,0,0,0
2025-12-20 10:53:06,0,0,31,0,1,4081,68.0167,102,1.7,273,4.55,0,0,0,0,0,0,0,0,0,146,105,0,0,0,0,0,0,0,0,0,0,0
2025-12-20 10:54:06,0,0,30.81,0,1,9862,164.367,278,4.63333,421,7.01667,3.28,0,0,0,0,0.01,0,0,0,153,107,3e-04,4e-04,5e-04,7e-04,7e-04,8e-04,0.001,0.0021,2.5,0.01,0
2025-12-20 10:55:06,0,0,30.06,0,1,6359,105.983,108,1.8,377,6.28333,0.25,0,0,0,0,0,0,0,0,163,112,0,0,0,1e-04,1e-04,1e-04,1e-04,3e-04,0,0,0
2025-12-20 10:56:06,0,0,29.81,0,1,423,7.05,2,0.0333333,42,0.7,0,0,0,0,0,0,0,0,0,152,110,0,0,0,0,0,0,0,0,0,0,0
2025-12-20 10:57:06,0,0,29.75,0,1,111,1.85,0,0,5,0.0833333,0,0,0,0,0,0,0,0,0,152,108,0,0,0,0,0,0,0,0,0,0,0
2025-12-20 10:58:06,0,0,29.69,0,1,2041,34.0167,23,0.383333,121,2.01667,0.44,0,0,0,0,0,0,0,0,150,108,0,0,1e-04,1e-04,1e-04,1e-04,1e-04,3e-04,0.23,0,0
2025-12-20 10:59:06,0,0,29.81,0,1,7933,132.217,260,4.33333,500,8.33333,0.44,0,0,0,0,0,0,0,0,153,110,0,0,0,1e-04,1e-04,1e-04,1e-04,3e-04,0.23,0,0
2025-12-20 11:00:06,0,0,30.06,0,1,1283,21.3833,13,0.216667,97,1.61667,0,0,0,0,0,0,0,0,0,150,106,0,0,0,0,0,0,0,0,0,0,0
2025-12-20 11:01:06,0,0,30.12,0,1,241,4.01667,1,0.0166667,12,0.2,0,0,0,0,0,0,0,0,0,166,124,0,0,0,0,0,0,0,0,0,0,0
2025-12-20 11:02:06,0,0,30.12,0,1,213,3.55,0,0,9,0.15,0,0,0,0,0,0,0,0,0,194,148,0,0,0,0,0,0,0,0,0,0,0
2025-12-20 11:03:06,0,0,30.31,0,1,1946,32.4333,33,0.55,155,2.58333,0,0,0,0,0,0,0,0,0,175,132,0,0,0,0,0,0,0,0,0,0,0
2025-12-20 11:04:06,0,0,30.56,0,1,1417,23.6167,12,0.2,112,1.86667,0,0,0,0,0,0,0,0,0,171,128,0,0,0,0,0,0,0,0,0,0,0
2025-12-20 11:05:06,0,0,30.75,0,1,4320,72,99,1.65,272,4.53333,0,0,0,0,0,0,0,0,0,167,123,0,0,0,0,0,0,0,0,0,0,0
2025-12-20 11:06:06,0,0,30.94,0,1,2740,45.6667,79,1.31667,198,3.3,0,0,0,0,0,0,0,0,0,155,114,0,0,0,0,0,0,0,0,0,0,0
2025-12-20 11:07:06,0,0,31.12,0,1,2558,42.6333,0,0,297,4.95,0,0,0,0,0,0,0,0,0,150,106,0,0,0,0,0,0,0,0,0,0,0
2025-12-20 11:08:06,0,0,31.25,0,1,837,13.95,3,0.05,86,1.43333,0,0,0,0,0,0,0,0,0,157,107,0,0,0,0,0,0,0,0,0,0,0
2025-12-20 11:09:06,0,0,31.44,0,1,1486,24.7667,8,0.133333,137,2.28333,0,0,0,0,0,0,0,0,0,143,103,0,0,0,0,0,0,0,0,0,0,0
2025-12-20 11:10:06,0,0,31.56,0,1,2697,44.95,23,0.383333,283,4.71667,0,0,0,0,0,0,0,0,0,144,103,0,0,0,0,0,0,0,0,0,0,0
2025-12-20 11:11:06,0,0,31.62,0,1,1247,20.7833,0,0,137,2.28333,0,0,0,0,0,0,0,0,0,142,102,0,0,0,0,0,0,0,0,0,0,0
2025-12-20 11:12:06,0,0,31.81,0,1,1083,18.05,1,0.0166667,113,1.88333,0,0,0,0,0,0,0,0,0,142,102,0,0,0,0,0,0,0,0,0,0,0
2025-12-20 11:13:06,0,0,31.94,0,1,1974,32.9,12,0.2,202,3.36667,0,0,0,0,0,0,0,0,0,142,102,0,0,0,0,0,0,0,0,0,0,0
2025-12-20 11:14:06,0,0,31.94,0,1,2022,33.7,12,0.2,195,3.25,0,0,0,0,0,0,0,0,0,157,109,0,0,0,0,0,0,0,0,0,0,0
2025-12-20 11:15:06,0,0,32,0,1,2328,38.8,19,0.316667,214,3.56667,0,0,0,0,0,0,0,0,0,151,106,0,0,0,0,0,0,0,0,0,0,0
2025-12-20 11:16:06,0,0,32.12,0,1,4414,73.5667,119,1.98333,315,5.25,0,0,0,0,0,0,0,0,0,144,112,0,0,0,0,0,0,0,1e-04,0,0,0
2025-12-20 11:17:06,0,0,32.25,0,4,1828,30.4667,2,0.0333333,140,2.33333,0,0,0,0,0,0,0,0,0,148,110,0,0,0,0,0,0,0,0,0,0,0
2025-12-20 11:18:06,0,0,32.31,0,1,3049,50.8167,27,0.45,293,4.88333,0,0,0,0,0,0,0,0,0,148,110,0,0,0,0,0,0,0,0,0,0,0
2025-12-20 11:19:06,0,0,32.38,0,1,3857,64.2833,51,0.85,437,7.28333,0,0,0,0,0,0,0,0,0,144,105,0,0,0,0,0,0,0,0,0,0,0
2025-12-20 11:20:06,0,0,32.44,0,16,3862,64.3667,38,0.633333,500,8.33333,5.7,0,0,0,0,0,0,0,0,143,104,3e-04,5e-04,7e-04,0.001,9e-04,0.001,0.0011,0.0015,6.6,0,0
2025-12-20 11:21:06,0,0,32.56,0,16,4931,82.1833,91,1.51667,521,8.68333,0,0,0,0,0,0,0,0,0,143,103,0,0,0,0,0,0,0,0,0,0,0
2025-12-20 11:22:06,0,0,32.75,0,1,3735,62.25,57,0.95,323,5.38333,0,0,0,0,0,0,0,0,0,142,104,0,0,0,0,0,0,0,0,0,0,0
2025-12-20 11:23:06,0,0,32.81,0,1,1273,21.2167,1,0.0166667,106,1.76667,0,0,0,0,0,0,0,0,0,144,102,0,0,0,0,0,0,0,0,0,0,0
2025-12-20 11:24:06,0,0,32.88,0,16,1459,24.3167,2,0.0333333,143,2.38333,0,0,0,0,0,0,0,0,0,143,102,0,0,0,0,0,0,0,0,0,0,0
2025-12-20 11:25:06,0,0,32.88,0,1,1864,31.0667,6,0.1,193,3.21667,0,0,0,0,0,0,0,0,0,145,105,0,0,0,0,0,0,0,0,0,0,0
2025-12-20 11:26:06,0,0,33.06,0,1,1437,23.95,1,0.0166667,124,2.06667,0,0,0,0,0,0,0,0,0,152,104,0,0,0,0,0,0,0,0,0,0,0
2025-12-20 11:27:06,0,0,33.12,0,1,1161,19.35,5,0.0833333,79,1.31667,0.03,0,0,0,0,0,0,0,0,153,105,0,0,0,0,0,0,0,1e-04,0,0,0
2025-12-20 11:28:06,0,0,33.31,0,1,3216,53.6,70,1.16667,215,3.58333,0,0,0,0,0,0,0,0,0,151,104,0,0,0,0,0,0,0,0,0,0,0
2025-12-20 11:29:06,0,0,33.44,0,16,3548,59.1333,62,1.03333,249,4.15,0,0,0,0,0,0,0,0,0,146,107,0,0,0,0,0,0,0,0,0,0,0
2025-12-20 11:30:06,0,0,33.5,0,16,3334,55.5667,50,0.833333,300,5,0,0,0,0,0,0,0,0,0,143,104,0,0,0,0,0,0,0,0,0,0,0
2025-12-20 11:31:06,0,0,33.44,0,1,4405,73.4167,65,1.08333,375,6.25,0,0,0,0,0,0,0,0,0,157,109,0,0,0,0,0,0,0,0,0,0,0
2025-12-20 11:32:06,0,0,33.5,0,1,2541,42.35,3,0.05,263,4.38333,0,0,0,0,0,0,0,0,0,160,111,0,0,0,0,0,0,0,0,0,0,0
2025-12-20 11:33:06,0,0,33.5,0,1,2082,34.7,0,0,251,4.18333,0,0,0,0,0,0,0,0,0,158,109,0,0,0,0,0,0,0,0,0,0,0
2025-12-20 11:34:06,0,0,33.62,0,1,2272,37.8667,0,0,305,5.08333,0,0,0,0,0,0,0,0,0,156,109,0,0,0,0,0,0,0,1e-04,0,0,0
2025-12-20 11:35:06,0,0,33.69,0,1,1456,24.2667,1,0.0166667,138,2.3,0,0,0,0,0,0,0,0,0,152,107,0,0,0,0,0,0,0,0,0,0,0
2025-12-20 11:36:06,0,0,33.81,0,1,1949,32.4833,3,0.05,194,3.23333,0.49,0,0,0,0,0,0,0,0,161,107,0,0,0,1e-04,1e-04,1e-04,1e-04,2e-04,0.3,0,0
2025-12-20 11:37:06,0,0,33.75,0,1,2804,46.7333,4,0.0666667,370,6.16667,0.71,0,0,0,0,0,0,0,0,153,108,0,1e-04,1e-04,2e-04,2e-04,1e-04,1e-04,4e-04,0.45,0,0
2025-12-20 11:38:06,0,0,33.94,0,1,2148,35.8,24,0.4,149,2.48333,0.15,0,0,0,0,0,0,0,0,144,104,0,0,0,0,1e-04,0,0,1e-04,0,0,0
2025-12-20 11:39:06,0,0,34,0,1,2950,49.1667,49,0.816667,283,4.71667,0,0,0,0,0,0,0,0,0,151,103,0,0,0,0,0,0,0,0,0,0,0
2025-12-20 11:40:06,0,0,34,0,1,1595,26.5833,14,0.233333,114,1.9,0,0,0,0,0,0,0,0,0,143,103,0,0,0,0,0,0,0,0,0,0,0
2025-12-20 11:41:06,0,0,34.06,0,16,2747,45.7833,35,0.583333,239,3.98333,0,0,0,0,0,0,0,0,0,141,102,0,0,0,0,0,0,0,0,0,0,0
2025-12-20 11:42:06,0,0,34.12,0,1,1461,24.35,17,0.283333,82,1.36667,0,0,0,0,0,0,0,0,0,155,103,0,0,0,0,0,0,0,0,0,0,0
2025-12-20 11:43:06,0,0,34.12,0,1,911,15.1833,1,0.0166667,51,0.85,0,0,0,0,0,0,0,0,0,141,103,0,0,0,0,0,0,0,0,0,0,0
2025-12-20 11:44:06,0,0,34.19,0,1,1013,16.8833,0,0,59,0.983333,0,0,0,0,0,0,0,0,0,140,103,0,0,0,0,0,0,0,0,0,0,0
2025-12-20 11:45:06,0,0,34.31,0,1,1966,32.7667,37,0.616667,104,1.73333,0,0,0,0,0,0,0,0,0,140,102,0,0,0,0,0,0,0,0,0,0,0
2025-12-20 11:46:06,0,0,34.44,0,1,1102,18.3667,0,0,80,1.33333,0,0,0,0,0,0,0,0,0,140,102,0,0,0,0,0,0,0,0,0,0,0
2025-12-20 11:47:06,0,0,34.5,0,1,4302,71.7,89,1.48333,410,6.83333,0,0,0,0,0,0,0,0,0,141,102,0,0,0,0,0,0,0,0,0,0,0
2025-12-20 11:48:06,0,0,34.44,0,1,10507,175.117,329,5.48333,625,10.4167,0,0,0,0,0,0,0,0,0,155,103,0,0,0,0,0,0,0,0,0,0,0
2025-12-20 11:49:06,0,0,34.31,0,1,5929,98.8167,145,2.41667,371,6.18333,0,0,0,0,0,0,0,0,0,146,104,0,0,0,0,0,0,0,0,0,0,0
2025-12-20 11:50:06,0,0,34.19,0,1,2068,34.4667,15,0.25,205,3.41667,0,0,0,0,0,0,0,0,0,147,103,0,0,0,0,0,0,0,0,0,0,0
2025-12-20 11:51:06,0,0,34,0,1,3279,54.65,50,0.833333,345,5.75,0,0,0,0,0,0,0,0,0,145,103,0,0,0,0,0,0,0,0,0,0,0
2025-12-20 11:52:06,0,0,33.88,0,1,2171,36.1833,0,0,275,4.58333,0,0,0,0,0,0,0,0,0,145,103,0,0,0,0,0,0,0,0,0,0,0
2025-12-20 11:53:06,0,0,33.81,0,1,3272,54.5333,32,0.533333,355,5.91667,0,0,0,0,0,0,0,0,0,149,104,0,0,0,0,0,0,0,0,0,0,0
2025-12-20 11:54:06,0,0,33.81,0,1,3986,66.4333,36,0.6,511,8.51667,0,0,0,0,0,0,0,0,0,143,103,0,0,0,0,0,0,0,0,0,0,0
2025-12-20 11:55:06,0,0,33.81,0,1,3845,64.0833,23,0.383333,551,9.18333,0,0,0,0,0,0,0,0,0,143,102,0,0,0,0,0,0,0,0,0,0,0
2025-12-20 11:56:06,0,0,33.75,0,1,3856,64.2667,18,0.3,541,9.01667,0,0,0,0,0,0,0,0,0,141,103,0,0,0,0,0,0,0,0,0,0,0
2025-12-20 11:57:06,0,0,33.75,0,16,4328,72.1333,88,1.46667,373,6.21667,0,0,0,0,0,0,0,0,0,144,105,0,0,0,0,0,0,0,0,0,0,0
2025-12-20 11:58:06,0,0,33.81,0,1,4048,67.4667,66,1.1,417,6.95,0,0,0,0,0,0,0,0,0,141,103,0,0,0,0,0,0,0,0,0,0,0
2025-12-20 11:59:06,0,0,33.69,0,1,3071,51.1833,17,0.283333,405,6.75,0,0,0,0,0,0,0,0,0,145,110,0,0,0,0,0,0,0,0,0,0,0
2025-12-20 12:00:06,0,0,33.75,0,1,3467,57.7833,42,0.7,319,5.31667,0,0,0,0,0,0,0,0,0,141,102,0,0,0,0,0,0,0,0,0,0,0
2025-12-20 12:01:06,0,0,33.75,0,1,3485,58.0833,19,0.316667,468,7.8,0,0,0,0,0,0,0,0,0,140,102,0,0,0,0,0,0,0,0,0,0,0
2025-12-20 12:02:06,0,0,33.81,0,1,3478,57.9667,7,0.116667,512,8.53333,0,0,0,0,0,0,0,0,0,141,102,0,0,0,0,0,0,0,0,0,0,0
2025-12-20 12:03:06,0,0,33.81,0,16,2789,46.4833,23,0.383333,279,4.65,0,0,0,0,0,0,0,0,0,140,101,0,0,0,0,0,0,0,0,0,0,0
2025-12-20 12:04:06,0,0,33.75,0,1,2655,44.25,9,0.15,355,5.91667,0,0,0,0,0,0,0,0,0,142,103,0,0,0,0,0,0,0,0,0,0,0
2025-12-20 12:05:06,0,0,33.75,0,1,1816,30.2667,1,0.0166667,199,3.31667,0,0,0,0,0,0,0,0,0,142,102,0,0,0,0,0,0,0,0,0,0,0
2025-12-20 12:06:06,0,0,33.81,0,16,2490,41.5,16,0.266667,302,5.03333,0,0,0,0,0,0,0,0,0,140,103,0,0,0,0,0,0,0,0,0,0,0
2025-12-20 12:07:06,0,0,33.81,0,1,3788,63.1333,63,1.05,281,4.68333,0,0,0,0,0,0,0,0,0,147,107,0,0,0,0,0,0,0,0,0,0,0
2025-12-20 12:08:06,0,0,33.88,0,1,6497,108.283,184,3.06667,403,6.71667,0,0,0,0,0,0,0,0,0,140,103,0,0,0,0,0,0,0,0,0,0,0
2025-12-20 12:09:06,0,0,33.88,0,1,3770,62.8333,52,0.866667,263,4.38333,0,0,0,0,0,0,0,0,0,139,101,0,0,0,0,0,0,0,0,0,0,0
2025-12-20 12:10:06,0,0,33.88,0,1,6323,105.383,104,1.73333,354,5.9,0,0,0,0,0,0,0,0,0,138,101,0,0,0,0,0,0,0,0,0,0,0
2025-12-20 12:11:06,0,0,33.81,0,1,3081,51.35,16,0.266667,216,3.6,0,0,0,0,0,0,0,0,0,138,102,0,0,0,0,0,0,0,0,0,0,0
2025-12-20 12:12:06,0,0,33.62,0,1,575,9.58333,0,0,34,0.566667,0,0,0,0,0,0,0,0,0,138,101,0,0,0,0,0,0,0,0,0,0,0
2025-12-20 12:13:06,0,0,33.5,0,1,467,7.78333,0,0,23,0.383333,0,0,0,0,0,0,0,0,0,138,101,0,0,0,0,0,0,0,0,0,0,0
2025-12-20 12:14:06,0,0,33.31,0,1,761,12.6833,1,0.0166667,55,0.916667,0,0,0,0,0,0,0,0,0,138,101,0,0,0,0,0,0,0,0,0,0,0
2025-12-20 12:15:06,0,0,33.25,0,1,1378,22.9667,9,0.15,94,1.56667,0,0,0,0,0,0,0,0,0,138,101,0,0,0,0,0,0,0,0,0,0,0
2025-12-20 12:16:06,0,0,33.25,0,1,3213,53.55,23,0.383333,221,3.68333,0,0,0,0,0,0,0,0,0,138,102,0,0,0,0,0,0,0,0,0,0,0
2025-12-20 12:17:06,0,0,33.12,0,1,1861,31.0167,11,0.183333,122,2.03333,0,0,0,0,0,0,0,0,0,138,101,0,0,0,0,0,0,0,0,0,0,0
2025-12-20 12:18:06,0,0,33.12,0,1,511,8.51667,0,0,29,0.483333,0,0,0,0,0,0,0,0,0,138,101,0,0,0,0,0,0,0,0,0,0,0
2025-12-20 12:19:06,0,0,33.06,0,1,1991,33.1833,11,0.183333,137,2.28333,0,0,0,0,0,0,0,0,0,138,101,0,0,0,0,0,0,0,0,0,0,0
2025-12-20 12:20:06,0,0,33.12,0,1,352,5.86667,0,0,25,0.416667,0,0,0,0,0,0,0,0,0,137,101,0,0,0,0,0,0,0,0,0,0,0
2025-12-20 12:21:06,0,0,33.12,0,1,7082,118.033,137,2.28333,378,6.3,0,0,0,0,0,0,0,0,0,137,101,0,0,0,0,0,0,0,0,0,0,0
2025-12-20 12:22:06,0,0,33.06,0,1,3963,66.05,94,1.56667,277,4.61667,0,0,0,0,0,0,0,0,0,141,102,0,0,0,0,0,0,0,0,0,0,0
2025-12-20 12:23:06,0,0,33,0,1,1810,30.1667,2,0.0333333,144,2.4,0,0,0,0,0,0,0,0,0,142,102,0,0,0,0,0,0,0,0,0,0,0
2025-12-20 12:24:06,0,0,32.88,0,1,4463,74.3833,62,1.03333,267,4.45,0,0,0,0,0,0,0,0,0,140,101,0,0,0,0,0,0,0,0,0,0,0
2025-12-20 12:25:06,0,0,32.75,0,1,7226,120.433,232,3.86667,423,7.05,0,0,0,0,0,0,0,0,0,140,102,0,0,0,0,0,0,0,0,0,0,0
2025-12-20 12:26:06,0,0,32.62,0,1,7123,118.717,181,3.01667,458,7.63333,0,0,0,0,0,0,0,0,0,141,102,0,0,0,0,0,0,0,0,0,0,0
2025-12-20 12:27:06,0,0,32.62,0,1,1240,20.6667,39,0.65,66,1.1,0,0,0,0,0,0,0,0,0,140,102,0,0,0,0,0,0,0,0,0,0,0
2025-12-20 12:28:06,0,0,32.44,0,1,1053,17.55,17,0.283333,77,1.28333,0,0,0,0,0,0,0,0,0,141,100,0,0,0,0,0,0,0,0,0,0,0
2025-12-20 12:29:06,0,0,32.38,0,1,1508,25.1333,4,0.0666667,120,2,0,0,0,0,0,0,0,0,0,139,100,0,0,0,0,0,0,0,0,0,0,0
2025-12-20 12:30:06,0,0,32.56,0,1,1607,26.7833,3,0.05,166,2.76667,0,0,0,0,0,0,0,0,0,139,100,0,0,0,0,0,0,0,0,0,0,0
2025-12-20 12:31:06,0,0,32.62,0,1,849,14.15,0,0,50,0.833333,0,0,0,0,0,0,0,0,0,145,100,0,0,0,0,0,0,0,0,0,0,0
2025-12-20 12:32:06,0,0,32.69,0,1,1634,27.2333,6,0.1,165,2.75,0,0,0,0,0,0,0,0,0,143,101,0,0,0,0,0,0,0,0,0,0,0
2025-12-20 12:33:06,0,0,32.81,0,1,870,14.5,0,0,76,1.26667,0,0,0,0,0,0,0,0,0,140,100,0,0,0,0,0,0,0,0,0,0,0
2025-12-20 12:34:06,0,0,33,0,1,1568,26.1333,1,0.0166667,147,2.45,0,0,0,0,0,0,0,0,0,140,100,0,0,0,0,0,0,0,0,0,0,0
2025-12-20 12:35:06,0,0,33.12,0,1,1563,26.05,24,0.4,124,2.06667,0,0,0,0,0,0,0,0,0,140,101,0,0,0,0,0,0,0,0,0,0,0
2025-12-20 12:36:06,0,0,33.25,0,16,2581,43.0167,45,0.75,184,3.06667,0,0,0,0,0,0,0,0,0,139,101,0,0,0,0,0,0,0,0,0,0,0
2025-12-20 12:37:06,0,0,33.31,0,16,4359,72.65,91,1.51667,386,6.43333,0,0,0,0,0,0,0,0,0,140,101,0,0,0,0,0,0,0,0,0,0,0
2025-12-20 12:38:06,0,0,33.31,0,16,8257,137.617,219,3.65,754,12.5667,0,0,0,0,0,0,0,0,0,140,100,0,0,0,0,0,0,0,0,0,0,0
2025-12-20 12:39:06,0,0,33.31,0,1,3524,58.7333,39,0.65,374,6.23333,0,0,0,0,0,0,0,0,0,139,101,0,0,0,0,0,0,0,0,0,0,0
2025-12-20 12:40:06,0,0,33.31,0,1,395,6.58333,0,0,17,0.283333,0,0,0,0,0,0,0,0,0,139,101,0,0,0,0,0,0,0,0,0,0,0
2025-12-20 12:41:06,0,0,33.31,0,1,328,5.46667,3,0.05,22,0.366667,0,0,0,0,0,0,0,0,0,140,101,0,0,0,0,0,0,0,0,0,0,0
2025-12-20 12:42:06,0,0,33.38,0,16,6761,112.683,178,2.96667,450,7.5,0,0,0,0,0,0,0,0,0,139,101,0,0,0,0,0,0,0,0,0,0,0
2025-12-20 12:43:06,0,0,33.38,0,8,2377,39.6167,58,0.966667,176,2.93333,0,0,0,0,0,0,0,0,0,140,101,0,0,0,0,0,0,0,0,0,0,0
2025-12-20 12:44:06,0,0,33.25,0,1,6679,111.317,212,3.53333,452,7.53333,12.21,0,0,0,0,0,0,0,0,175,132,6e-04,0.0011,0.0015,0.0021,0.0018,0.0021,0.0029,0.0037,14.43,0.01,0
2025-12-20 12:45:06,0,0,32.81,0,1,2544,42.4,44,0.733333,192,3.2,160.57,0,0,0,0,0.02,0,0,0,180,128,0.0071,0.0142,0.0184,0.0223,0.0262,0.0252,0.0257,0.0267,181.11,0.08,0
2025-12-20 12:46:06,0,0,32.81,0,1,2797,46.6167,83,1.38333,161,2.68333,265.61,0,0,0,0,0.05,0,0,0,181,128,0.0127,0.0242,0.0326,0.0408,0.0421,0.042,0.0436,0.0475,315.62,0.16,0
2025-12-20 12:47:06,0,0,32.62,0,1,11742,195.7,367,6.11667,564,9.4,0,0,0,0,0,0.01,0,0,0,189,133,3e-04,4e-04,4e-04,5e-04,3e-04,5e-04,4e-04,4e-04,0,0.01,0
2025-12-20 12:48:06,0,0,32.38,0,1,13043,217.383,412,6.86667,607,10.1167,0,0,0,0,0,0,0,0,0,195,146,0,0,0,0,0,0,0,1e-04,0,0,0
2025-12-20 12:49:06,0,0,32.19,0,8,10340,172.333,396,6.6,443,7.38333,0,0,0,0,0,0,0,0,0,221,160,0,0,0,0,0,0,0,0,0,0,0
2025-12-20 12:50:06,0,0,32.25,0,8,14193,236.55,574,9.56667,619,10.3167,0,0,0,0,0,0,0,0,0,189,136,0,0,0,0,0,0,0,0,0,0,0
2025-12-20 12:51:06,0,0,32.19,0,16,4551,75.85,109,1.81667,299,4.98333,85.61,0,0,0,0,0.02,0,0,0,192,141,0.0024,0.0039,0.0047,0.0088,0.0133,0.0207,0.0257,0.0184,45.96,0.05,0
2025-12-20 12:52:06,0,0,32,0,1,1984,33.0667,38,0.633333,163,2.71667,335.24,0,0,0,0,0.04,0,0,0,171,113,0.0083,0.0153,0.0177,0.0314,0.0541,0.0797,0.0845,0.0534,181.07,0.18,0
2025-12-20 12:53:06,0,0,31.75,0,1,1615,26.9167,11,0.183333,176,2.93333,76.32,0,0,0,0,0.01,0,0,0,192,134,0.0016,0.0035,0.0038,0.0065,0.0132,0.0169,0.0171,0.0097,39.59,0.04,0
2025-12-20 12:54:06,0,0,31.62,0,1,1696,28.2667,31,0.516667,141,2.35,0,0,0,0,0,0,0,0,0,213,151,0,0,0,0,0,0,0,0,0,0,0
2025-12-20 12:55:06,0,0,31.56,0,1,2260,37.6667,44,0.733333,162,2.7,0,0,0,0,0,0,0,0,0,192,138,0,0,0,0,0,0,0,0,0,0,0
2025-12-20 12:56:06,0,0,31.69,0,1,4897,81.6167,123,2.05,336,5.6,0,0,0,0,0,0,0,0,0,187,134,0,0,0,0,0,0,0,0,0,0,0
2025-12-20 12:57:06,0,0,31.75,0,8,3064,51.0667,34,0.566667,255,4.25,0,0,0,0,0,0,0,0,0,208,155,0,0,0,0,0,0,0,0,0,0,0
2025-12-20 12:58:06,0,0,31.94,0,8,3004,50.0667,38,0.633333,260,4.33333,0,0,0,0,0,0,0,0,0,176,132,0,0,0,0,0,0,0,0,0,0,0
2025-12-20 12:59:06,0,0,32,0,8,2786,46.4333,50,0.833333,198,3.3,0,0,0,0,0,0,0,0,0,200,150,0,0,0,0,0,0,0,0,0,0,0
2025-12-20 13:00:06,0,0,32,0,16,4520,75.3333,88,1.46667,295,4.91667,247.45,0,0,0,0,0.01,0,0,0,187,142,0.0044,0.0132,0.0122,0.0232,0.0418,0.0513,0.0513,0.0275,147.42,0.1,0
2025-12-20 13:01:06,0,0,32,0,1,1220,20.3333,9,0.15,100,1.66667,379.97,0,0,0,0,0.02,0,0,0,163,122,0.006,0.0209,0.0178,0.0375,0.0622,0.0799,0.0775,0.043,231.68,0.15,0
2025-12-20 13:02:06,0,0,32,0,1,5836,97.2667,137,2.28333,439,7.31667,243.6,0,0,0,0,0.01,0,0,0,168,128,0.0042,0.0126,0.0122,0.0227,0.0412,0.0507,0.0505,0.0267,144.08,0.1,0
2025-12-20 13:03:06,0,0,31.94,0,8,4532,75.5333,80,1.33333,358,5.96667,0,0,0,0,0,0,0,0,0,163,122,0,0,0,0,0,0,0,0,0,0,0
2025-12-20 13:04:06,0,0,31.88,0,8,7788,129.8,218,3.63333,461,7.68333,152.57,0,0,0,0,0.02,0,0,0,189,142,0.0053,0.012,0.0138,0.0199,0.0244,0.0277,0.0283,0.0247,144.76,0.08,0
2025-12-20 13:05:06,0,0,31.88,0,1,4682,78.0333,162,2.7,226,3.76667,670.46,0,0,0,0,0.07,0,0,0,163,128,0.022,0.0513,0.0583,0.0853,0.1074,0.1235,0.1253,0.1058,616.45,0.34,0
2025-12-20 13:06:06,0,0,31.62,0,1,11628,193.8,441,7.35,579,9.65,0,0,0,0,0,0,0,0,0,195,144,0,0,0,0,0,0,0,0,0,0,0
2025-12-20 13:07:06,0,0,31.69,0,1,11041,184.017,337,5.61667,569,9.48333,0,0,0,0,0,0,0,0,0,181,130,0,0,0,0,0,0,0,0,0,0,0
2025-12-20 13:08:06,0,0,31.88,0,1,24468,407.8,1089,18.15,1218,20.3,0,0,0,0,0,0,0,0,0,165,122,0,0,0,0,0,0,0,0,0,0,0
2025-12-20 13:09:06,0,0,31.75,0,1,7413,123.55,196,3.26667,460,7.66667,0,0,0,0,0,0,0,0,0,193,147,0,0,0,0,0,0,0,0,0,0,0
2025-12-20 13:10:06,0,0,31.75,0,1,5060,84.3333,109,1.81667,366,6.1,0,0,0,0,0,0,0,0,0,171,124,0,0,0,0,0,0,0,0,0,0,0
2025-12-20 13:11:06,0,0,31.69,0,1,6279,104.65,148,2.46667,442,7.36667,0,0,0,0,0,0,0,0,0,192,146,0,0,0,0,0,0,0,0,0,0,0
2025-12-20 13:12:06,0,0,31.56,0,1,7865,131.083,203,3.38333,495,8.25,0,0,0,0,0,0,0,0,0,195,154,0,0,0,0,0,0,0,0,0,0,0
2025-12-20 13:13:06,0,0,31.5,0,1,8722,145.367,251,4.18333,513,8.55,0,0,0,0,0,0,0,0,0,172,120,0,0,0,0,0,0,0,0,0,0,0
2025-12-20 13:14:06,0,0,31.12,0,8,19867,331.117,721,12.0167,832,13.8667,0,0,0,0,0,0,0,0,0,204,158,0,0,0,0,0,0,0,0,0,0,0
2025-12-20 13:15:06,0,0,31.25,0,1,26564,442.733,1112,18.5333,974,16.2333,0,0,0,0,0,0,0,0,0,160,120,0,0,0,0,0,0,0,0,0,0,0
2025-12-20 13:16:06,0,0,30.94,0,1,13307,221.783,508,8.46667,537,8.95,0,0,0,0,0,0,0,0,0,195,155,0,0,0,0,0,0,0,0,0,0,0
2025-12-20 13:17:06,0,0,31,0,1,1315,21.9167,20,0.333333,104,1.73333,0,0,0,0,0,0,0,0,0,185,141,0,0,0,0,0,0,0,0,0,0,0
2025-12-20 13:18:06,0,0,30.75,0,1,1252,20.8667,4,0.0666667,116,1.93333,0,0,0,0,0,0,0,0,0,186,143,0,0,0,0,0,0,0,0,0,0,0
2025-12-20 13:19:06,0,0,30.69,0,1,4062,67.7,27,0.45,376,6.26667,0,0,0,0,0,0,0,0,0,163,123,0,0,0,0,0,0,0,0,0,0,0
2025-12-20 13:20:06,0,0,30.62,0,1,4128,68.8,55,0.916667,346,5.76667,0,0,0,0,0,0,0,0,0,201,157,0,0,0,0,0,0,0,0,0,0,0
2025-12-20 13:21:06,0,0,30.94,0,1,2168,36.1333,10,0.166667,179,2.98333,0,0,0,0,0,0,0,0,0,180,137,0,0,0,0,0,0,0,0,0,0,0
2025-12-20 13:22:06,0,0,31.25,0,1,3424,57.0667,88,1.46667,226,3.76667,0,0,0,0,0,0,0,0,0,161,117,0,0,0,0,0,0,0,0,0,0,0
2025-12-20 13:23:06,0,0,31.62,0,1,2717,45.2833,59,0.983333,195,3.25,0,0,0,0,0,0,0,0,0,169,128,0,0,0,0,0,0,0,0,0,0,0
2025-12-20 13:24:06,0,0,31.75,0,1,3920,65.3333,71,1.18333,324,5.4,0,0,0,0,0,0,0,0,0,162,122,0,0,0,0,0,0,0,0,0,0,0
2025-12-20 13:25:06,0,0,32,0,16,3755,62.5833,29,0.483333,423,7.05,0,0,0,0,0,0,0,0,0,192,132,0,0,0,0,0,0,0,0,0,0,0
2025-12-20 13:26:06,0,0,32.19,0,16,4705,78.4167,79,1.31667,422,7.03333,0,0,0,0,0,0,0,0,0,152,108,0,0,0,0,0,0,0,0,0,0,0
2025-12-20 13:27:06,0,0,32.38,0,16,3470,57.8333,70,1.16667,284,4.73333,0,0,0,0,0,0,0,0,0,148,108,0,0,0,0,0,0,0,0,0,0,0
2025-12-20 13:28:06,0,0,32.44,0,1,701,11.6833,10,0.166667,30,0.5,0,0,0,0,0,0,0,0,0,165,123,0,0,0,0,0,0,0,0,0,0,0
2025-12-20 13:29:06,0,0,32.56,0,1,3751,62.5167,117,1.95,211,3.51667,0,0,0,0,0,0,0,0,0,145,106,0,0,0,0,0,0,0,0,0,0,0
2025-12-20 13:30:06,0,0,32.69,0,1,4073,67.8833,117,1.95,266,4.43333,0,0,0,0,0,0,0,0,0,147,104,0,0,0,0,0,0,0,0,0,0,0
2025-12-20 13:31:06,0,0,32.69,0,1,7551,125.85,196,3.26667,473,7.88333,0,0,0,0,0,0,0,0,0,146,105,0,0,0,0,0,0,0,0,0,0,0
2025-12-20 13:32:06,0,0,32.69,0,8,7411,123.517,140,2.33333,499,8.31667,0,0,0,0,0,0,0,0,0,148,104,0,0,0,0,0,0,0,0,0,0,0
2025-12-20 13:33:06,0,0,32.81,0,1,10740,179,368,6.13333,523,8.71667,0,0,0,0,0,0,0,0,0,145,103,0,0,0,0,0,0,0,0,0,0,0
2025-12-20 13:34:06,0,0,32.69,0,8,5412,90.2,63,1.05,370,6.16667,0,0,0,0,0,0,0,0,0,144,102,0,0,0,0,0,0,0,0,0,0,0
2025-12-20 13:35:06,0,0,32.75,0,8,10109,168.483,341,5.68333,491,8.18333,0,0,0,0,0,0,0,0,0,139,100,0,0,0,0,0,0,0,0,0,0,0
2025-12-20 13:36:06,0,0,32.69,0,1,7065,117.75,197,3.28333,417,6.95,0,0,0,0,0,0,0,0,0,137,100,0,0,0,0,0,0,0,0,0,0,0
2025-12-20 13:37:06,0,0,32.5,0,1,14288,238.133,500,8.33333,656,10.9333,11.39,0,0,0,0,0,0,0,0,238,178,1e-04,3e-04,4e-04,9e-04,0.0018,0.0027,0.0029,0.0019,4.68,0,0
2025-12-20 13:38:06,0,0,31.94,0,1,13065,217.75,470,7.83333,665,11.0833,26.7,0,0,0,0,0,0,0,0,155,112,7e-04,0.0014,0.0019,0.003,0.0045,0.0056,0.0063,0.0063,17.67,0.02,0
2025-12-20 13:39:06,0,0,31.69,0,1,7961,132.683,241,4.01667,417,6.95,22.47,0,0,0,0,0,0,0,0,136,100,3e-04,6e-04,8e-04,0.0019,0.0035,0.0056,0.0062,0.004,9.33,0.01,0
2025-12-20 13:40:06,0,0,31.5,0,1,13148,219.133,454,7.56667,630,10.5,75.97,0,0,0,0,0.01,0,0,0,190,122,0.0021,0.0045,0.0059,0.0089,0.0121,0.0159,0.0176,0.0156,57.19,0.04,0
2025-12-20 13:41:06,0,0,31.25,0,1,9207,153.45,258,4.3,559,9.31667,42.67,0,0,0,0,0.01,0,0,0,168,118,0.0017,0.0035,0.0047,0.0062,0.007,0.0075,0.0087,0.0108,42.75,0.03,0
2025-12-20 13:42:06,0,0,30.81,0,1,4203,70.05,82,1.36667,323,5.38333,34.89,0,0,0,0,0.01,0,0,0,206,156,0.0014,0.0029,0.0038,0.0052,0.0057,0.0061,0.0071,0.0088,35.22,0.02,0
2025-12-20 13:43:06,0,0,30.5,0,1,12702,211.7,372,6.2,580,9.66667,104.25,0,0,0,0,0.02,0,0,0,175,107,0.0046,0.0092,0.0122,0.0155,0.0168,0.0171,0.0192,0.0226,116.07,0.07,0
2025-12-20 13:44:06,0,0,30.5,0,1,6874,114.567,164,2.73333,581,9.68333,42.91,0,0,0,0,0.01,0,0,0,163,101,0.0016,0.0034,0.0045,0.0061,0.0072,0.0079,0.0093,0.0118,40.2,0.03,0
2025-12-20 13:45:06,0,0,30,0,1,14280,238,520,8.66667,785,13.0833,41.9,0,0,0,0,0.01,0,0,0,200,133,0.0018,0.0036,0.0049,0.0065,0.0067,0.0072,0.0085,0.0105,45.47,0.03,0
2025-12-20 13:46:06,0,0,30.12,0,1,12382,206.367,447,7.45,698,11.6333,31.99,0,0,0,0,0.01,0,0,0,214,159,0.0016,0.0031,0.0041,0.0054,0.0049,0.0054,0.0066,0.0084,37.58,0.03,0
2025-12-20 13:47:06,0,0,30.12,0,1,10522,175.367,342,5.7,644,10.7333,43.05,0,0,0,0,0.01,0,0,0,213,155,0.002,0.0039,0.0052,0.0069,0.0068,0.0074,0.0089,0.0112,47.78,0.03,0
2025-12-20 13:48:06,0,0,30.19,0,1,14288,238.133,414,6.9,756,12.6,21.45,0,0,0,0,0.01,0,0,0,207,151,9e-04,0.0018,0.0024,0.0032,0.0035,0.004,0.0049,0.0063,21.1,0.02,0
2025-12-20 13:49:06,0,0,30.06,0,1,12323,205.383,359,5.98333,693,11.55,29.56,0,0,0,0,0.01,0,0,0,164,106,0.0012,0.0024,0.0032,0.0044,0.0049,0.0055,0.0067,0.0087,27.83,0.02,0
2025-12-20 13:50:06,0,0,29.88,0,1,9764,162.733,298,4.96667,621,10.35,27.11,0,0,0,0,0.01,0,0,0,215,156,0.0011,0.0023,0.003,0.004,0.0045,0.005,0.006,0.0078,26.39,0.02,0
2025-12-20 13:51:06,0,0,29.5,0,1,5206,86.7667,103,1.71667,366,6.1,33.39,0,0,0,0,0.01,0,0,0,173,110,0.0014,0.0026,0.0035,0.0048,0.0057,0.0063,0.0074,0.0095,30.6,0.03,0
2025-12-20 13:52:06,0,0,29.81,0,1,4989,83.15,83,1.38333,438,7.3,17.35,0,0,0,0,0.01,0,0,0,199,135,8e-04,0.0015,0.002,0.0026,0.0029,0.0032,0.0038,0.0051,16.89,0.02,0
2025-12-20 13:53:06,0,0,29.88,0,1,5583,93.05,100,1.66667,545,9.08333,42.36,0,0,0,0,0.01,0,0,0,158,102,0.0017,0.0035,0.0047,0.0062,0.0071,0.0077,0.0092,0.0116,41.32,0.03,0
2025-12-20 13:54:06,0,0,30,0,1,5199,86.65,68,1.13333,549,9.15,32.92,0,0,0,0,0.01,0,0,0,158,104,0.0013,0.0027,0.0035,0.0048,0.0055,0.006,0.0072,0.0092,31.54,0.03,0
2025-12-20 13:55:06,0,0,30.06,0,8,7175,119.583,184,3.06667,529,8.81667,23.95,0,0,0,0,0.06,0,0,0,205,148,0.0022,0.0031,0.0033,0.0046,0.0048,0.0069,0.0088,0.0138,17.5,0.05,0
2025-12-20 13:56:06,0,0,31.19,0,8,8905,148.417,240,4,562,9.36667,63.27,0,0,0,0,0.06,0,0,0,179,132,0.0038,0.0067,0.0082,0.0104,0.0108,0.0122,0.0142,0.0186,67.83,0.06,0
2025-12-20 13:57:06,0,0,32.25,0,8,8779,146.317,257,4.28333,613,10.2167,33.85,0,0,0,0,0.02,0,0,0,172,108,0.0017,0.0031,0.004,0.0051,0.0058,0.0063,0.0073,0.0094,34.36,0.03,0
2025-12-20 13:58:06,0,0,32.88,0,1,8793,146.55,264,4.4,478,7.96667,31.15,0,0,0,0,0.07,0,0,0,154,105,0.0019,0.0027,0.003,0.0042,0.0063,0.0094,0.0114,0.0164,12.06,0.05,0
2025-12-20 13:59:06,0,0,32.81,0,1,7234,120.567,187,3.11667,425,7.08333,80.67,0,0,0,0,0.02,0,0,0,207,148,0.0033,0.0068,0.0088,0.0114,0.0134,0.0138,0.0156,0.0186,82.46,0.05,0
2025-12-20 14:00:06,0,0,32.38,0,32,1638,27.3,50,0.833333,87,1.45,22.16,0,0,0,0,0.01,0,0,0,143,110,0.001,0.0018,0.0024,0.0033,0.0038,0.0044,0.0054,0.0079,19.33,0.02,0
2025-12-20 14:01:06,0,0,31.94,0,8,4150,69.1667,113,1.88333,218,3.63333,22.71,0,0,0,0,0.01,0,0,0,199,146,9e-04,0.0018,0.0024,0.0034,0.0039,0.0043,0.0052,0.0069,20.52,0.02,0
2025-12-20 14:02:06,0,0,31.69,0,1,4615,76.9167,117,1.95,263,4.38333,21.86,0,0,0,0,0.01,0,0,0,193,123,9e-04,0.0018,0.0024,0.0034,0.0036,0.0041,0.0049,0.0065,21.18,0.02,0
2025-12-20 14:03:06,0,0,31.56,0,1,3606,60.1,64,1.06667,216,3.6,41.84,0,0,0,0,0.02,0,0,0,198,144,0.0017,0.0033,0.0044,0.006,0.0071,0.008,0.0098,0.0131,37.49,0.04,0
2025-12-20 14:04:06,0,0,31.31,0,1,4882,81.3667,104,1.73333,292,4.86667,28.95,0,0,0,0,0.01,0,0,0,204,151,0.0012,0.0023,0.0031,0.0043,0.0049,0.0056,0.007,0.0096,25.87,0.03,0
2025-12-20 14:05:06,0,0,31.38,0,8,7222,120.367,197,3.28333,514,8.56667,32.07,0,0,0,0,0.03,0,0,0,207,139,0.0018,0.0031,0.004,0.0052,0.0057,0.0067,0.008,0.0109,30.39,0.03,0
2025-12-20 14:06:06,0,0,33,0,1,7360,122.667,172,2.86667,547,9.11667,174.81,0,0,0,0,0.15,0,0,0,202,151,0.0095,0.0162,0.0202,0.0261,0.0308,0.0362,0.0429,0.0572,159.26,0.17,0
2025-12-20 14:07:06,0,0,34.25,0,1,8115,135.25,197,3.28333,470,7.83333,53.06,0,0,0,0,0.02,0,0,0,205,120,0.0024,0.0045,0.0061,0.008,0.0087,0.0094,0.0111,0.0141,54.76,0.04,0
2025-12-20 14:08:06,0,0,34.06,0,8,5633,93.8833,112,1.86667,375,6.25,68.78,0,0,0,0,0.02,0,0,0,212,157,0.0028,0.0053,0.0071,0.0097,0.0117,0.0128,0.0154,0.0197,62.53,0.05,0
2025-12-20 14:09:06,0,0,33.62,0,1,5617,93.6167,151,2.51667,308,5.13333,36.82,0,0,0,0,0.02,0,0,0,189,111,0.0016,0.003,0.0039,0.0055,0.0064,0.0073,0.0091,0.0127,32.01,0.03,0
2025-12-20 14:10:06,0,0,32.94,0,1,3784,63.0667,79,1.31667,262,4.36667,47.09,0,0,0,0,0.02,0,0,0,215,157,0.0019,0.0037,0.0049,0.0068,0.0081,0.0092,0.0113,0.0152,41.38,0.04,0
2025-12-20 14:11:06,0,0,32.81,0,4,2252,37.5333,30,0.5,184,3.06667,56.55,0,0,0,0,0.02,0,0,0,170,102,0.0022,0.0044,0.0059,0.0081,0.0095,0.0108,0.0131,0.0173,50.81,0.05,0
2025-12-20 14:12:06,0,0,32.38,0,4,4208,70.1333,84,1.4,309,5.15,38.9,0,0,0,0,0.01,0,0,0,192,132,0.0015,0.0031,0.0041,0.0056,0.0066,0.0074,0.0091,0.0121,34.7,0.03,0
2025-12-20 14:13:06,0,0,32.5,0,1,8291,138.183,244,4.06667,653,10.8833,47.92,0,0,0,0,0.02,0,0,0,157,104,0.0018,0.0036,0.0048,0.0067,0.0082,0.0091,0.0111,0.0144,41.46,0.04,0
2025-12-20 14:14:06,0,0,32.31,0,1,9359,155.983,304,5.06667,748,12.4667,43.9,0,0,0,0,0.01,0,0,0,160,104,0.0017,0.0034,0.0046,0.0064,0.0074,0.0081,0.0098,0.0126,40.68,0.03,0
2025-12-20 14:15:06,0,0,32.12,0,1,6068,101.133,144,2.4,441,7.35,42.19,0,0,0,0,0.01,0,0,0,157,108,0.0017,0.0034,0.0046,0.0062,0.007,0.0077,0.0091,0.0117,40.8,0.03,0
2025-12-20 14:16:06,0,0,32.06,0,1,3216,53.6,61,1.01667,249,4.15,45.48,0,0,0,0,0.02,0,0,0,186,126,0.0018,0.0037,0.0048,0.0066,0.0077,0.0085,0.0104,0.0137,42.07,0.04,0
2025-12-20 14:17:06,0,0,31.81,0,16,2473,41.2167,47,0.783333,194,3.23333,45.82,0,0,0,0,0.02,0,0,0,187,117,0.0018,0.0036,0.0048,0.0066,0.0077,0.0086,0.0105,0.0138,41.99,0.04,0
2025-12-20 14:18:06,0,0,31.75,0,4,3009,50.15,54,0.9,233,3.88333,44.21,0,0,0,0,0.01,0,0,0,170,113,0.0017,0.0036,0.0047,0.0064,0.0074,0.0082,0.01,0.0131,41.05,0.04,0
2025-12-20 14:19:06,0,0,31.62,0,1,2853,47.55,47,0.783333,210,3.5,38.79,0,0,0,0,0.01,0,0,0,229,179,0.0015,0.0031,0.0041,0.0057,0.0065,0.0073,0.009,0.0118,35.64,0.03,0
2025-12-20 14:20:06,0,0,31.81,0,1,3736,62.2667,50,0.833333,298,4.96667,33.07,0,0,0,0,0.01,0,0,0,180,139,0.0013,0.0026,0.0035,0.0048,0.0056,0.0063,0.0077,0.0103,29.64,0.03,0
2025-12-20 14:21:06,0,0,32,0,1,2886,48.1,33,0.55,219,3.65,38,0,0,0,0,0.01,0,0,0,184,131,0.0015,0.0031,0.0041,0.0056,0.0064,0.0071,0.0087,0.0116,35.47,0.03,0
2025-12-20 14:22:06,0,0,31.75,0,16,3913,65.2167,67,1.11667,326,5.43333,44.52,0,0,0,0,0.02,0,0,0,197,120,0.0018,0.0036,0.0048,0.0065,0.0075,0.0083,0.0101,0.0134,41.55,0.04,0
2025-12-20 14:23:06,0,0,31.75,0,1,2660,44.3333,42,0.7,214,3.56667,46.23,0,0,0,0,0.02,0,0,0,169,117,0.0019,0.0037,0.0049,0.0067,0.0078,0.0088,0.0108,0.0143,41.9,0.04,0
2025-12-20 14:24:06,0,0,31.94,0,4,3174,52.9,46,0.766667,261,4.35,44.19,0,0,0,0,0.02,0,0,0,170,128,0.0018,0.0035,0.0047,0.0064,0.0075,0.0084,0.0103,0.0135,40.27,0.04,0
2025-12-20 14:25:06,0,0,31.81,0,16,2252,37.5333,35,0.583333,193,3.21667,39.12,0,0,0,0,0.01,0,0,0,217,165,0.0016,0.0032,0.0042,0.0058,0.0066,0.0073,0.0089,0.0119,36.43,0.03,0
2025-12-20 14:26:06,0,0,31.69,0,4,2892,48.2,49,0.816667,205,3.41667,39.89,0,0,0,0,0.01,0,0,0,220,159,0.0016,0.0032,0.0042,0.0057,0.0068,0.0076,0.0093,0.0123,35.96,0.03,0
2025-12-20 14:27:06,0,0,32.06,0,16,3343,55.7167,52,0.866667,291,4.85,42.92,0,0,0,0,0.02,0,0,0,206,159,0.0017,0.0034,0.0045,0.0062,0.0073,0.0081,0.01,0.0134,38.85,0.04,0
2025-12-20 14:28:06,0,0,32,0,1,5970,99.5,119,1.98333,398,6.63333,35.62,0,0,0,0,0.01,0,0,0,177,103,0.0014,0.0028,0.0037,0.0051,0.0061,0.0069,0.0086,0.0115,31.47,0.03,0
2025-12-20 14:29:06,0,0,31.69,0,1,6137,102.283,158,2.63333,386,6.43333,45.91,0,0,0,0,0.02,0,0,0,163,107,0.0019,0.0037,0.005,0.0069,0.0076,0.0085,0.0105,0.0139,43.8,0.04,0
2025-12-20 14:30:06,0,0,31.56,0,1,5117,85.2833,108,1.8,395,6.58333,39.72,0,0,0,0,0.01,0,0,0,160,102,0.0016,0.0031,0.0041,0.0057,0.0068,0.0077,0.0096,0.0131,34.16,0.03,0
2025-12-20 14:31:06,0,0,31.38,0,1,6420,107,159,2.65,422,7.03333,47.47,0,0,0,0,0.01,0,0,0,216,172,0.002,0.0038,0.0051,0.007,0.0079,0.0088,0.0108,0.0142,45.19,0.04,0
2025-12-20 14:32:06,0,0,30.88,0,1,8166,136.1,227,3.78333,376,6.26667,104.55,0,0,0,0,0.03,0,0,0,220,158,0.0045,0.0085,0.0115,0.0153,0.0171,0.0184,0.0222,0.028,105.13,0.08,0
2025-12-20 14:33:06,0,0,30.81,0,1,3731,62.1833,113,1.88333,187,3.11667,10.95,0,0,0,0,0.01,0,0,0,198,108,5e-04,9e-04,0.0011,0.0016,0.002,0.0022,0.0028,0.0042,9.01,0.01,0
2025-12-20 14:34:06,0,0,30.5,0,1,1716,28.6,33,0.55,112,1.86667,8.92,0,0,0,0,0.01,0,0,0,180,105,4e-04,7e-04,0.001,0.0014,0.0016,0.0018,0.0023,0.0035,7.26,0.01,0
2025-12-20 14:35:06,0,0,30.38,0,1,73,1.21667,0,0,5,0.0833333,8.99,0,0,0,0,0.01,0,0,0,177,107,4e-04,7e-04,0.001,0.0014,0.0016,0.0019,0.0023,0.0035,7.17,0.01,0
2025-12-20 14:36:06,0,0,30.5,0,1,221,3.68333,0,0,11,0.183333,8.06,0,0,0,0,0.01,0,0,0,175,108,4e-04,7e-04,9e-04,0.0013,0.0015,0.0017,0.0021,0.0033,6.4,0.01,0
2025-12-20 14:37:06,0,0,30.69,0,1,274,4.56667,1,0.0166667,24,0.4,9.19,0,0,0,0,0.01,0,0,0,173,105,4e-04,8e-04,0.001,0.0014,0.0017,0.0019,0.0025,0.0037,7.3,0.01,0
2025-12-20 14:38:06,0,0,30.88,0,1,162,2.7,1,0.0166667,13,0.216667,10.07,0,0,0,0,0.01,0,0,0,165,104,5e-04,8e-04,0.0011,0.0016,0.0018,0.0021,0.0027,0.004,8.01,0.01,0
2025-12-20 14:39:06,0,0,30.88,0,1,693,11.55,4,0.0666667,51,0.85,9.78,0,0,0,0,0.01,0,0,0,182,112,5e-04,8e-04,0.0011,0.0016,0.0018,0.0021,0.0027,0.004,7.64,0.01,0
2025-12-20 14:40:06,0,0,30.69,0,1,683,11.3833,0,0,58,0.966667,10.62,0,0,0,0,0.01,0,0,0,172,107,5e-04,9e-04,0.0012,0.0017,0.002,0.0023,0.0029,0.0044,8.38,0.01,0
2025-12-20 14:41:06,0,0,30.62,0,1,501,8.35,0,0,36,0.6,10.42,0,0,0,0,0.01,0,0,0,177,109,5e-04,9e-04,0.0011,0.0017,0.0019,0.0022,0.0029,0.0044,8.21,0.01,0
2025-12-20 14:42:06,0,0,30.56,0,1,1549,25.8167,14,0.233333,107,1.78333,9.37,0,0,0,0,0.01,0,0,0,193,116,5e-04,8e-04,0.0011,0.0015,0.0017,0.002,0.0026,0.004,7.35,0.01,0
2025-12-20 14:43:06,0,0,30.5,0,1,553,9.21667,3,0.05,43,0.716667,18.31,0,0,0,0,0,0,0,0,198,110,2e-04,4e-04,5e-04,0.0014,0.0028,0.0047,0.0053,0.0033,6.27,0.01,0
2025-12-20 14:44:06,0,0,30.38,0,1,31,0.516667,0,0,2,0.0333333,16.06,0,0,0,0,0,0,0,0,184,105,2e-04,4e-04,4e-04,0.0012,0.0025,0.0042,0.0046,0.003,5.42,0.01,0
2025-12-20 14:45:06,0,0,30.44,0,1,732,12.2,24,0.4,35,0.583333,15.63,0,0,0,0,0,0,0,0,184,106,2e-04,4e-04,4e-04,0.0012,0.0024,0.004,0.0045,0.0029,5.41,0.01,0
2025-12-20 14:46:06,0,0,30.69,0,8,10339,172.317,335,5.58333,519,8.65,17.31,0,0,0,0,0,0,0,0,218,156,2e-04,4e-04,6e-04,0.0013,0.0027,0.0044,0.0049,0.0031,6.38,0.01,0
2025-12-20 14:47:06,0,0,30.5,0,1,1379,22.9833,7,0.116667,110,1.83333,3.95,0,0,0,0,0,0,0,0,182,111,2e-04,3e-04,4e-04,7e-04,7e-04,9e-04,0.0011,0.0019,2.75,0.01,0
2025-12-20 14:48:06,0,0,30.62,0,1,566,9.43333,2,0.0333333,48,0.8,7.67,0,0,0,0,0.01,0,0,0,195,143,4e-04,6e-04,8e-04,0.0012,0.0014,0.0016,0.0021,0.0033,5.94,0.01,0
2025-12-20 14:49:06,0,0,30.81,0,1,214,3.56667,0,0,15,0.25,6.79,0,0,0,0,0.01,0,0,0,194,140,3e-04,6e-04,7e-04,0.0011,0.0013,0.0015,0.0019,0.003,5.07,0.01,0
2025-12-20 14:50:06,0,0,31,0,1,369,6.15,0,0,25,0.416667,6.32,0,0,0,0,0,0,0,0,192,141,3e-04,5e-04,7e-04,0.001,0.0012,0.0014,0.0018,0.0028,4.72,0.01,0
2025-12-20 14:51:06,0,0,31.56,0,1,1368,22.8,39,0.65,91,1.51667,10.89,0,0,0,0,0.01,0,0,0,214,136,5e-04,9e-04,0.0012,0.0016,0.0019,0.0021,0.0026,0.0037,9.68,0.01,0
2025-12-20 14:52:06,0,0,31.88,0,1,232,3.86667,0,0,18,0.3,0.31,0,0,0,0,0,0,0,0,195,128,0,0,0,1e-04,1e-04,1e-04,1e-04,2e-04,0.09,0,0
2025-12-20 14:53:06,0,0,32.19,0,1,34,0.566667,0,0,1,0.0166667,0.39,0,0,0,0,0,0,0,0,189,112,0,0,0,1e-04,1e-04,1e-04,1e-04,2e-04,0.27,0,0
2025-12-20 14:54:06,0,0,32.38,0,1,18,0.3,0,0,2,0.0333333,0,0,0,0,0,0,0,0,0,188,110,0,0,0,0,0,0,0,0,0,0,0
2025-12-20 14:55:06,0,0,32.31,0,1,667,11.1167,15,0.25,41,0.683333,12.51,0,0,0,0,0,0,0,0,234,166,5e-04,0.001,0.0014,0.0019,0.0021,0.0022,0.0026,0.0033,12.64,0.01,0
2025-12-20 14:56:06,0,0,32.5,0,16,523,8.71667,11,0.183333,36,0.6,25.2,0,0,0,0,0.01,0,0,0,208,134,0.001,0.0021,0.0028,0.0037,0.0042,0.0044,0.0053,0.0069,25.07,0.02,0
2025-12-20 14:57:06,0,0,32.75,0,1,144,2.4,0,0,3,0.05,0.95,0,0,0,0,0,0,0,0,199,113,0,0,1e-04,2e-04,2e-04,2e-04,2e-04,5e-04,0.42,0,0
2025-12-20 14:58:06,0,0,32.62,0,1,5341,89.0167,175,2.91667,273,4.55,4.41,0,0,0,0,0,0,0,0,215,155,1e-04,2e-04,3e-04,6e-04,7e-04,0.001,0.0011,0.0011,2.6,0,0
2025-12-20 14:59:06,0,0,32.25,0,1,10561,176.017,349,5.81667,569,9.48333,8.85,0,0,0,0,0,0,0,0,167,109,4e-04,7e-04,0.001,0.0014,0.0015,0.0016,0.002,0.0029,8.32,0.01,0
2025-12-20 15:00:06,0,0,31.75,0,1,12002,200.033,412,6.86667,592,9.86667,15.47,0,0,0,0,0,0,0,0,228,159,2e-04,4e-04,6e-04,0.0014,0.0024,0.0037,0.0038,0.0024,6.98,0.01,0
2025-12-20 15:01:06,0,0,31.5,0,8,6447,107.45,167,2.78333,405,6.75,0.39,0,0,0,0,0,0,0,0,187,149,0,0,0,1e-04,1e-04,1e-04,1e-04,2e-04,0.08,0,0
2025-12-20 15:02:06,0,0,31.19,0,1,4316,71.9333,98,1.63333,251,4.18333,0,0,0,0,0,0,0,0,0,161,132,0,0,0,0,0,0,0,0,0,0,0
2025-12-20 15:03:06,0,0,31.06,0,32,2576,42.9333,64,1.06667,167,2.78333,0,0,0,0,0,0,0,0,0,202,159,0,0,0,0,0,0,0,0,0,0,0
2025-12-20 15:04:06,0,0,31.12,0,1,9500,158.333,316,5.26667,462,7.7,0,0,0,0,0,0.02,0,0,0,239,179,5e-04,7e-04,5e-04,7e-04,5e-04,8e-04,6e-04,6e-04,0,0.01,0
2025-12-20 15:05:06,0,0,30.94,0,1,5917,98.6167,156,2.6,298,4.96667,0,0,0,0,0,0.03,0,0,0,198,153,7e-04,9e-04,7e-04,0.001,7e-04,0.0011,9e-04,8e-04,0,0.02,0
2025-12-20 15:06:06,0,0,30.94,0,1,5680,94.6667,186,3.1,280,4.66667,0,0,0,0,0,0.02,0,0,0,196,141,4e-04,5e-04,4e-04,5e-04,3e-04,5e-04,4e-04,4e-04,0,0.01,0
2025-12-20 15:07:06,0,0,30.5,0,8,8828,147.133,308,5.13333,452,7.53333,5.29,0,0,0,0,0.07,0,0,0,218,165,0.002,0.0026,0.0024,0.0031,0.0024,0.0035,0.0034,0.0044,4.09,0.04,0
2025-12-20 15:08:06,0,0,30.69,0,16,5580,93,188,3.13333,333,5.55,30.64,0,0,0,0,0.01,0,0,0,194,113,0.0014,0.0027,0.0037,0.0048,0.0049,0.005,0.0059,0.0072,34.62,0.02,0
2025-12-20 15:09:06,0,0,30.75,0,32,2183,36.3833,11,0.183333,197,3.28333,10.8,0,0,0,0,0.01,0,0,0,208,145,0.001,0.0017,0.0019,0.0022,0.002,0.0021,0.0022,0.0032,14.38,0.02,0
2025-12-20 15:10:06,0,0,30.38,0,32,3207,53.45,36,0.6,269,4.48333,20.65,0,0,0,0,0.02,0,0,0,222,161,0.0015,0.0027,0.0032,0.0039,0.0037,0.0038,0.0041,0.0059,25.71,0.02,0
2025-12-20 15:11:06,0,0,30.19,0,32,2837,47.2833,10,0.166667,287,4.78333,1.41,0,0,0,0,0,0,0,0,232,170,1e-04,1e-04,1e-04,2e-04,3e-04,3e-04,3e-04,4e-04,1.14,0,0
2025-12-20 15:12:06,0,0,30,0,1,3924,65.4,55,0.916667,328,5.46667,132.5,0,0,0,0,0.02,0,0,0,198,128,0.0052,0.0102,0.0146,0.0193,0.0214,0.0216,0.0254,0.0303,138.41,0.08,0
2025-12-20 15:13:06,0,0,30.31,0,16,3658,60.9667,56,0.933333,297,4.95,820.26,0,0,0,0,0.1,0,0,0,202,149,0.0342,0.0695,0.0975,0.1243,0.1292,0.1268,0.1456,0.1692,943.12,0.47,0
2025-12-20 15:14:06,0,0,30.62,0,16,4090,68.1667,62,1.03333,417,6.95,774.63,0,0,0,0,0.11,0,0,0,183,145,0.0313,0.0624,0.0879,0.1134,0.1238,0.124,0.1472,0.176,839.78,0.46,0
2025-12-20 15:15:06,0,0,30.81,0,32,2270,37.8333,44,0.733333,133,2.21667,291.15,0,0,0,0,0.03,0,0,0,144,102,0.0115,0.0232,0.0337,0.0442,0.0459,0.0451,0.0519,0.0598,325.8,0.17,0
2025-12-20 15:16:06,0,0,31.19,0,1,506,8.43333,0,0,17,0.283333,0,0,0,0,0,0,0,0,0,141,101,0,0,0,0,0,0,0,0,0,0,0
2025-12-20 15:17:06,0,0,31.38,0,1,2229,37.15,28,0.466667,192,3.2,0,0,0,0,0,0,0,0,0,206,147,0,0,0,0,0,0,0,1e-04,0,0,0
2025-12-20 15:18:06,0,0,31.5,0,16,5033,83.8833,93,1.55,497,8.28333,14.46,0,0,0,0,0,0,0,0,170,115,8e-04,0.0016,0.002,0.0023,0.0024,0.0022,0.0025,0.0031,18.68,0.01,0
2025-12-20 15:19:06,0,0,31.88,0,1,4265,71.0833,81,1.35,375,6.25,6.56,0,0,0,0,0,0,0,0,184,146,3e-04,5e-04,7e-04,9e-04,0.0011,0.001,0.0011,0.0012,7.1,0,0
2025-12-20 15:20:06,0,0,31.81,0,1,5349,89.15,112,1.86667,482,8.03333,30.79,0,0,0,0,0,0,0,0,196,151,7e-04,0.0014,0.002,0.0023,0.0061,0.0056,0.006,0.0069,16.74,0.02,0
2025-12-20 15:21:06,0,0,31.69,0,1,2706,45.1,5,0.0833333,352,5.86667,8.01,0,0,0,0,0,0,0,0,197,151,6e-04,0.0011,0.0014,0.0015,0.0013,0.001,0.001,0.0012,13.09,0.01,0
2025-12-20 15:22:06,0,0,31.94,0,1,2828,47.1333,13,0.216667,277,4.61667,5.54,0,0,0,0,0,0,0,0,165,124,4e-04,7e-04,0.001,0.0011,8e-04,7e-04,7e-04,8e-04,9.1,0,0
2025-12-20 15:23:06,0,0,32.12,0,1,599,9.98333,3,0.05,59,0.983333,17.57,0,0,0,0,0,0,0,0,205,165,7e-04,0.0015,0.0021,0.0025,0.0029,0.0027,0.003,0.0035,19.35,0.01,0
2025-12-20 15:24:06,0,0,32.25,0,32,1855,30.9167,0,0,204,3.4,3.49,0,0,0,0,0,0,0,0,184,128,1e-04,2e-04,4e-04,5e-04,6e-04,5e-04,6e-04,7e-04,3.48,0,0
2025-12-20 15:25:06,0,0,32.31,0,32,706,11.7667,0,0,42,0.7,0,0,0,0,0,0,0,0,0,175,119,0,0,0,0,0,0,0,0,0,0,0
2025-12-20 15:26:06,0,0,32.38,0,32,1328,22.1333,3,0.05,122,2.03333,0.51,0,0,0,0,0,0,0,0,176,128,0,1e-04,1e-04,1e-04,1e-04,1e-04,1e-04,1e-04,0.74,0,0
2025-12-20 15:27:06,0,0,32.56,0,32,848,14.1333,1,0.0166667,56,0.933333,0,0,0,0,0,0,0,0,0,142,103,0,0,0,0,0,0,0,0,0,0,0
2025-12-20 15:28:06,0,0,32.69,0,32,241,4.01667,0,0,4,0.0666667,0,0,0,0,0,0,0,0,0,141,102,0,0,0,0,0,0,0,0,0,0,0
2025-12-20 15:29:06,0,0,32.94,0,32,1410,23.5,1,0.0166667,146,2.43333,0,0,0,0,0,0,0,0,0,140,102,0,0,0,0,0,0,0,0,0,0,0
2025-12-20 15:30:06,0,0,33.12,0,32,1000,16.6667,1,0.0166667,82,1.36667,0,0,0,0,0,0,0,0,0,140,101,0,0,0,0,0,0,0,0,0,0,0
2025-12-20 15:31:06,0,0,33.31,0,32,965,16.0833,9,0.15,61,1.01667,0,0,0,0,0,0,0,0,0,140,102,0,0,0,0,0,0,0,0,0,0,0
2025-12-20 15:32:06,0,0,33.38,0,1,2982,49.7,38,0.633333,349,5.81667,3.02,0,0,0,0,0,0,0,0,145,102,0,1e-04,1e-04,3e-04,5e-04,6e-04,6e-04,4e-04,1.6,0,0
2025-12-20 15:33:06,0,0,33.25,0,1,1864,31.0667,35,0.583333,131,2.18333,3.34,0,0,0,0,0,0,0,0,150,105,0,2e-04,2e-04,3e-04,6e-04,6e-04,5e-04,2e-04,2.08,0,0
2025-12-20 15:34:06,0,0,33.12,0,1,6922,115.367,187,3.11667,377,6.28333,3.04,0,0,0,0,0.01,0,0,0,149,106,2e-04,3e-04,3e-04,5e-04,6e-04,8e-04,0.001,0.0012,1.4,0,0
2025-12-20 15:35:06,0,0,32.56,0,32,10607,176.783,339,5.65,511,8.51667,49.77,0,0,0,0,0,0,0,0,215,176,0.0013,0.0031,0.004,0.006,0.0079,0.0096,0.0101,0.0086,41.35,0.02,0
2025-12-20 15:36:06,0,0,32.25,0,32,1228,20.4667,10,0.166667,76,1.26667,61.08,0,0,0,0,0,0,0,0,213,176,0.0014,0.0033,0.0042,0.0066,0.0096,0.0127,0.0135,0.0099,44.18,0.03,0
2025-12-20 15:37:06,0,0,32.06,0,32,4648,77.4667,93,1.55,269,4.48333,42.65,0,0,0,0,0,0,0,0,223,181,7e-04,0.0022,0.0024,0.0045,0.0068,0.009,0.0095,0.0066,27.74,0.02,0
2025-12-20 15:38:06,0,0,31.81,0,32,7849,130.817,166,2.76667,467,7.78333,58.32,0,0,0,0,0,0,0,0,229,179,7e-04,0.0021,0.0023,0.0052,0.0089,0.0138,0.0171,0.0108,27.32,0.03,0
2025-12-20 15:39:06,0,0,31.75,0,1,6320,105.333,167,2.78333,312,5.2,78.19,0,0,0,0,0,0,0,0,220,153,0.0011,0.0029,0.004,0.0071,0.012,0.0178,0.0246,0.0217,40.12,0.04,0
2025-12-20 15:40:06,0,0,31.69,0,8,7929,132.15,214,3.56667,377,6.28333,176.9,0,0,0,0,0.01,0,0,0,209,155,0.0023,0.0062,0.0087,0.0152,0.0275,0.0402,0.0547,0.0469,87.2,0.08,0
2025-12-20 15:41:06,0,0,31.38,0,1,6912,115.2,178,2.96667,359,5.98333,84.01,0,0,0,0,0,0,0,0,219,158,0.0012,0.0032,0.0045,0.0078,0.0128,0.019,0.0258,0.0222,44.86,0.04,0
2025-12-20 15:42:06,0,0,31.38,0,1,1260,21,16,0.266667,80,1.33333,35.95,0,0,0,0,0,0,0,0,179,111,5e-04,0.0013,0.0018,0.0032,0.0055,0.0084,0.0117,0.0106,17.63,0.02,0
2025-12-20 15:43:06,0,0,31.31,0,32,699,11.65,22,0.366667,38,0.633333,60.17,0,0,0,0,0,0,0,0,171,152,9e-04,0.0022,0.0031,0.0055,0.0092,0.0137,0.019,0.0166,31.21,0.03,0
2025-12-20 15:44:06,0,0,31.31,0,32,36,0.6,0,0,1,0.0166667,7.42,0,0,0,0,0,0,0,0,171,157,1e-04,2e-04,3e-04,7e-04,0.0011,0.0018,0.0026,0.0026,2.89,0,0
2025-12-20 15:45:06,0,0,31.06,0,32,6784,113.067,128,2.13333,418,6.96667,36.81,0,0,0,0,0,0,0,0,185,166,5e-04,0.0012,0.0015,0.0029,0.0056,0.0092,0.011,0.0077,15.85,0.02,0
2025-12-20 15:46:06,0,0,31.12,0,1,5045,84.0833,84,1.4,335,5.58333,96.2,0,0,0,0,0,0,0,0,175,165,0.0012,0.0034,0.0038,0.0079,0.0142,0.0248,0.0281,0.0175,42.9,0.04,0
2025-12-20 15:47:06,0,0,31.38,0,1,3687,61.45,83,1.38333,192,3.2,108.19,0,0,0,0,0,0,0,0,154,105,0.0014,0.0038,0.0044,0.0088,0.0159,0.028,0.0317,0.0193,48.75,0.05,0
2025-12-20 15:48:06,0,0,31,0,1,6359,105.983,156,2.6,316,5.26667,45.35,0,0,0,0,0,0,0,0,185,169,6e-04,0.0016,0.0018,0.0036,0.0068,0.0116,0.0133,0.0083,19.99,0.02,0
2025-12-20 15:49:06,0,0,30.81,0,32,6850,114.167,156,2.6,386,6.43333,106.65,0,0,0,0,0,0,0,0,171,160,0.0013,0.0063,0.0047,0.0104,0.0177,0.0219,0.0205,0.0119,65.64,0.04,0
2025-12-20 15:50:06,0,0,30.88,0,1,7857,130.95,154,2.56667,478,7.96667,251.2,0,0,0,0,0.01,0,0,0,148,153,0.0034,0.018,0.013,0.028,0.0408,0.0479,0.0444,0.026,184.91,0.09,0
2025-12-20 15:51:06,0,0,31.06,0,8,7474,124.567,159,2.65,375,6.25,80.71,0,0,0,0,0,0,0,0,150,100,0.001,0.0054,0.0038,0.0085,0.0135,0.0155,0.0138,0.0079,55.26,0.03,0
2025-12-20 15:52:06,0,0,30.62,0,32,6307,105.117,84,1.4,451,7.51667,322.88,0,0,0,0,0.01,0,0,0,150,106,0.0043,0.0227,0.016,0.0356,0.053,0.0614,0.0554,0.0318,232.3,0.12,0
2025-12-20 15:53:06,0,0,30.31,0,1,7672,127.867,134,2.23333,477,7.95,172.03,0,0,0,0,0,0,0,0,151,161,0.0023,0.0113,0.0084,0.0187,0.0278,0.0337,0.0328,0.0204,118.91,0.06,0
2025-12-20 15:54:06,0,0,30.62,0,1,3870,64.5,75,1.25,250,4.16667,39.36,0,0,0,0,0,0,0,0,145,107,5e-04,0.0027,0.002,0.0044,0.0064,0.0075,0.007,0.0041,28.54,0.01,0
2025-12-20 15:55:06,0,0,30.88,0,1,3178,52.9667,60,1,224,3.73333,158.99,0,0,0,0,0,0,0,0,172,100,0.0022,0.0116,0.0082,0.0178,0.0258,0.0304,0.0284,0.0163,117.46,0.06,0
2025-12-20 15:56:06,0,0,31.06,0,1,1545,25.75,9,0.15,131,2.18333,152.7,0,0,0,0,0,0,0,0,168,102,0.0021,0.0108,0.0078,0.0168,0.0245,0.0298,0.0289,0.0167,110.2,0.06,0
2025-12-20 15:57:06,0,0,31.12,0,1,5353,89.2167,155,2.58333,384,6.4,207.64,0,0,0,0,0,0,0,0,145,99,0.0027,0.0131,0.0098,0.0217,0.0333,0.042,0.043,0.0242,137.24,0.08,0
2025-12-20 15:58:06,0,0,31.25,0,32,2399,39.9833,34,0.566667,180,3,210.19,0,0,0,0,0,0,0,0,137,104,0.0029,0.0159,0.0123,0.0225,0.0329,0.0417,0.0475,0.0229,158.39,0.08,0
2025-12-20 15:59:06,0,0,31.12,0,32,3264,54.4,42,0.7,222,3.7,226.31,0,0,0,0,0,0,0,0,136,104,0.0031,0.0175,0.0133,0.025,0.0358,0.0436,0.0468,0.0232,175.3,0.09,0
2025-12-20 16:00:06,0,0,30.88,0,32,3714,61.9,47,0.783333,256,4.26667,151.51,0,0,0,0,0,0,0,0,136,102,0.0021,0.0113,0.0081,0.0177,0.0241,0.029,0.0269,0.016,115.88,0.06,0
2025-12-20 16:01:06,0,0,30.81,0,1,5984,99.7333,172,2.86667,369,6.15,385.93,0,0,0,0,0.01,0,0,0,136,99,0.0052,0.0292,0.0202,0.043,0.0632,0.0727,0.0651,0.0375,290.71,0.14,0
2025-12-20 16:02:06,0,0,30.75,0,1,8590,143.167,254,4.23333,532,8.86667,255.72,0,0,0,0,0.01,0,0,0,146,100,0.0034,0.0161,0.0127,0.0268,0.0408,0.0523,0.0515,0.0292,172.09,0.1,0
2025-12-20 16:03:06,0,0,30.5,0,8,1190,19.8333,16,0.266667,74,1.23333,168.08,0,0,0,0,0.01,0,0,0,140,99,0.0025,0.0076,0.0074,0.0154,0.026,0.0398,0.0437,0.0249,88.23,0.07,0
2025-12-20 16:04:06,0,0,30.56,0,8,18,0.3,0,0,0,0,177,0,0,0,0,0.01,0,0,0,137,98,0.0026,0.008,0.0079,0.0164,0.0273,0.0418,0.0459,0.0259,94.19,0.08,0
2025-12-20 16:05:06,0,0,31.12,0,8,1542,25.7,30,0.5,106,1.76667,168.18,0,0,0,0,0.01,0,0,0,135,99,0.0025,0.0076,0.0074,0.0154,0.026,0.0398,0.0435,0.0246,88.57,0.07,0
2025-12-20 16:06:06,0,0,30.88,0,8,511,8.51667,5,0.0833333,46,0.766667,186.89,0,0,0,0,0.01,0,0,0,135,98,0.0028,0.0086,0.0084,0.0174,0.0288,0.0441,0.0484,0.0276,99.98,0.08,0
2025-12-20 16:07:06,0,0,30.88,0,8,37,0.616667,0,0,4,0.0666667,197.67,0,0,0,0,0.01,0,0,0,135,99,0.003,0.0091,0.009,0.0185,0.0304,0.0468,0.0516,0.0295,105.92,0.09,0
2025-12-20 16:08:06,0,0,31,0,8,3219,53.65,57,0.95,213,3.55,147.89,0,0,0,0,0.01,0,0,0,135,98,0.0021,0.0065,0.0066,0.014,0.0228,0.0342,0.0369,0.0207,80.01,0.06,0
2025-12-20 16:09:06,0,0,30.62,0,16,5600,93.3333,104,1.73333,381,6.35,198.52,0,0,0,0,0.01,0,0,0,135,102,0.0027,0.008,0.0096,0.0181,0.0306,0.0464,0.0487,0.0286,108.13,0.08,0
2025-12-20 16:10:06,0,0,30.62,0,16,4053,67.55,93,1.55,280,4.66667,104.29,0,0,0,0,0,0,0,0,136,107,0.0015,0.0042,0.0052,0.0099,0.016,0.024,0.0251,0.0149,58.83,0.04,0
2025-12-20 16:11:06,0,0,29.75,0,8,9220,153.667,331,5.51667,348,5.8,34.75,0,0,0,0,0,0,0,0,136,99,4e-04,0.0017,0.0016,0.0035,0.0055,0.0074,0.0075,0.0037,20.37,0.01,0
2025-12-20 16:12:06,0,0,29.12,0,1,6569,109.483,162,2.7,415,6.91667,26.03,0,0,0,0,0.04,0,0,0,136,99,0.0018,0.0028,0.0027,0.0044,0.0049,0.0069,0.0084,0.011,17.62,0.04,0
2025-12-20 16:13:06,0,0,28.38,0,1,5507,91.7833,166,2.76667,374,6.23333,11.02,0,0,0,0,0.02,0,0,0,134,98,8e-04,0.001,0.001,0.0016,0.0023,0.0034,0.0044,0.0068,3.79,0.02,0
2025-12-20 16:14:06,0,0,28.38,0,1,5293,88.2167,126,2.1,301,5.01667,22.31,0,0,0,0,0,0,0,0,137,106,2e-04,0.0012,0.001,0.0023,0.0037,0.0045,0.0041,0.0021,13.75,0.01,0
2025-12-20 16:15:06,0,0,28.62,0,1,8463,141.05,229,3.81667,574,9.56667,14.58,0,0,0,0,0,0,0,0,142,100,3e-04,0.001,0.0012,0.0019,0.0023,0.0026,0.0025,0.0019,13.03,0.01,0
2025-12-20 16:16:06,0,0,28.69,0,1,2875,47.9167,22,0.366667,295,4.91667,2.71,0,0,0,0,0,0,0,0,148,100,1e-04,3e-04,4e-04,4e-04,4e-04,5e-04,6e-04,7e-04,3.57,0,0
2025-12-20 16:17:06,0,0,28.75,0,1,2584,43.0667,16,0.266667,229,3.81667,2.09,0,0,0,0,0,0,0,0,150,100,1e-04,2e-04,3e-04,4e-04,3e-04,4e-04,5e-04,5e-04,2.58,0,0
2025-12-20 16:18:06,0,0,28.88,0,1,1234,20.5667,8,0.133333,91,1.51667,1.78,0,0,0,0,0,0,0,0,151,100,1e-04,2e-04,3e-04,3e-04,3e-04,3e-04,4e-04,4e-04,2.18,0,0
2025-12-20 16:19:06,0,0,29.06,0,1,2508,41.8,27,0.45,220,3.66667,2.57,0,0,0,0,0,0,0,0,154,101,1e-04,2e-04,2e-04,3e-04,5e-04,5e-04,5e-04,4e-04,1.95,0,0
2025-12-20 16:20:06,0,0,29.25,0,1,1637,27.2833,15,0.25,142,2.36667,3.16,0,0,0,0,0,0,0,0,155,100,1e-04,2e-04,3e-04,4e-04,5e-04,6e-04,7e-04,5e-04,2.73,0,0
2025-12-20 16:21:06,0,0,29.31,0,1,3835,63.9167,74,1.23333,357,5.95,2.11,0,0,0,0,0,0,0,0,154,103,1e-04,1e-04,2e-04,2e-04,3e-04,5e-04,6e-04,4e-04,1.51,0,0
2025-12-20 16:22:06,0,0,29.5,0,16,1829,30.4833,16,0.266667,246,4.1,1.56,0,0,0,0,0,0,0,0,151,100,0,1e-04,2e-04,3e-04,2e-04,3e-04,3e-04,3e-04,1.72,0,0
2025-12-20 16:23:06,0,0,29.62,0,1,2615,43.5833,28,0.466667,263,4.38333,3.09,0,0,0,0,0,0,0,0,152,100,1e-04,2e-04,2e-04,3e-04,5e-04,8e-04,6e-04,4e-04,1.9,0,0
2025-12-20 16:24:06,0,0,29.88,0,1,2274,37.9,22,0.366667,198,3.3,9.27,0,0,0,0,0,0,0,0,163,102,1e-04,2e-04,3e-04,3e-04,0.0015,0.0032,0.0016,8e-04,2.05,0,0
2025-12-20 16:25:06,0,0,30,0,1,3093,51.55,43,0.716667,281,4.68333,1.64,0,0,0,0,0,0,0,0,152,102,0,0,1e-04,2e-04,3e-04,4e-04,3e-04,2e-04,0.73,0,0
2025-12-20 16:26:06,0,0,30.19,0,16,2710,45.1667,10,0.166667,302,5.03333,2.73,0,0,0,0,0,0,0,0,155,101,0,1e-04,1e-04,3e-04,5e-04,6e-04,6e-04,3e-04,1.2,0,0
2025-12-20 16:27:06,0,0,30.31,0,16,130,2.16667,0,0,1,0.0166667,1.12,0,0,0,0,0,0,0,0,147,100,0,0,0,1e-04,1e-04,4e-04,5e-04,1e-04,0.23,0,0
2025-12-20 16:28:06,0,0,30.5,0,1,3511,58.5167,54,0.9,283,4.71667,0.94,0,0,0,0,0,0,0,0,150,100,0,0,0,1e-04,1e-04,3e-04,3e-04,1e-04,0.34,0,0
2025-12-20 16:29:06,0,0,30.69,0,1,1628,27.1333,7,0.116667,139,2.31667,0.07,0,0,0,0,0,0,0,0,149,101,0,0,0,0,0,0,0,0,0,0,0
2025-12-20 16:30:06,0,0,30.81,0,1,1660,27.6667,14,0.233333,130,2.16667,0.1,0,0,0,0,0,0,0,0,150,101,0,0,0,0,0,0,0,0,0,0,0
2025-12-20 16:31:06,0,0,30.88,0,1,2013,33.55,22,0.366667,198,3.3,0.22,0,0,0,0,0,0,0,0,148,100,0,0,0,0,0,2e-04,2e-04,0,0,0,0
2025-12-20 16:32:06,0,0,30.94,0,1,2282,38.0333,29,0.483333,165,2.75,0.07,0,0,0,0,0,0,0,0,150,101,0,0,0,0,0,0,0,0,0.04,0,0
2025-12-20 16:33:06,0,0,31,0,1,4754,79.2333,93,1.55,427,7.11667,0.06,0,0,0,0,0,0,0,0,151,119,0,0,0,0,0,0,0,0,0.03,0,0
2025-12-20 16:34:06,0,0,31.19,0,1,3356,55.9333,80,1.33333,204,3.4,0,0,0,0,0,0,0,0,0,153,100,0,0,0,0,0,0,0,0,0,0,0
2025-12-20 16:35:06,0,0,31.25,0,1,2766,46.1,25,0.416667,241,4.01667,0,0,0,0,0,0,0,0,0,161,103,0,0,0,0,0,0,0,0,0,0,0
2025-12-20 16:36:06,0,0,31.38,0,1,3531,58.85,41,0.683333,339,5.65,2.19,0,0,0,0,0,0,0,0,153,101,0,1e-04,1e-04,2e-04,3e-04,5e-04,5e-04,2e-04,1.07,0,0
2025-12-20 16:37:06,0,0,31.44,0,1,7370,122.833,193,3.21667,441,7.35,7.62,0,0,0,0,0.02,0,0,0,156,101,7e-04,9e-04,9e-04,0.0013,0.0016,0.0025,0.0032,0.0049,3.4,0.02,0
2025-12-20 16:38:06,0,0,31.44,0,8,8292,138.2,304,5.06667,313,5.21667,0,0,0,0,0,0,0,0,0,165,104,0,0,0,0,0,0,0,0,0,0,0
2025-12-20 16:39:06,0,0,31.44,0,1,5291,88.1833,112,1.86667,339,5.65,0,0,0,0,0,0,0,0,0,156,107,0,0,0,0,0,0,0,0,0,0,0
2025-12-20 16:40:06,0,0,31.5,0,8,11721,195.35,458,7.63333,450,7.5,0,0,0,0,0,0,0,0,0,153,107,0,0,0,0,0,0,0,0,0,0,0
2025-12-20 16:41:06,0,0,30.75,0,8,15474,257.9,629,10.4833,538,8.96667,65.58,0,0,0,0,0,0,0,0,223,167,8e-04,0.0036,0.0034,0.0067,0.0102,0.0143,0.0133,0.0071,42.14,0.03,0
2025-12-20 16:42:06,0,0,30,0,32,4769,79.4833,91,1.51667,318,5.3,234.95,0,0,0,0,0.01,0,0,0,172,150,0.0028,0.0084,0.0089,0.0201,0.0367,0.0561,0.0589,0.034,109.79,0.09,0
2025-12-20 16:43:06,0,0,29.25,0,32,5237,87.2833,106,1.76667,304,5.06667,192.57,0,0,0,0,0,0,0,0,168,133,0.0022,0.0094,0.0095,0.0184,0.0305,0.0425,0.0414,0.023,114.95,0.07,0
2025-12-20 16:44:06,0,0,29.19,0,1,9760,162.667,322,5.36667,570,9.5,121.32,0,0,0,0,0,0,0,0,175,114,0.0015,0.0064,0.0062,0.0119,0.0193,0.0261,0.0247,0.0135,76.09,0.05,0
2025-12-20 16:45:06,0,0,28.81,0,8,8038,133.967,173,2.88333,451,7.51667,0,0,0,0,0,0,0,0,0,196,132,0,0,0,0,0,0,0,0,0,0,0
2025-12-20 16:46:06,0,0,29.56,0,1,11518,191.967,406,6.76667,603,10.05,18.34,0,0,0,0,0,0,0,0,210,158,2e-04,7e-04,5e-04,0.0013,0.003,0.0045,0.0039,0.0019,7.27,0.01,0
2025-12-20 16:47:06,0,0,29.69,0,1,2001,33.35,9,0.15,172,2.86667,5.78,0,0,0,0,0,0,0,0,148,106,1e-04,2e-04,1e-04,4e-04,0.001,0.0014,0.0011,5e-04,2.09,0,0
2025-12-20 16:48:06,0,0,29.69,0,1,3254,54.2333,9,0.15,340,5.66667,4.12,0,0,0,0,0,0,0,0,147,104,0,0,1e-04,1e-04,6e-04,0.0018,7e-04,3e-04,0.37,0,0
2025-12-20 16:49:06,0,0,29.62,0,1,1818,30.3,10,0.166667,143,2.38333,1.13,0,0,0,0,0,0,0,0,147,103,0,0,0,0,2e-04,5e-04,2e-04,1e-04,0,0,0
2025-12-20 16:50:06,0,0,29.62,0,1,2606,43.4333,56,0.933333,175,2.91667,2.65,0,0,0,0,0,0,0,0,147,103,0,0,0,1e-04,4e-04,9e-04,6e-04,2e-04,0,0,0
2025-12-20 16:51:06,0,0,29.81,0,16,1146,19.1,16,0.266667,100,1.66667,0,0,0,0,0,0,0,0,0,154,107,0,0,0,0,0,0,0,0,0,0,0
2025-12-20 16:52:06,0,0,30.25,0,16,1825,30.4167,36,0.6,123,2.05,0,0,0,0,0,0.01,0,0,0,148,105,1e-04,1e-04,1e-04,1e-04,1e-04,1e-04,1e-04,1e-04,0,0,0
2025-12-20 16:53:06,0,0,30.69,0,1,554,9.23333,3,0.05,37,0.616667,0,0,0,0,0,0,0,0,0,200,152,0,0,0,0,0,0,0,0,0,0,0
2025-12-20 16:54:06,0,0,31,0,1,82,1.36667,0,0,5,0.0833333,0,0,0,0,0,0,0,0,0,192,144,0,0,0,0,0,0,0,0,0,0,0
2025-12-20 16:55:06,0,0,31.69,0,1,0,0,0,0,0,0,0,0,0,0,0,0,0,0,0,167,120,0,0,0,0,0,0,0,0,0,0,0
2025-12-20 16:56:06,0,0,32.12,0,1,0,0,0,0,0,0,0,0,0,0,0,0,0,0,0,155,110,0,0,0,0,0,0,0,0,0,0,0
2025-12-20 16:57:06,0,0,32.38,0,1,3986,66.4333,98,1.63333,257,4.28333,0,0,0,0,0,0,0,0,0,141,102,0,0,0,0,0,0,0,0,0,0,0
2025-12-20 16:58:06,0,0,32.38,0,1,4789,79.8167,82,1.36667,292,4.86667,0,0,0,0,0,0,0,0,0,140,102,0,0,0,0,0,0,0,0,0,0,0
2025-12-20 16:59:06,0,0,32.25,0,1,4338,72.3,67,1.11667,286,4.76667,0,0,0,0,0,0,0,0,0,148,102,0,0,0,0,0,0,0,0,0,0,0
2025-12-20 17:00:06,0,0,32.06,0,8,8738,145.633,246,4.1,472,7.86667,8.61,0,0,0,0,0,0,0,0,216,155,1e-04,3e-04,3e-04,7e-04,0.0014,0.002,0.0022,0.0014,3.9,0,0
2025-12-20 17:01:06,0,0,32,0,1,10997,183.283,350,5.83333,597,9.95,33.64,0,0,0,0,0,0,0,0,170,119,4e-04,0.001,0.0012,0.0029,0.0053,0.008,0.0087,0.0055,14.58,0.01,0
2025-12-20 17:02:06,0,0,31.75,0,1,6018,100.3,146,2.43333,466,7.76667,9.77,0,0,0,0,0,0,0,0,206,153,1e-04,2e-04,3e-04,9e-04,0.0015,0.0022,0.0034,0.0024,3.35,0,0
2025-12-20 17:03:06,0,0,31.69,0,1,8332,138.867,231,3.85,573,9.55,9.6,0,0,0,0,0,0,0,0,147,102,1e-04,2e-04,3e-04,8e-04,0.0015,0.0022,0.0034,0.0024,3.23,0,0
2025-12-20 17:04:06,0,0,31.38,0,1,8175,136.25,181,3.01667,499,8.31667,7.8,0,0,0,0,0,0,0,0,179,128,1e-04,2e-04,2e-04,6e-04,0.0012,0.002,0.0022,0.0014,2.37,0,0
2025-12-20 17:05:06,0,0,31.31,0,1,6874,114.567,170,2.83333,352,5.86667,7.39,0,0,0,0,0,0,0,0,149,102,1e-04,1e-04,2e-04,5e-04,0.0012,0.0019,0.0021,0.0013,2.06,0,0
2025-12-20 17:06:06,0,0,30.88,0,1,4273,71.2167,95,1.58333,306,5.1,4.13,0,0,0,0,0,0,0,0,174,116,0,0,1e-04,3e-04,7e-04,0.0011,0.0012,8e-04,0.84,0,0
2025-12-20 17:07:06,0,0,30.81,0,1,5754,95.9,164,2.73333,319,5.31667,4.84,0,0,0,0,0,0,0,0,154,106,0,1e-04,1e-04,3e-04,8e-04,0.0013,0.0014,9e-04,1,0,0
2025-12-20 17:08:06,0,0,30.56,0,1,6604,110.067,172,2.86667,510,8.5,0.9,0,0,0,0,0,0,0,0,160,104,0,0,0,1e-04,2e-04,3e-04,3e-04,2e-04,0.01,0,0
2025-12-20 17:09:06,0,0,30.44,0,4,7622,127.033,206,3.43333,473,7.88333,18.47,0,0,0,0,0,0,0,0,154,100,2e-04,7e-04,7e-04,0.0016,0.0029,0.0043,0.0046,0.003,9.02,0.01,0
2025-12-20 17:10:06,0,0,30.12,0,1,1489,24.8167,18,0.3,110,1.83333,10.89,0,0,0,0,0,0,0,0,201,157,1e-04,3e-04,3e-04,9e-04,0.0017,0.0027,0.0029,0.0019,4.16,0,0
2025-12-20 17:11:06,0,0,29.81,0,4,6977,116.283,125,2.08333,573,9.55,0.84,0,0,0,0,0,0,0,0,155,103,0,0,0,1e-04,2e-04,2e-04,2e-04,2e-04,0.01,0,0
2025-12-20 17:12:06,0,0,30,0,1,2915,48.5833,78,1.3,159,2.65,13.03,0,0,0,0,0,0,0,0,152,100,2e-04,4e-04,4e-04,0.0011,0.0021,0.0031,0.0034,0.0023,5.32,0.01,0
2025-12-20 17:13:06,0,0,29.94,0,1,2277,37.95,40,0.666667,175,2.91667,7.4,0,0,0,0,0,0,0,0,164,100,0,3e-04,2e-04,7e-04,0.0012,0.0017,0.0016,9e-04,3.29,0,0
2025-12-20 17:14:06,0,0,30,0,1,188,3.13333,0,0,15,0.25,3.26,0,0,0,0,0,0,0,0,171,100,0,1e-04,1e-04,3e-04,6e-04,7e-04,6e-04,3e-04,1.37,0,0
2025-12-20 17:15:06,0,0,30.06,0,1,279,4.65,0,0,29,0.483333,3.34,0,0,0,0,0,0,0,0,176,102,0,1e-04,0,4e-04,6e-04,7e-04,6e-04,3e-04,1.34,0,0
2025-12-20 17:16:06,0,0,30.25,0,1,75,1.25,0,0,4,0.0666667,3.02,0,0,0,0,0,0,0,0,173,101,0,1e-04,0,3e-04,5e-04,6e-04,5e-04,3e-04,1.07,0,0
2025-12-20 17:17:06,0,0,30.25,0,1,3286,54.7667,67,1.11667,213,3.55,27.27,0,0,0,0,0,0,0,0,175,146,3e-04,0.001,0.001,0.0023,0.0044,0.0063,0.0067,0.0044,12.71,0.01,0
2025-12-20 17:18:06,0,0,30.19,0,1,1485,24.75,15,0.25,103,1.71667,7.26,0,0,0,0,0,0,0,0,161,100,0,2e-04,2e-04,7e-04,0.0012,0.0016,0.0017,0.0011,3.16,0,0
2025-12-20 17:19:06,0,0,30.12,0,1,188,3.13333,1,0.0166667,17,0.283333,3.85,0,0,0,0,0,0,0,0,162,100,0,1e-04,1e-04,4e-04,6e-04,8e-04,8e-04,4e-04,1.66,0,0
2025-12-20 17:20:06,0,0,30.06,0,1,1137,18.95,7,0.116667,85,1.41667,7.44,0,0,0,0,0,0,0,0,144,102,1e-04,3e-04,2e-04,7e-04,0.0012,0.0017,0.0017,0.0011,3.41,0,0
2025-12-20 17:21:06,0,0,30,0,1,899,14.9833,1,0.0166667,75,1.25,13.19,0,0,0,0,0,0,0,0,153,100,1e-04,4e-04,4e-04,0.0011,0.0021,0.0032,0.0034,0.0023,5.36,0.01,0
2025-12-20 17:22:06,0,0,30.19,0,1,858,14.3,0,0,78,1.3,5.38,0,0,0,0,0,0,0,0,155,104,0,1e-04,1e-04,4e-04,9e-04,0.0013,0.0014,0.001,1.71,0,0
2025-12-20 17:23:06,0,0,30.31,0,16,903,15.05,11,0.183333,61,1.01667,40.65,0,0,0,0,0,0,0,0,150,102,4e-04,0.0021,0.0018,0.004,0.0066,0.0087,0.0082,0.0046,23.77,0.02,0
2025-12-20 17:24:06,0,0,30.38,0,16,553,9.21667,2,0.0333333,42,0.7,39.28,0,0,0,0,0,0,0,0,145,101,4e-04,0.002,0.0017,0.0039,0.0064,0.0083,0.008,0.0044,23.12,0.01,0
2025-12-20 17:25:06,0,0,30.38,0,1,401,6.68333,1,0.0166667,30,0.5,6.91,0,0,0,0,0,0,0,0,158,100,0,3e-04,2e-04,7e-04,0.0012,0.0013,0.0015,7e-04,3.4,0,0
2025-12-20 17:26:06,0,0,30.44,0,1,596,9.93333,1,0.0166667,43,0.716667,7.6,0,0,0,0,0,0,0,0,155,100,1e-04,2e-04,2e-04,6e-04,0.0012,0.0019,0.002,0.0014,2.65,0,0
2025-12-20 17:27:06,0,0,30.38,0,1,578,9.63333,0,0,37,0.616667,19.6,0,0,0,0,0,0,0,0,158,101,2e-04,7e-04,7e-04,0.0016,0.0032,0.0046,0.0049,0.0033,8.45,0.01,0
2025-12-20 17:28:06,0,0,30.56,0,16,899,14.9833,10,0.166667,84,1.4,26.27,0,0,0,0,0,0,0,0,146,100,3e-04,0.0013,0.0011,0.0026,0.0043,0.0055,0.0054,0.0029,15.16,0.01,0
2025-12-20 17:29:06,0,0,30.62,0,16,1261,21.0167,21,0.35,74,1.23333,29.85,0,0,0,0,0,0,0,0,165,102,3e-04,0.0015,0.0013,0.0029,0.0048,0.0064,0.0063,0.0035,16.84,0.01,0
2025-12-20 17:30:06,0,0,30.38,0,1,1129,18.8167,4,0.0666667,84,1.4,31.02,0,0,0,0,0,0,0,0,196,144,3e-04,0.0013,0.0012,0.0028,0.005,0.007,0.0072,0.0047,15.53,0.01,0
2025-12-20 17:31:06,0,0,30.38,0,1,1326,22.1,1,0.0166667,92,1.53333,44.4,0,0,0,0,0,0,0,0,193,116,5e-04,0.0021,0.0018,0.0042,0.0071,0.0098,0.0098,0.006,24.28,0.02,0
2025-12-20 17:32:06,0,0,30.25,0,1,2732,45.5333,59,0.983333,207,3.45,7.56,0,0,0,0,0,0,0,0,218,158,1e-04,4e-04,3e-04,7e-04,0.0012,0.0016,0.0015,9e-04,4.3,0,0
2025-12-20 17:33:06,0,0,30.25,0,1,803,13.3833,3,0.05,53,0.883333,26.73,0,0,0,0,0,0,0,0,161,102,3e-04,0.0013,0.0011,0.0026,0.0043,0.0057,0.0054,0.0031,15.43,0.01,0
2025-12-20 17:34:06,0,0,30.25,0,1,426,7.1,0,0,30,0.5,25.64,0,0,0,0,0,0,0,0,160,100,3e-04,0.0012,0.001,0.0024,0.0041,0.0057,0.0055,0.0032,13.84,0.01,0
2025-12-20 17:35:06,0,0,30.25,0,1,1056,17.6,0,0,83,1.38333,14.65,0,0,0,0,0,0,0,0,155,100,2e-04,6e-04,5e-04,0.0013,0.0024,0.0034,0.0034,0.0021,7.17,0.01,0
2025-12-20 17:36:06,0,0,30.25,0,1,543,9.05,0,0,39,0.65,6.51,0,0,0,0,0,0,0,0,161,102,0,2e-04,2e-04,5e-04,0.0011,0.0016,0.0017,0.0013,2.49,0,0
2025-12-20 17:37:06,0,0,30.38,0,1,401,6.68333,0,0,21,0.35,5.28,0,0,0,0,0,0,0,0,164,100,0,1e-04,1e-04,4e-04,9e-04,0.0013,0.0014,0.001,1.82,0,0
2025-12-20 17:38:06,0,0,30.56,0,1,634,10.5667,2,0.0333333,39,0.65,7.74,0,0,0,0,0,0,0,0,152,100,1e-04,3e-04,2e-04,7e-04,0.0012,0.0019,0.002,0.0014,3.13,0,0
2025-12-20 17:39:06,0,0,30.69,0,1,3260,54.3333,55,0.916667,198,3.3,7.23,0,0,0,0,0,0,0,0,160,100,1e-04,2e-04,2e-04,5e-04,0.0011,0.0018,0.002,0.0013,2.54,0,0
2025-12-20 17:40:06,0,0,30.75,0,16,416,6.93333,6,0.1,27,0.45,14.38,0,0,0,0,0,0,0,0,150,100,2e-04,5e-04,5e-04,0.0012,0.0022,0.0035,0.004,0.0022,6.28,0.01,0
2025-12-20 17:41:06,0,0,30.75,0,16,380,6.33333,2,0.0333333,37,0.616667,15.05,0,0,0,0,0,0,0,0,150,100,2e-04,5e-04,5e-04,0.0013,0.0023,0.0036,0.0041,0.0024,6.56,0.01,0
2025-12-20 17:42:06,0,0,30.69,0,1,4880,81.3333,118,1.96667,323,5.38333,19.51,0,0,0,0,0,0,0,0,169,108,2e-04,7e-04,7e-04,0.0017,0.0031,0.0046,0.005,0.0033,8.78,0.01,0
2025-12-20 17:43:06,0,0,30.56,0,1,2590,43.1667,51,0.85,170,2.83333,29.31,0,0,0,0,0,0,0,0,147,100,3e-04,0.0011,0.0011,0.0025,0.0046,0.0069,0.0074,0.005,13.46,0.01,0
2025-12-20 17:44:06,0,0,30.62,0,1,5756,95.9333,139,2.31667,352,5.86667,12.08,0,0,0,0,0,0,0,0,150,101,1e-04,3e-04,3e-04,9e-04,0.0019,0.003,0.0034,0.0021,4,0.01,0
2025-12-20 17:45:06,0,0,30.31,0,8,5784,96.4,140,2.33333,338,5.63333,11.8,0,0,0,0,0,0,0,0,140,110,1e-04,3e-04,3e-04,9e-04,0.0019,0.003,0.0034,0.0024,3.98,0.01,0
2025-12-20 17:46:06,0,0,30.31,0,1,11291,188.183,354,5.9,538,8.96667,12.55,0,0,0,0,0,0,0,0,156,102,1e-04,2e-04,4e-04,9e-04,0.0019,0.0032,0.004,0.003,4.11,0.01,0
2025-12-20 17:47:06,0,0,30.19,0,8,8808,146.8,284,4.73333,360,6,6.41,0,0,0,0,0,0,0,0,150,101,1e-04,1e-04,2e-04,5e-04,0.001,0.0017,0.0019,0.0012,1.9,0,0
2025-12-20 17:48:06,0,0,29.94,0,1,3320,55.3333,41,0.683333,285,4.75,11.01,0,0,0,0,0,0,0,0,154,104,1e-04,2e-04,3e-04,8e-04,0.0017,0.0028,0.0032,0.0021,3.52,0,0
2025-12-20 17:49:06,0,0,30.06,0,8,2931,48.85,49,0.816667,163,2.71667,29.35,0,0,0,0,0,0,0,0,149,101,4e-04,8e-04,0.001,0.0025,0.0045,0.0073,0.008,0.0052,11.94,0.01,0
2025-12-20 17:50:06,0,0,29.88,0,32,3345,55.75,70,1.16667,191,3.18333,11.04,0,0,0,0,0,0,0,0,149,107,1e-04,3e-04,3e-04,9e-04,0.0017,0.0028,0.0031,0.002,4,0,0
2025-12-20 17:51:06,0,0,30.06,0,1,4462,74.3667,96,1.6,265,4.41667,12.94,0,0,0,0,0,0,0,0,150,100,1e-04,3e-04,4e-04,0.001,0.002,0.0033,0.0036,0.0024,4.44,0.01,0
2025-12-20 17:52:06,0,0,30,0,1,3704,61.7333,57,0.95,224,3.73333,14.13,0,0,0,0,0,0,0,0,150,101,1e-04,4e-04,4e-04,0.001,0.0022,0.0036,0.0041,0.0026,4.69,0.01,0
2025-12-20 17:53:06,0,0,29.81,0,1,977,16.2833,1,0.0166667,62,1.03333,6.09,0,0,0,0,0,0,0,0,155,102,0,2e-04,2e-04,5e-04,0.001,0.0015,0.0017,0.0011,2.06,0,0
2025-12-20 17:54:06,0,0,29.69,0,1,1579,26.3167,5,0.0833333,125,2.08333,9.69,0,0,0,0,0,0,0,0,159,101,1e-04,2e-04,3e-04,8e-04,0.0015,0.0024,0.0029,0.0022,3.54,0,0
2025-12-20 17:55:06,0,0,29.69,0,1,343,5.71667,0,0,26,0.433333,4.71,0,0,0,0,0,0,0,0,156,101,0,1e-04,1e-04,4e-04,7e-04,0.0012,0.0015,0.0014,1.44,0,0
2025-12-20 17:56:06,0,0,29.88,0,1,624,10.4,3,0.05,38,0.633333,10.88,0,0,0,0,0,0,0,0,151,100,1e-04,2e-04,4e-04,9e-04,0.0016,0.0027,0.0036,0.0028,4.03,0.01,0
2025-12-20 17:57:06,0,0,30,0,1,276,4.6,0,0,16,0.266667,3.01,0,0,0,0,0,0,0,0,149,100,0,0,0,2e-04,5e-04,8e-04,0.0011,0.001,0.4,0,0
2025-12-20 17:58:06,0,0,30,0,1,287,4.78333,0,0,12,0.2,3.45,0,0,0,0,0,0,0,0,205,156,0,0,1e-04,3e-04,5e-04,9e-04,0.0012,0.0012,0.73,0,0
2025-12-20 17:59:06,0,0,30.19,0,1,2824,47.0667,55,0.916667,176,2.93333,4.66,0,0,0,0,0,0,0,0,151,102,0,1e-04,1e-04,4e-04,7e-04,0.0012,0.0016,0.0014,1.38,0,0
2025-12-20 18:00:06,0,0,30.31,0,1,841,14.0167,26,0.433333,56,0.933333,8.86,0,0,0,0,0,0,0,0,167,101,1e-04,1e-04,3e-04,8e-04,0.0013,0.0022,0.0029,0.0023,3.25,0,0
2025-12-20 18:01:06,0,0,30.31,0,4,435,7.25,3,0.05,31,0.516667,7.05,0,0,0,0,0,0,0,0,150,101,1e-04,1e-04,2e-04,6e-04,0.0011,0.0018,0.0024,0.002,2.29,0,0
2025-12-20 18:02:06,0,0,30.31,0,4,712,11.8667,21,0.35,40,0.666667,10.93,0,0,0,0,0,0,0,0,150,101,1e-04,2e-04,4e-04,0.001,0.0016,0.0027,0.0036,0.0028,4.13,0.01,0
2025-12-20 18:03:06,0,0,30.44,0,16,280,4.66667,6,0.1,22,0.366667,13.24,0,0,0,0,0,0,0,0,146,102,1e-04,3e-04,5e-04,0.0011,0.002,0.0033,0.0043,0.0033,5.28,0.01,0
2025-12-20 18:04:06,0,0,30.38,0,1,1996,33.2667,32,0.533333,157,2.61667,5.8,0,0,0,0,0,0,0,0,167,103,0,1e-04,2e-04,5e-04,9e-04,0.0015,0.002,0.0017,1.79,0,0
2025-12-20 18:05:06,0,0,30.44,0,1,3541,59.0167,60,1,258,4.3,8.23,0,0,0,0,0,0,0,0,147,103,1e-04,3e-04,3e-04,8e-04,0.0012,0.002,0.0026,0.0021,3.46,0,0
2025-12-20 18:06:06,0,0,30.44,0,1,782,13.0333,12,0.2,51,0.85,9.66,0,0,0,0,0,0,0,0,151,107,1e-04,3e-04,4e-04,9e-04,0.0014,0.0022,0.0029,0.0023,4.51,0,0
2025-12-20 18:07:06,0,0,30.38,0,1,356,5.93333,0,0,22,0.366667,7.16,0,0,0,0,0,0,0,0,153,108,1e-04,2e-04,2e-04,7e-04,0.0011,0.0017,0.0022,0.0018,2.98,0,0
2025-12-20 18:08:06,0,0,30.62,0,1,2078,34.6333,37,0.616667,118,1.96667,5.27,0,0,0,0,0,0,0,0,146,100,0,1e-04,1e-04,4e-04,8e-04,0.0013,0.0018,0.0015,1.7,0,0
2025-12-20 18:09:06,0,0,30.69,0,8,729,12.15,16,0.266667,56,0.933333,4.27,0,0,0,0,0,0,0,0,147,100,0,0,1e-04,3e-04,6e-04,0.0011,0.0015,0.0014,1.02,0,0
2025-12-20 18:10:06,0,0,30.62,0,16,2713,45.2167,50,0.833333,158,2.63333,11.12,0,0,0,0,0,0,0,0,147,101,1e-04,3e-04,4e-04,0.001,0.0017,0.0027,0.0036,0.0028,4.43,0.01,0
2025-12-20 18:11:06,0,0,30.69,0,16,1127,18.7833,14,0.233333,67,1.11667,7.79,0,0,0,0,0,0,0,0,148,101,1e-04,2e-04,3e-04,7e-04,0.0012,0.0019,0.0025,0.002,2.91,0,0
2025-12-20 18:12:06,0,0,30.69,0,1,1756,29.2667,24,0.4,108,1.8,9.2,0,0,0,0,0,0,0,0,160,102,1e-04,2e-04,3e-04,8e-04,0.0014,0.0023,0.003,0.0023,3.52,0,0
2025-12-20 18:13:06,0,0,30.75,0,1,1029,17.15,2,0.0333333,49,0.816667,9.69,0,0,0,0,0,0,0,0,148,100,1e-04,2e-04,4e-04,9e-04,0.0015,0.0023,0.0031,0.0024,4.01,0,0
2025-12-20 18:14:06,0,0,30.94,0,8,5679,94.65,175,2.91667,342,5.7,12.28,0,0,0,0,0,0,0,0,205,156,1e-04,3e-04,5e-04,0.0011,0.0018,0.003,0.004,0.0031,4.81,0.01,0
2025-12-20 18:15:06,0,0,30.62,0,2,2611,43.5167,54,0.9,144,2.4,25.83,0,0,0,0,0,0,0,0,210,152,3e-04,6e-04,0.0011,0.0023,0.0038,0.0063,0.0082,0.0063,11.42,0.01,0
2025-12-20 18:16:06,0,0,30.5,0,16,1896,31.6,23,0.383333,115,1.91667,26.13,0,0,0,0,0,0,0,0,149,104,3e-04,6e-04,0.0011,0.0023,0.0039,0.0063,0.0083,0.0062,11.49,0.01,0
2025-12-20 18:17:06,0,0,31.19,0,8,4671,77.85,136,2.26667,264,4.4,18.6,0,0,0,0,0,0,0,0,192,140,2e-04,4e-04,8e-04,0.0017,0.0028,0.0045,0.0059,0.0044,8.09,0.01,0
2025-12-20 18:18:06,0,0,30.94,0,2,1453,24.2167,23,0.383333,99,1.65,14.61,0,0,0,0,0,0,0,0,208,153,2e-04,3e-04,6e-04,0.0013,0.0022,0.0035,0.0047,0.0038,6.07,0.01,0
2025-12-20 18:19:06,0,0,30.88,0,2,2367,39.45,78,1.3,106,1.76667,7.97,0,0,0,0,0,0,0,0,182,132,1e-04,1e-04,3e-04,7e-04,0.0012,0.002,0.0027,0.0025,2.58,0,0
2025-12-20 18:20:06,0,0,31.12,0,4,33,0.55,0,0,0,0,3.32,0,0,0,0,0,0,0,0,148,106,0,0,1e-04,3e-04,5e-04,9e-04,0.0013,0.0011,0.67,0,0
2025-12-20 18:21:06,0,0,31.25,0,2,201,3.35,3,0.05,10,0.166667,2.38,0,0,0,0,0,0,0,0,144,104,0,0,0,1e-04,4e-04,7e-04,9e-04,9e-04,0.03,0,0
2025-12-20 18:22:06,0,0,31.44,0,2,540,9,0,0,27,0.45,2.11,0,0,0,0,0,0,0,0,144,102,0,0,0,1e-04,3e-04,6e-04,8e-04,8e-04,0.1,0,0
2025-12-20 18:23:06,0,0,31.5,0,2,205,3.41667,0,0,5,0.0833333,1.82,0,0,0,0,0,0,0,0,146,104,0,0,0,1e-04,3e-04,5e-04,7e-04,7e-04,0.11,0,0
2025-12-20 18:24:06,0,0,31.62,0,2,332,5.53333,0,0,16,0.266667,1.73,0,0,0,0,0,0,0,0,143,103,0,0,0,1e-04,3e-04,5e-04,7e-04,7e-04,0,0,0
2025-12-20 18:25:06,0,0,31.31,0,8,2859,47.65,82,1.36667,76,1.26667,3.04,0,0,0,0,0,0,0,0,155,128,0,0,0,2e-04,5e-04,8e-04,0.0011,0.0011,0.37,0,0
2025-12-20 18:26:06,0,0,31.5,0,2,2773,46.2167,88,1.46667,130,2.16667,2.32,0,0,0,0,0,0,0,0,147,103,0,0,0,2e-04,4e-04,7e-04,9e-04,8e-04,0.2,0,0
2025-12-20 18:27:06,0,0,31.5,0,2,192,3.2,1,0.0166667,6,0.1,2.42,0,0,0,0,0,0,0,0,145,103,0,0,0,2e-04,4e-04,6e-04,9e-04,8e-04,0.3,0,0
2025-12-20 18:28:06,0,0,31.56,0,2,146,2.43333,0,0,2,0.0333333,2.1,0,0,0,0,0,0,0,0,142,101,0,0,0,1e-04,3e-04,6e-04,9e-04,8e-04,0.1,0,0
2025-12-20 18:29:06,0,0,31.62,0,2,66,1.1,0,0,2,0.0333333,2.15,0,0,0,0,0,0,0,0,141,101,0,0,0,1e-04,3e-04,6e-04,9e-04,8e-04,0,0,0
2025-12-20 18:30:06,0,0,31.44,0,1,2641,44.0167,51,0.85,203,3.38333,3.5,0,0,0,0,0,0,0,0,217,163,0,0,1e-04,2e-04,5e-04,0.001,0.0013,0.0012,0.68,0,0
2025-12-20 18:31:06,0,0,31,0,1,4155,69.25,99,1.65,302,5.03333,2.75,0,0,0,0,0,0,0,0,224,159,0,0,0,2e-04,4e-04,8e-04,0.001,9e-04,0.24,0,0
2025-12-20 18:32:06,0,0,31,0,1,2807,46.7833,70,1.16667,205,3.41667,4.74,0,0,0,0,0,0,0,0,164,116,0,0,1e-04,4e-04,7e-04,0.0013,0.0017,0.0015,1.09,0,0
2025-12-20 18:33:06,0,0,31.12,0,2,124,2.06667,0,0,5,0.0833333,1.96,0,0,0,0,0,0,0,0,145,102,0,0,0,1e-04,3e-04,6e-04,8e-04,8e-04,0,0,0
2025-12-20 18:34:06,0,0,31.19,0,2,172,2.86667,0,0,6,0.1,2.04,0,0,0,0,0,0,0,0,144,101,0,0,0,2e-04,3e-04,6e-04,8e-04,8e-04,0.16,0,0
2025-12-20 18:35:06,0,0,31.19,0,2,456,7.6,4,0.0666667,20,0.333333,2.28,0,0,0,0,0,0,0,0,150,104,0,0,0,1e-04,4e-04,7e-04,0.001,9e-04,0.06,0,0
2025-12-20 18:36:06,0,0,31.12,0,4,2300,38.3333,38,0.633333,88,1.46667,2.91,0,0,0,0,0,0,0,0,145,102,0,0,0,2e-04,4e-04,8e-04,0.0011,0.001,0.4,0,0
2025-12-20 18:37:06,0,0,31.19,0,2,60,1,0,0,4,0.0666667,2.66,0,0,0,0,0,0,0,0,144,102,0,0,0,2e-04,4e-04,8e-04,0.001,0.001,0.24,0,0
2025-12-20 18:38:06,0,0,31.12,0,2,709,11.8167,15,0.25,46,0.766667,2.25,0,0,0,0,0,0,0,0,148,104,0,0,0,2e-04,3e-04,6e-04,9e-04,8e-04,0.1,0,0
2025-12-20 18:39:06,0,0,31.19,0,2,13,0.216667,0,0,0,0,2.23,0,0,0,0,0,0,0,0,147,103,0,0,0,2e-04,3e-04,6e-04,9e-04,8e-04,0.18,0,0
2025-12-20 18:40:06,0,0,31.19,0,2,44,0.733333,0,0,2,0.0333333,2.2,0,0,0,0,0,0,0,0,147,103,0,0,0,2e-04,3e-04,6e-04,9e-04,8e-04,0.16,0,0
2025-12-20 18:41:06,0,0,31.12,0,2,5326,88.7667,140,2.33333,258,4.3,2.72,0,0,0,0,0,0,0,0,222,139,0,0,1e-04,2e-04,4e-04,7e-04,0.001,9e-04,0.64,0,0
2025-12-20 18:42:06,0,0,31,0,1,11153,185.883,397,6.61667,502,8.36667,2.38,0,0,0,0,0,0,0,0,219,157,1e-04,1e-04,1e-04,2e-04,4e-04,6e-04,8e-04,6e-04,1.01,0,0
2025-12-20 18:43:06,0,0,30.81,0,1,6571,109.517,189,3.15,349,5.81667,63.97,0,0,0,0,0,0,0,0,204,150,8e-04,0.002,0.0025,0.0055,0.0097,0.0159,0.0173,0.0104,28.54,0.03,0
2025-12-20 18:44:06,0,0,30.5,0,8,11856,197.6,408,6.8,542,9.03333,3.98,0,0,0,0,0,0,0,0,210,146,0,1e-04,1e-04,3e-04,6e-04,0.001,0.0011,8e-04,1.34,0,0
2025-12-20 18:45:06,0,0,30.19,0,1,6314,105.233,182,3.03333,477,7.95,7.24,0,0,0,0,0,0,0,0,179,129,1e-04,1e-04,3e-04,6e-04,0.0011,0.0018,0.0024,0.002,2.41,0,0
2025-12-20 18:46:06,0,0,30,0,1,1865,31.0833,26,0.433333,142,2.36667,9.7,0,0,0,0,0,0,0,0,196,119,1e-04,2e-04,4e-04,8e-04,0.0015,0.0024,0.0031,0.0025,3.63,0,0
2025-12-20 18:47:06,0,0,29.88,0,1,8624,143.733,240,4,506,8.43333,66.29,0,0,0,0,0,0,0,0,188,132,8e-04,0.0025,0.0024,0.0057,0.0105,0.0154,0.0164,0.0106,31.18,0.03,0
2025-12-20 18:48:06,0,0,29.56,0,1,8941,149.017,263,4.38333,514,8.56667,13.6,0,0,0,0,0,0,0,0,238,172,2e-04,5e-04,5e-04,0.0012,0.0021,0.0032,0.0034,0.0023,6.32,0.01,0
2025-12-20 18:49:06,0,0,29.75,0,1,6674,111.233,170,2.83333,365,6.08333,0.72,0,0,0,0,0,0,0,0,184,121,0,1e-04,1e-04,1e-04,1e-04,1e-04,2e-04,1e-04,0.75,0,0
2025-12-20 18:50:06,0,0,29.69,0,1,7424,123.733,248,4.13333,361,6.01667,0,0,0,0,0,0,0,0,0,215,150,0,0,0,0,0,0,0,0,0,0,0
2025-12-20 18:51:06,0,0,29.94,0,1,6312,105.2,161,2.68333,385,6.41667,0,0,0,0,0,0,0,0,0,195,124,0,0,0,0,0,0,0,0,0,0,0
2025-12-20 18:52:06,0,0,30.12,0,1,6419,106.983,179,2.98333,446,7.43333,0,0,0,0,0,0,0,0,0,210,154,0,0,0,0,0,0,0,0,0,0,0
2025-12-20 18:53:06,0,0,30.19,0,1,2408,40.1333,28,0.466667,207,3.45,0,0,0,0,0,0,0,0,0,198,143,0,0,0,0,0,0,0,0,0,0,0
2025-12-20 18:54:06,0,0,30.25,0,1,1258,20.9667,0,0,119,1.98333,0,0,0,0,0,0,0,0,0,185,131,0,0,0,0,0,0,0,0,0,0,0
2025-12-20 18:55:06,0,0,30.19,0,1,2148,35.8,37,0.616667,149,2.48333,0,0,0,0,0,0,0,0,0,176,130,0,0,0,0,0,0,0,0,0,0,0
2025-12-20 18:56:06,0,0,30.06,0,1,2442,40.7,21,0.35,206,3.43333,0,0,0,0,0,0,0,0,0,184,136,0,0,0,0,0,0,0,0,0,0,0
2025-12-20 18:57:06,0,0,30.25,0,1,2272,37.8667,3,0.05,238,3.96667,0,0,0,0,0,0,0,0,0,174,124,0,0,0,0,0,0,0,0,0,0,0
2025-12-20 18:58:06,0,0,30.12,0,1,4066,67.7667,22,0.366667,409,6.81667,0,0,0,0,0,0,0,0,0,223,164,0,0,0,0,0,0,0,0,0,0,0
2025-12-20 18:59:06,0,0,30.19,0,1,5878,97.9667,135,2.25,369,6.15,0,0,0,0,0,0,0,0,0,172,121,0,0,0,0,0,0,0,0,0,0,0
2025-12-20 19:00:06,0,0,30.19,0,1,1420,23.6667,38,0.633333,100,1.66667,0,0,0,0,0,0,0,0,0,188,133,0,0,0,0,0,0,0,0,0,0,0
2025-12-20 19:01:06,0,0,30.12,0,1,6428,107.133,207,3.45,359,5.98333,0,0,0,0,0,0,0,0,0,157,114,0,0,0,0,0,0,0,0,0,0,0
2025-12-20 19:02:06,0,0,30.19,0,1,9218,153.633,319,5.31667,466,7.76667,0,0,0,0,0,0,0,0,0,183,136,0,0,0,0,0,0,0,0,0,0,0
2025-12-20 19:03:06,0,0,30.19,0,1,2852,47.5333,50,0.833333,182,3.03333,0,0,0,0,0,0,0,0,0,181,130,0,0,0,0,0,0,0,0,0,0,0
2025-12-20 19:04:06,0,0,30.19,0,1,2113,35.2167,38,0.633333,118,1.96667,0,0,0,0,0,0,0,0,0,151,110,0,0,0,0,0,0,0,0,0,0,0
2025-12-20 19:05:06,0,0,30.12,0,1,2323,38.7167,38,0.633333,159,2.65,0,0,0,0,0,0,0,0,0,170,120,0,0,0,0,0,0,0,0,0,0,0
2025-12-20 19:06:06,0,0,30.12,0,1,2015,33.5833,22,0.366667,132,2.2,0,0,0,0,0,0,0,0,0,149,108,0,0,0,0,0,0,0,0,0,0,0
2025-12-20 19:07:06,0,0,30,0,1,2898,48.3,58,0.966667,165,2.75,0,0,0,0,0,0,0,0,0,185,142,0,0,0,0,0,0,0,0,0,0,0
2025-12-20 19:08:06,0,0,29.88,0,1,2112,35.2,26,0.433333,161,2.68333,0,0,0,0,0,0,0,0,0,197,147,0,0,0,0,0,0,0,0,0,0,0
2025-12-20 19:09:06,0,0,29.88,0,1,468,7.8,0,0,9,0.15,0,0,0,0,0,0,0,0,0,154,110,0,0,0,0,0,0,0,0,0,0,0
2025-12-20 19:10:06,0,0,29.75,0,1,6205,103.417,154,2.56667,483,8.05,0,0,0,0,0,0,0,0,0,151,109,0,0,0,0,0,0,0,0,0,0,0
2025-12-20 19:11:06,0,0,29.81,0,16,1744,29.0667,12,0.2,146,2.43333,0,0,0,0,0,0,0,0,0,150,108,0,0,0,0,0,0,0,0,0,0,0
2025-12-20 19:12:06,0,0,29.88,0,1,1509,25.15,17,0.283333,121,2.01667,0,0,0,0,0,0,0,0,0,156,108,0,0,0,0,0,0,0,0,0,0,0
2025-12-20 19:13:06,0,0,29.88,0,1,898,14.9667,5,0.0833333,43,0.716667,0,0,0,0,0,0,0,0,0,151,106,0,0,0,0,0,0,0,0,0,0,0
2025-12-20 19:14:06,0,0,29.88,0,1,530,8.83333,0,0,13,0.216667,0,0,0,0,0,0,0,0,0,150,105,0,0,0,0,0,0,0,0,0,0,0
2025-12-20 19:15:06,0,0,29.88,0,1,956,15.9333,17,0.283333,33,0.55,0,0,0,0,0,0,0,0,0,156,105,0,0,0,0,0,0,0,0,0,0,0
2025-12-20 19:16:06,0,0,29.94,0,1,727,12.1167,0,0,30,0.5,0,0,0,0,0,0,0,0,0,154,104,0,0,0,0,0,0,0,0,0,0,0
2025-12-20 19:17:06,0,0,30,0,1,1481,24.6833,5,0.0833333,113,1.88333,0,0,0,0,0,0,0,0,0,149,104,0,0,0,0,0,0,0,0,0,0,0
2025-12-20 19:18:06,0,0,30.06,0,1,2792,46.5333,62,1.03333,200,3.33333,0,0,0,0,0,0,0,0,0,161,112,0,0,0,0,0,0,0,0,0,0,0
2025-12-20 19:19:06,0,0,30.25,0,1,2592,43.2,30,0.5,202,3.36667,0,0,0,0,0,0,0,0,0,144,104,0,0,0,0,0,0,0,0,0,0,0
2025-12-20 19:20:06,0,0,30.38,0,1,1550,25.8333,15,0.25,101,1.68333,0,0,0,0,0,0,0,0,0,147,104,0,0,0,0,0,0,0,0,0,0,0
2025-12-20 19:21:06,0,0,30.5,0,1,2364,39.4,32,0.533333,178,2.96667,0,0,0,0,0,0,0,0,0,152,104,0,0,0,0,0,0,0,0,0,0,0
2025-12-20 19:22:06,0,0,30.56,0,1,1852,30.8667,21,0.35,118,1.96667,4.42,0,0,0,0,0,0,0,0,149,104,0,1e-04,1e-04,3e-04,8e-04,0.0011,8e-04,3e-04,1.41,0,0
2025-12-20 19:23:06,0,0,30.5,0,1,1217,20.2833,9,0.15,88,1.46667,6.47,0,0,0,0,0,0,0,0,148,104,0,2e-04,1e-04,5e-04,0.0011,0.0016,0.0012,5e-04,2.04,0,0
2025-12-20 19:24:06,0,0,30.25,0,1,2985,49.75,54,0.9,204,3.4,3.8,0,0,0,0,0,0,0,0,168,128,0,1e-04,1e-04,3e-04,7e-04,9e-04,7e-04,3e-04,1.25,0,0
2025-12-20 19:25:06,0,0,30.25,0,1,4826,80.4333,105,1.75,332,5.53333,0,0,0,0,0,0,0,0,0,167,113,0,0,0,0,0,0,0,0,0,0,0
2025-12-20 19:26:06,0,0,30.31,0,1,3236,53.9333,61,1.01667,221,3.68333,0,0,0,0,0,0,0,0,0,178,134,0,0,0,0,0,0,0,0,0,0,0
2025-12-20 19:27:06,0,0,30.44,0,1,2724,45.4,53,0.883333,224,3.73333,0.63,0,0,0,0,0,0,0,0,158,108,0,0,0,1e-04,1e-04,1e-04,1e-04,1e-04,0.35,0,0
2025-12-20 19:28:06,0,0,30.5,0,1,2117,35.2833,37,0.616667,98,1.63333,0,0,0,0,0,0,0,0,0,147,105,0,0,0,0,0,0,0,0,0,0,0
2025-12-20 19:29:06,0,0,30.44,0,1,2052,34.2,22,0.366667,119,1.98333,0,0,0,0,0,0,0,0,0,157,111,0,0,0,0,0,0,0,0,0,0,0
2025-12-20 19:30:06,0,0,30.38,0,1,2250,37.5,41,0.683333,138,2.3,0,0,0,0,0,0,0,0,0,147,102,0,0,0,0,0,0,0,0,0,0,0
2025-12-20 19:31:06,0,0,30.38,0,1,1259,20.9833,11,0.183333,71,1.18333,0,0,0,0,0,0,0,0,0,150,106,0,0,0,0,0,0,0,0,0,0,0
2025-12-20 19:32:06,0,0,30.31,0,1,3476,57.9333,55,0.916667,250,4.16667,0.2,0,0,0,0,0,0,0,0,185,143,0,0,1e-04,1e-04,0,0,0,0,0.55,0,0
2025-12-20 19:33:06,0,0,30,0,1,1295,21.5833,3,0.05,103,1.71667,0.01,0,0,0,0,0,0,0,0,217,151,0,0,0,0,0,0,0,0,0.1,0,0
2025-12-20 19:34:06,0,0,30.31,0,1,3260,54.3333,46,0.766667,301,5.01667,2.62,0,0,0,0,0,0,0,0,208,148,0,0,0,1e-04,4e-04,0.001,5e-04,2e-04,0.08,0,0
2025-12-20 19:35:06,0,0,30.5,0,1,6681,111.35,185,3.08333,407,6.78333,4.82,0,0,0,0,0,0,0,0,223,156,0,0,0,0,0.0011,0.0011,7e-04,3e-04,0,0,0
2025-12-20 19:36:06,0,0,30.38,0,8,10619,176.983,374,6.23333,503,8.38333,0,0,0,0,0,0,0,0,0,234,164,0,0,0,0,0,0,0,0,0,0,0
2025-12-20 19:37:06,0,0,30.38,0,8,6837,113.95,169,2.81667,363,6.05,354.3,0,0,0,0,0.01,0,0,0,240,178,0.005,0.0176,0.0195,0.0357,0.0534,0.0773,0.101,0.0796,217.71,0.17,0
2025-12-20 19:38:06,0,0,30.38,0,1,3725,62.0833,65,1.08333,214,3.56667,619.08,0,0,0,0,0.02,0,0,0,224,156,0.0093,0.0266,0.0289,0.0596,0.0957,0.1339,0.1887,0.1646,332.16,0.3,0
2025-12-20 19:39:06,0,0,30.25,0,8,5408,90.1333,76,1.26667,393,6.55,369.02,0,0,0,0,0.01,0,0,0,214,148,0.0054,0.0145,0.016,0.0335,0.0568,0.0823,0.1192,0.1035,180.87,0.18,0
2025-12-20 19:40:06,0,0,30.12,0,8,2012,33.5333,6,0.1,148,2.46667,209.59,0,0,0,0,0.01,0,0,0,204,132,0.0034,0.0075,0.0087,0.0193,0.0315,0.0479,0.0739,0.066,96.68,0.11,0
2025-12-20 19:41:06,0,0,30,0,8,867,14.45,7,0.116667,61,1.01667,210.28,0,0,0,0,0.01,0,0,0,198,128,0.0033,0.0072,0.0084,0.0189,0.0317,0.0484,0.0745,0.0661,93.45,0.11,0
2025-12-20 19:42:06,0,0,30.25,0,8,4696,78.2667,67,1.11667,320,5.33333,197.68,0,0,0,0,0.01,0,0,0,215,122,0.0031,0.0074,0.0083,0.0181,0.0297,0.0449,0.069,0.0613,93.74,0.1,0
2025-12-20 19:43:06,0,0,30.19,0,8,5989,99.8167,126,2.1,378,6.3,175.45,0,0,0,0,0.01,0,0,0,216,154,0.0028,0.0059,0.0071,0.0155,0.0262,0.041,0.0634,0.0569,77.2,0.09,0
2025-12-20 19:44:06,0,0,30.06,0,1,8332,138.867,237,3.95,463,7.71667,188.54,0,0,0,0,0.01,0,0,0,164,119,0.0023,0.0043,0.0052,0.0118,0.0294,0.0465,0.0718,0.0641,53.81,0.09,0
2025-12-20 19:45:06,0,0,30.12,0,1,9325,155.417,269,4.48333,452,7.53333,0.23,0,0,0,0,0,0,0,0,195,145,0,0,0,0,0,1e-04,1e-04,1e-04,0,0,0
2025-12-20 19:46:06,0,0,30.19,0,1,6023,100.383,162,2.7,325,5.41667,0.74,0,0,0,0,0,0,0,0,185,138,0,0,0,1e-04,1e-04,1e-04,1e-04,1e-04,0.38,0,0
2025-12-20 19:47:06,0,0,30.31,0,1,3746,62.4333,73,1.21667,256,4.26667,0,0,0,0,0,0,0,0,0,163,110,0,0,0,0,0,0,0,0,0,0,0
2025-12-20 19:48:06,0,0,30.31,0,1,1638,27.3,11,0.183333,133,2.21667,0,0,0,0,0,0,0,0,0,166,118,0,0,0,0,0,0,0,0,0,0,0
2025-12-20 19:49:06,0,0,30.38,0,1,7948,132.467,240,4,388,6.46667,0,0,0,0,0,0,0,0,0,192,146,0,0,0,0,0,0,0,0,0,0,0
2025-12-20 19:50:06,0,0,30.5,0,1,7379,122.983,209,3.48333,434,7.23333,0,0,0,0,0,0,0,0,0,158,116,0,0,0,0,0,0,0,0,0,0,0
2025-12-20 19:51:06,0,0,30.19,0,1,6213,103.55,149,2.48333,358,5.96667,0.01,0,0,0,0,0,0,0,0,157,116,0,0,0,0,0,0,0,0,0,0,0
2025-12-20 19:52:06,0,0,29.56,0,1,9242,154.033,306,5.1,452,7.53333,0,0,0,0,0,0,0,0,0,190,143,0,0,0,0,0,0,0,0,0,0,0
2025-12-20 19:53:06,0,0,29.44,0,1,11817,196.95,395,6.58333,562,9.36667,2.82,0,0,0,0,0,0,0,0,158,116,0,0,1e-04,2e-04,5e-04,7e-04,7e-04,4e-04,0.83,0,0
2025-12-20 19:54:06,0,0,29.38,0,1,15471,257.85,588,9.8,679,11.3167,0.44,0,0,0,0,0,0,0,0,174,131,0,0,0,0,1e-04,1e-04,2e-04,1e-04,0,0,0
2025-12-20 19:55:06,0,0,29.25,0,1,10259,170.983,296,4.93333,614,10.2333,13.22,0,0,0,0,0,0,0,0,169,128,1e-04,3e-04,4e-04,0.0011,0.002,0.0033,0.0038,0.0025,4.7,0.01,0
2025-12-20 19:56:06,0,0,29.31,0,1,6057,100.95,169,2.81667,456,7.6,18.91,0,0,0,0,0,0,0,0,146,108,2e-04,5e-04,6e-04,0.0015,0.0029,0.0047,0.0054,0.0035,7.05,0.01,0
2025-12-20 19:57:06,0,0,29.19,0,1,5467,91.1167,97,1.61667,349,5.81667,13.97,0,0,0,0,0,0,0,0,159,112,2e-04,3e-04,4e-04,0.0011,0.0021,0.0035,0.0041,0.0027,5.07,0.01,0
2025-12-20 19:58:06,0,0,29.06,0,1,3214,53.5667,84,1.4,145,2.41667,8.94,0,0,0,0,0,0,0,0,182,140,1e-04,2e-04,3e-04,8e-04,0.0013,0.0022,0.003,0.0025,3.44,0,0
2025-12-20 19:59:06,0,0,29,0,1,3333,55.55,98,1.63333,170,2.83333,25.5,0,0,0,0,0,0,0,0,187,142,3e-04,6e-04,0.0011,0.0023,0.0037,0.0061,0.0082,0.0062,11.2,0.01,0
2025-12-20 20:00:06,0,0,29.31,0,1,1371,22.85,19,0.316667,94,1.56667,7.19,0,0,0,0,0,0,0,0,210,156,1e-04,2e-04,3e-04,7e-04,0.0011,0.0018,0.0024,0.0021,2.8,0,0
2025-12-20 20:01:06,0,0,29.69,0,1,185,3.08333,0,0,16,0.266667,6.16,0,0,0,0,0,0,0,0,182,126,1e-04,1e-04,2e-04,5e-04,9e-04,0.0015,0.0021,0.0018,2.05,0,0
2025-12-20 20:02:06,0,0,29.75,0,1,169,2.81667,1,0.0166667,14,0.233333,9.34,0,0,0,0,0,0,0,0,189,124,1e-04,2e-04,4e-04,8e-04,0.0014,0.0023,0.0031,0.0026,3.55,0,0
2025-12-20 20:03:06,0,0,29.75,0,1,44,0.733333,0,0,3,0.05,11.03,0,0,0,0,0,0,0,0,179,122,1e-04,2e-04,4e-04,0.001,0.0016,0.0027,0.0036,0.0029,4.21,0.01,0
2025-12-20 20:04:06,0,0,29.94,0,1,100,1.66667,0,0,8,0.133333,10.2,0,0,0,0,0,0,0,0,178,119,1e-04,2e-04,4e-04,9e-04,0.0015,0.0025,0.0033,0.0027,3.92,0.01,0
2025-12-20 20:05:06,0,0,30.25,0,1,230,3.83333,0,0,17,0.283333,7.51,0,0,0,0,0,0,0,0,173,116,1e-04,2e-04,3e-04,7e-04,0.0011,0.0018,0.0024,0.002,2.82,0,0
2025-12-20 20:06:06,0,0,30.44,0,1,342,5.7,1,0.0166667,23,0.383333,11.64,0,0,0,0,0,0,0,0,177,128,1e-04,3e-04,5e-04,0.001,0.0017,0.0028,0.0038,0.0029,4.8,0.01,0
2025-12-20 20:07:06,0,0,30.75,0,1,141,2.35,0,0,8,0.133333,5.91,0,0,0,0,0,0,0,0,181,122,0,2e-04,2e-04,5e-04,9e-04,0.0015,0.0019,0.0016,2.14,0,0
2025-12-20 20:08:06,0,0,30.94,0,1,44,0.733333,0,0,3,0.05,5.51,0,0,0,0,0,0,0,0,185,114,0,1e-04,2e-04,5e-04,8e-04,0.0013,0.0017,0.0015,1.98,0,0
2025-12-20 20:09:06,0,0,31.12,0,1,0,0,0,0,0,0,5.26,0,0,0,0,0,0,0,0,178,112,0,1e-04,2e-04,5e-04,8e-04,0.0013,0.0017,0.0015,1.77,0,0
2025-12-20 20:10:06,0,0,31.31,0,1,48,0.8,0,0,1,0.0166667,5.26,0,0,0,0,0,0,0,0,169,115,0,1e-04,2e-04,4e-04,8e-04,0.0013,0.0017,0.0015,1.76,0,0
2025-12-20 20:11:06,0,0,31.75,0,1,1956,32.6,71,1.18333,81,1.35,3.62,0,0,0,0,0,0,0,0,177,113,0,1e-04,1e-04,3e-04,5e-04,9e-04,0.0012,0.001,1.12,0,0
2025-12-20 20:12:06,0,0,31.94,0,1,373,6.21667,11,0.183333,18,0.3,2.97,0,0,0,0,0,0,0,0,208,128,0,0,0,3e-04,4e-04,7e-04,0.001,9e-04,0.81,0,0
2025-12-20 20:13:06,0,0,32.06,0,1,0,0,0,0,0,0,2.42,0,0,0,0,0,0,0,0,200,117,0,0,0,2e-04,4e-04,6e-04,8e-04,8e-04,0.34,0,0
2025-12-20 20:14:06,0,0,32.06,0,1,559,9.31667,10,0.166667,41,0.683333,3.53,0,0,0,0,0,0,0,0,203,143,0,0,1e-04,3e-04,5e-04,9e-04,0.0012,0.0011,0.86,0,0
2025-12-20 20:15:06,0,0,32.19,0,1,0,0,0,0,0,0,2.81,0,0,0,0,0,0,0,0,180,105,0,0,0,3e-04,4e-04,7e-04,0.001,9e-04,0.59,0,0
2025-12-20 20:16:06,0,0,32.19,0,1,1305,21.75,33,0.55,77,1.28333,5.61,0,0,0,0,0,0,0,0,177,123,0,1e-04,2e-04,5e-04,9e-04,0.0014,0.0018,0.0016,1.9,0,0
2025-12-20 20:17:06,0,0,31.88,0,1,1452,24.2,37,0.616667,84,1.4,7.69,0,0,0,0,0,0,0,0,216,154,1e-04,1e-04,3e-04,7e-04,0.0011,0.0019,0.0026,0.0022,2.67,0,0
2025-12-20 20:18:06,0,0,31.5,0,1,209,3.48333,3,0.05,14,0.233333,5.49,0,0,0,0,0,0,0,0,204,145,0,1e-04,2e-04,4e-04,8e-04,0.0014,0.002,0.0017,1.45,0,0
2025-12-20 20:19:06,0,0,31.62,0,1,418,6.96667,6,0.1,25,0.416667,5.39,0,0,0,0,0,0,0,0,181,105,0,1e-04,1e-04,4e-04,8e-04,0.0014,0.0019,0.0017,1.46,0,0
2025-12-20 20:20:06,0,0,31.56,0,1,756,12.6,17,0.283333,39,0.65,4.96,0,0,0,0,0,0,0,0,158,105,0,1e-04,1e-04,4e-04,7e-04,0.0013,0.0018,0.0016,1.33,0,0
2025-12-20 20:21:06,0,0,31.44,0,1,718,11.9667,15,0.25,34,0.566667,5.97,0,0,0,0,0,0,0,0,152,105,1e-04,1e-04,2e-04,5e-04,9e-04,0.0015,0.0021,0.0018,1.86,0,0
2025-12-20 20:22:06,0,0,31.5,0,1,17,0.283333,0,0,0,0,7.61,0,0,0,0,0,0,0,0,148,104,1e-04,1e-04,3e-04,6e-04,0.0011,0.0019,0.0026,0.0021,2.64,0,0
2025-12-20 20:23:06,0,0,31.5,0,1,0,0,0,0,0,0,6.96,0,0,0,0,0,0,0,0,147,102,1e-04,1e-04,2e-04,6e-04,0.001,0.0018,0.0024,0.002,2.37,0,0
2025-12-20 20:24:06,0,0,31.31,0,1,333,5.55,4,0.0666667,20,0.333333,6.12,0,0,0,0,0,0,0,0,159,104,1e-04,1e-04,2e-04,5e-04,9e-04,0.0016,0.0021,0.0019,1.83,0,0
2025-12-20 20:25:06,0,0,31.06,0,1,4155,69.25,96,1.6,224,3.73333,10.37,0,0,0,0,0,0,0,0,207,153,1e-04,2e-04,4e-04,8e-04,0.0016,0.0026,0.0034,0.0028,3.7,0.01,0
2025-12-20 20:26:06,0,0,30.81,0,1,1982,33.0333,15,0.25,146,2.43333,3.63,0,0,0,0,0,0,0,0,208,140,0,0,1e-04,3e-04,6e-04,9e-04,0.0013,0.0011,0.86,0,0
2025-12-20 20:27:06,0,0,30.94,0,16,3793,63.2167,61,1.01667,272,4.53333,9.42,0,0,0,0,0,0,0,0,220,155,1e-04,2e-04,4e-04,8e-04,0.0014,0.0023,0.0031,0.0025,3.72,0,0
2025-12-20 20:28:06,0,0,30.88,0,1,3198,53.3,30,0.5,235,3.91667,7.54,0,0,0,0,0,0,0,0,179,124,0,1e-04,3e-04,7e-04,0.0011,0.0019,0.0025,0.002,2.74,0,0
2025-12-20 20:29:06,0,0,30.75,0,1,3098,51.6333,53,0.883333,244,4.06667,7.59,0,0,0,0,0,0,0,0,211,152,1e-04,1e-04,3e-04,7e-04,0.0011,0.0019,0.0025,0.002,2.77,0,0
2025-12-20 20:30:06,0,0,31,0,1,3549,59.15,36,0.6,233,3.88333,7.53,0,0,0,0,0,0,0,0,175,113,1e-04,1e-04,3e-04,7e-04,0.0011,0.0019,0.0025,0.002,2.77,0,0
2025-12-20 20:31:06,0,0,31,0,1,1651,27.5167,4,0.0666667,100,1.66667,6.63,0,0,0,0,0,0,0,0,218,156,0,1e-04,2e-04,6e-04,0.001,0.0016,0.0022,0.0018,2.59,0,0
2025-12-20 20:32:06,0,0,31.06,0,1,1852,30.8667,13,0.216667,115,1.91667,6.64,0,0,0,0,0,0,0,0,196,130,0,1e-04,2e-04,5e-04,0.001,0.0017,0.0022,0.0018,2.15,0,0
2025-12-20 20:33:06,0,0,31.31,0,1,1457,24.2833,19,0.316667,94,1.56667,5.45,0,0,0,0,0,0,0,0,148,108,0,1e-04,2e-04,5e-04,8e-04,0.0014,0.0018,0.0015,1.8,0,0
2025-12-20 20:34:06,0,0,31.5,0,8,1509,25.15,38,0.633333,91,1.51667,6.06,0,0,0,0,0,0,0,0,152,132,1e-04,1e-04,2e-04,5e-04,9e-04,0.0015,0.002,0.0016,1.83,0,0
2025-12-20 20:35:06,0,0,30.94,0,1,3495,58.25,41,0.683333,251,4.18333,9.37,0,0,0,0,0,0,0,0,192,124,1e-04,2e-04,4e-04,8e-04,0.0014,0.0023,0.003,0.0023,3.63,0,0
2025-12-20 20:36:06,0,0,30.94,0,1,3075,51.25,52,0.866667,207,3.45,33.55,0,0,0,0,0,0,0,0,166,112,4e-04,0.001,0.0012,0.0028,0.0052,0.0083,0.0091,0.0058,14.02,0.01,0
2025-12-20 20:37:06,0,0,31,0,1,12933,215.55,318,5.3,405,6.75,57.2,0,0,0,0,0,0,0,0,166,105,7e-04,0.0016,0.0021,0.0047,0.0088,0.0143,0.0151,0.0091,24.05,0.02,0
2025-12-20 20:38:06,0,0,30.69,0,1,5229,87.15,108,1.8,263,4.38333,22.96,0,0,0,0,0,0,0,0,180,112,2e-04,5e-04,7e-04,0.0017,0.0036,0.0059,0.0066,0.0044,7.8,0.01,0
2025-12-20 20:39:06,0,0,30.5,0,1,4020,67,52,0.866667,309,5.15,6.76,0,0,0,0,0,0,0,0,143,100,1e-04,1e-04,2e-04,6e-04,0.001,0.0017,0.0021,0.0017,2.53,0,0
2025-12-20 20:40:06,0,0,30.5,0,1,9315,155.25,261,4.35,617,10.2833,4.72,0,0,0,0,0,0,0,0,153,106,0,1e-04,1e-04,4e-04,7e-04,0.0012,0.0014,0.0011,1.67,0,0
2025-12-20 20:41:06,0,0,30.31,0,1,7083,118.05,197,3.28333,494,8.23333,10.17,0,0,0,0,0,0,0,0,148,101,1e-04,2e-04,4e-04,8e-04,0.0015,0.0025,0.0033,0.0026,3.76,0.01,0
2025-12-20 20:42:06,0,0,30.5,0,1,2653,44.2167,63,1.05,131,2.18333,7.71,0,0,0,0,0,0,0,0,138,100,1e-04,2e-04,3e-04,7e-04,0.0012,0.0018,0.0022,0.0016,3.65,0,0
2025-12-20 20:43:06,0,0,30.69,0,1,16,0.266667,0,0,1,0.0166667,0,0,0,0,0,0,0,0,0,136,100,0,0,0,0,0,0,0,0,0,0,0
2025-12-20 20:44:06,0,0,30.94,0,1,106,1.76667,0,0,6,0.1,0,0,0,0,0,0,0,0,0,137,101,0,0,0,0,0,0,0,0,0,0,0
2025-12-20 20:45:06,0,0,31.19,0,1,22,0.366667,0,0,0,0,0,0,0,0,0,0,0,0,0,137,103,0,0,0,0,0,0,0,0,0,0,0
2025-12-20 20:46:06,0,0,31.5,0,1,0,0,0,0,0,0,0,0,0,0,0,0,0,0,0,139,103,0,0,0,0,0,0,0,0,0,0,0
2025-12-20 20:47:06,0,0,31.75,0,1,33,0.55,0,0,1,0.0166667,0,0,0,0,0,0,0,0,0,147,102,0,0,0,0,0,0,0,0,0,0,0
2025-12-20 20:48:06,0,0,32.06,0,1,41,0.683333,0,0,3,0.05,0,0,0,0,0,0,0,0,0,142,102,0,0,0,0,0,0,0,0,0,0,0
2025-12-20 20:49:06,0,0,32.31,0,1,0,0,0,0,0,0,0,0,0,0,0,0,0,0,0,142,102,0,0,0,0,0,0,0,0,0,0,0
2025-12-20 20:50:06,0,0,32.5,0,1,30,0.5,0,0,1,0.0166667,0,0,0,0,0,0,0,0,0,143,103,0,0,0,0,0,0,0,0,0,0,0
2025-12-20 20:51:06,0,0,32.69,0,1,5,0.0833333,0,0,0,0,0,0,0,0,0,0,0,0,0,143,103,0,0,0,0,0,0,0,0,0,0,0
2025-12-20 20:52:06,0,0,32.88,0,1,11,0.183333,0,0,0,0,0,0,0,0,0,0,0,0,0,142,106,0,0,0,0,0,0,0,0,0,0,0
2025-12-20 20:53:06,0,0,33.06,0,1,0,0,0,0,0,0,0,0,0,0,0,0,0,0,0,142,106,0,0,0,0,0,0,0,0,0,0,0
2025-12-20 20:54:06,0,0,33.06,0,16,1657,27.6167,38,0.633333,102,1.7,19.54,0,0,0,0,0,0,0,0,172,100,2e-04,4e-04,8e-04,0.0017,0.0029,0.0047,0.0061,0.0046,8.51,0.01,0
2025-12-20 20:55:06,0,0,32.81,0,1,671,11.1833,17,0.283333,37,0.616667,24.05,0,0,0,0,0,0,0,0,200,108,3e-04,6e-04,0.0011,0.0022,0.0036,0.0058,0.0076,0.0057,10.75,0.01,0
2025-12-20 20:56:06,0,0,32.12,0,16,350,5.83333,6,0.1,17,0.283333,37.82,0,0,0,0,0,0,0,0,207,110,5e-04,9e-04,0.0017,0.0034,0.0056,0.0091,0.0119,0.0089,16.85,0.02,0
2025-12-20 20:57:06,0,0,31.56,0,16,212,3.53333,0,0,14,0.233333,37.79,0,0,0,0,0,0,0,0,195,118,4e-04,9e-04,0.0017,0.0034,0.0056,0.0091,0.0119,0.0089,16.93,0.02,0
2025-12-20 20:58:06,0,0,32.12,0,16,2222,37.0333,33,0.55,163,2.71667,31.06,0,0,0,0,0,0,0,0,150,101,4e-04,7e-04,0.0014,0.0028,0.0046,0.0075,0.0098,0.0073,13.76,0.01,0
2025-12-20 20:59:06,0,0,31.69,0,16,4667,77.7833,89,1.48333,282,4.7,15.21,0,0,0,0,0,0,0,0,162,105,2e-04,3e-04,5e-04,0.0012,0.0023,0.0038,0.0045,0.0031,5.53,0.01,0
2025-12-20 21:00:06,0,0,31.81,0,1,2662,44.3667,105,1.75,104,1.73333,14.31,0,0,0,0,0,0,0,0,142,111,2e-04,3e-04,6e-04,0.0013,0.0021,0.0035,0.0046,0.0035,6.14,0.01,0
2025-12-20 21:01:06,0,0,31.38,0,1,2389,39.8167,48,0.8,155,2.58333,9.89,0,0,0,0,0,0,0,0,220,149,1e-04,2e-04,4e-04,9e-04,0.0015,0.0024,0.0032,0.0024,3.9,0,0
2025-12-20 21:02:06,0,0,31.12,0,1,5300,88.3333,121,2.01667,327,5.45,19.08,0,0,0,0,0,0,0,0,158,100,2e-04,8e-04,7e-04,0.0016,0.003,0.0046,0.005,0.0032,9,0.01,0
2025-12-20 21:03:06,0,0,31.12,0,1,5637,93.95,135,2.25,324,5.4,19.83,0,0,0,0,0,0,0,0,190,101,3e-04,0.0022,0.0012,0.0021,0.0032,0.0039,0.0038,0.0025,16.91,0.01,0
2025-12-20 21:04:06,0,0,31.12,0,32,79,1.31667,0,0,2,0.0333333,0.67,0,0,0,0,0,0,0,0,182,101,0,0,0,1e-04,1e-04,2e-04,2e-04,3e-04,0,0,0
2025-12-20 21:05:06,0,0,31.19,0,1,114,1.9,0,0,8,0.133333,1.26,0,0,0,0,0,0,0,0,182,105,0,0,0,1e-04,2e-04,3e-04,5e-04,5e-04,0,0,0
2025-12-20 21:06:06,0,0,31.31,0,1,81,1.35,0,0,3,0.05,1.59,0,0,0,0,0,0,0,0,174,106,0,0,0,1e-04,3e-04,4e-04,5e-04,6e-04,0.21,0,0
2025-12-20 21:07:06,0,0,31.5,0,1,0,0,0,0,0,0,1.82,0,0,0,0,0,0,0,0,177,105,0,0,0,2e-04,3e-04,5e-04,6e-04,7e-04,0.11,0,0
2025-12-20 21:08:06,0,0,31.69,0,1,84,1.4,0,0,6,0.1,1.65,0,0,0,0,0,0,0,0,171,101,0,0,0,1e-04,3e-04,4e-04,6e-04,7e-04,0.17,0,0
2025-12-20 21:09:06,0,0,32,0,32,119,1.98333,1,0.0166667,7,0.116667,0.29,0,0,0,0,0,0,0,0,172,102,0,0,0,0,1e-04,1e-04,1e-04,2e-04,0,0,0
2025-12-20 21:10:06,0,0,32.19,0,32,7,0.116667,0,0,1,0.0166667,0.61,0,0,0,0,0,0,0,0,169,105,0,0,0,1e-04,1e-04,1e-04,2e-04,3e-04,0.03,0,0
2025-12-20 21:11:06,0,0,32.5,0,1,765,12.75,10,0.166667,47,0.783333,9.07,0,0,0,0,0,0,0,0,169,101,1e-04,2e-04,4e-04,8e-04,0.0014,0.0022,0.0029,0.0023,3.74,0,0
2025-12-20 21:12:06,0,0,32.56,0,16,807,13.45,13,0.216667,47,0.783333,24.63,0,0,0,0,0,0,0,0,160,101,3e-04,5e-04,0.0011,0.0022,0.0036,0.006,0.0078,0.0059,10.76,0.01,0
2025-12-20 21:13:06,0,0,32,0,1,2502,41.7,57,0.95,131,2.18333,12.41,0,0,0,0,0,0,0,0,179,120,1e-04,2e-04,5e-04,0.0011,0.0019,0.003,0.004,0.0032,4.74,0.01,0
2025-12-20 21:14:06,0,0,31.69,0,1,1470,24.5,14,0.233333,71,1.18333,7,0,0,0,0,0,0,0,0,185,116,1e-04,1e-04,2e-04,7e-04,0.001,0.0017,0.0023,0.0019,2.63,0,0
2025-12-20 21:15:06,0,0,31.75,0,1,2095,34.9167,21,0.35,123,2.05,16.09,0,0,0,0,0,0,0,0,156,104,2e-04,4e-04,7e-04,0.0015,0.0024,0.0039,0.0051,0.0039,6.94,0.01,0
2025-12-20 21:16:06,0,0,31.94,0,1,1208,20.1333,15,0.25,67,1.11667,5,0,0,0,0,0,0,0,0,196,139,0,1e-04,1e-04,4e-04,8e-04,0.0012,0.0017,0.0014,1.52,0,0
2025-12-20 21:17:06,0,0,31.5,0,1,5902,98.3667,135,2.25,341,5.68333,19.6,0,0,0,0,0,0,0,0,215,155,3e-04,6e-04,7e-04,0.0018,0.003,0.0048,0.0052,0.003,8.92,0.01,0
2025-12-20 21:18:06,0,0,31.19,0,1,6972,116.2,192,3.2,451,7.51667,16.78,0,0,0,0,0,0,0,0,217,157,2e-04,4e-04,7e-04,0.0015,0.0025,0.0041,0.0053,0.004,7.25,0.01,0
2025-12-20 21:19:06,0,0,30.69,0,1,16571,276.183,713,11.8833,647,10.7833,57.24,0,0,0,0,0,0,0,0,219,156,7e-04,0.0015,0.0019,0.0044,0.0088,0.0144,0.0157,0.0094,22.22,0.02,0
2025-12-20 21:20:06,0,0,30.44,0,8,14362,239.367,580,9.66667,564,9.4,92.38,0,0,0,0,0,0,0,0,224,159,0.0011,0.0026,0.0033,0.0074,0.0142,0.0231,0.0248,0.0143,38.37,0.04,0
2025-12-20 21:21:06,0,0,30.38,0,1,4646,77.4333,98,1.63333,300,5,6.57,0,0,0,0,0,0,0,0,199,135,1e-04,1e-04,2e-04,6e-04,0.001,0.0017,0.0022,0.002,2.2,0,0
2025-12-20 21:22:06,0,0,30.12,0,8,4148,69.1333,105,1.75,205,3.41667,6.96,0,0,0,0,0,0,0,0,180,119,1e-04,1e-04,3e-04,6e-04,0.001,0.0017,0.0023,0.0018,2.63,0,0
2025-12-20 21:23:06,0,0,29.94,0,1,3447,57.45,49,0.816667,206,3.43333,0.73,0,0,0,0,0,0,0,0,196,112,0,0,0,1e-04,1e-04,2e-04,3e-04,2e-04,0.07,0,0
2025-12-20 21:24:06,0,0,29.62,0,16,1205,20.0833,12,0.2,94,1.56667,8.11,0,0,0,0,0,0,0,0,202,151,1e-04,2e-04,2e-04,7e-04,0.0012,0.002,0.0025,0.0014,3.11,0,0
2025-12-20 21:25:06,0,0,29.81,0,16,791,13.1833,2,0.0333333,74,1.23333,7.52,0,0,0,0,0,0,0,0,211,160,1e-04,2e-04,2e-04,7e-04,0.0011,0.0018,0.0023,0.0012,2.8,0,0
2025-12-20 21:26:06,0,0,29.19,0,16,108,1.8,0,0,12,0.2,7.67,0,0,0,0,0,0,0,0,211,166,1e-04,2e-04,2e-04,7e-04,0.0012,0.0018,0.0024,0.0013,2.9,0,0
2025-12-20 21:27:06,0,0,29.06,0,16,45,0.75,0,0,4,0.0666667,7.96,0,0,0,0,0,0,0,0,214,170,1e-04,2e-04,2e-04,7e-04,0.0012,0.0019,0.0024,0.0013,3.32,0,0
2025-12-20 21:28:06,0,0,29.12,0,16,121,2.01667,0,0,16,0.266667,7.78,0,0,0,0,0,0,0,0,213,168,1e-04,2e-04,2e-04,7e-04,0.0012,0.0019,0.0024,0.0012,3.15,0,0
2025-12-20 21:29:06,0,0,29.69,0,16,433,7.21667,3,0.05,38,0.633333,6.11,0,0,0,0,0,0,0,0,201,152,0,2e-04,2e-04,5e-04,9e-04,0.0015,0.0019,0.001,2.2,0,0
2025-12-20 21:30:06,0,0,30,0,16,183,3.05,0,0,18,0.3,3.44,0,0,0,0,0,0,0,0,176,124,0,1e-04,0,3e-04,5e-04,8e-04,0.0011,6e-04,0.86,0,0
2025-12-20 21:31:06,0,0,30.12,0,16,273,4.55,0,0,26,0.433333,5.56,0,0,0,0,0,0,0,0,204,152,0,1e-04,1e-04,5e-04,8e-04,0.0013,0.0017,9e-04,2.03,0,0
2025-12-20 21:32:06,0,0,30.31,0,8,6665,111.083,204,3.4,334,5.56667,7.49,0,0,0,0,0,0,0,0,226,175,1e-04,2e-04,2e-04,6e-04,0.0012,0.0018,0.0021,0.0012,2.75,0,0
2025-12-20 21:33:06,0,0,30.88,0,1,2242,37.3667,14,0.233333,159,2.65,0,0,0,0,0,0,0,0,0,151,100,0,0,0,0,0,0,0,0,0,0,0
2025-12-20 21:34:06,0,0,30.94,0,1,7468,124.467,182,3.03333,414,6.9,0,0,0,0,0,0,0,0,0,158,129,0,0,0,0,0,0,0,0,0,0,0
2025-12-20 21:35:06,0,0,30.81,0,16,1799,29.9833,47,0.783333,102,1.7,0,0,0,0,0,0,0,0,0,224,168,0,0,0,0,0,0,0,0,0,0,0
2025-12-20 21:36:06,0,0,30.88,0,1,1268,21.1333,20,0.333333,107,1.78333,0,0,0,0,0,0,0,0,0,199,163,0,0,0,0,0,0,0,0,0,0,0
2025-12-20 21:37:06,0,0,31.12,0,1,137,2.28333,1,0.0166667,11,0.183333,0,0,0,0,0,0,0,0,0,174,130,0,0,0,0,0,0,0,0,0,0,0
2025-12-20 21:38:06,0,0,31,0,1,3689,61.4833,126,2.1,173,2.88333,0,0,0,0,0,0,0,0,0,190,142,0,0,0,0,0,0,0,0,0,0,0
2025-12-20 21:39:06,0,0,31.25,0,1,594,9.9,4,0.0666667,62,1.03333,0,0,0,0,0,0,0,0,0,157,115,0,0,0,0,0,0,0,0,0,0,0
2025-12-20 21:40:06,0,0,31.12,0,1,5603,93.3833,138,2.3,362,6.03333,0,0,0,0,0,0,0,0,0,217,161,1e-04,1e-04,1e-04,1e-04,0,1e-04,1e-04,1e-04,0,0,0
2025-12-20 21:41:06,0,0,31.38,0,1,5683,94.7167,133,2.21667,443,7.38333,0,0,0,0,0,0,0,0,0,165,115,0,0,0,0,0,0,0,0,0,0,0
2025-12-20 21:42:06,0,0,31.44,0,16,3768,62.8,45,0.75,416,6.93333,0,0,0,0,0,0,0,0,0,182,105,0,0,0,0,0,0,0,0,0,0,0
2025-12-20 21:43:06,0,0,31.44,0,1,4617,76.95,103,1.71667,402,6.7,0,0,0,0,0,0,0,0,0,230,176,0,0,0,0,0,0,0,0,0,0,0
2025-12-20 21:44:06,0,0,31.44,0,1,6974,116.233,200,3.33333,428,7.13333,0,0,0,0,0,0,0,0,0,221,161,0,0,0,0,0,0,0,0,0,0,0
2025-12-20 21:45:06,0,0,31.19,0,8,4620,77,95,1.58333,263,4.38333,0,0,0,0,0,0,0,0,0,204,152,0,0,0,0,0,0,0,0,0,0,0
2025-12-20 21:46:06,0,0,30.88,0,8,7835,130.583,223,3.71667,403,6.71667,0,0,0,0,0,0,0,0,0,219,159,0,0,0,0,0,0,0,0,0,0,0
2025-12-20 21:47:06,0,0,31.06,0,1,7769,129.483,212,3.53333,442,7.36667,0,0,0,0,0,0,0,0,0,158,107,0,0,0,0,0,0,0,0,0,0,0
2025-12-20 21:48:06,0,0,30.75,0,1,5501,91.6833,173,2.88333,261,4.35,54.22,0,0,0,0,0,0,0,0,210,160,7e-04,0.0021,0.002,0.0047,0.0086,0.0126,0.0136,0.0089,25.68,0.02,0
2025-12-20 21:49:06,0,0,30.31,0,1,1486,24.7667,44,0.733333,71,1.18333,42.58,0,0,0,0,0,0,0,0,200,151,5e-04,0.0016,0.0016,0.0038,0.0067,0.0099,0.0109,0.0074,20.38,0.02,0
2025-12-20 21:50:06,0,0,30.25,0,8,2886,48.1,77,1.28333,185,3.08333,58.42,0,0,0,0,0,0,0,0,210,156,7e-04,0.0022,0.0022,0.005,0.0093,0.0136,0.0147,0.0097,27.37,0.02,0
2025-12-20 21:51:06,0,0,30,0,1,3389,56.4833,58,0.966667,229,3.81667,29.2,0,0,0,0,0,0,0,0,211,156,3e-04,0.001,0.001,0.0024,0.0046,0.007,0.0078,0.0053,12.6,0.01,0
2025-12-20 21:52:06,0,0,29.94,0,16,4692,78.2,132,2.2,255,4.25,45.79,0,0,0,0,0,0,0,0,187,137,6e-04,0.0017,0.0016,0.0038,0.0073,0.0108,0.0117,0.0074,20.68,0.02,0
2025-12-20 21:53:06,0,0,29.81,0,1,794,13.2333,15,0.25,57,0.95,5.24,0,0,0,0,0,0,0,0,209,142,0,2e-04,1e-04,5e-04,8e-04,0.0012,0.0016,8e-04,2.03,0,0
2025-12-20 21:54:06,0,0,29.75,0,1,848,14.1333,8,0.133333,59,0.983333,1.6,0,0,0,0,0,0,0,0,193,121,0,0,0,2e-04,3e-04,3e-04,5e-04,2e-04,0.43,0,0
2025-12-20 21:55:06,0,0,29.75,0,1,1109,18.4833,20,0.333333,76,1.26667,3.84,0,0,0,0,0,0,0,0,193,144,0,1e-04,1e-04,4e-04,6e-04,8e-04,0.0012,5e-04,1.38,0,0
2025-12-20 21:56:06,0,0,29.5,0,16,0,0,0,0,0,0,8.22,0,0,0,0,0,0,0,0,196,148,1e-04,2e-04,2e-04,7e-04,0.0012,0.002,0.0025,0.0014,3,0,0
2025-12-20 21:57:06,0,0,29.69,0,16,379,6.31667,1,0.0166667,31,0.516667,8.88,0,0,0,0,0,0,0,0,190,142,1e-04,3e-04,3e-04,8e-04,0.0014,0.0022,0.0027,0.0015,3.43,0,0
2025-12-20 21:58:06,0,0,29.88,0,16,239,3.98333,0,0,12,0.2,8.76,0,0,0,0,0,0,0,0,188,140,1e-04,2e-04,2e-04,7e-04,0.0013,0.0022,0.0026,0.0015,3.15,0,0
2025-12-20 21:59:06,0,0,30,0,16,164,2.73333,0,0,10,0.166667,8.7,0,0,0,0,0,0,0,0,179,132,1e-04,2e-04,2e-04,7e-04,0.0013,0.0022,0.0026,0.0015,3.08,0,0
2025-12-20 22:00:06,0,0,30,0,16,730,12.1667,0,0,75,1.25,8.9,0,0,0,0,0,0,0,0,188,138,1e-04,2e-04,2e-04,8e-04,0.0014,0.0022,0.0027,0.0016,3.25,0,0
2025-12-20 22:01:06,0,0,29.94,0,16,274,4.56667,0,0,22,0.366667,8.98,0,0,0,0,0,0,0,0,171,122,1e-04,2e-04,2e-04,8e-04,0.0014,0.0022,0.0028,0.0016,3.36,0,0
2025-12-20 22:02:06,0,0,30.38,0,16,744,12.4,7,0.116667,71,1.18333,9.48,0,0,0,0,0,0,0,0,153,129,1e-04,3e-04,3e-04,8e-04,0.0014,0.0023,0.0029,0.0017,3.73,0,0
2025-12-20 22:03:06,0,0,30.44,0,16,478,7.96667,2,0.0333333,41,0.683333,8.87,0,0,0,0,0,0,0,0,185,132,1e-04,2e-04,2e-04,8e-04,0.0014,0.0022,0.0027,0.0015,3.15,0,0
2025-12-20 22:04:06,0,0,30.5,0,16,729,12.15,4,0.0666667,71,1.18333,8.64,0,0,0,0,0,0,0,0,161,110,1e-04,2e-04,2e-04,7e-04,0.0013,0.0021,0.0026,0.0015,3.14,0,0
2025-12-20 22:05:06,0,0,30.38,0,16,827,13.7833,8,0.133333,79,1.31667,9.1,0,0,0,0,0,0,0,0,144,102,1e-04,2e-04,2e-04,8e-04,0.0014,0.0022,0.0027,0.0016,3.27,0,0
2025-12-20 22:06:06,0,0,30.44,0,16,832,13.8667,6,0.1,90,1.5,9.41,0,0,0,0,0,0,0,0,150,120,1e-04,2e-04,3e-04,8e-04,0.0014,0.0023,0.0028,0.0016,3.68,0,0
2025-12-20 22:07:06,0,0,30.25,0,16,879,14.65,2,0.0333333,77,1.28333,9.29,0,0,0,0,0,0,0,0,155,119,1e-04,2e-04,2e-04,8e-04,0.0014,0.0023,0.0028,0.0016,3.39,0,0
2025-12-20 22:08:06,0,0,30.25,0,16,1015,16.9167,10,0.166667,95,1.58333,8.81,0,0,0,0,0,0,0,0,169,111,1e-04,2e-04,2e-04,7e-04,0.0013,0.0022,0.0026,0.0015,3.11,0,0
2025-12-20 22:09:06,0,0,30.5,0,16,855,14.25,3,0.05,86,1.43333,9.33,0,0,0,0,0,0,0,0,156,108,1e-04,2e-04,2e-04,8e-04,0.0014,0.0023,0.0028,0.0016,3.3,0,0
2025-12-20 22:10:06,0,0,30.44,0,16,826,13.7667,4,0.0666667,86,1.43333,9.07,0,0,0,0,0,0,0,0,149,114,1e-04,2e-04,3e-04,8e-04,0.0014,0.0023,0.0027,0.0016,3.3,0,0
2025-12-20 22:11:06,0,0,30.12,0,16,690,11.5,5,0.0833333,57,0.95,8.82,0,0,0,0,0,0,0,0,198,144,1e-04,2e-04,2e-04,7e-04,0.0013,0.0022,0.0027,0.0015,3.13,0,0
2025-12-20 22:12:06,0,0,30.12,0,16,410,6.83333,0,0,36,0.6,9.19,0,0,0,0,0,0,0,0,195,145,1e-04,3e-04,3e-04,8e-04,0.0014,0.0022,0.0028,0.0015,3.53,0,0
2025-12-20 22:13:06,0,0,30.19,0,16,100,1.66667,0,0,7,0.116667,8.57,0,0,0,0,0,0,0,0,193,142,1e-04,2e-04,2e-04,7e-04,0.0013,0.0021,0.0026,0.0015,3.07,0,0
2025-12-20 22:14:06,0,0,30.25,0,16,479,7.98333,0,0,37,0.616667,9.03,0,0,0,0,0,0,0,0,195,140,1e-04,3e-04,3e-04,8e-04,0.0014,0.0022,0.0027,0.0015,3.47,0,0
2025-12-20 22:15:06,0,0,30.5,0,1,769,12.8167,7,0.116667,62,1.03333,4.83,0,0,0,0,0,0,0,0,195,108,0,1e-04,1e-04,4e-04,7e-04,0.0012,0.0015,8e-04,1.73,0,0
2025-12-20 22:16:06,0,0,30.44,0,16,3173,52.8833,44,0.733333,245,4.08333,0.1,0,0,0,0,0,0,0,0,157,108,0,0,0,0,0,0,1e-04,0,0.05,0,0
2025-12-20 22:17:06,0,0,30.38,0,16,610,10.1667,1,0.0166667,56,0.933333,0.73,0,0,0,0,0,0,0,0,163,111,0,0,0,1e-04,1e-04,1e-04,3e-04,0,0.29,0,0
2025-12-20 22:18:06,0,0,30.44,0,16,1011,16.85,5,0.0833333,74,1.23333,0.39,0,0,0,0,0,0,0,0,172,112,0,0,0,0,1e-04,1e-04,2e-04,0,0,0,0
2025-12-20 22:19:06,0,0,30.19,0,16,873,14.55,3,0.05,83,1.38333,0.78,0,0,0,0,0,0,0,0,157,107,0,0,0,1e-04,1e-04,1e-04,3e-04,0,0.29,0,0
2025-12-20 22:20:06,0,0,30.19,0,16,624,10.4,0,0,74,1.23333,0.69,0,0,0,0,0,0,0,0,155,105,0,0,0,1e-04,1e-04,1e-04,3e-04,0,0.1,0,0
2025-12-20 22:21:06,0,0,30.25,0,16,659,10.9833,0,0,73,1.21667,0.54,0,0,0,0,0,0,0,0,161,116,0,0,0,1e-04,1e-04,0,2e-04,0,0.12,0,0
2025-12-20 22:22:06,0,0,30.38,0,16,1412,23.5333,11,0.183333,130,2.16667,0.21,0,0,0,0,0,0,0,0,161,106,0,0,0,0,1e-04,0,1e-04,0,0.02,0,0
2025-12-20 22:23:06,0,0,30.44,0,16,1355,22.5833,10,0.166667,136,2.26667,0.58,0,0,0,0,0,0,0,0,158,118,0,0,0,1e-04,1e-04,1e-04,3e-04,0,0.15,0,0
2025-12-20 22:24:06,0,0,30.44,0,16,1059,17.65,7,0.116667,112,1.86667,0.67,0,0,0,0,0,0,0,0,167,109,0,0,0,1e-04,1e-04,1e-04,2e-04,0,0.07,0,0
2025-12-20 22:25:06,0,0,30.12,0,16,1991,33.1833,50,0.833333,139,2.31667,0.46,0,0,0,0,0,0,0,0,200,140,0,0,0,1e-04,1e-04,0,2e-04,0,0.14,0,0
2025-12-20 22:26:06,0,0,30.25,0,16,740,12.3333,5,0.0833333,64,1.06667,0.53,0,0,0,0,0,0,0,0,210,156,0,0,0,1e-04,1e-04,0,2e-04,0,0.12,0,0
2025-12-20 22:27:06,0,0,29.81,0,16,818,13.6333,1,0.0166667,85,1.41667,0.4,0,0,0,0,0,0,0,0,215,164,0,0,0,1e-04,1e-04,0,2e-04,0,0.05,0,0
2025-12-20 22:28:06,0,0,30.19,0,16,850,14.1667,2,0.0333333,73,1.21667,0.48,0,0,0,0,0,0,0,0,205,154,0,0,0,1e-04,1e-04,0,2e-04,0,0.07,0,0
2025-12-20 22:29:06,0,0,30.19,0,16,591,9.85,2,0.0333333,46,0.766667,0.62,0,0,0,0,0,0,0,0,194,150,0,0,0,1e-04,1e-04,1e-04,2e-04,0,0.23,0,0
2025-12-20 22:30:06,0,0,30,0,16,776,12.9333,0,0,88,1.46667,0.72,0,0,0,0,0,0,0,0,183,132,0,0,0,1e-04,1e-04,1e-04,3e-04,0,0.21,0,0
2025-12-20 22:31:06,0,0,30.44,0,16,1260,21,17,0.283333,110,1.83333,0.27,0,0,0,0,0,0,0,0,163,116,0,0,0,0,1e-04,0,1e-04,0,0.04,0,0
2025-12-20 22:32:06,0,0,30.31,0,16,918,15.3,4,0.0666667,91,1.51667,0.65,0,0,0,0,0,0,0,0,183,128,0,0,0,1e-04,1e-04,1e-04,2e-04,0,0.32,0,0
2025-12-20 22:33:06,0,0,30.94,0,16,2491,41.5167,49,0.816667,173,2.88333,0.37,0,0,0,0,0,0,0,0,179,113,0,0,0,1e-04,1e-04,0,1e-04,0,0.2,0,0
2025-12-20 22:34:06,0,0,30.44,0,16,1284,21.4,19,0.316667,117,1.95,0.61,0,0,0,0,0,0,0,0,204,160,0,0,0,1e-04,1e-04,1e-04,3e-04,0,0.1,0,0
2025-12-20 22:35:06,0,0,30.44,0,16,1250,20.8333,2,0.0333333,152,2.53333,0.77,0,0,0,0,0,0,0,0,156,140,0,0,0,1e-04,2e-04,1e-04,3e-04,0,0.1,0,0
2025-12-20 22:36:06,0,0,30.12,0,16,2910,48.5,102,1.7,151,2.51667,0.81,0,0,0,0,0,0,0,0,155,111,0,0,0,1e-04,2e-04,1e-04,3e-04,0,0.25,0,0
2025-12-20 22:37:06,0,0,30.19,0,16,909,15.15,8,0.133333,64,1.06667,0.19,0,0,0,0,0,0,0,0,163,113,0,0,0,0,0,0,1e-04,0,0.06,0,0
2025-12-20 22:38:06,0,0,30.25,0,16,267,4.45,1,0.0166667,21,0.35,0.26,0,0,0,0,0,0,0,0,166,110,0,0,0,0,1e-04,0,1e-04,0,0.05,0,0
2025-12-20 22:39:06,0,0,30.56,0,16,628,10.4667,3,0.05,46,0.766667,0.73,0,0,0,0,0,0,0,0,164,110,0,0,0,1e-04,1e-04,1e-04,3e-04,0,0.28,0,0
2025-12-20 22:40:06,0,0,30.62,0,16,374,6.23333,0,0,36,0.6,0.89,0,0,0,0,0,0,0,0,159,108,0,0,0,1e-04,2e-04,1e-04,3e-04,0,0.35,0,0
2025-12-20 22:41:06,0,0,30.62,0,16,2597,43.2833,46,0.766667,192,3.2,0.35,0,0,0,0,0,0,0,0,165,108,0,0,0,0,1e-04,0,2e-04,0,0.03,0,0
2025-12-20 22:42:06,0,0,30.31,0,16,3844,64.0667,92,1.53333,239,3.98333,0.17,0,0,0,0,0,0,0,0,210,153,0,0,0,0,0,0,1e-04,0,0.07,0,0
2025-12-20 22:43:06,0,0,30.12,0,16,519,8.65,4,0.0666667,40,0.666667,0.29,0,0,0,0,0,0,0,0,204,158,0,0,0,0,1e-04,0,2e-04,0,0.01,0,0
2025-12-20 22:44:06,0,0,30.12,0,16,1277,21.2833,15,0.25,123,2.05,1.04,0,0,0,0,0,0,0,0,184,118,0,0,0,1e-04,2e-04,1e-04,4e-04,0,0.32,0,0
2025-12-20 22:45:06,0,0,30.5,0,1,0,0,0,0,0,0,0.39,0,0,0,0,0,0,0,0,182,112,0,0,0,1e-04,1e-04,0,2e-04,0,0.04,0,0
2025-12-20 22:46:06,0,0,30.19,0,16,136,2.26667,0,0,11,0.183333,0.61,0,0,0,0,0,0,0,0,206,156,0,0,0,1e-04,1e-04,1e-04,3e-04,0,0.11,0,0
2025-12-20 22:47:06,0,0,30.06,0,16,62,1.03333,0,0,5,0.0833333,0.59,0,0,0,0,0,0,0,0,207,156,0,0,0,1e-04,1e-04,1e-04,2e-04,0,0.16,0,0
2025-12-20 22:48:06,0,0,30,0,16,0,0,0,0,0,0,0.61,0,0,0,0,0,0,0,0,204,156,0,0,0,1e-04,1e-04,1e-04,2e-04,0,0.15,0,0
2025-12-20 22:49:06,0,0,29.94,0,16,37,0.616667,0,0,1,0.0166667,0.6,0,0,0,0,0,0,0,0,206,157,0,0,0,1e-04,1e-04,1e-04,2e-04,0,0.07,0,0
2025-12-20 22:50:06,0,0,29.94,0,16,5,0.0833333,0,0,1,0.0166667,0.43,0,0,0,0,0,0,0,0,208,157,0,0,0,1e-04,1e-04,1e-04,3e-04,0,0.04,0,0
2025-12-20 22:51:06,0,0,29.81,0,16,3,0.05,0,0,0,0,0.42,0,0,0,0,0,0,0,0,207,156,0,0,0,0,1e-04,1e-04,3e-04,0,0,0,0
2025-12-20 22:52:06,0,0,29.81,0,16,0,0,0,0,0,0,0.42,0,0,0,0,0,0,0,0,210,158,0,0,0,0,1e-04,0,2e-04,0,0,0,0
2025-12-20 22:53:06,0,0,29.81,0,16,0,0,0,0,0,0,0.43,0,0,0,0,0,0,0,0,209,160,0,0,0,0,1e-04,1e-04,2e-04,0,0,0,0
2025-12-20 22:54:06,0,0,29.81,0,16,21,0.35,0,0,2,0.0333333,0.4,0,0,0,0,0,0,0,0,208,159,0,0,0,0,1e-04,0,2e-04,0,0,0,0
2025-12-20 22:55:06,0,0,29.88,0,16,38,0.633333,0,0,3,0.05,0.4,0,0,0,0,0,0,0,0,207,161,0,0,0,1e-04,1e-04,0,2e-04,0,0.04,0,0
2025-12-20 22:56:06,0,0,30,0,16,0,0,0,0,0,0,0.53,0,0,0,0,0,0,0,0,207,161,0,0,0,1e-04,1e-04,1e-04,2e-04,0,0.09,0,0
2025-12-20 22:57:06,0,0,30.12,0,16,426,7.1,11,0.183333,15,0.25,0.69,0,0,0,0,0,0,0,0,199,140,0,0,0,1e-04,1e-04,1e-04,3e-04,0,0.09,0,0
2025-12-20 22:58:06,0,0,30.19,0,16,868,14.4667,6,0.1,69,1.15,0.89,0,0,0,0,0,0,0,0,203,150,0,0,0,1e-04,2e-04,1e-04,3e-04,0,0.22,0,0
2025-12-20 22:59:06,0,0,30.25,0,16,376,6.26667,0,0,33,0.55,2.96,0,0,0,0,0,0,0,0,199,146,0,2e-04,1e-04,4e-04,5e-04,3e-04,0.001,1e-04,1.82,0,0
2025-12-20 23:00:06,0,0,30.44,0,4,771,12.85,14,0.233333,56,0.933333,4.5,0,0,0,0,0,0,0,0,225,165,0,3e-04,2e-04,6e-04,7e-04,5e-04,0.0015,2e-04,3.1,0,0
2025-12-20 23:01:06,0,0,30.19,0,4,342,5.7,2,0.0333333,22,0.366667,1.29,0,0,0,0,0,0,0,0,227,166,0,1e-04,0,1e-04,2e-04,2e-04,5e-04,1e-04,0.56,0,0
2025-12-20 23:02:06,0,0,30.12,0,4,179,2.98333,0,0,18,0.3,0.68,0,0,0,0,0,0,0,0,217,158,0,0,0,1e-04,1e-04,1e-04,2e-04,0,0.14,0,0
2025-12-20 23:03:06,0,0,30.25,0,16,700,11.6667,13,0.216667,46,0.766667,0.66,0,0,0,0,0,0,0,0,163,108,0,0,0,1e-04,1e-04,1e-04,3e-04,0,0.14,0,0
2025-12-20 23:04:06,0,0,30.62,0,16,1723,28.7167,48,0.8,106,1.76667,0.95,0,0,0,0,0,0,0,0,195,142,0,0,0,1e-04,2e-04,1e-04,3e-04,0,0.34,0,0
2025-12-20 23:05:06,0,0,31.06,0,16,969,16.15,23,0.383333,63,1.05,0.34,0,0,0,0,0,0,0,0,182,130,0,0,0,0,1e-04,0,1e-04,0,0,0,0
2025-12-20 23:06:06,0,0,30.75,0,16,2514,41.9,72,1.2,180,3,0.65,0,0,0,0,0,0,0,0,214,158,0,0,0,1e-04,1e-04,1e-04,2e-04,0,0.26,0,0
2025-12-20 23:07:06,0,0,30.69,0,1,615,10.25,12,0.2,49,0.816667,0.26,0,0,0,0,0,0,0,0,196,138,0,0,0,0,1e-04,0,1e-04,0,0,0,0
2025-12-20 23:08:06,0,0,30.56,0,1,0,0,0,0,0,0,0.26,0,0,0,0,0,0,0,0,189,128,0,0,0,0,1e-04,0,1e-04,0,0.02,0,0
2025-12-20 23:09:06,0,0,30.5,0,1,757,12.6167,19,0.316667,68,1.13333,0.47,0,0,0,0,0,0,0,0,201,148,0,0,0,1e-04,1e-04,0,2e-04,0,0.04,0,0
2025-12-20 23:10:06,0,0,30.25,0,16,1187,19.7833,15,0.25,130,2.16667,1.33,0,0,0,0,0,0,0,0,222,162,0,1e-04,0,2e-04,2e-04,2e-04,5e-04,0,0.52,0,0
2025-12-20 23:11:06,0,0,30.38,0,1,636,10.6,13,0.216667,52,0.866667,1.25,0,0,0,0,0,0,0,0,200,151,0,0,0,2e-04,2e-04,1e-04,5e-04,1e-04,0.43,0,0
2025-12-20 23:12:06,0,0,30.56,0,16,649,10.8167,12,0.2,48,0.8,0.43,0,0,0,0,0,0,0,0,176,136,0,0,0,0,1e-04,0,2e-04,0,0.03,0,0
2025-12-20 23:13:06,0,0,30.5,0,16,0,0,0,0,0,0,0.49,0,0,0,0,0,0,0,0,170,132,0,0,0,0,1e-04,1e-04,2e-04,0,0.06,0,0
2025-12-20 23:14:06,0,0,30.38,0,16,431,7.18333,6,0.1,45,0.75,0.91,0,0,0,0,0,0,0,0,160,114,0,0,0,1e-04,2e-04,1e-04,3e-04,0,0.33,0,0
2025-12-20 23:15:06,0,0,30.19,0,16,461,7.68333,2,0.0333333,42,0.7,1.29,0,0,0,0,0,0,0,0,201,152,0,0,0,1e-04,2e-04,1e-04,5e-04,0,0.47,0,0
2025-12-20 23:16:06,0,0,30,0,1,746,12.4333,6,0.1,51,0.85,0.84,0,0,0,0,0,0,0,0,208,156,0,0,0,1e-04,2e-04,1e-04,3e-04,0,0.26,0,0
2025-12-20 23:17:06,0,0,30.06,0,4,1200,20,10,0.166667,104,1.73333,0.05,0,0,0,0,0,0,0,0,206,154,0,0,0,0,0,0,1e-04,0,0,0,0
2025-12-20 23:18:06,0,0,30.25,0,4,2888,48.1333,65,1.08333,201,3.35,1.03,0,0,0,0,0,0,0,0,220,162,0,0,0,1e-04,2e-04,1e-04,4e-04,0,0.5,0,0
2025-12-20 23:19:06,0,0,30.25,0,4,1882,31.3667,17,0.283333,160,2.66667,0.56,0,0,0,0,0,0,0,0,163,114,0,0,0,1e-04,1e-04,1e-04,2e-04,0,0.23,0,0
2025-12-20 23:20:06,0,0,30.19,0,16,671,11.1833,18,0.3,56,0.933333,1.1,0,0,0,0,0,0,0,0,224,164,0,0,0,2e-04,2e-04,1e-04,4e-04,0,0.46,0,0
2025-12-20 23:21:06,0,0,30.12,0,16,346,5.76667,7,0.116667,25,0.416667,0.99,0,0,0,0,0,0,0,0,193,138,0,0,0,1e-04,2e-04,1e-04,4e-04,0,0.23,0,0
2025-12-20 23:22:06,0,0,30.25,0,16,1374,22.9,19,0.316667,130,2.16667,0.66,0,0,0,0,0,0,0,0,206,153,0,0,0,1e-04,1e-04,1e-04,3e-04,0,0.14,0,0
2025-12-20 23:23:06,0,0,30.06,0,32,3036,50.6,46,0.766667,208,3.46667,0,0,0,0,0,0,0,0,0,224,174,0,0,0,0,0,0,0,0,0,0,0
2025-12-20 23:24:06,0,0,30.44,0,1,7272,121.2,217,3.61667,430,7.16667,5.25,0,0,0,0,0,0,0,0,209,156,0,1e-04,2e-04,4e-04,8e-04,0.0013,0.0014,9e-04,1.88,0,0
2025-12-20 23:25:06,0,0,30.19,0,8,8589,143.15,258,4.3,452,7.53333,5.71,0,0,0,0,0,0,0,0,194,146,1e-04,1e-04,2e-04,5e-04,9e-04,0.0015,0.0015,9e-04,2.03,0,0
2025-12-20 23:26:06,0,0,30.62,0,1,4486,74.7667,91,1.51667,276,4.6,0,0,0,0,0,0,0,0,0,166,125,0,0,0,0,0,0,0,0,0,0,0
2025-12-20 23:27:06,0,0,30.81,0,1,3831,63.85,35,0.583333,221,3.68333,0,0,0,0,0,0,0,0,0,158,116,0,0,0,0,0,0,0,0,0,0,0
2025-12-20 23:28:06,0,0,30.56,0,1,4275,71.25,51,0.85,288,4.8,0,0,0,0,0,0,0,0,0,193,147,0,0,0,0,0,0,0,0,0,0,0
2025-12-20 23:29:06,0,0,30.75,0,1,4633,77.2167,50,0.833333,269,4.48333,0,0,0,0,0,0,0,0,0,195,137,0,0,0,0,0,0,0,0,0,0,0
2025-12-20 23:30:06,0,0,30.44,0,1,7084,118.067,176,2.93333,444,7.4,0,0,0,0,0,0,0,0,0,160,124,0,0,0,0,0,0,0,0,0,0,0
2025-12-20 23:31:06,0,0,30.31,0,1,7903,131.717,238,3.96667,427,7.11667,11.77,0,0,0,0,0,0,0,0,209,149,1e-04,4e-04,4e-04,0.001,0.0018,0.0029,0.0031,0.0019,5.06,0,0
2025-12-20 23:32:06,0,0,30.19,0,1,1352,22.5333,26,0.433333,103,1.71667,30.85,0,0,0,0,0,0,0,0,191,140,3e-04,9e-04,0.001,0.0025,0.0048,0.0077,0.0083,0.005,12.37,0.01,0
2025-12-20 23:33:06,0,0,30.25,0,8,6433,107.217,137,2.28333,500,8.33333,26.19,0,0,0,0,0,0,0,0,175,138,3e-04,7e-04,9e-04,0.0021,0.0041,0.0066,0.0071,0.0043,10.31,0.01,0
2025-12-20 23:34:06,0,0,30.19,0,8,10497,174.95,326,5.43333,608,10.1333,27.7,0,0,0,0,0,0,0,0,217,159,3e-04,7e-04,9e-04,0.0022,0.0043,0.007,0.0075,0.0046,10.41,0.01,0
2025-12-20 23:35:06,0,0,29.88,0,1,8860,147.667,259,4.31667,479,7.98333,8.24,0,0,0,0,0,0,0,0,221,160,1e-04,2e-04,2e-04,6e-04,0.0013,0.0021,0.0023,0.0014,2.79,0,0
2025-12-20 23:36:06,0,0,29.75,0,8,9594,159.9,277,4.61667,515,8.58333,5.18,0,0,0,0,0,0,0,0,200,148,1e-04,1e-04,2e-04,5e-04,8e-04,0.0013,0.0014,9e-04,2.21,0,0
2025-12-20 23:37:06,0,0,29.62,0,8,9833,163.883,324,5.4,534,8.9,1.26,0,0,0,0,0,0,0,0,209,152,0,0,0,1e-04,2e-04,3e-04,4e-04,3e-04,0.09,0,0
2025-12-20 23:38:06,0,0,29.31,0,16,12608,210.133,488,8.13333,583,9.71667,3.46,0,0,0,0,0,0,0,0,216,153,0,0,0,2e-04,6e-04,0.001,0.0011,8e-04,0.26,0,0
2025-12-20 23:39:06,0,0,29.19,0,16,5431,90.5167,123,2.05,333,5.55,1.62,0,0,0,0,0,0,0,0,186,119,0,0,0,1e-04,3e-04,4e-04,5e-04,4e-04,0.1,0,0
2025-12-20 23:40:06,0,0,28.81,0,1,3663,61.05,62,1.03333,233,3.88333,2.66,0,0,0,0,0,0,0,0,206,150,0,0,0,1e-04,4e-04,8e-04,9e-04,7e-04,0.19,0,0
2025-12-20 23:41:06,0,0,28.88,0,1,4323,72.05,72,1.2,258,4.3,2.59,0,0,0,0,0,0,0,0,217,147,0,0,0,1e-04,4e-04,8e-04,9e-04,7e-04,0,0,0
2025-12-20 23:42:06,0,0,28.94,0,1,3064,51.0667,43,0.716667,229,3.81667,3.06,0,0,0,0,0,0,0,0,219,161,0,0,0,2e-04,5e-04,9e-04,0.001,8e-04,0.15,0,0
2025-12-20 23:43:06,0,0,29.19,0,16,10024,167.067,344,5.73333,503,8.38333,1.96,0,0,0,0,0,0,0,0,168,105,0,0,0,1e-04,3e-04,5e-04,7e-04,5e-04,0.08,0,0
2025-12-20 23:44:06,0,0,29.19,0,16,6272,104.533,154,2.56667,397,6.61667,3.12,0,0,0,0,0,0,0,0,197,144,0,0,0,2e-04,5e-04,9e-04,0.0011,8e-04,0.13,0,0
2025-12-20 23:45:06,0,0,29.25,0,16,6294,104.9,149,2.48333,301,5.01667,3.21,0,0,0,0,0,0,0,0,215,155,0,0,0,2e-04,5e-04,9e-04,0.0011,8e-04,0.41,0,0
2025-12-20 23:46:06,0,0,29.25,0,16,12403,206.717,411,6.85,526,8.76667,2.9,0,0,0,0,0,0,0,0,210,146,0,0,0,2e-04,5e-04,8e-04,0.001,7e-04,0.44,0,0
2025-12-20 23:47:06,0,0,29,0,2,7804,130.067,259,4.31667,362,6.03333,2.67,0,0,0,0,0,0,0,0,202,153,0,0,0,1e-04,4e-04,8e-04,9e-04,7e-04,0.1,0,0
2025-12-20 23:48:06,0,0,29.06,0,2,6701,111.683,202,3.36667,327,5.45,3.92,0,0,0,0,0,0,0,0,208,167,0,0,1e-04,3e-04,6e-04,0.001,0.0012,9e-04,0.87,0,0
2025-12-20 23:49:06,0,0,29.06,0,2,2330,38.8333,61,1.01667,137,2.28333,0.97,0,0,0,0,0,0,0,0,174,138,0,0,0,1e-04,2e-04,3e-04,3e-04,3e-04,0.13,0,0
2025-12-20 23:50:06,0,0,28.69,0,16,3600,60,109,1.81667,161,2.68333,3.06,0,0,0,0,0,0,0,0,227,176,0,0,0,2e-04,5e-04,9e-04,0.001,8e-04,0.18,0,0
2025-12-20 23:51:06,0,0,28.94,0,16,2842,47.3667,74,1.23333,147,2.45,4.1,0,0,0,0,0,0,0,0,204,150,0,0,1e-04,3e-04,7e-04,0.0011,0.0013,9e-04,0.8,0,0
2025-12-20 23:52:06,0,0,28.5,0,2,1475,24.5833,22,0.366667,87,1.45,1.8,0,0,0,0,0,0,0,0,235,182,0,0,0,1e-04,3e-04,5e-04,6e-04,5e-04,0.05,0,0
2025-12-20 23:53:06,0,0,28.44,0,2,1207,20.1167,27,0.45,69,1.15,0.73,0,0,0,0,0,0,0,0,193,148,0,0,0,0,1e-04,2e-04,3e-04,2e-04,0,0,0
2025-12-20 23:54:06,0,0,28.88,0,16,206,3.43333,3,0.05,8,0.133333,1.44,0,0,0,0,0,0,0,0,217,160,0,0,0,1e-04,2e-04,4e-04,5e-04,4e-04,0,0,0
2025-12-20 23:55:06,0,0,28.88,0,16,746,12.4333,16,0.266667,60,1,2.18,0,0,0,0,0,0,0,11,208,162,0,0,0,1e-04,4e-04,6e-04,8e-04,6e-04,0.01,0,0
2025-12-20 23:56:06,0,0,29,0,16,814,13.5667,21,0.35,46,0.766667,2.84,0,0,0,0,0,0,0,11,190,128,0,0,0,2e-04,5e-04,8e-04,9e-04,7e-04,0.25,0,0
2025-12-20 23:57:06,0,0,28.5,0,16,871,14.5167,16,0.266667,57,0.95,2.25,0,0,0,0,0,0,0,11,227,163,0,0,0,1e-04,4e-04,6e-04,7e-04,6e-04,0.13,0,0
2025-12-20 23:58:06,0,0,28.69,0,2,323,5.38333,5,0.0833333,28,0.466667,1.81,0,0,0,0,0,0,0,1,199,151,0,0,0,1e-04,3e-04,5e-04,6e-04,6e-04,0,0,1
2025-12-20 23:59:06,0,0,29.75,0,1,0,0,0,0,0,0,3.16,0,0,0,0,0,0,0,1,185,140,0,0,0,2e-04,5e-04,9e-04,0.0011,8e-04,0.12,0,1
2025-12-21 00:00:06,0,0,29.88,0,1,20,0.333333,0,0,2,0.0333333,3.09,0,0,0,0,0,0,0,1,181,135,0,0,0,2e-04,5e-04,9e-04,0.001,8e-04,0.29,0,1
2025-12-21 00:01:06,0,0,29.88,0,1,0,0,0,0,0,0,3.05,0,0,0,0,0,0,0,1,183,136,0,0,0,2e-04,5e-04,9e-04,0.001,8e-04,0.2,0,1
2025-12-21 00:02:06,0,0,29.81,0,1,0,0,0,0,0,0,3,0,0,0,0,0,0,0,2,183,136,0,0,0,2e-04,5e-04,9e-04,0.001,8e-04,0.15,0,1
2025-12-21 00:03:06,0,0,29.88,0,1,0,0,0,0,0,0,3.03,0,0,0,0,0,0,0,2,178,130,0,0,0,2e-04,5e-04,9e-04,0.001,8e-04,0.21,0,1
2025-12-21 00:04:06,0,0,29.81,0,1,4481,74.6833,125,2.08333,278,4.63333,2.01,0,0,0,0,0,0,0,2,218,150,0,0,0,1e-04,3e-04,6e-04,7e-04,5e-04,0.16,0,1
2025-12-21 00:05:06,0,0,29.69,0,1,5600,93.3333,210,3.5,235,3.91667,0.17,0,0,0,0,0,0,0,2,189,146,0,0,0,0,0,1e-04,1e-04,1e-04,0,0,1
2025-12-21 00:06:06,0,0,30.19,0,1,1294,21.5667,22,0.366667,102,1.7,0,0,0,0,0,0,0,0,2,208,105,0,0,0,0,0,0,0,0,0,0,1
2025-12-21 00:07:06,0,0,30.5,0,1,4074,67.9,126,2.1,188,3.13333,0,0,0,0,0,0,0,0,0,227,162,0,0,0,0,0,0,0,0,0,0,0
2025-12-21 00:08:06,0,0,30.62,0,4,7521,125.35,228,3.8,362,6.03333,0,0,0,0,0,0,0,0,0,223,144,0,0,0,0,0,0,0,0,0,0,0
2025-12-21 00:09:06,0,0,30.5,0,4,5014,83.5667,168,2.8,281,4.68333,0,0,0,0,0,0,0,0,0,183,134,0,0,0,0,0,0,0,0,0,0,0
2025-12-21 00:10:06,0,0,30.31,0,16,903,15.05,21,0.35,48,0.8,0,0,0,0,0,0,0,0,2,196,147,0,0,0,0,0,0,0,0,0,0,1
2025-12-21 00:11:06,0,0,30,0,4,593,9.88333,10,0.166667,32,0.533333,0,0,0,0,0,0,0,0,2,209,158,0,0,0,0,0,0,0,0,0,0,1
2025-12-21 00:12:06,0,0,29.69,0,4,8,0.133333,0,0,2,0.0333333,0,0,0,0,0,0,0,0,2,210,156,0,0,0,0,0,0,0,0,0,0,1
2025-12-21 00:13:06,0,0,29.62,0,4,0,0,0,0,0,0,0,0,0,0,0,0,0,0,2,210,158,0,0,0,0,0,0,0,0,0,0,1
2025-12-21 00:14:06,0,0,29.62,0,4,0,0,0,0,0,0,0,0,0,0,0,0,0,0,1,208,156,0,0,0,0,0,0,0,0,0,0,1
2025-12-21 00:15:06,0,0,29.69,0,4,5,0.0833333,0,0,1,0.0166667,0,0,0,0,0,0,0,0,1,207,154,0,0,0,0,0,0,0,0,0,0,1
2025-12-21 00:16:06,0,0,29.75,0,4,0,0,0,0,0,0,0,0,0,0,0,0,0,0,1,207,154,0,0,0,0,0,0,0,0,0,0,1
2025-12-21 00:17:06,0,0,29.69,0,4,0,0,0,0,0,0,0,0,0,0,0,0,0,0,1,206,154,0,0,0,0,0,0,0,0,0,0,1
2025-12-21 00:18:06,0,0,29.69,0,4,0,0,0,0,0,0,0,0,0,0,0,0,0,0,1,207,154,0,0,0,0,0,0,0,0,0,0,1
2025-12-21 00:19:06,0,0,29.62,0,4,0,0,0,0,0,0,0,0,0,0,0,0,0,0,1,207,154,0,0,0,0,0,0,0,0,0,0,1
2025-12-21 00:20:06,0,0,29.62,0,4,0,0,0,0,0,0,0,0,0,0,0,0,0,0,1,206,153,0,0,0,0,0,0,0,0,0,0,1
2025-12-21 00:21:06,0,0,29.56,0,4,0,0,0,0,0,0,0,0,0,0,0,0,0,0,1,207,154,0,0,0,0,0,0,0,0,0,0,1
2025-12-21 00:22:06,0,0,29.5,0,4,0,0,0,0,0,0,0,0,0,0,0,0,0,0,1,207,154,0,0,0,0,0,0,0,0,0,0,1
2025-12-21 00:23:06,0,0,29.5,0,4,0,0,0,0,0,0,0,0,0,0,0,0,0,0,1,206,152,0,0,0,0,0,0,0,0,0,0,1
2025-12-21 00:24:06,0,0,29.44,0,4,0,0,0,0,0,0,0,0,0,0,0,0,0,0,1,207,154,0,0,0,0,0,0,0,0,0,0,1
2025-12-21 00:25:06,0,0,29.44,0,4,0,0,0,0,0,0,0,0,0,0,0,0,0,0,1,207,153,0,0,0,0,0,0,0,0,0,0,1
2025-12-21 00:26:06,0,0,29.38,0,4,0,0,0,0,0,0,0,0,0,0,0,0,0,0,1,206,152,0,0,0,0,0,0,0,0,0,0,1
2025-12-21 00:27:06,0,0,29.38,0,4,0,0,0,0,0,0,0,0,0,0,0,0,0,0,1,206,152,0,0,0,0,0,0,0,0,0,0,1
2025-12-21 00:28:06,0,0,29.31,0,4,0,0,0,0,0,0,0,0,0,0,0,0,0,0,1,207,154,0,0,0,0,0,0,0,0,0,0,1
2025-12-21 00:29:06,0,0,29.31,0,4,0,0,0,0,0,0,0,0,0,0,0,0,0,0,1,206,152,0,0,0,0,0,0,0,0,0,0,1
2025-12-21 00:30:06,0,0,29.25,0,4,0,0,0,0,0,0,0,0,0,0,0,0,0,0,1,206,153,0,0,0,0,0,0,0,0,0,0,1
2025-12-21 00:31:06,0,0,29.25,0,4,0,0,0,0,0,0,0,0,0,0,0,0,0,0,1,207,154,0,0,0,0,0,0,0,0,0,0,1
2025-12-21 00:32:06,0,0,29.25,0,4,0,0,0,0,0,0,0,0,0,0,0,0,0,0,1,206,152,0,0,0,0,0,0,0,0,0,0,1
2025-12-21 00:33:06,0,0,29.25,0,4,0,0,0,0,0,0,0,0,0,0,0,0,0,0,1,206,152,0,0,0,0,0,0,0,0,0,0,1
2025-12-21 00:34:06,0,0,29.19,0,4,0,0,0,0,0,0,0,0,0,0,0,0,0,0,1,207,154,0,0,0,0,0,0,0,0,0,0,1
2025-12-21 00:35:06,0,0,29.19,0,4,0,0,0,0,0,0,0,0,0,0,0,0,0,0,1,206,153,0,0,0,0,0,0,0,0,0,0,1
2025-12-21 00:36:06,0,0,29.19,0,4,0,0,0,0,0,0,0,0,0,0,0,0,0,0,1,207,154,0,0,0,0,0,0,0,0,0,0,1
2025-12-21 00:37:06,0,0,29.19,0,4,0,0,0,0,0,0,0,0,0,0,0,0,0,0,1,207,153,0,0,0,0,0,0,0,0,0,0,1
2025-12-21 00:38:06,0,0,29.12,0,4,0,0,0,0,0,0,0,0,0,0,0,0,0,0,1,207,152,0,0,0,0,0,0,0,0,0,0,1
2025-12-21 00:39:06,0,0,29.12,0,4,0,0,0,0,0,0,0,0,0,0,0,0,0,0,1,207,154,0,0,0,0,0,0,0,0,0,0,1
2025-12-21 00:40:06,0,0,29.12,0,4,0,0,0,0,0,0,0,0,0,0,0,0,0,0,1,206,152,0,0,0,0,0,0,0,0,0,0,1
2025-12-21 00:41:06,0,0,29.12,0,4,0,0,0,0,0,0,0,0,0,0,0,0,0,0,1,207,154,0,0,0,0,0,0,0,0,0,0,1
2025-12-21 00:42:06,0,0,29.06,0,4,445,7.41667,9,0.15,37,0.616667,0,0,0,0,0,0,0,0,1,206,153,0,0,0,0,0,0,0,0,0,0,1
2025-12-21 00:43:06,0,0,29.38,0,16,448,7.46667,17,0.283333,30,0.5,0,0,0,0,0,0,0,0,1,212,156,0,0,0,0,0,0,0,0,0,0,1
2025-12-21 00:44:06,0,0,29.56,0,16,0,0,0,0,0,0,0,0,0,0,0,0,0,0,1,212,156,0,0,0,0,0,0,0,0,0,0,1
2025-12-21 00:45:06,0,0,30.06,0,16,502,8.36667,14,0.233333,36,0.6,0,0,0,0,0,0,0,0,1,202,148,0,0,0,0,0,0,0,0,0,0,1
2025-12-21 00:46:06,0,0,30.38,0,16,0,0,0,0,0,0,0,0,0,0,0,0,0,0,1,200,144,0,0,0,0,0,0,0,0,0,0,1
2025-12-21 00:47:06,0,0,30.62,0,16,0,0,0,0,0,0,0,0,0,0,0,0,0,0,1,198,143,0,0,0,0,0,0,0,0,0,0,1
2025-12-21 00:48:06,0,0,30.81,0,16,0,0,0,0,0,0,0,0,0,0,0,0,0,0,1,194,139,0,0,0,0,0,0,0,0,0,0,1
2025-12-21 00:49:06,0,0,31,0,16,0,0,0,0,0,0,0,0,0,0,0,0,0,0,1,192,134,0,0,0,0,0,0,0,0,0,0,1
2025-12-21 00:50:06,0,0,31.19,0,16,586,9.76667,14,0.233333,48,0.8,0,0,0,0,0,0,0,0,1,200,145,0,0,0,0,0,0,0,0,0,0,1
2025-12-21 00:51:06,0,0,31.31,0,16,337,5.61667,7,0.116667,33,0.55,0,0,0,0,0,0,0,0,1,196,140,0,0,0,0,0,0,0,0,0,0,1
2025-12-21 00:52:06,0,0,31.44,0,16,109,1.81667,1,0.0166667,9,0.15,0,0,0,0,0,0,0,0,1,194,142,0,0,0,0,0,0,0,0,0,0,1
2025-12-21 00:53:06,0,0,31.62,0,16,0,0,0,0,0,0,0,0,0,0,0,0,0,0,1,192,139,0,0,0,0,0,0,0,0,0,0,1
2025-12-21 00:54:06,0,0,31.75,0,16,0,0,0,0,0,0,0,0,0,0,0,0,0,0,1,188,137,0,0,0,0,0,0,0,0,0,0,1
2025-12-21 00:55:06,0,0,31.88,0,16,0,0,0,0,0,0,0,0,0,0,0,0,0,0,1,187,134,0,0,0,0,0,0,0,0,0,0,1
2025-12-21 00:56:06,0,0,32,0,16,0,0,0,0,0,0,0,0,0,0,0,0,0,0,1,186,133,0,0,0,0,0,0,0,0,0,0,1
2025-12-21 00:57:06,0,0,32.06,0,16,0,0,0,0,0,0,0,0,0,0,0,0,0,0,1,184,132,0,0,0,0,0,0,0,0,0,0,1
2025-12-21 00:58:06,0,0,32.19,0,16,0,0,0,0,0,0,0,0,0,0,0,0,0,0,1,185,132,0,0,0,0,0,0,0,0,0,0,1
2025-12-21 00:59:06,0,0,32.19,0,16,1562,26.0333,48,0.8,94,1.56667,0,0,0,0,0,0,0,0,2,210,154,0,0,0,0,0,0,0,0,0,0,1
2025-12-21 01:00:06,0,0,32.06,0,16,0,0,0,0,0,0,0,0,0,0,0,0,0,0,2,201,144,0,0,0,0,0,0,0,0,0,0,1
2025-12-21 01:01:06,0,0,31.88,0,16,0,0,0,0,0,0,0,0,0,0,0,0,0,0,2,189,128,0,0,0,0,0,0,0,0,0,0,1
2025-12-21 01:02:06,0,0,31.56,0,16,2266,37.7667,77,1.28333,149,2.48333,0,0,0,0,0,0,0,0,2,200,149,0,0,0,0,0,0,0,0,0,0,1
2025-12-21 01:03:06,0,0,31.5,0,1,0,0,0,0,0,0,0,0,0,0,0,0,0,0,2,183,138,0,0,0,0,0,0,0,0,0,0,1
2025-12-21 01:04:06,0,0,31.62,0,1,0,0,0,0,0,0,0,0,0,0,0,0,0,0,1,176,130,0,0,0,0,0,0,0,0,0,0,1
2025-12-21 01:05:06,0,0,31.75,0,1,0,0,0,0,0,0,0,0,0,0,0,0,0,0,1,172,128,0,0,0,0,0,0,0,0,0,0,1
2025-12-21 01:06:06,0,0,31.88,0,1,0,0,0,0,0,0,0,0,0,0,0,0,0,0,1,169,123,0,0,0,0,0,0,0,0,0,0,1
2025-12-21 01:07:06,0,0,32,0,1,0,0,0,0,0,0,0,0,0,0,0,0,0,0,1,165,119,0,0,0,0,0,0,0,0,0,0,1
2025-12-21 01:08:06,0,0,32.12,0,1,0,0,0,0,0,0,0,0,0,0,0,0,0,0,1,163,117,0,0,0,0,0,0,0,0,0,0,1
2025-12-21 01:09:06,0,0,32.25,0,1,47,0.783333,0,0,3,0.05,0,0,0,0,0,0,0,0,1,163,116,0,0,0,0,0,0,0,0,0,0,1
2025-12-21 01:10:06,0,0,32.38,0,4,662,11.0333,22,0.366667,46,0.766667,0,0,0,0,0,0,0,0,1,201,150,0,0,0,0,0,0,0,0,0,0,1
2025-12-21 01:11:06,0,0,32.5,0,4,0,0,0,0,0,0,0,0,0,0,0,0,0,0,1,198,149,0,0,0,0,0,0,0,0,0,0,1
2025-12-21 01:12:06,0,0,32.62,0,4,729,12.15,24,0.4,56,0.933333,0,0,0,0,0,0,0,0,1,160,107,0,0,0,0,0,0,0,0,0,0,1
2025-12-21 01:13:06,0,0,32.75,0,4,0,0,0,0,0,0,0,0,0,0,0,0,0,0,1,160,105,0,0,0,0,0,0,0,0,0,0,1
2025-12-21 01:14:06,0,0,32.75,0,4,0,0,0,0,0,0,0,0,0,0,0,0,0,0,1,159,105,0,0,0,0,0,0,0,0,0,0,1
2025-12-21 01:15:06,0,0,32.81,0,4,0,0,0,0,0,0,0,0,0,0,0,0,0,0,1,158,104,0,0,0,0,0,0,0,0,0,0,1
2025-12-21 01:16:06,0,0,32.81,0,4,0,0,0,0,0,0,0,0,0,0,0,0,0,0,1,162,104,0,0,0,0,0,0,0,0,0,0,1
2025-12-21 01:17:06,0,0,32.81,0,4,7,0.116667,0,0,0,0,0,0,0,0,0,0,0,0,1,160,104,0,0,0,0,0,0,0,0,0,0,1
2025-12-21 01:18:06,0,0,32.81,0,4,0,0,0,0,0,0,0,0,0,0,0,0,0,0,1,163,105,0,0,0,0,0,0,0,0,0,0,1
2025-12-21 01:19:06,0,0,32.81,0,4,0,0,0,0,0,0,0,0,0,0,0,0,0,0,1,162,105,0,0,0,0,0,0,0,0,0,0,1
2025-12-21 01:20:06,0,0,32.81,0,4,0,0,0,0,0,0,0,0,0,0,0,0,0,0,1,162,105,0,0,0,0,0,0,0,0,0,0,1
2025-12-21 01:21:06,0,0,32.81,0,4,22,0.366667,0,0,4,0.0666667,0,0,0,0,0,0,0,0,1,161,105,0,0,0,0,0,0,0,0,0,0,1
2025-12-21 01:22:06,0,0,32.88,0,4,0,0,0,0,0,0,0,0,0,0,0,0,0,0,1,164,106,0,0,0,0,0,0,0,0,0,0,1
2025-12-21 01:23:06,0,0,32.88,0,4,0,0,0,0,0,0,0,0,0,0,0,0,0,0,1,164,105,0,0,0,0,0,0,0,0,0,0,1
2025-12-21 01:24:06,0,0,32.88,0,4,0,0,0,0,0,0,0,0,0,0,0,0,0,0,1,164,105,0,0,0,0,0,0,0,0,0,0,1
2025-12-21 01:25:06,0,0,32.88,0,4,1274,21.2333,28,0.466667,101,1.68333,0,0,0,0,0,0,0,0,1,199,145,0,0,0,0,0,0,0,0,0,0,1
2025-12-21 01:26:06,0,0,32.94,0,16,0,0,0,0,0,0,0,0,0,0,0,0,0,0,1,192,141,0,0,0,0,0,0,0,0,0,0,1
2025-12-21 01:27:06,0,0,33,0,16,0,0,0,0,0,0,0,0,0,0,0,0,0,0,1,189,138,0,0,0,0,0,0,0,0,0,0,1
2025-12-21 01:28:06,0,0,33.12,0,16,0,0,0,0,0,0,0,0,0,0,0,0,0,0,1,179,128,0,0,0,0,0,0,0,0,0,0,1
2025-12-21 01:29:06,0,0,33.19,0,16,0,0,0,0,0,0,0,0,0,0,0,0,0,0,1,169,116,0,0,0,0,0,0,0,0,0,0,1
2025-12-21 01:30:06,0,0,33.31,0,16,0,0,0,0,0,0,0,0,0,0,0,0,0,0,1,166,113,0,0,0,0,0,0,0,0,0,0,1
2025-12-21 01:31:06,0,0,33.44,0,16,0,0,0,0,0,0,0,0,0,0,0,0,0,0,1,164,111,0,0,0,0,0,0,0,0,0,0,1
2025-12-21 01:32:06,0,0,33.5,0,16,0,0,0,0,0,0,0,0,0,0,0,0,0,0,1,162,109,0,0,0,0,0,0,0,0,0,0,1
2025-12-21 01:33:06,0,0,33.62,0,16,0,0,0,0,0,0,0,0,0,0,0,0,0,0,1,160,107,0,0,0,0,0,0,0,0,0,0,1
2025-12-21 01:34:06,0,0,33.75,0,16,0,0,0,0,0,0,0,0,0,0,0,0,0,0,1,160,107,0,0,0,0,0,0,0,0,0,0,1
2025-12-21 01:35:06,0,0,33.81,0,16,0,0,0,0,0,0,0,0,0,0,0,0,0,0,1,161,107,0,0,0,0,0,0,0,0,0,0,1
2025-12-21 01:36:06,0,0,33.88,0,16,0,0,0,0,0,0,0,0,0,0,0,0,0,0,1,160,107,0,0,0,0,0,0,0,0,0,0,1
2025-12-21 01:37:06,0,0,34,0,16,0,0,0,0,0,0,0,0,0,0,0,0,0,0,1,159,106,0,0,0,0,0,0,0,0,0,0,1
2025-12-21 01:38:06,0,0,34.06,0,16,0,0,0,0,0,0,0,0,0,0,0,0,0,0,1,159,106,0,0,0,0,0,0,0,0,0,0,1
2025-12-21 01:39:06,0,0,34.12,0,16,0,0,0,0,0,0,0,0,0,0,0,0,0,0,1,159,106,0,0,0,0,0,0,0,0,0,0,1
2025-12-21 01:40:06,0,0,34.19,0,16,0,0,0,0,0,0,0,0,0,0,0,0,0,0,1,159,106,0,0,0,0,0,0,0,0,0,0,1
2025-12-21 01:41:06,0,0,34.25,0,16,159,2.65,1,0.0166667,17,0.283333,0,0,0,0,0,0,0,0,1,164,104,0,0,0,0,0,0,0,0,0,0,1
2025-12-21 01:42:06,0,0,34.19,0,1,0,0,0,0,0,0,0,0,0,0,0,0,0,0,1,160,103,0,0,0,0,0,0,0,0,0,0,1
2025-12-21 01:43:06,0,0,34.25,0,16,666,11.1,25,0.416667,29,0.483333,0,0,0,0,0,0,0,0,1,161,112,0,0,0,0,0,0,0,0,0,0,1
2025-12-21 01:44:06,0,0,34.12,0,16,0,0,0,0,0,0,0,0,0,0,0,0,0,0,1,158,111,0,0,0,0,0,0,0,0,0,0,1
2025-12-21 01:45:06,0,0,34,0,16,0,0,0,0,0,0,0,0,0,0,0,0,0,0,1,156,109,0,0,0,0,0,0,0,0,0,0,1
2025-12-21 01:46:06,0,0,33.88,0,16,0,0,0,0,0,0,0,0,0,0,0,0,0,0,1,156,109,0,0,0,0,0,0,0,0,0,0,1
2025-12-21 01:47:06,0,0,33.75,0,16,0,0,0,0,0,0,0,0,0,0,0,0,0,0,1,156,109,0,0,0,0,0,0,0,0,0,0,1
2025-12-21 01:48:06,0,0,33.69,0,16,0,0,0,0,0,0,0,0,0,0,0,0,0,0,1,157,108,0,0,0,0,0,0,0,0,0,0,1
2025-12-21 01:49:06,0,0,33.62,0,16,0,0,0,0,0,0,0,0,0,0,0,0,0,0,1,156,108,0,0,0,0,0,0,0,0,0,0,1
2025-12-21 01:50:06,0,0,33.5,0,16,0,0,0,0,0,0,0,0,0,0,0,0,0,0,1,155,107,0,0,0,0,0,0,0,0,0,0,1
2025-12-21 01:51:06,0,0,33.5,0,16,0,0,0,0,0,0,0,0,0,0,0,0,0,0,1,155,106,0,0,0,0,0,0,0,0,0,0,1
2025-12-21 01:52:06,0,0,33.44,0,16,0,0,0,0,0,0,0,0,0,0,0,0,0,0,1,154,105,0,0,0,0,0,0,0,0,0,0,1
2025-12-21 01:53:06,0,0,33.38,0,16,0,0,0,0,0,0,0,0,0,0,0,0,0,0,1,153,105,0,0,0,0,0,0,0,0,0,0,1
2025-12-21 01:54:06,0,0,33.38,0,16,0,0,0,0,0,0,0,0,0,0,0,0,0,0,1,153,105,0,0,0,0,0,0,0,0,0,0,1
2025-12-21 01:55:06,0,0,33.19,0,16,722,12.0333,17,0.283333,58,0.966667,0,0,0,0,0,0,0,0,1,159,102,0,0,0,0,0,0,0,0,0,0,1
2025-12-21 01:56:06,0,0,32.94,0,16,0,0,0,0,0,0,0,0,0,0,0,0,0,0,1,157,101,0,0,0,0,0,0,0,0,0,0,1
2025-12-21 01:57:06,0,0,32.69,0,16,0,0,0,0,0,0,0,0,0,0,0,0,0,0,1,157,101,0,0,0,0,0,0,0,0,0,0,1
2025-12-21 01:58:06,0,0,32.38,0,16,0,0,0,0,0,0,0,0,0,0,0,0,0,0,1,158,101,0,0,0,0,0,0,0,0,0,0,1
2025-12-21 01:59:06,0,0,32.12,0,16,0,0,0,0,0,0,0,0,0,0,0,0,0,0,1,157,101,0,0,0,0,0,0,0,0,0,0,1
2025-12-21 02:00:06,0,0,31.88,0,16,0,0,0,0,0,0,0,0,0,0,0,0,0,0,1,157,101,0,0,0,0,0,0,0,0,0,0,1
2025-12-21 02:01:06,0,0,31.69,0,16,0,0,0,0,0,0,0,0,0,0,0,0,0,0,1,156,100,0,0,0,0,0,0,0,0,0,0,1
2025-12-21 02:02:06,0,0,31.56,0,16,0,0,0,0,0,0,0,0,0,0,0,0,0,0,1,156,100,0,0,0,0,0,0,0,0,0,0,1
2025-12-21 02:03:06,0,0,31.38,0,16,0,0,0,0,0,0,0,0,0,0,0,0,0,0,1,155,100,0,0,0,0,0,0,0,0,0,0,1
2025-12-21 02:04:06,0,0,31.25,0,16,0,0,0,0,0,0,0,0,0,0,0,0,0,0,1,156,99,0,0,0,0,0,0,0,0,0,0,1
2025-12-21 02:05:06,0,0,31.19,0,16,0,0,0,0,0,0,0,0,0,0,0,0,0,0,1,156,99,0,0,0,0,0,0,0,0,0,0,1
2025-12-21 02:06:06,0,0,31.06,0,16,0,0,0,0,0,0,0,0,0,0,0,0,0,0,1,156,100,0,0,0,0,0,0,0,0,0,0,1
2025-12-21 02:07:06,0,0,30.94,0,16,0,0,0,0,0,0,0,0,0,0,0,0,0,0,1,155,99,0,0,0,0,0,0,0,0,0,0,1
2025-12-21 02:08:06,0,0,30.88,0,16,0,0,0,0,0,0,0,0,0,0,0,0,0,0,1,155,99,0,0,0,0,0,0,0,0,0,0,1
2025-12-21 02:09:06,0,0,30.81,0,16,0,0,0,0,0,0,0,0,0,0,0,0,0,0,1,155,99,0,0,0,0,0,0,0,0,0,0,1
2025-12-21 02:10:06,0,0,30.75,0,16,0,0,0,0,0,0,0,0,0,0,0,0,0,0,1,155,99,0,0,0,0,0,0,0,0,0,0,1
2025-12-21 02:11:06,0,0,30.69,0,16,0,0,0,0,0,0,0,0,0,0,0,0,0,0,1,154,99,0,0,0,0,0,0,0,0,0,0,1
2025-12-21 02:12:06,0,0,30.62,0,16,2450,40.8333,93,1.55,124,2.06667,0,0,0,0,0,0,0,0,2,173,101,0,0,0,0,0,0,0,0,0,0,1
2025-12-21 02:13:06,0,0,30.75,0,16,0,0,0,0,0,0,0,0,0,0,0,0,0,0,2,154,99,0,0,0,0,0,0,0,0,0,0,1
2025-12-21 02:14:06,0,0,30.88,0,16,1127,18.7833,42,0.7,57,0.95,0,0,0,0,0,0,0,0,2,150,99,0,0,0,0,0,0,0,0,0,0,1
2025-12-21 02:15:06,0,0,31.19,0,16,0,0,0,0,0,0,0,0,0,0,0,0,0,0,1,148,99,0,0,0,0,0,0,0,0,0,0,1
2025-12-21 02:16:06,0,0,31.5,0,16,0,0,0,0,0,0,0,0,0,0,0,0,0,0,2,148,99,0,0,0,0,0,0,0,0,0,0,1
2025-12-21 02:17:06,0,0,31.81,0,16,0,0,0,0,0,0,0,0,0,0,0,0,0,0,1,147,100,0,0,0,0,0,0,0,0,0,0,1
2025-12-21 02:18:06,0,0,32,0,4,1102,18.3667,30,0.5,76,1.26667,0,0,0,0,0,0,0,0,2,183,107,0,0,0,0,0,0,0,0,0,0,1
2025-12-21 02:19:06,0,0,32,0,4,0,0,0,0,0,0,0,0,0,0,0,0,0,0,1,176,103,0,0,0,0,0,0,0,0,0,0,1
2025-12-21 02:20:06,0,0,31.75,0,4,2645,44.0833,78,1.3,161,2.68333,0,0,0,0,0,0,0,0,2,209,160,0,0,0,0,0,0,0,0,0,0,1
2025-12-21 02:21:06,0,0,31.5,0,16,0,0,0,0,0,0,0,0,0,0,0,0,0,0,1,163,110,0,0,0,0,0,0,0,0,0,0,1
2025-12-21 02:22:06,0,0,31.31,0,16,0,0,0,0,0,0,0,0,0,0,0,0,0,0,1,159,105,0,0,0,0,0,0,0,0,0,0,1
2025-12-21 02:23:06,0,0,31.19,0,16,0,0,0,0,0,0,0,0,0,0,0,0,0,0,1,159,105,0,0,0,0,0,0,0,0,0,0,1
2025-12-21 02:24:06,0,0,30.94,0,16,0,0,0,0,0,0,0,0,0,0,0,0,0,0,2,161,105,0,0,0,0,0,0,0,0,0,0,1
2025-12-21 02:25:06,0,0,30.75,0,16,605,10.0833,14,0.233333,33,0.55,0,0,0,0,0,0,0,0,1,164,116,0,0,0,0,0,0,0,0,0,0,1
2025-12-21 02:26:06,0,0,30.69,0,16,0,0,0,0,0,0,0,0,0,0,0,0,0,0,1,159,109,0,0,0,0,0,0,0,0,0,0,1
2025-12-21 02:27:06,0,0,30.62,0,16,0,0,0,0,0,0,0,0,0,0,0,0,0,0,1,157,108,0,0,0,0,0,0,0,0,0,0,1
2025-12-21 02:28:06,0,0,30.5,0,16,0,0,0,0,0,0,0,0,0,0,0,0,0,0,1,158,108,0,0,0,0,0,0,0,0,0,0,1
2025-12-21 02:29:06,0,0,30.44,0,16,0,0,0,0,0,0,0,0,0,0,0,0,0,0,1,163,111,0,0,0,0,0,0,0,0,0,0,1
2025-12-21 02:30:06,0,0,30.38,0,16,0,0,0,0,0,0,0,0,0,0,0,0,0,0,1,161,110,0,0,0,0,0,0,0,0,0,0,1
2025-12-21 02:31:06,0,0,30.25,0,16,0,0,0,0,0,0,0,0,0,0,0,0,0,0,1,162,110,0,0,0,0,0,0,0,0,0,0,1
2025-12-21 02:32:06,0,0,30.19,0,16,0,0,0,0,0,0,0,0,0,0,0,0,0,0,1,162,110,0,0,0,0,0,0,0,0,0,0,1
2025-12-21 02:33:06,0,0,30.12,0,16,398,6.63333,13,0.216667,24,0.4,0,0,0,0,0,0,0,0,1,161,109,0,0,0,0,0,0,0,0,0,0,1
2025-12-21 02:34:06,0,0,30,0,1,153,2.55,6,0.1,8,0.133333,0,0,0,0,0,0,0,0,1,145,107,0,0,0,0,0,0,0,0,0,0,1
2025-12-21 02:35:06,0,0,29.88,0,1,0,0,0,0,0,0,0,0,0,0,0,0,0,0,1,143,105,0,0,0,0,0,0,0,0,0,0,1
2025-12-21 02:36:06,0,0,29.69,0,1,0,0,0,0,0,0,0,0,0,0,0,0,0,0,1,143,105,0,0,0,0,0,0,0,0,0,0,1
2025-12-21 02:37:06,0,0,29.56,0,1,0,0,0,0,0,0,0,0,0,0,0,0,0,0,1,143,106,0,0,0,0,0,0,0,0,0,0,1
2025-12-21 02:38:06,0,0,29.44,0,1,5,0.0833333,0,0,0,0,0,0,0,0,0,0,0,0,1,143,105,0,0,0,0,0,0,0,0,0,0,1
2025-12-21 02:39:06,0,0,29.25,0,1,0,0,0,0,0,0,0,0,0,0,0,0,0,0,1,142,105,0,0,0,0,0,0,0,0,0,0,1
2025-12-21 02:40:06,0,0,29.19,0,1,956,15.9333,32,0.533333,53,0.883333,0,0,0,0,0,0,0,0,2,152,105,0,0,0,0,0,0,0,0,0,0,1
2025-12-21 02:41:06,0,0,29.12,0,4,1075,17.9167,37,0.616667,46,0.766667,0,0,0,0,0,0,0,0,2,158,112,0,0,0,0,0,0,0,0,0,0,1
2025-12-21 02:42:06,0,0,29.25,0,4,0,0,0,0,0,0,0,0,0,0,0,0,0,0,1,157,110,0,0,0,0,0,0,0,0,0,0,1
2025-12-21 02:43:06,0,0,29.44,0,4,0,0,0,0,0,0,0,0,0,0,0,0,0,0,1,158,110,0,0,0,0,0,0,0,0,0,0,1
2025-12-21 02:44:06,0,0,29.69,0,4,25,0.416667,0,0,2,0.0333333,0,0,0,0,0,0,0,0,1,156,108,0,0,0,0,0,0,0,0,0,0,1
2025-12-21 02:45:06,0,0,29.81,0,4,0,0,0,0,0,0,0,0,0,0,0,0,0,0,1,156,111,0,0,0,0,0,0,0,0,0,0,1
2025-12-21 02:46:06,0,0,30.06,0,4,0,0,0,0,0,0,0,0,0,0,0,0,0,0,1,155,109,0,0,0,0,0,0,0,0,0,0,1
2025-12-21 02:47:06,0,0,30.25,0,4,0,0,0,0,0,0,0,0,0,0,0,0,0,0,1,155,111,0,0,0,0,0,0,0,0,0,0,1
2025-12-21 02:48:06,0,0,30.5,0,4,0,0,0,0,0,0,0,0,0,0,0,0,0,0,1,155,111,0,0,0,0,0,0,0,0,0,0,1
2025-12-21 02:49:06,0,0,30.69,0,4,770,12.8333,26,0.433333,47,0.783333,0,0,0,0,0,0,0,0,1,162,111,0,0,0,0,0,0,0,0,0,0,1
2025-12-21 02:50:06,0,0,30.88,0,4,0,0,0,0,0,0,0,0,0,0,0,0,0,0,1,159,107,0,0,0,0,0,0,0,0,0,0,1
2025-12-21 02:51:06,0,0,31,0,4,0,0,0,0,0,0,0,0,0,0,0,0,0,0,1,158,106,0,0,0,0,0,0,0,0,0,0,1
2025-12-21 02:52:06,0,0,31.12,0,4,0,0,0,0,0,0,0,0,0,0,0,0,0,0,1,157,106,0,0,0,0,0,0,0,0,0,0,1
2025-12-21 02:53:06,0,0,31.25,0,4,0,0,0,0,0,0,0,0,0,0,0,0,0,0,1,157,106,0,0,0,0,0,0,0,0,0,0,1
2025-12-21 02:54:06,0,0,31.38,0,4,0,0,0,0,0,0,0,0,0,0,0,0,0,0,1,158,106,0,0,0,0,0,0,0,0,0,0,1
2025-12-21 02:55:06,0,0,31.44,0,4,0,0,0,0,0,0,0,0,0,0,0,0,0,0,1,158,106,0,0,0,0,0,0,0,0,0,0,1
2025-12-21 02:56:06,0,0,31.5,0,4,0,0,0,0,0,0,0,0,0,0,0,0,0,0,1,158,105,0,0,0,0,0,0,0,0,0,0,1
2025-12-21 02:57:06,0,0,31.56,0,4,0,0,0,0,0,0,0,0,0,0,0,0,0,0,1,158,106,0,0,0,0,0,0,0,0,0,0,1
2025-12-21 02:58:06,0,0,31.62,0,4,6,0.1,0,0,0,0,0,0,0,0,0,0,0,0,1,158,104,0,0,0,0,0,0,0,0,0,0,1
2025-12-21 02:59:06,0,0,31.69,0,4,0,0,0,0,0,0,0,0,0,0,0,0,0,0,1,157,104,0,0,0,0,0,0,0,0,0,0,1
2025-12-21 03:00:06,0,0,31.81,0,4,0,0,0,0,0,0,0,0,0,0,0,0,0,0,1,157,104,0,0,0,0,0,0,0,0,0,0,1
2025-12-21 03:01:06,0,0,31.81,0,4,1307,21.7833,32,0.533333,97,1.61667,0,0,0,0,0,0,0,0,1,153,104,0,0,0,0,0,0,0,0,0,0,1
2025-12-21 03:02:06,0,0,32,0,4,183,3.05,3,0.05,17,0.283333,0,0,0,0,0,0,0,0,1,140,100,0,0,0,0,0,0,0,0,0,0,1
2025-12-21 03:03:06,0,0,32.25,0,16,4,0.0666667,0,0,0,0,0,0,0,0,0,0,0,0,1,139,99,0,0,0,0,0,0,0,0,0,0,1
2025-12-21 03:04:06,0,0,32.5,0,16,0,0,0,0,0,0,0,0,0,0,0,0,0,0,1,139,99,0,0,0,0,0,0,0,0,0,0,1
2025-12-21 03:05:06,0,0,32.69,0,16,0,0,0,0,0,0,0,0,0,0,0,0,0,0,1,140,100,0,0,0,0,0,0,0,0,0,0,1
2025-12-21 03:06:06,0,0,32.81,0,16,0,0,0,0,0,0,0,0,0,0,0,0,0,0,1,139,99,0,0,0,0,0,0,0,0,0,0,1
2025-12-21 03:07:06,0,0,33,0,16,0,0,0,0,0,0,0,0,0,0,0,0,0,0,1,139,100,0,0,0,0,0,0,0,0,0,0,1
2025-12-21 03:08:06,0,0,33.12,0,16,118,1.96667,1,0.0166667,10,0.166667,0,0,0,0,0,0,0,0,1,140,99,0,0,0,0,0,0,0,0,0,0,1
2025-12-21 03:09:06,0,0,33.25,0,16,0,0,0,0,0,0,0,0,0,0,0,0,0,0,1,140,99,0,0,0,0,0,0,0,0,0,0,1
2025-12-21 03:10:06,0,0,33.38,0,16,0,0,0,0,0,0,0,0,0,0,0,0,0,0,1,140,99,0,0,0,0,0,0,0,0,0,0,1
2025-12-21 03:11:06,0,0,33.5,0,16,0,0,0,0,0,0,0,0,0,0,0,0,0,0,1,140,99,0,0,0,0,0,0,0,0,0,0,1
2025-12-21 03:12:06,0,0,33.56,0,16,0,0,0,0,0,0,0,0,0,0,0,0,0,0,1,140,100,0,0,0,0,0,0,0,0,0,0,1
2025-12-21 03:13:06,0,0,33.62,0,16,0,0,0,0,0,0,0,0,0,0,0,0,0,0,1,140,100,0,0,0,0,0,0,0,0,0,0,1
2025-12-21 03:14:06,0,0,33.75,0,16,0,0,0,0,0,0,0,0,0,0,0,0,0,0,1,140,100,0,0,0,0,0,0,0,0,0,0,1
2025-12-21 03:15:06,0,0,33.81,0,16,0,0,0,0,0,0,0,0,0,0,0,0,0,0,1,140,100,0,0,0,0,0,0,0,0,0,0,1
2025-12-21 03:16:06,0,0,33.88,0,16,0,0,0,0,0,0,0,0,0,0,0,0,0,0,1,140,100,0,0,0,0,0,0,0,0,0,0,1
2025-12-21 03:17:06,0,0,33.94,0,16,0,0,0,0,0,0,0,0,0,0,0,0,0,0,1,141,100,0,0,0,0,0,0,0,0,0,0,1
2025-12-21 03:18:06,0,0,33.88,0,4,561,9.35,13,0.216667,32,0.533333,0,0,0,0,0,0,0,0,1,147,104,0,0,0,0,0,0,0,0,0,0,1
2025-12-21 03:19:06,0,0,33.81,0,4,14,0.233333,0,0,3,0.05,0,0,0,0,0,0,0,0,1,145,103,0,0,0,0,0,0,0,0,0,0,1
2025-12-21 03:20:06,0,0,33.81,0,4,468,7.8,4,0.0666667,36,0.6,0,0,0,0,0,0,0,0,1,147,104,0,0,0,0,0,0,0,0,0,0,1
2025-12-21 03:21:06,0,0,33.69,0,16,0,0,0,0,0,0,0,0,0,0,0,0,0,0,1,144,103,0,0,0,0,0,0,0,0,0,0,1
2025-12-21 03:22:06,0,0,33.44,0,16,0,0,0,0,0,0,0,0,0,0,0,0,0,0,1,144,103,0,0,0,0,0,0,0,0,0,0,1
2025-12-21 03:23:06,0,0,33.19,0,16,0,0,0,0,0,0,0,0,0,0,0,0,0,0,1,144,102,0,0,0,0,0,0,0,0,0,0,1
2025-12-21 03:24:06,0,0,33,0,16,0,0,0,0,0,0,0,0,0,0,0,0,0,0,1,143,102,0,0,0,0,0,0,0,0,0,0,1
2025-12-21 03:25:06,0,0,32.75,0,16,0,0,0,0,0,0,0,0,0,0,0,0,0,0,1,143,102,0,0,0,0,0,0,0,0,0,0,1
2025-12-21 03:26:06,0,0,32.5,0,1,1016,16.9333,23,0.383333,66,1.1,0,0,0,0,0,0,0,0,1,147,105,0,0,0,0,0,0,0,0,0,0,1
2025-12-21 03:27:06,0,0,32.12,0,1,1256,20.9333,34,0.566667,55,0.916667,0,0,0,0,0,0,0,0,2,207,142,0,0,0,0,0,0,0,0,0,0,1
2025-12-21 03:28:06,0,0,31.81,0,16,3,0.05,0,0,0,0,0,0,0,0,0,0,0,0,1,193,128,0,0,0,0,0,0,0,0,0,0,1
2025-12-21 03:29:06,0,0,31.56,0,16,1586,26.4333,37,0.616667,106,1.76667,0,0,0,0,0,0,0,0,2,158,116,0,0,0,0,0,0,0,0,0,0,1
2025-12-21 03:30:06,0,0,31.75,0,1,0,0,0,0,0,0,0,0,0,0,0,0,0,0,1,142,108,0,0,0,0,0,0,0,0,0,0,1
2025-12-21 03:31:06,0,0,31.94,0,1,0,0,0,0,0,0,0,0,0,0,0,0,0,0,1,141,106,0,0,0,0,0,0,0,0,0,0,1
2025-12-21 03:32:06,0,0,32.19,0,1,0,0,0,0,0,0,0,0,0,0,0,0,0,0,1,141,106,0,0,0,0,0,0,0,0,0,0,1
2025-12-21 03:33:06,0,0,32.38,0,1,0,0,0,0,0,0,0,0,0,0,0,0,0,0,1,141,106,0,0,0,0,0,0,0,0,0,0,1
2025-12-21 03:34:06,0,0,32.62,0,1,0,0,0,0,0,0,0,0,0,0,0,0,0,0,1,141,106,0,0,0,0,0,0,0,0,0,0,1
2025-12-21 03:35:06,0,0,32.81,0,1,0,0,0,0,0,0,0,0,0,0,0,0,0,0,1,140,105,0,0,0,0,0,0,0,0,0,0,1
2025-12-21 03:36:06,0,0,32.94,0,16,1495,24.9167,48,0.8,93,1.55,0,0,0,0,0,0,0,0,2,147,102,0,0,0,0,0,0,0,0,0,0,1
2025-12-21 03:37:06,0,0,32.75,0,16,0,0,0,0,0,0,0,0,0,0,0,0,0,0,1,145,102,0,0,0,0,0,0,0,0,0,0,1
2025-12-21 03:38:06,0,0,32.56,0,16,0,0,0,0,0,0,0,0,0,0,0,0,0,0,1,144,102,0,0,0,0,0,0,0,0,0,0,1
2025-12-21 03:39:06,0,0,32.38,0,16,0,0,0,0,0,0,0,0,0,0,0,0,0,0,1,143,102,0,0,0,0,0,0,0,0,0,0,1
2025-12-21 03:40:06,0,0,32.19,0,16,0,0,0,0,0,0,0,0,0,0,0,0,0,0,1,143,102,0,0,0,0,0,0,0,0,0,0,1
2025-12-21 03:41:06,0,0,32.06,0,16,0,0,0,0,0,0,0,0,0,0,0,0,0,0,1,143,102,0,0,0,0,0,0,0,0,0,0,1
2025-12-21 03:42:06,0,0,31.94,0,16,0,0,0,0,0,0,0,0,0,0,0,0,0,0,1,143,102,0,0,0,0,0,0,0,0,0,0,1
2025-12-21 03:43:06,0,0,31.69,0,16,1084,18.0667,32,0.533333,50,0.833333,0,0,0,0,0,0,0,0,1,153,106,0,0,0,0,0,0,0,0,0,0,1
2025-12-21 03:44:06,0,0,31.75,0,2,0,0,0,0,0,0,0,0,0,0,0,0,0,0,1,139,101,0,0,0,0,0,0,0,0,0,0,1
2025-12-21 03:45:06,0,0,31.62,0,2,0,0,0,0,0,0,0,0,0,0,0,0,0,0,1,139,101,0,0,0,0,0,0,0,0,0,0,1
2025-12-21 03:46:06,0,0,31.56,0,2,0,0,0,0,0,0,0,0,0,0,0,0,0,0,1,139,101,0,0,0,0,0,0,0,0,0,0,1
2025-12-21 03:47:06,0,0,31.56,0,2,0,0,0,0,0,0,0,0,0,0,0,0,0,0,2,139,100,0,0,0,0,0,0,0,0,0,0,1
2025-12-21 03:48:06,0,0,31.62,0,2,1924,32.0667,44,0.733333,119,1.98333,0,0,0,0,0,0,0,0,2,166,102,0,0,0,0,0,0,0,0,0,0,1
2025-12-21 03:49:06,0,0,31.5,0,8,4653,77.55,88,1.46667,292,4.86667,0,0,0,0,0,0,0,0,2,139,100,0,0,0,0,0,0,0,0,0,0,1
2025-12-21 03:50:06,0,0,31.38,0,1,3711,61.85,74,1.23333,233,3.88333,0,0,0,0,0,0,0,0,2,145,101,0,0,0,0,0,0,0,0,0,0,1
2025-12-21 03:51:06,0,0,31.12,0,1,2285,38.0833,80,1.33333,103,1.71667,0,0,0,0,0,0,0,0,2,143,103,0,0,0,0,0,0,0,0,0,0,1
2025-12-21 03:52:06,0,0,30.88,0,1,0,0,0,0,0,0,0,0,0,0,0,0,0,0,2,142,102,0,0,0,0,0,0,0,0,0,0,1
2025-12-21 03:53:06,0,0,30.75,0,1,0,0,0,0,0,0,0,0,0,0,0,0,0,0,2,141,102,0,0,0,0,0,0,0,0,0,0,1
2025-12-21 03:54:06,0,0,30.69,0,1,0,0,0,0,0,0,0,0,0,0,0,0,0,0,2,141,102,0,0,0,0,0,0,0,0,0,0,1
2025-12-21 03:55:06,0,0,30.62,0,1,0,0,0,0,0,0,0,0,0,0,0,0,0,0,2,141,102,0,0,0,0,0,0,0,0,0,0,1
2025-12-21 03:56:06,0,0,30.56,0,1,0,0,0,0,0,0,0,0,0,0,0,0,0,0,1,140,102,0,0,0,0,0,0,0,0,0,0,1
2025-12-21 03:57:06,0,0,30.56,0,1,0,0,0,0,0,0,0,0,0,0,0,0,0,0,1,140,101,0,0,0,0,0,0,0,0,0,0,1
2025-12-21 03:58:06,0,0,30.5,0,1,0,0,0,0,0,0,0,0,0,0,0,0,0,0,1,140,101,0,0,0,0,0,0,0,0,0,0,1
2025-12-21 03:59:06,0,0,30.5,0,1,6,0.1,0,0,0,0,0,0,0,0,0,0,0,0,1,142,103,0,0,0,0,0,0,0,0,0,0,1
2025-12-21 04:00:06,0,0,30.38,0,1,0,0,0,0,0,0,0,0,0,0,0,0,0,0,1,141,101,0,0,0,0,0,0,0,0,0,0,1
2025-12-21 04:01:06,0,0,30.25,0,1,0,0,0,0,0,0,0,0,0,0,0,0,0,0,1,140,101,0,0,0,0,0,0,0,0,0,0,1
2025-12-21 04:02:06,0,0,30.25,0,1,0,0,0,0,0,0,0,0,0,0,0,0,0,0,1,141,101,0,0,0,0,0,0,0,0,0,0,1
2025-12-21 04:03:06,0,0,30.19,0,1,0,0,0,0,0,0,0,0,0,0,0,0,0,0,1,140,101,0,0,0,0,0,0,0,0,0,0,1
2025-12-21 04:04:06,0,0,30.12,0,1,0,0,0,0,0,0,0,0,0,0,0,0,0,0,1,140,101,0,0,0,0,0,0,0,0,0,0,1
2025-12-21 04:05:06,0,0,30.06,0,1,0,0,0,0,0,0,0,0,0,0,0,0,0,0,1,140,101,0,0,0,0,0,0,0,0,0,0,1
2025-12-21 04:06:06,0,0,30.06,0,1,0,0,0,0,0,0,0,0,0,0,0,0,0,0,1,140,101,0,0,0,0,0,0,0,0,0,0,1
2025-12-21 04:07:06,0,0,30,0,1,0,0,0,0,0,0,0,0,0,0,0,0,0,0,1,140,101,0,0,0,0,0,0,0,0,0,0,1
2025-12-21 04:08:06,0,0,30,0,1,0,0,0,0,0,0,0,0,0,0,0,0,0,0,1,140,101,0,0,0,0,0,0,0,0,0,0,1
2025-12-21 04:09:06,0,0,30,0,1,0,0,0,0,0,0,0,0,0,0,0,0,0,0,1,140,101,0,0,0,0,0,0,0,0,0,0,1
2025-12-21 04:10:06,0,0,29.94,0,1,0,0,0,0,0,0,0,0,0,0,0,0,0,0,1,140,101,0,0,0,0,0,0,0,0,0,0,1
2025-12-21 04:11:06,0,0,29.94,0,1,0,0,0,0,0,0,0,0,0,0,0,0,0,0,1,140,101,0,0,0,0,0,0,0,0,0,0,1
2025-12-21 04:12:06,0,0,29.94,0,1,0,0,0,0,0,0,0,0,0,0,0,0,0,0,1,140,102,0,0,0,0,0,0,0,0,0,0,1
2025-12-21 04:13:06,0,0,29.88,0,1,0,0,0,0,0,0,0,0,0,0,0,0,0,0,1,140,101,0,0,0,0,0,0,0,0,0,0,1
2025-12-21 04:14:06,0,0,29.81,0,1,0,0,0,0,0,0,0,0,0,0,0,0,0,0,1,140,101,0,0,0,0,0,0,0,0,0,0,1
2025-12-21 04:15:06,0,0,29.81,0,1,0,0,0,0,0,0,0,0,0,0,0,0,0,0,1,140,101,0,0,0,0,0,0,0,0,0,0,1
2025-12-21 04:16:06,0,0,29.75,0,1,0,0,0,0,0,0,0,0,0,0,0,0,0,0,1,140,101,0,0,0,0,0,0,0,0,0,0,1
2025-12-21 04:17:06,0,0,29.75,0,1,0,0,0,0,0,0,0,0,0,0,0,0,0,0,1,140,101,0,0,0,0,0,0,0,0,0,0,1
2025-12-21 04:18:06,0,0,29.75,0,1,0,0,0,0,0,0,0,0,0,0,0,0,0,0,1,140,101,0,0,0,0,0,0,0,0,0,0,1
2025-12-21 04:19:06,0,0,29.69,0,1,0,0,0,0,0,0,0,0,0,0,0,0,0,0,1,140,100,0,0,0,0,0,0,0,0,0,0,1
2025-12-21 04:20:06,0,0,29.69,0,1,0,0,0,0,0,0,0,0,0,0,0,0,0,0,1,140,100,0,0,0,0,0,0,0,0,0,0,1
2025-12-21 04:21:06,0,0,29.62,0,1,0,0,0,0,0,0,0,0,0,0,0,0,0,0,1,139,101,0,0,0,0,0,0,0,0,0,0,1
2025-12-21 04:22:06,0,0,29.62,0,1,0,0,0,0,0,0,0,0,0,0,0,0,0,0,1,140,101,0,0,0,0,0,0,0,0,0,0,1
2025-12-21 04:23:06,0,0,29.56,0,1,0,0,0,0,0,0,0,0,0,0,0,0,0,0,1,139,101,0,0,0,0,0,0,0,0,0,0,1
2025-12-21 04:24:06,0,0,29.56,0,1,0,0,0,0,0,0,0,0,0,0,0,0,0,0,1,139,100,0,0,0,0,0,0,0,0,0,0,1
2025-12-21 04:25:06,0,0,29.5,0,1,0,0,0,0,0,0,0,0,0,0,0,0,0,0,1,139,100,0,0,0,0,0,0,0,0,0,0,1
2025-12-21 04:26:06,0,0,29.5,0,1,0,0,0,0,0,0,0,0,0,0,0,0,0,0,1,139,100,0,0,0,0,0,0,0,0,0,0,1
2025-12-21 04:27:06,0,0,29.44,0,1,0,0,0,0,0,0,0,0,0,0,0,0,0,0,1,139,100,0,0,0,0,0,0,0,0,0,0,1
2025-12-21 04:28:06,0,0,29.44,0,1,0,0,0,0,0,0,0,0,0,0,0,0,0,0,1,139,100,0,0,0,0,0,0,0,0,0,0,1
2025-12-21 04:29:06,0,0,29.38,0,1,0,0,0,0,0,0,0,0,0,0,0,0,0,0,1,139,100,0,0,0,0,0,0,0,0,0,0,1
2025-12-21 04:30:06,0,0,29.38,0,1,0,0,0,0,0,0,0,0,0,0,0,0,0,0,1,139,100,0,0,0,0,0,0,0,0,0,0,1
2025-12-21 04:31:06,0,0,29.38,0,16,2049,34.15,75,1.25,113,1.88333,0,0,0,0,0,0,0,0,2,143,100,0,0,0,0,0,0,0,0,0,0,1
2025-12-21 04:32:06,0,0,29.5,0,16,1245,20.75,35,0.583333,92,1.53333,0,0,0,0,0,0,0,0,2,138,99,0,0,0,0,0,0,0,0,0,0,1
2025-12-21 04:33:06,0,0,29.88,0,16,1055,17.5833,33,0.55,83,1.38333,0,0,0,0,0,0,0,0,2,146,100,0,0,0,0,0,0,0,0,0,0,1
2025-12-21 04:34:06,0,0,30.25,0,16,0,0,0,0,0,0,0,0,0,0,0,0,0,0,2,140,100,0,0,0,0,0,0,0,0,0,0,1
2025-12-21 04:35:06,0,0,30.38,0,16,1097,18.2833,35,0.583333,75,1.25,0,0,0,0,0,0,0,0,2,139,100,0,0,0,0,0,0,0,0,0,0,1
2025-12-21 04:36:06,0,0,30.56,0,16,0,0,0,0,0,0,0,0,0,0,0,0,0,0,1,139,101,0,0,0,0,0,0,0,0,0,0,1
2025-12-21 04:37:06,0,0,30.94,0,1,0,0,0,0,0,0,0,0,0,0,0,0,0,0,1,139,101,0,0,0,0,0,0,0,0,0,0,1
2025-12-21 04:38:06,0,0,31.38,0,1,0,0,0,0,0,0,0,0,0,0,0,0,0,0,1,138,101,0,0,0,0,0,0,0,0,0,0,1
2025-12-21 04:39:06,0,0,31.69,0,1,4,0.0666667,0,0,0,0,0,0,0,0,0,0,0,0,1,138,100,0,0,0,0,0,0,0,0,0,0,1
2025-12-21 04:40:06,0,0,31.94,0,1,0,0,0,0,0,0,0,0,0,0,0,0,0,0,1,138,100,0,0,0,0,0,0,0,0,0,0,1
2025-12-21 04:41:06,0,0,32.19,0,1,0,0,0,0,0,0,0,0,0,0,0,0,0,0,2,138,100,0,0,0,0,0,0,0,0,0,0,1
2025-12-21 04:42:06,0,0,32.31,0,1,0,0,0,0,0,0,0,0,0,0,0,0,0,0,2,138,100,0,0,0,0,0,0,0,0,0,0,1
2025-12-21 04:43:06,0,0,32.19,0,16,3522,58.7,126,2.1,230,3.83333,0,0,0,0,0,0,0,0,2,142,103,0,0,0,0,0,0,0,0,0,0,1
2025-12-21 04:44:06,0,0,32.06,0,16,0,0,0,0,0,0,0,0,0,0,0,0,0,0,2,140,102,0,0,0,0,0,0,0,0,0,0,1
2025-12-21 04:45:06,0,0,31.88,0,16,2583,43.05,83,1.38333,121,2.01667,0,0,0,0,0,0,0,0,2,147,102,0,0,0,0,0,0,0,0,0,0,1
2025-12-21 04:46:06,0,0,31.56,0,16,412,6.86667,13,0.216667,20,0.333333,0,0,0,0,0,0,0,0,2,167,130,0,0,0,0,0,0,0,0,0,0,1
2025-12-21 04:47:06,0,0,31.56,0,16,0,0,0,0,0,0,0,0,0,0,0,0,0,0,2,159,128,0,0,0,0,0,0,0,0,0,0,1
2025-12-21 04:48:06,0,0,31.56,0,16,0,0,0,0,0,0,0,0,0,0,0,0,0,0,1,155,123,0,0,0,0,0,0,0,0,0,0,1
2025-12-21 04:49:06,0,0,31.56,0,16,0,0,0,0,0,0,0,0,0,0,0,0,0,0,2,152,122,0,0,0,0,0,0,0,0,0,0,1
2025-12-21 04:50:06,0,0,31.62,0,16,0,0,0,0,0,0,0,0,0,0,0,0,0,0,1,150,119,0,0,0,0,0,0,0,0,0,0,1
2025-12-21 04:51:06,0,0,31.62,0,16,234,3.9,4,0.0666667,19,0.316667,0,0,0,0,0,0,0,0,1,213,158,0,0,0,0,0,0,0,0,0,0,1
2025-12-21 04:52:06,0,0,31.62,0,16,38,0.633333,0,0,3,0.05,0,0,0,0,0,0,0,0,1,193,129,0,0,0,0,0,0,0,0,0,0,1
2025-12-21 04:53:06,0,0,31.56,0,16,0,0,0,0,0,0,0,0,0,0,0,0,0,0,1,179,121,0,0,0,0,0,0,0,0,0,0,1
2025-12-21 04:54:06,0,0,31.56,0,16,21,0.35,0,0,0,0,0,0,0,0,0,0,0,0,1,181,118,0,0,0,0,0,0,0,0,0,0,1
2025-12-21 04:55:06,0,0,31.5,0,16,0,0,0,0,0,0,0,0,0,0,0,0,0,0,1,166,114,0,0,0,0,0,0,0,0,0,0,1
2025-12-21 04:56:06,0,0,31.56,0,16,0,0,0,0,0,0,0,0,0,0,0,0,0,0,1,163,113,0,0,0,0,0,0,0,0,0,0,1
2025-12-21 04:57:06,0,0,31.62,0,16,10,0.166667,0,0,2,0.0333333,0,0,0,0,0,0,0,0,1,163,112,0,0,0,0,0,0,0,0,0,0,1
2025-12-21 04:58:06,0,0,31.62,0,16,0,0,0,0,0,0,0,0,0,0,0,0,0,0,1,166,112,0,0,0,0,0,0,0,0,0,0,1
2025-12-21 04:59:06,0,0,31.62,0,16,0,0,0,0,0,0,0,0,0,0,0,0,0,0,1,164,111,0,0,0,0,0,0,0,0,0,0,1
2025-12-21 05:00:06,0,0,31.56,0,16,0,0,0,0,0,0,0,0,0,0,0,0,0,0,1,184,113,0,0,0,0,0,0,0,0,0,0,1
2025-12-21 05:01:06,0,0,31.56,0,16,0,0,0,0,0,0,0,0,0,0,0,0,0,0,1,175,110,0,0,0,0,0,0,0,0,0,0,1
2025-12-21 05:02:06,0,0,31.56,0,16,0,0,0,0,0,0,0,0,0,0,0,0,0,0,1,169,110,0,0,0,0,0,0,0,0,0,0,1
2025-12-21 05:03:06,0,0,31.5,0,16,3,0.05,0,0,0,0,0,0,0,0,0,0,0,0,1,168,109,0,0,0,0,0,0,0,0,0,0,1
2025-12-21 05:04:06,0,0,31.5,0,16,0,0,0,0,0,0,0,0,0,0,0,0,0,0,1,166,109,0,0,0,0,0,0,0,0,0,0,1
2025-12-21 05:05:06,0,0,31.44,0,16,0,0,0,0,0,0,0,0,0,0,0,0,0,0,1,167,109,0,0,0,0,0,0,0,0,0,0,1
2025-12-21 05:06:06,0,0,31.44,0,16,4,0.0666667,0,0,1,0.0166667,0,0,0,0,0,0,0,0,1,172,110,0,0,0,0,0,0,0,0,0,0,1
2025-12-21 05:07:06,0,0,31.38,0,16,0,0,0,0,0,0,0,0,0,0,0,0,0,0,1,168,108,0,0,0,0,0,0,0,0,0,0,1
2025-12-21 05:08:06,0,0,31.31,0,16,0,0,0,0,0,0,0,0,0,0,0,0,0,0,1,169,109,0,0,0,0,0,0,0,0,0,0,1
2025-12-21 05:09:06,0,0,31.25,0,16,0,0,0,0,0,0,0,0,0,0,0,0,0,0,1,177,109,0,0,0,0,0,0,0,0,0,0,1
2025-12-21 05:10:06,0,0,31.25,0,16,0,0,0,0,0,0,0,0,0,0,0,0,0,0,1,169,108,0,0,0,0,0,0,0,0,0,0,1
2025-12-21 05:11:06,0,0,31.12,0,16,1648,27.4667,51,0.85,69,1.15,0,0,0,0,0,0,0,0,2,195,125,0,0,0,0,0,0,0,0,0,0,1
2025-12-21 05:12:06,0,0,31.06,0,16,4,0.0666667,0,0,0,0,0,0,0,0,0,0,0,0,1,202,128,0,0,0,0,0,0,0,0,0,0,1
2025-12-21 05:13:06,0,0,31.06,0,16,0,0,0,0,0,0,0,0,0,0,0,0,0,0,1,198,123,0,0,0,0,0,0,0,0,0,0,1
2025-12-21 05:14:06,0,0,31.06,0,16,0,0,0,0,0,0,0,0,0,0,0,0,0,0,1,196,121,0,0,0,0,0,0,0,0,0,0,1
2025-12-21 05:15:06,0,0,31.06,0,16,198,3.3,1,0.0166667,15,0.25,0,0,0,0,0,0,0,0,1,215,147,0,0,0,0,0,0,0,0,0,0,1
2025-12-21 05:16:06,0,0,31,0,16,0,0,0,0,0,0,0,0,0,0,0,0,0,0,1,212,144,0,0,0,0,0,0,0,0,0,0,1
2025-12-21 05:17:06,0,0,31,0,16,0,0,0,0,0,0,0,0,0,0,0,0,0,0,1,208,137,0,0,0,0,0,0,0,0,0,0,1
2025-12-21 05:18:06,0,0,31,0,16,0,0,0,0,0,0,0,0,0,0,0,0,0,0,1,207,135,0,0,0,0,0,0,0,0,0,0,1
2025-12-21 05:19:06,0,0,31,0,16,0,0,0,0,0,0,0,0,0,0,0,0,0,0,1,203,130,0,0,0,0,0,0,0,0,0,0,1
2025-12-21 05:20:06,0,0,31.06,0,16,0,0,0,0,0,0,0,0,0,0,0,0,0,0,1,200,128,0,0,0,0,0,0,0,0,0,0,1
2025-12-21 05:21:06,0,0,31,0,16,973,16.2167,29,0.483333,58,0.966667,0,0,0,0,0,0,0,0,2,221,163,0,0,0,0,0,0,0,0,0,0,1
2025-12-21 05:22:06,0,0,30.88,0,16,56,0.933333,0,0,7,0.116667,0,0,0,0,0,0,0,0,1,201,145,0,0,0,0,0,0,0,0,0,0,1
2025-12-21 05:23:06,0,0,30.75,0,16,1861,31.0167,60,1,88,1.46667,0,0,0,0,0,0,0,0,2,196,171,0,0,0,0,0,0,0,0,0,0,1
2025-12-21 05:24:06,0,0,30.75,0,16,0,0,0,0,0,0,0,0,0,0,0,0,0,0,1,180,163,0,0,0,0,0,0,0,0,0,0,1
2025-12-21 05:25:06,0,0,30.81,0,16,0,0,0,0,0,0,0,0,0,0,0,0,0,0,1,174,160,0,0,0,0,0,0,0,0,0,0,1
2025-12-21 05:26:06,0,0,31.06,0,16,0,0,0,0,0,0,0,0,0,0,0,0,0,0,1,171,159,0,0,0,0,0,0,0,0,0,0,1
2025-12-21 05:27:06,0,0,31.12,0,16,0,0,0,0,0,0,0,0,0,0,0,0,0,0,2,168,159,0,0,0,0,0,0,0,0,0,0,1
2025-12-21 05:28:06,0,0,31.19,0,16,1306,21.7667,50,0.833333,77,1.28333,0,0,0,0,0,0,0,0,2,169,162,0,0,0,0,0,0,0,0,0,0,1
2025-12-21 05:29:06,0,0,31.12,0,8,6544,109.067,238,3.96667,314,5.23333,0,0,0,0,0,0,0,0,2,225,175,0,0,0,0,0,0,0,0,0,0,1
2025-12-21 05:30:06,0,0,30.94,0,8,0,0,0,0,0,0,0,0,0,0,0,0,0,0,2,185,155,0,0,0,0,0,0,0,0,0,0,1
2025-12-21 05:31:06,0,0,30.94,0,8,0,0,0,0,0,0,0,0,0,0,0,0,0,0,2,181,155,0,0,0,0,0,0,0,0,0,0,1
2025-12-21 05:32:06,0,0,30.69,0,16,3414,56.9,135,2.25,156,2.6,0,0,0,0,0,0,0,0,2,233,167,0,0,0,0,0,0,0,0,0,0,1
2025-12-21 05:33:06,0,0,30.5,0,16,8,0.133333,0,0,1,0.0166667,0,0,0,0,0,0,0,0,2,231,167,0,0,0,0,0,0,0,0,0,0,1
2025-12-21 05:34:06,0,0,30.56,0,16,0,0,0,0,0,0,0,0,0,0,0,0,0,0,1,231,167,0,0,0,0,0,0,0,0,0,0,1
2025-12-21 05:35:06,0,0,30.62,0,16,38,0.633333,0,0,3,0.05,0,0,0,0,0,0,0,0,1,231,167,0,0,0,0,0,0,0,0,0,0,1
2025-12-21 05:36:06,0,0,30.75,0,16,0,0,0,0,0,0,0,0,0,0,0,0,0,0,2,231,167,0,0,0,0,0,0,0,0,0,0,1
2025-12-21 05:37:06,0,0,30.88,0,16,0,0,0,0,0,0,0,0,0,0,0,0,0,0,1,231,167,0,0,0,0,0,0,0,0,0,0,1
2025-12-21 05:38:06,0,0,31,0,16,0,0,0,0,0,0,0,0,0,0,0,0,0,0,1,231,168,0,0,0,0,0,0,0,0,0,0,1
2025-12-21 05:39:06,0,0,31.12,0,16,0,0,0,0,0,0,0,0,0,0,0,0,0,0,1,231,168,0,0,0,0,0,0,0,0,0,0,1
2025-12-21 05:40:06,0,0,31.25,0,16,0,0,0,0,0,0,0,0,0,0,0,0,0,0,1,232,168,0,0,0,0,0,0,0,0,0,0,1
2025-12-21 05:41:06,0,0,31.38,0,16,0,0,0,0,0,0,0,0,0,0,0,0,0,0,1,231,167,0,0,0,0,0,0,0,0,0,0,1
2025-12-21 05:42:06,0,0,31.5,0,16,0,0,0,0,0,0,0,0,0,0,0,0,0,0,1,231,168,0,0,0,0,0,0,0,0,0,0,1
2025-12-21 05:43:06,0,0,31.62,0,16,0,0,0,0,0,0,0,0,0,0,0,0,0,0,1,231,168,0,0,0,0,0,0,0,0,0,0,1
2025-12-21 05:44:06,0,0,31.69,0,16,0,0,0,0,0,0,0,0,0,0,0,0,0,0,1,231,167,0,0,0,0,0,0,0,0,0,0,1
2025-12-21 05:45:06,0,0,32,0,16,1190,19.8333,41,0.683333,78,1.3,0,0,0,0,0,0,0,0,2,218,149,0,0,0,0,0,0,0,0,0,0,1
2025-12-21 05:46:06,0,0,32.25,0,16,0,0,0,0,0,0,0,0,0,0,0,0,0,0,1,207,136,0,0,0,0,0,0,0,0,0,0,1
2025-12-21 05:47:06,0,0,32.31,0,16,0,0,0,0,0,0,0,0,0,0,0,0,0,0,1,202,130,0,0,0,0,0,0,0,0,0,0,1
2025-12-21 05:48:06,0,0,32.44,0,16,0,0,0,0,0,0,0,0,0,0,0,0,0,0,1,199,128,0,0,0,0,0,0,0,0,0,0,1
2025-12-21 05:49:06,0,0,32.5,0,16,0,0,0,0,0,0,0,0,0,0,0,0,0,0,1,199,128,0,0,0,0,0,0,0,0,0,0,1
2025-12-21 05:50:06,0,0,32.56,0,16,0,0,0,0,0,0,0,0,0,0,0,0,0,0,1,198,128,0,0,0,0,0,0,0,0,0,0,1
2025-12-21 05:51:06,0,0,32.62,0,16,0,0,0,0,0,0,0,0,0,0,0,0,0,0,1,198,128,0,0,0,0,0,0,0,0,0,0,1
2025-12-21 05:52:06,0,0,32.69,0,16,0,0,0,0,0,0,0,0,0,0,0,0,0,0,1,198,125,0,0,0,0,0,0,0,0,0,0,1
2025-12-21 05:53:06,0,0,32.75,0,16,0,0,0,0,0,0,0,0,0,0,0,0,0,0,1,195,124,0,0,0,0,0,0,0,0,0,0,1
2025-12-21 05:54:06,0,0,32.81,0,16,0,0,0,0,0,0,0,0,0,0,0,0,0,0,1,195,124,0,0,0,0,0,0,0,0,0,0,1
2025-12-21 05:55:06,0,0,32.88,0,16,0,0,0,0,0,0,0,0,0,0,0,0,0,0,1,195,124,0,0,0,0,0,0,0,0,0,0,1
2025-12-21 05:56:06,0,0,32.88,0,16,0,0,0,0,0,0,0,0,0,0,0,0,0,0,1,195,124,0,0,0,0,0,0,0,0,0,0,1
2025-12-21 05:57:06,0,0,32.94,0,16,0,0,0,0,0,0,0,0,0,0,0,0,0,0,1,195,124,0,0,0,0,0,0,0,0,0,0,1
2025-12-21 05:58:06,0,0,33,0,16,0,0,0,0,0,0,0,0,0,0,0,0,0,0,1,195,123,0,0,0,0,0,0,0,0,0,0,1
2025-12-21 05:59:06,0,0,33,0,16,0,0,0,0,0,0,0,0,0,0,0,0,0,0,1,196,124,0,0,0,0,0,0,0,0,0,0,1
2025-12-21 06:00:06,0,0,33.06,0,16,0,0,0,0,0,0,0,0,0,0,0,0,0,0,1,196,124,0,0,0,0,0,0,0,0,0,0,1
2025-12-21 06:01:06,0,0,33.12,0,16,0,0,0,0,0,0,0,0,0,0,0,0,0,0,1,195,124,0,0,0,0,0,0,0,0,0,0,1
2025-12-21 06:02:06,0,0,33.12,0,16,0,0,0,0,0,0,0,0,0,0,0,0,0,0,1,195,124,0,0,0,0,0,0,0,0,0,0,1
2025-12-21 06:03:06,0,0,33.19,0,16,0,0,0,0,0,0,0,0,0,0,0,0,0,0,1,193,124,0,0,0,0,0,0,0,0,0,0,1
2025-12-21 06:04:06,0,0,33.19,0,16,0,0,0,0,0,0,0,0,0,0,0,0,0,0,1,194,123,0,0,0,0,0,0,0,0,0,0,1
2025-12-21 06:05:06,0,0,33.25,0,16,0,0,0,0,0,0,0,0,0,0,0,0,0,0,1,193,123,0,0,0,0,0,0,0,0,0,0,1
2025-12-21 06:06:06,0,0,33.31,0,16,0,0,0,0,0,0,0,0,0,0,0,0,0,0,1,195,123,0,0,0,0,0,0,0,0,0,0,1
2025-12-21 06:07:06,0,0,33.31,0,16,0,0,0,0,0,0,0,0,0,0,0,0,0,0,1,196,123,0,0,0,0,0,0,0,0,0,0,1
2025-12-21 06:08:06,0,0,33.31,0,16,0,0,0,0,0,0,0,0,0,0,0,0,0,0,1,195,123,0,0,0,0,0,0,0,0,0,0,1
2025-12-21 06:09:06,0,0,33.38,0,16,4,0.0666667,0,0,0,0,0,0,0,0,0,0,0,0,1,193,124,0,0,0,0,0,0,0,0,0,0,1
2025-12-21 06:10:06,0,0,33.38,0,16,0,0,0,0,0,0,0,0,0,0,0,0,0,0,1,192,124,0,0,0,0,0,0,0,0,0,0,1
2025-12-21 06:11:06,0,0,33.44,0,16,0,0,0,0,0,0,0,0,0,0,0,0,0,0,1,192,123,0,0,0,0,0,0,0,0,0,0,1
2025-12-21 06:12:06,0,0,33.44,0,16,0,0,0,0,0,0,0,0,0,0,0,0,0,0,1,190,123,0,0,0,0,0,0,0,0,0,0,1
2025-12-21 06:13:06,0,0,33.44,0,16,0,0,0,0,0,0,0,0,0,0,0,0,0,0,1,192,123,0,0,0,0,0,0,0,0,0,0,1
2025-12-21 06:14:06,0,0,33.5,0,16,0,0,0,0,0,0,0,0,0,0,0,0,0,0,1,192,123,0,0,0,0,0,0,0,0,0,0,1
2025-12-21 06:15:06,0,0,33.5,0,16,0,0,0,0,0,0,0,0,0,0,0,0,0,0,1,190,123,0,0,0,0,0,0,0,0,0,0,1
2025-12-21 06:16:06,0,0,33.5,0,16,0,0,0,0,0,0,0,0,0,0,0,0,0,0,1,189,123,0,0,0,0,0,0,0,0,0,0,1
2025-12-21 06:17:06,0,0,33.5,0,16,0,0,0,0,0,0,0,0,0,0,0,0,0,0,1,192,123,0,0,0,0,0,0,0,0,0,0,1
2025-12-21 06:18:06,0,0,33.5,0,16,0,0,0,0,0,0,0,0,0,0,0,0,0,0,1,192,122,0,0,0,0,0,0,0,0,0,0,1
2025-12-21 06:19:06,0,0,33.56,0,16,0,0,0,0,0,0,0,0,0,0,0,0,0,0,1,190,123,0,0,0,0,0,0,0,0,0,0,1
2025-12-21 06:20:06,0,0,33.56,0,16,0,0,0,0,0,0,0,0,0,0,0,0,0,0,1,193,123,0,0,0,0,0,0,0,0,0,0,1
2025-12-21 06:21:06,0,0,33.69,0,16,2103,35.05,88,1.46667,127,2.11667,0,0,0,0,0,0,0,0,2,220,121,0,0,0,0,0,0,0,0,0,0,1
2025-12-21 06:22:06,0,0,33.75,0,16,0,0,0,0,0,0,0,0,0,0,0,0,0,0,1,218,117,0,0,0,0,0,0,0,0,0,0,1
2025-12-21 06:23:06,0,0,33.75,0,16,17,0.283333,0,0,2,0.0333333,0,0,0,0,0,0,0,0,1,218,116,0,0,0,0,0,0,0,0,0,0,1
2025-12-21 06:24:06,0,0,33.81,0,16,0,0,0,0,0,0,0,0,0,0,0,0,0,0,1,217,115,0,0,0,0,0,0,0,0,0,0,1
2025-12-21 06:25:06,0,0,33.75,0,16,874,14.5667,18,0.3,67,1.11667,0,0,0,0,0,0,0,0,2,190,111,0,0,0,0,0,0,0,0,0,0,1
2025-12-21 06:26:06,0,0,33.69,0,16,0,0,0,0,0,0,0,0,0,0,0,0,0,0,1,190,108,0,0,0,0,0,0,0,0,0,0,1
2025-12-21 06:27:06,0,0,33.69,0,16,18,0.3,0,0,3,0.05,0,0,0,0,0,0,0,0,1,195,107,0,0,0,0,0,0,0,0,0,0,1
2025-12-21 06:28:06,0,0,33.69,0,16,0,0,0,0,0,0,0,0,0,0,0,0,0,0,1,196,107,0,0,0,0,0,0,0,0,0,0,1
2025-12-21 06:29:06,0,0,33.62,0,16,0,0,0,0,0,0,0,0,0,0,0,0,0,0,1,196,107,0,0,0,0,0,0,0,0,0,0,1
2025-12-21 06:30:06,0,0,33.62,0,16,207,3.45,0,0,22,0.366667,0,0,0,0,0,0,0,0,1,197,107,0,0,0,0,0,0,0,0,0,0,1
2025-12-21 06:31:06,0,0,33.69,0,16,588,9.8,23,0.383333,34,0.566667,0,0,0,0,0,0,0,0,1,225,153,0,0,0,0,0,0,0,0,0,0,1
2025-12-21 06:32:06,0,0,33.69,0,16,0,0,0,0,0,0,0,0,0,0,0,0,0,0,1,225,152,0,0,0,0,0,0,0,0,0,0,1
2025-12-21 06:33:06,0,0,33.62,0,16,0,0,0,0,0,0,0,0,0,0,0,0,0,0,1,225,151,0,0,0,0,0,0,0,0,0,0,1
2025-12-21 06:34:06,0,0,33.62,0,16,7,0.116667,0,0,0,0,0,0,0,0,0,0,0,0,1,224,151,0,0,0,0,0,0,0,0,0,0,1
2025-12-21 06:35:06,0,0,33.62,0,16,0,0,0,0,0,0,0,0,0,0,0,0,0,0,1,224,150,0,0,0,0,0,0,0,0,0,0,1
2025-12-21 06:36:06,0,0,33.62,0,16,0,0,0,0,0,0,0,0,0,0,0,0,0,0,1,224,151,0,0,0,0,0,0,0,0,0,0,1
2025-12-21 06:37:06,0,0,33.56,0,16,0,0,0,0,0,0,0,0,0,0,0,0,0,0,1,224,150,0,0,0,0,0,0,0,0,0,0,1
2025-12-21 06:38:06,0,0,33.56,0,16,0,0,0,0,0,0,0,0,0,0,0,0,0,0,1,224,151,0,0,0,0,0,0,0,0,0,0,1
2025-12-21 06:39:06,0,0,33.56,0,16,0,0,0,0,0,0,0,0,0,0,0,0,0,0,1,223,150,0,0,0,0,0,0,0,0,0,0,1
2025-12-21 06:40:06,0,0,33.56,0,16,0,0,0,0,0,0,0,0,0,0,0,0,0,0,1,224,151,0,0,0,0,0,0,0,0,0,0,1
2025-12-21 06:41:06,0,0,33.56,0,16,0,0,0,0,0,0,0,0,0,0,0,0,0,0,1,222,149,0,0,0,0,0,0,0,0,0,0,1
2025-12-21 06:42:06,0,0,33.56,0,16,0,0,0,0,0,0,0,0,0,0,0,0,0,0,1,223,149,0,0,0,0,0,0,0,0,0,0,1
2025-12-21 06:43:06,0,0,33.56,0,16,0,0,0,0,0,0,0,0,0,0,0,0,0,0,1,224,149,0,0,0,0,0,0,0,0,0,0,1
2025-12-21 06:44:06,0,0,33.56,0,16,0,0,0,0,0,0,0,0,0,0,0,0,0,0,1,223,149,0,0,0,0,0,0,0,0,0,0,1
2025-12-21 06:45:06,0,0,33.56,0,16,0,0,0,0,0,0,0,0,0,0,0,0,0,0,1,223,149,0,0,0,0,0,0,0,0,0,0,1
2025-12-21 06:46:06,0,0,33.56,0,16,0,0,0,0,0,0,0,0,0,0,0,0,0,0,1,222,149,0,0,0,0,0,0,0,0,0,0,1
2025-12-21 06:47:06,0,0,33.56,0,16,0,0,0,0,0,0,0,0,0,0,0,0,0,0,1,223,149,0,0,0,0,0,0,0,0,0,0,1
2025-12-21 06:48:06,0,0,33.56,0,16,1289,21.4833,34,0.566667,107,1.78333,0,0,0,0,0,0,0,0,1,217,165,0,0,0,0,0,0,0,0,0,0,1
2025-12-21 06:49:06,0,0,33.62,0,16,0,0,0,0,0,0,0,0,0,0,0,0,0,0,1,215,164,0,0,0,0,0,0,0,0,0,0,1
2025-12-21 06:50:06,0,0,33.62,0,16,0,0,0,0,0,0,0,0,0,0,0,0,0,0,1,214,164,0,0,0,0,0,0,0,0,0,0,1
2025-12-21 06:51:06,0,0,33.62,0,16,0,0,0,0,0,0,0,0,0,0,0,0,0,0,1,216,163,0,0,0,0,0,0,0,0,0,0,1
2025-12-21 06:52:06,0,0,33.62,0,16,416,6.93333,13,0.216667,30,0.5,0,0,0,0,0,0,0,0,2,216,163,0,0,0,0,0,0,0,0,0,0,1
2025-12-21 06:53:06,0,0,33.62,0,16,874,14.5667,23,0.383333,76,1.26667,0,0,0,0,0,0,0,0,1,193,143,0,0,0,0,0,0,0,0,0,0,1
2025-12-21 06:54:06,0,0,33.31,0,16,0,0,0,0,0,0,0,0,0,0,0,0,0,0,1,192,140,0,0,0,0,0,0,0,0,0,0,1
2025-12-21 06:55:06,0,0,33,0,16,0,0,0,0,0,0,0,0,0,0,0,0,0,0,1,192,139,0,0,0,0,0,0,0,0,0,0,1
2025-12-21 06:56:06,0,0,32.69,0,16,0,0,0,0,0,0,0,0,0,0,0,0,0,0,1,192,137,0,0,0,0,0,0,0,0,0,0,1
2025-12-21 06:57:06,0,0,32.38,0,16,0,0,0,0,0,0,0,0,0,0,0,0,0,0,1,192,137,0,0,0,0,0,0,0,0,0,0,1
2025-12-21 06:58:06,0,0,32.12,0,16,0,0,0,0,0,0,0,0,0,0,0,0,0,0,1,189,135,0,0,0,0,0,0,0,0,0,0,1
2025-12-21 06:59:06,0,0,31.94,0,16,0,0,0,0,0,0,0,0,0,0,0,0,0,0,1,189,134,0,0,0,0,0,0,0,0,0,0,1
2025-12-21 07:00:06,0,0,31.75,0,16,0,0,0,0,0,0,0,0,0,0,0,0,0,0,1,189,135,0,0,0,0,0,0,0,0,0,0,1
2025-12-21 07:01:06,0,0,31.56,0,16,0,0,0,0,0,0,0,0,0,0,0,0,0,0,1,188,133,0,0,0,0,0,0,0,0,0,0,1
2025-12-21 07:02:06,0,0,31.44,0,16,0,0,0,0,0,0,0,0,0,0,0,0,0,0,1,189,134,0,0,0,0,0,0,0,0,0,0,1
2025-12-21 07:03:06,0,0,31.31,0,16,0,0,0,0,0,0,0,0,0,0,0,0,0,0,1,188,133,0,0,0,0,0,0,0,0,0,0,1
2025-12-21 07:04:06,0,0,31.19,0,16,0,0,0,0,0,0,0,0,0,0,0,0,0,0,1,187,131,0,0,0,0,0,0,0,0,0,0,1
2025-12-21 07:05:06,0,0,31.12,0,16,0,0,0,0,0,0,0,0,0,0,0,0,0,0,1,187,131,0,0,0,0,0,0,0,0,0,0,1
2025-12-21 07:06:06,0,0,31,0,16,0,0,0,0,0,0,0,0,0,0,0,0,0,0,1,187,131,0,0,0,0,0,0,0,0,0,0,1
2025-12-21 07:07:06,0,0,30.94,0,16,0,0,0,0,0,0,0,0,0,0,0,0,0,0,1,187,130,0,0,0,0,0,0,0,0,0,0,1
2025-12-21 07:08:06,0,0,30.88,0,16,0,0,0,0,0,0,0,0,0,0,0,0,0,0,1,186,129,0,0,0,0,0,0,0,0,0,0,1
2025-12-21 07:09:06,0,0,30.81,0,16,0,0,0,0,0,0,0,0,0,0,0,0,0,0,1,186,129,0,0,0,0,0,0,0,0,0,0,1
2025-12-21 07:10:06,0,0,30.75,0,16,0,0,0,0,0,0,0,0,0,0,0,0,0,0,1,185,128,0,0,0,0,0,0,0,0,0,0,1
2025-12-21 07:11:06,0,0,30.75,0,16,6,0.1,0,0,1,0.0166667,0,0,0,0,0,0,0,0,1,185,128,0,0,0,0,0,0,0,0,0,0,1
2025-12-21 07:12:06,0,0,30.69,0,16,0,0,0,0,0,0,0,0,0,0,0,0,0,0,1,185,128,0,0,0,0,0,0,0,0,0,0,1
2025-12-21 07:13:06,0,0,30.62,0,16,0,0,0,0,0,0,0,0,0,0,0,0,0,0,1,186,128,0,0,0,0,0,0,0,0,0,0,1
2025-12-21 07:14:06,0,0,30.56,0,16,0,0,0,0,0,0,0,0,0,0,0,0,0,0,1,187,129,0,0,0,0,0,0,0,0,0,0,1
2025-12-21 07:15:06,0,0,30.56,0,16,0,0,0,0,0,0,0,0,0,0,0,0,0,0,1,185,128,0,0,0,0,0,0,0,0,0,0,1
2025-12-21 07:16:06,0,0,30.5,0,16,0,0,0,0,0,0,0,0,0,0,0,0,0,0,1,186,128,0,0,0,0,0,0,0,0,0,0,1
2025-12-21 07:17:06,0,0,30.12,0,16,1316,21.9333,39,0.65,92,1.53333,0,0,0,0,0,0,0,0,2,201,151,0,0,0,0,0,0,0,0,0,0,1
2025-12-21 07:18:06,0,0,30.44,0,16,3,0.05,0,0,0,0,0,0,0,0,0,0,0,0,1,190,144,0,0,0,0,0,0,0,0,0,0,1
2025-12-21 07:19:06,0,0,30.69,0,16,0,0,0,0,0,0,0,0,0,0,0,0,0,0,1,178,133,0,0,0,0,0,0,0,0,0,0,1
2025-12-21 07:20:06,0,0,31,0,16,1317,21.95,28,0.466667,122,2.03333,0,0,0,0,0,0,0,0,2,225,173,0,0,0,0,0,0,0,0,0,0,1
2025-12-21 07:21:06,0,0,30.81,0,16,0,0,0,0,0,0,0,0,0,0,0,0,0,0,2,223,169,0,0,0,0,0,0,0,0,0,0,1
2025-12-21 07:22:06,0,0,30.94,0,16,0,0,0,0,0,0,0,0,0,0,0,0,0,0,1,221,169,0,0,0,0,0,0,0,0,0,0,1
2025-12-21 07:23:06,0,0,31.38,0,16,1602,26.7,41,0.683333,118,1.96667,0,0,0,0,0,0,0,0,2,194,154,0,0,0,0,0,0,0,0,0,0,1
2025-12-21 07:24:06,0,0,31.75,0,16,916,15.2667,25,0.416667,73,1.21667,0,0,0,0,0,0,0,0,2,179,122,0,0,0,0,0,0,0,0,0,0,1
2025-12-21 07:25:06,0,0,31.81,0,16,0,0,0,0,0,0,0,0,0,0,0,0,0,0,1,169,118,0,0,0,0,0,0,0,0,0,0,1
2025-12-21 07:26:06,0,0,31.88,0,16,0,0,0,0,0,0,0,0,0,0,0,0,0,0,1,169,118,0,0,0,0,0,0,0,0,0,0,1
2025-12-21 07:27:06,0,0,32.06,0,1,1241,20.6833,40,0.666667,91,1.51667,0,0,0,0,0,0,0,0,2,162,116,0,0,0,0,0,0,0,0,0,0,1
2025-12-21 07:28:06,0,0,32.25,0,1,4,0.0666667,0,0,0,0,0,0,0,0,0,0,0,0,1,155,112,0,0,0,0,0,0,0,0,0,0,1
2025-12-21 07:29:06,0,0,32.38,0,1,0,0,0,0,0,0,0,0,0,0,0,0,0,0,12,153,110,0,0,0,0,0,0,0,0,0,0,0
2025-12-21 07:30:06,0,0,32.5,0,1,649,10.8167,22,0.366667,46,0.766667,0,0,0,0,0,0,0,0,0,159,116,0,0,0,0,0,0,0,0,0,0,0
2025-12-21 07:31:06,0,0,32.56,0,8,7770,129.5,234,3.9,451,7.51667,0,0,0,0,0,0,0,0,0,184,124,0,0,0,0,0,0,0,0,0,0,0
2025-12-21 07:32:06,0,1,32.38,0,1,7519,125.317,237,3.95,365,6.08333,0,0,0,0,0,0,0,0,0,182,128,0,0,0,0,0,0,0,0,0,0,0
2025-12-21 07:33:06,0,0,32,0,1,8590,143.167,272,4.53333,474,7.9,0,0,0,0,0,0,0,0,0,188,147,0,0,0,0,0,0,0,0,0,0,0
2025-12-21 07:34:06,0,0,31.75,0,1,5666,94.4333,204,3.4,222,3.7,0,0,0,0,0,0,0,0,0,158,113,0,0,0,0,0,0,0,0,0,0,0
2025-12-21 07:35:06,0,0,31.56,0,1,1589,26.4833,22,0.366667,115,1.91667,0,0,0,0,0,0,0,0,0,154,107,0,0,0,0,0,0,0,0,0,0,0
2025-12-21 07:36:06,0,0,31.44,0,8,4207,70.1167,114,1.9,224,3.73333,5.05,0,0,0,0,0,0,0,0,211,157,1e-04,1e-04,2e-04,4e-04,8e-04,0.0013,0.0014,9e-04,1.85,0,0
2025-12-21 07:37:06,0,0,31.19,0,1,681,11.35,10,0.166667,43,0.716667,15.58,0,0,0,0,0,0,0,0,174,115,2e-04,3e-04,4e-04,0.0012,0.0024,0.004,0.0045,0.0028,5.12,0.01,0
2025-12-21 07:38:06,0,0,31,0,1,1751,29.1833,26,0.433333,131,2.18333,12.3,0,0,0,0,0,0,0,0,160,117,1e-04,3e-04,4e-04,9e-04,0.0019,0.0032,0.0036,0.0023,4.01,0.01,0
2025-12-21 07:39:06,0,0,30.88,0,1,16566,276.1,594,9.9,723,12.05,57.51,0,0,0,0,0,0,0,0,168,122,6e-04,0.0014,0.0018,0.0042,0.0089,0.0146,0.0159,0.0095,21.2,0.02,0
2025-12-21 07:40:06,0,0,30.69,0,1,9003,150.05,257,4.28333,427,7.11667,9.76,0,0,0,0,0,0,0,0,196,154,1e-04,2e-04,2e-04,7e-04,0.0015,0.0024,0.0027,0.0017,3.26,0,0
2025-12-21 07:41:06,0,0,30.19,0,1,2438,40.6333,41,0.683333,211,3.51667,13.21,0,0,0,0,0,0,0,0,196,160,1e-04,3e-04,4e-04,0.001,0.0021,0.0033,0.0036,0.0023,4.54,0.01,0
2025-12-21 07:42:06,0,0,30,0,1,4232,70.5333,54,0.9,326,5.43333,17.32,0,0,0,0,0,0,0,0,193,160,2e-04,4e-04,5e-04,0.0014,0.0027,0.0043,0.0047,0.003,6.42,0.01,0
2025-12-21 07:43:06,0,0,29.75,0,1,3799,63.3167,79,1.31667,235,3.91667,14.15,0,0,0,0,0,0,0,0,183,136,1e-04,3e-04,4e-04,0.0011,0.0022,0.0036,0.0039,0.0025,4.87,0.01,0
2025-12-21 07:44:06,0,0,29.44,0,8,5047,84.1167,122,2.03333,377,6.28333,72.62,0,0,0,0,0,0,0,0,208,151,0.0011,0.01,0.0047,0.0077,0.0122,0.0131,0.0104,0.0055,71.73,0.03,0
2025-12-21 07:45:06,0,0,29.5,0,1,894,14.9,0,0,43,0.716667,0.56,0,0,0,0,0,0,0,0,198,146,0,0,0,1e-04,1e-04,1e-04,2e-04,1e-04,0.07,0,0
2025-12-21 07:46:06,0,0,29.25,0,1,640,10.6667,7,0.116667,26,0.433333,0.35,0,0,0,0,0,0,0,0,200,143,0,0,0,0,1e-04,1e-04,1e-04,1e-04,0,0,0
2025-12-21 07:47:06,0,0,29.19,0,16,114,1.9,0,0,9,0.15,0.3,0,0,0,0,0,0,0,0,198,148,0,0,0,0,1e-04,1e-04,1e-04,1e-04,0,0,0
2025-12-21 07:48:06,0,0,29.44,0,16,254,4.23333,0,0,19,0.316667,0.23,0,0,0,0,0,0,0,0,205,150,0,0,0,0,1e-04,1e-04,1e-04,1e-04,0,0,0
2025-12-21 07:49:06,0,0,29.38,0,1,3,0.05,0,0,0,0,0,0,0,0,0,0,0,0,0,206,156,0,0,0,0,0,0,0,0,0,0,0
2025-12-21 07:50:06,0,0,29.56,0,1,0,0,0,0,0,0,0,0,0,0,0,0,0,0,0,203,157,0,0,0,0,0,0,0,0,0,0,0
2025-12-21 07:51:06,0,0,29.69,0,1,311,5.18333,1,0.0166667,22,0.366667,0.69,0,0,0,0,0,0,0,0,207,152,0,0,0,0,1e-04,2e-04,2e-04,1e-04,0,0,0
2025-12-21 07:52:06,0,0,30.06,0,1,4490,74.8333,121,2.01667,258,4.3,0.29,0,0,0,0,0,0,0,0,175,129,0,0,0,0,1e-04,1e-04,1e-04,0,0,0,0
2025-12-21 07:53:06,0,0,30.19,0,4,108,1.8,0,0,2,0.0333333,0,0,0,0,0,0,0,0,0,172,128,0,0,0,0,0,0,0,0,0,0,0
2025-12-21 07:54:06,0,0,30.19,0,4,271,4.51667,0,0,13,0.216667,0,0,0,0,0,0,0,0,0,166,122,0,0,0,0,0,0,0,0,0,0,0
2025-12-21 07:55:06,0,0,30.19,0,4,1385,23.0833,24,0.4,88,1.46667,0,0,0,0,0,0,0,0,0,222,140,0,0,0,0,0,0,0,0,0,0,0
2025-12-21 07:56:06,0,0,30,0,1,293,4.88333,0,0,24,0.4,0,0,0,0,0,0,0,0,0,223,154,0,0,0,0,0,0,0,0,0,0,0
2025-12-21 07:57:06,0,0,29.94,0,1,0,0,0,0,0,0,0,0,0,0,0,0,0,0,0,220,152,0,0,0,0,0,0,0,0,0,0,0
2025-12-21 07:58:06,0,0,29.69,0,1,263,4.38333,0,0,19,0.316667,0,0,0,0,0,0,0,0,0,230,162,0,0,0,0,0,0,0,0,0,0,0
2025-12-21 07:59:06,0,0,29.06,0,1,83,1.38333,0,0,3,0.05,0,0,0,0,0,0,0,0,0,237,172,0,0,0,0,0,0,0,0,0,0,0
2025-12-21 08:00:06,0,0,29.31,0,1,111,1.85,0,0,6,0.1,0,0,0,0,0,0,0,0,0,227,161,0,0,0,0,0,0,0,0,0,0,0
2025-12-21 08:01:06,0,0,29.44,0,1,2545,42.4167,50,0.833333,176,2.93333,0,0,0,0,0,0,0,0,0,229,160,0,0,0,0,0,0,0,0,0,0,0
2025-12-21 08:02:06,0,0,29.56,0,1,2225,37.0833,37,0.616667,161,2.68333,0,0,0,0,0,0,0,0,0,212,160,0,0,0,0,0,0,0,0,0,0,0
2025-12-21 08:03:06,0,0,29.5,0,1,0,0,0,0,0,0,0,0,0,0,0,0,0,0,0,200,150,0,0,0,0,0,0,0,0,0,0,0
2025-12-21 08:04:06,0,0,29.75,0,1,3,0.05,0,0,0,0,0,0,0,0,0,0,0,0,0,195,144,0,0,0,0,0,0,0,0,0,0,0
2025-12-21 08:05:06,0,0,29.94,0,1,848,14.1333,1,0.0166667,62,1.03333,0,0,0,0,0,0,0,0,0,188,136,0,0,0,0,0,0,0,0,0,0,0
2025-12-21 08:06:06,0,0,29.94,0,1,1494,24.9,3,0.05,151,2.51667,0,0,0,0,0,0,0,0,0,179,129,0,0,0,0,0,0,0,0,0,0,0
2025-12-21 08:07:06,0,0,29.94,0,1,488,8.13333,0,0,38,0.633333,0,0,0,0,0,0,0,0,0,178,148,0,0,0,0,0,0,0,0,0,0,0
2025-12-21 08:08:06,0,0,30.06,0,1,90,1.5,0,0,7,0.116667,0,0,0,0,0,0,0,0,0,186,133,0,0,0,0,0,0,0,0,0,0,0
2025-12-21 08:09:06,0,0,30.31,0,1,238,3.96667,0,0,19,0.316667,0,0,0,0,0,0,0,0,0,177,129,0,0,0,0,0,0,0,0,0,0,0
2025-12-21 08:10:06,0,0,30.44,0,1,397,6.61667,7,0.116667,35,0.583333,0,0,0,0,0,0,0,0,0,181,135,0,0,0,0,0,0,0,0,0,0,0
2025-12-21 08:11:06,0,0,30.38,0,1,46,0.766667,0,0,0,0,0,0,0,0,0,0,0,0,0,180,137,0,0,0,0,0,0,0,0,0,0,0
2025-12-21 08:12:06,0,0,30.38,0,1,255,4.25,0,0,19,0.316667,0,0,0,0,0,0,0,0,0,179,118,0,0,0,0,0,0,0,0,0,0,0
2025-12-21 08:13:06,0,0,30.62,0,1,55,0.916667,0,0,6,0.1,0,0,0,0,0,0,0,0,0,177,121,0,0,0,0,0,0,0,0,0,0,0
2025-12-21 08:14:06,0,0,30.62,0,1,102,1.7,0,0,6,0.1,0,0,0,0,0,0,0,0,0,182,124,0,0,0,0,0,0,0,0,0,0,0
2025-12-21 08:15:06,0,0,30.69,0,1,135,2.25,0,0,17,0.283333,0,0,0,0,0,0,0,0,0,148,116,0,0,0,0,0,0,0,0,0,0,0
2025-12-21 08:16:06,0,0,31,0,1,472,7.86667,5,0.0833333,28,0.466667,0,0,0,0,0,0,0,0,0,161,117,0,0,0,0,0,0,0,0,0,0,0
2025-12-21 08:17:06,0,0,30.81,0,1,2000,33.3333,23,0.383333,147,2.45,15.67,0,0,0,0,0,0,0,0,215,146,2e-04,3e-04,5e-04,0.0012,0.0024,0.004,0.0045,0.0028,5.42,0.01,0
2025-12-21 08:18:06,0,0,30.75,0,1,4244,70.7333,110,1.83333,244,4.06667,26.97,0,0,0,0,0,0,0,0,188,128,3e-04,6e-04,7e-04,0.0018,0.0042,0.007,0.0077,0.0047,8.45,0.01,0
2025-12-21 08:19:06,0,0,30.62,0,8,10633,177.217,344,5.73333,489,8.15,27.07,0,0,0,0,0,0,0,0,220,159,3e-04,7e-04,0.001,0.0023,0.0041,0.0067,0.0073,0.0043,11.45,0.01,0
2025-12-21 08:20:06,0,0,30.62,0,8,6314,105.233,146,2.43333,357,5.95,0.19,0,0,0,0,0,0,0,0,188,113,0,0,0,0,0,1e-04,1e-04,1e-04,0,0,0
2025-12-21 08:21:06,0,0,30.19,0,16,4485,74.75,81,1.35,288,4.8,0.53,0,0,0,0,0,0,0,0,230,165,0,0,0,1e-04,1e-04,1e-04,2e-04,2e-04,0.01,0,0
2025-12-21 08:22:06,0,0,29.94,0,1,4999,83.3167,119,1.98333,346,5.76667,0.82,0,0,0,0,0,0,0,0,222,164,0,0,0,1e-04,2e-04,2e-04,3e-04,4e-04,0,0,0
2025-12-21 08:23:06,0,0,29.75,0,16,2026,33.7667,22,0.366667,150,2.5,1.29,0,0,0,0,0,0,0,0,220,156,0,0,0,2e-04,2e-04,3e-04,4e-04,4e-04,0.05,0,0
2025-12-21 08:24:06,0,0,29.75,0,1,1204,20.0667,24,0.4,88,1.46667,1.63,0,0,0,0,0,0,0,0,194,120,0,1e-04,0,2e-04,3e-04,3e-04,6e-04,3e-04,0.53,0,0
2025-12-21 08:25:06,0,0,29.5,0,16,1470,24.5,33,0.55,130,2.16667,2.26,0,0,0,0,0,0,0,0,222,158,0,1e-04,1e-04,3e-04,4e-04,4e-04,7e-04,5e-04,0.85,0,0
2025-12-21 08:26:06,0,0,29.06,0,1,1331,22.1833,11,0.183333,101,1.68333,4.32,0,0,0,0,0,0,0,0,203,151,0,2e-04,1e-04,6e-04,7e-04,7e-04,0.0014,6e-04,2.3,0,0
2025-12-21 08:27:06,0,0,28.94,0,1,1433,23.8833,9,0.15,117,1.95,3.39,0,0,0,0,0,0,0,0,191,142,1e-04,2e-04,1e-04,4e-04,6e-04,6e-04,0.0011,6e-04,1.7,0,0
2025-12-21 08:28:06,0,0,29.06,0,1,759,12.65,10,0.166667,42,0.7,1.84,0,0,0,0,0,0,0,0,192,134,0,1e-04,1e-04,2e-04,4e-04,4e-04,6e-04,5e-04,0.5,0,0
2025-12-21 08:29:06,0,0,29.12,0,1,968,16.1333,5,0.0833333,58,0.966667,1.3,0,0,0,0,0,0,0,0,201,140,0,1e-04,1e-04,2e-04,3e-04,3e-04,4e-04,5e-04,0.33,0,0
2025-12-21 08:30:06,0,0,29.06,0,1,1942,32.3667,15,0.25,165,2.75,2.96,0,0,0,0,0,0,0,0,203,148,1e-04,1e-04,1e-04,4e-04,5e-04,6e-04,9e-04,7e-04,1.43,0,0
2025-12-21 08:31:06,0,0,29.19,0,1,1492,24.8667,13,0.216667,114,1.9,2.1,0,0,0,0,0,0,0,0,200,140,0,1e-04,1e-04,3e-04,4e-04,4e-04,7e-04,6e-04,0.79,0,0
2025-12-21 08:32:06,0,0,29.25,0,1,1901,31.6833,27,0.45,157,2.61667,0.99,0,0,0,0,0,0,0,0,206,146,0,0,0,1e-04,2e-04,2e-04,3e-04,5e-04,0.14,0,0
2025-12-21 08:33:06,0,0,29.38,0,1,6198,103.3,166,2.76667,404,6.73333,2.05,0,0,0,0,0,0,0,0,229,161,0,1e-04,1e-04,3e-04,4e-04,4e-04,7e-04,5e-04,0.87,0,0
2025-12-21 08:34:06,0,0,29.62,0,1,4073,67.8833,60,1,328,5.46667,0.52,0,0,0,0,0,0,0,0,194,142,0,0,0,0,1e-04,2e-04,2e-04,2e-04,0,0,0
2025-12-21 08:35:06,0,0,29.69,0,1,9562,159.367,311,5.18333,604,10.0667,1.15,0,0,0,0,0,0,0,0,214,153,0,0,0,1e-04,2e-04,3e-04,4e-04,4e-04,0.17,0,0
2025-12-21 08:36:06,0,0,29.69,0,1,9112,151.867,272,4.53333,591,9.85,1.07,0,0,0,0,0,0,0,0,228,160,0,0,0,1e-04,2e-04,3e-04,3e-04,4e-04,0.23,0,0
2025-12-21 08:37:06,0,0,29.62,0,1,9271,154.517,307,5.11667,526,8.76667,2.59,0,0,0,0,0,0,0,0,221,156,0,0,1e-04,2e-04,4e-04,7e-04,7e-04,4e-04,0.68,0,0
2025-12-21 08:38:06,0,0,29.81,0,1,6840,114,189,3.15,366,6.1,0,0,0,0,0,0,0,0,0,219,152,1e-04,0,0,1e-04,0,1e-04,0,1e-04,0,0,0
2025-12-21 08:39:06,0,0,29.75,0,1,9176,152.933,265,4.41667,470,7.83333,0,0,0,0,0,0,0,0,0,209,150,0,0,0,0,0,0,0,0,0,0,0
2025-12-21 08:40:06,0,0,29.88,0,1,10304,171.733,353,5.88333,480,8,51.37,0,0,0,0,0.04,0,0,0,202,147,0.0033,0.0053,0.0063,0.0084,0.0095,0.0104,0.0129,0.0184,48.35,0.06,0
2025-12-21 08:41:06,0,0,28.69,0,1,4071,67.85,88,1.46667,241,4.01667,252.51,0,0,0,0,0.14,0,0,0,221,169,0.0148,0.0251,0.0313,0.0404,0.0431,0.047,0.0598,0.0844,264.22,0.24,0
2025-12-21 08:42:06,0,0,27.56,0,1,4101,68.35,86,1.43333,288,4.8,256.48,0,0,0,0,0.15,0,0,0,224,169,0.0153,0.0258,0.0321,0.0414,0.0441,0.0482,0.061,0.0861,267.17,0.25,0
2025-12-21 08:43:06,0,0,26.75,0,8,7038,117.3,157,2.61667,367,6.11667,136.84,0,0,0,0,0.08,0,0,0,228,174,0.008,0.0135,0.017,0.0219,0.0233,0.0257,0.0329,0.0465,142.1,0.13,0
2025-12-21 08:44:06,0,0,25.81,0,1,6940,115.667,109,1.81667,355,5.91667,111.51,0,0,0,0,0.06,0,0,0,223,167,0.0067,0.0112,0.014,0.018,0.0189,0.0209,0.0267,0.0377,117.94,0.11,0
2025-12-21 08:45:06,0,0,25.25,0,1,6940,115.667,121,2.01667,396,6.6,81.9,0,0,0,0,0.06,0,0,0,175,129,0.005,0.0081,0.01,0.013,0.0144,0.0161,0.0204,0.029,80.18,0.09,0
2025-12-21 08:46:06,0,0,24.62,0,1,7235,120.583,161,2.68333,414,6.9,220.89,0,0,0,0,0.11,0,0,0,204,160,0.0129,0.022,0.0278,0.0358,0.0367,0.0404,0.0517,0.0722,239.66,0.2,0
2025-12-21 08:47:06,0,0,23.75,0,1,5209,86.8167,63,1.05,306,5.1,226.32,0,0,0,0,0.14,0,0,0,223,166,0.0126,0.0209,0.0261,0.0342,0.0398,0.0445,0.0568,0.0803,210.83,0.22,0
2025-12-21 08:48:06,0,0,23.5,0,1,6763,112.717,133,2.21667,413,6.88333,188.48,0,0,0,0,0.11,0,0,0,219,169,0.011,0.0185,0.0233,0.0299,0.0322,0.0357,0.0455,0.064,193.9,0.18,0
2025-12-21 08:49:06,0,0,23.12,0,1,6040,100.667,88,1.46667,411,6.85,239.1,0,0,0,0,0.12,0,0,0,199,136,0.0133,0.0224,0.0283,0.0368,0.0406,0.0449,0.0576,0.0804,240.45,0.22,0
2025-12-21 08:50:06,0,0,23.12,0,1,10037,167.283,311,5.18333,593,9.88333,178.36,0,0,0,0,0.1,0,0,0,208,142,0.0113,0.0189,0.0238,0.0309,0.0292,0.0328,0.0421,0.0594,204.29,0.18,0
2025-12-21 08:51:06,0,0,23.69,0,1,9787,163.117,230,3.83333,488,8.13333,415.34,0,0,0,0,0.2,0,0,0,177,109,0.0223,0.0376,0.0478,0.0621,0.0708,0.0783,0.1003,0.1394,406.17,0.37,0
2025-12-21 08:52:06,0,0,23.5,0,1,10522,175.367,305,5.08333,523,8.71667,494.44,0,0,0,0,0.23,0,0,0,159,106,0.0271,0.0459,0.0584,0.076,0.0833,0.092,0.1173,0.1625,501.35,0.44,0
2025-12-21 08:53:06,0,0,22.31,0,1,10780,179.667,328,5.46667,511,8.51667,230.54,0,0,0,0,0.1,0,0,0,224,156,0.012,0.0205,0.0261,0.0339,0.0393,0.0433,0.0553,0.0767,222.92,0.2,0
2025-12-21 08:54:06,0,0,22.5,0,1,10812,180.2,338,5.63333,570,9.5,1.82,0,0,0,0,0,0,0,0,209,158,1e-04,1e-04,2e-04,3e-04,3e-04,4e-04,4e-04,6e-04,1.53,0,0
2025-12-21 08:55:06,0,0,22.5,0,1,2371,39.5167,42,0.7,153,2.55,3.84,0,0,0,0,0,0,0,0,221,155,1e-04,3e-04,3e-04,5e-04,7e-04,8e-04,0.0011,0.0012,2.41,0,0
2025-12-21 08:56:06,0,0,22.62,0,1,4455,74.25,96,1.6,313,5.21667,3.41,0,0,0,0,0,0,0,0,207,119,1e-04,2e-04,2e-04,4e-04,6e-04,6e-04,0.0011,9e-04,1.72,0,0
2025-12-21 08:57:06,0,0,23.62,0,1,6505,108.417,172,2.86667,474,7.9,0.68,0,0,0,0,0,0,0,0,171,121,0,0,0,1e-04,1e-04,1e-04,2e-04,0,0.18,0,0
2025-12-21 08:58:06,0,0,24,0,1,1529,25.4833,6,0.1,133,2.21667,0.28,0,0,0,0,0,0,0,0,157,105,0,0,0,0,1e-04,0,1e-04,0,0,0,0
2025-12-21 08:59:06,0,0,23.88,0,1,1469,24.4833,10,0.166667,119,1.98333,0,0,0,0,0,0,0,0,0,216,157,0,0,0,0,0,0,0,0,0,0,0
2025-12-21 09:00:06,0,0,23.88,0,1,1909,31.8167,18,0.3,152,2.53333,0,0,0,0,0,0,0,0,0,205,152,0,0,0,0,0,0,0,0,0,0,0
2025-12-21 09:01:06,0,0,24.19,0,1,2863,47.7167,52,0.866667,272,4.53333,0,0,0,0,0,0,0,0,0,165,114,0,0,0,0,0,0,0,0,0,0,0
2025-12-21 09:02:06,0,0,24.44,0,1,2828,47.1333,58,0.966667,239,3.98333,0,0,0,0,0,0,0,0,0,184,117,0,0,0,0,0,0,0,0,0,0,0
2025-12-21 09:03:06,0,0,24.56,0,1,1481,24.6833,11,0.183333,119,1.98333,0,0,0,0,0,0,0,0,0,219,160,0,0,0,0,0,0,0,0,0,0,0
2025-12-21 09:04:06,0,0,25.31,0,1,3631,60.5167,85,1.41667,280,4.66667,0,0,0,0,0,0,0,0,0,224,157,0,0,0,0,0,0,0,0,0,0,0
2025-12-21 09:05:06,0,0,25.69,0,1,2470,41.1667,60,1,179,2.98333,0.38,0,0,0,0,0,0,0,0,192,145,0,0,0,0,1e-04,1e-04,2e-04,0,0.05,0,0
2025-12-21 09:06:06,0,0,26.19,0,1,2290,38.1667,39,0.65,173,2.88333,0.23,0,0,0,0,0,0,0,0,194,141,0,0,0,0,0,0,1e-04,0,0.1,0,0
2025-12-21 09:07:06,0,0,26.56,0,1,3546,59.1,99,1.65,247,4.11667,0.24,0,0,0,0,0,0,0,0,181,130,0,0,0,0,1e-04,0,1e-04,0,0,0,0
2025-12-21 09:08:06,0,0,27,0,1,2740,45.6667,63,1.05,214,3.56667,0.08,0,0,0,0,0,0,0,0,201,147,0,0,0,0,0,0,1e-04,0,0,0,0
2025-12-21 09:09:06,0,0,27.12,0,1,2191,36.5167,37,0.616667,195,3.25,0.2,0,0,0,0,0,0,0,0,192,139,0,0,0,0,0,0,1e-04,0,0.02,0,0
2025-12-21 09:10:06,0,0,27.44,0,4,2181,36.35,68,1.13333,165,2.75,0.07,0,0,0,0,0,0,0,0,198,146,0,0,0,0,0,0,0,0,0,0,0
2025-12-21 09:11:06,0,0,27.75,0,4,3237,53.95,74,1.23333,265,4.41667,0,0,0,0,0,0,0,0,0,147,103,0,0,0,0,0,0,0,0,0,0,0
2025-12-21 09:12:06,0,0,28.25,0,1,9422,157.033,333,5.55,456,7.6,35.16,0,0,0,0,0,0,0,0,177,116,4e-04,0.0013,0.0013,0.0031,0.0056,0.0081,0.0087,0.0057,16.54,0.01,0
2025-12-21 09:13:06,0,0,28.06,0,1,1915,31.9167,39,0.65,120,2,8.27,0,0,0,0,0,0,0,0,199,148,2e-04,4e-04,5e-04,9e-04,0.0014,0.0019,0.0022,0.0024,4.59,0.01,0
2025-12-21 09:14:06,0,0,28,0,1,15207,253.45,579,9.65,622,10.3667,20.1,0,0,0,0,0.01,0,0,0,210,155,7e-04,0.0014,0.0018,0.0027,0.0033,0.004,0.0047,0.0055,16.48,0.01,0
2025-12-21 09:15:06,0,0,27.5,0,1,11930,198.833,428,7.13333,612,10.2,335.98,0,0,0,0,0.13,0,0,0,221,160,0.0177,0.0308,0.0398,0.0517,0.0553,0.0602,0.0738,0.0967,355.59,0.27,0
2025-12-21 09:16:06,0,0,26.94,0,1,11354,189.233,385,6.41667,773,12.8833,501.86,0,0,0,0,0.19,0,0,0,211,155,0.027,0.0467,0.0599,0.0774,0.0825,0.0899,0.1107,0.1459,536.25,0.41,0
2025-12-21 09:17:06,0,0,26.12,0,1,8986,149.767,278,4.63333,568,9.46667,421.79,0,0,0,0,0.11,0,0,0,184,133,0.0199,0.0361,0.0484,0.063,0.0685,0.0723,0.0859,0.1073,448.66,0.29,0
2025-12-21 09:18:06,0,0,25.69,0,1,6885,114.75,176,2.93333,543,9.05,540.81,0,0,0,0,0.16,0,0,0,205,152,0.0271,0.048,0.063,0.0818,0.088,0.0947,0.1147,0.1473,576.22,0.4,0
2025-12-21 09:19:06,0,0,25.38,0,1,7569,126.15,213,3.55,518,8.63333,75.17,0,0,0,0,0.04,0,0,0,189,137,0.0041,0.0071,0.0089,0.0116,0.013,0.0143,0.0173,0.0225,74.63,0.07,0
2025-12-21 09:20:06,0,0,25.31,0,1,33308,555.133,1108,18.4667,877,14.6167,68.54,0,0,0,0,0.03,0,0,0,211,167,0.0038,0.0065,0.0082,0.0106,0.0116,0.0127,0.0155,0.0204,70.79,0.06,0
2025-12-21 09:21:06,0,0,25.25,0,1,24811,413.517,882,14.7,635,10.5833,0,0,0,0,0,0.01,0,0,0,185,141,3e-04,4e-04,3e-04,4e-04,3e-04,4e-04,3e-04,3e-04,0,0.01,0
2025-12-21 09:22:06,0,0,25.81,0,1,28847,480.783,1053,17.55,752,12.5333,16.83,0,0,0,0,0.02,0,0,0,181,135,0.0012,0.0021,0.0025,0.0034,0.0028,0.0033,0.0039,0.0052,20.38,0.02,0
2025-12-21 09:23:06,0,0,26,0,1,25370,422.833,949,15.8167,739,12.3167,0,0,0,0,0,0.01,0,0,0,153,113,2e-04,2e-04,2e-04,3e-04,2e-04,4e-04,3e-04,3e-04,0,0.01,0
2025-12-21 09:24:06,0,0,26.5,0,1,23412,390.2,920,15.3333,707,11.7833,0,0,0,0,0,0.01,0,0,0,163,121,1e-04,1e-04,1e-04,1e-04,1e-04,1e-04,1e-04,1e-04,0,0,0
2025-12-21 09:25:06,0,0,26.62,0,1,5306,88.4333,114,1.9,293,4.88333,794.16,0,0,0,0,0.3,0,0,0,195,147,0.0439,0.0762,0.0975,0.1262,0.129,0.1404,0.1708,0.2225,880.95,0.65,0
2025-12-21 09:26:06,0,0,26.12,0,1,28496,474.933,931,15.5167,664,11.0667,169.64,0,0,0,0,0.07,0,0,0,173,121,0.009,0.0156,0.0198,0.0256,0.0283,0.031,0.0379,0.0501,175.04,0.14,0
2025-12-21 09:27:06,0,0,26.38,0,1,17288,288.133,682,11.3667,650,10.8333,0,0,0,0,0,0.01,0,0,0,147,110,2e-04,2e-04,1e-04,2e-04,1e-04,2e-04,1e-04,1e-04,0,0,0
2025-12-21 09:28:06,0,0,26.75,0,8,19880,331.333,711,11.85,565,9.41667,0,0,0,0,0,0.01,0,0,0,143,99,3e-04,3e-04,3e-04,4e-04,2e-04,4e-04,2e-04,2e-04,0,0.01,0
2025-12-21 09:29:06,0,0,27.06,0,1,24460,407.667,853,14.2167,694,11.5667,0,0,0,0,0,0.01,0,0,0,140,98,2e-04,2e-04,2e-04,2e-04,2e-04,4e-04,3e-04,4e-04,0,0.01,0
2025-12-21 09:30:06,0,0,27.19,0,1,8832,147.2,305,5.08333,351,5.85,0,0,0,0,0,0.01,0,0,0,143,99,2e-04,2e-04,2e-04,3e-04,2e-04,4e-04,3e-04,2e-04,0,0.01,0
2025-12-21 09:31:06,0,0,27.31,0,1,3004,50.0667,44,0.733333,224,3.73333,0,0,0,0,0,0.01,0,0,0,133,97,1e-04,2e-04,1e-04,2e-04,1e-04,2e-04,1e-04,2e-04,0,0,0
2025-12-21 09:32:06,0,0,27.56,0,1,12202,203.367,442,7.36667,838,13.9667,0,0,0,0,0,0,0,0,0,136,98,1e-04,1e-04,1e-04,1e-04,1e-04,1e-04,1e-04,1e-04,0,0,0
2025-12-21 09:33:06,0,0,27.69,0,1,6568,109.467,183,3.05,491,8.18333,0,0,0,0,0,0.01,0,0,0,134,98,3e-04,4e-04,3e-04,4e-04,3e-04,5e-04,4e-04,4e-04,0,0.01,0
2025-12-21 09:34:06,0,0,27.75,0,1,9306,155.1,286,4.76667,714,11.9,0,0,0,0,0,0.01,0,0,0,134,98,1e-04,1e-04,1e-04,2e-04,1e-04,2e-04,1e-04,1e-04,0,0,0
2025-12-21 09:35:06,0,0,27.94,0,1,10970,182.833,363,6.05,542,9.03333,0,0,0,0,0,0.02,0,0,0,134,98,4e-04,5e-04,4e-04,5e-04,4e-04,6e-04,4e-04,4e-04,0,0.01,0
2025-12-21 09:36:06,0,0,28.12,0,1,11992,199.867,371,6.18333,606,10.1,0,0,0,0,0,0,0,0,0,133,99,0,0,0,0,0,0,0,0,0,0,0
2025-12-21 09:37:06,0,0,28.19,0,8,9225,153.75,301,5.01667,493,8.21667,48.41,0,0,0,0,0,0,0,0,134,98,6e-04,0.0014,0.0017,0.0042,0.0074,0.012,0.0131,0.0076,20.6,0.02,0
2025-12-21 09:38:06,0,0,28.25,0,1,2002,33.3667,7,0.116667,145,2.41667,1.21,0,0,0,0,0,0,0,0,134,98,0,0,1e-04,1e-04,2e-04,3e-04,3e-04,4e-04,0.43,0,0
2025-12-21 09:39:06,0,0,28.44,0,1,1193,19.8833,2,0.0333333,103,1.71667,6.5,0,0,0,0,0,0,0,0,133,98,1e-04,4e-04,2e-04,8e-04,0.001,0.0013,0.0012,8e-04,4.29,0,0
2025-12-21 09:40:06,0,0,28.75,0,1,2375,39.5833,43,0.716667,173,2.88333,6.99,0,0,0,0,0,0,0,0,134,98,1e-04,7e-04,4e-04,0.001,0.0011,0.0012,0.0012,6e-04,6.03,0,0
2025-12-21 09:41:06,0,0,28.94,0,1,1845,30.75,38,0.633333,117,1.95,5.19,0,0,0,0,0,0,0,0,134,98,0,4e-04,2e-04,7e-04,8e-04,0.001,0.001,6e-04,3.61,0,0
2025-12-21 09:42:06,0,0,29.06,0,1,1738,28.9667,7,0.116667,189,3.15,26.96,0,0,0,0,0,0,0,0,134,98,3e-04,0.0028,0.0015,0.0037,0.0041,0.0047,0.0044,0.0025,24.77,0.01,0
2025-12-21 09:43:06,0,0,29.25,0,1,2474,41.2333,16,0.266667,268,4.46667,32.04,0,0,0,0,0,0,0,0,134,97,4e-04,0.0033,0.0018,0.0044,0.0049,0.0056,0.0052,0.0029,29.75,0.01,0
2025-12-21 09:44:06,0,0,29.44,0,16,2278,37.9667,13,0.216667,260,4.33333,35.9,0,0,0,0,0,0,0,0,134,98,4e-04,0.0037,0.0021,0.005,0.0055,0.0062,0.0058,0.0033,33.61,0.01,0
2025-12-21 09:45:06,0,0,29.5,0,1,716,11.9333,2,0.0333333,69,1.15,9.83,0,0,0,0,0,0,0,0,134,98,1e-04,9e-04,5e-04,0.0013,0.0015,0.0018,0.0017,0.001,8.3,0,0
2025-12-21 09:46:06,0,0,29.81,0,1,791,13.1833,19,0.316667,46,0.766667,12.03,0,0,0,0,0,0,0,0,135,98,1e-04,0.0012,6e-04,0.0016,0.0019,0.0022,0.0021,0.0012,10.28,0,0
2025-12-21 09:47:06,0,0,29.81,0,1,1678,27.9667,48,0.8,106,1.76667,10.78,0,0,0,0,0,0,0,0,135,98,1e-04,0.001,5e-04,0.0014,0.0017,0.0019,0.0018,0.0011,9.02,0,0
2025-12-21 09:48:06,0,0,30,0,1,564,9.4,12,0.2,34,0.566667,13.96,0,0,0,0,0,0,0,0,134,98,1e-04,0.0013,7e-04,0.0019,0.0022,0.0025,0.0024,0.0014,11.81,0.01,0
2025-12-21 09:49:06,0,0,29.88,0,8,15,0.25,0,0,0,0,17.68,0,0,0,0,0,0,0,0,135,98,2e-04,0.0017,0.001,0.0023,0.0027,0.0031,0.003,0.0017,15.53,0.01,0
2025-12-21 09:50:06,0,0,29.81,0,1,2457,40.95,43,0.716667,208,3.46667,10.21,0,0,0,0,0,0,0,0,135,98,1e-04,0.001,5e-04,0.0014,0.0015,0.0018,0.0017,0.001,9.04,0,0
2025-12-21 09:51:06,0,0,29.94,0,1,4290,71.5,130,2.16667,266,4.43333,17.23,0,0,0,0,0,0,0,0,135,98,2e-04,0.0017,9e-04,0.0023,0.0027,0.003,0.0029,0.0016,15.42,0.01,0
2025-12-21 09:52:06,0,0,30.06,0,1,702,11.7,19,0.316667,28,0.466667,14.32,0,0,0,0,0,0,0,0,135,98,2e-04,0.0014,8e-04,0.0019,0.0022,0.0025,0.0023,0.0014,12.62,0.01,0
2025-12-21 09:53:06,0,0,29.94,0,1,6155,102.583,188,3.13333,260,4.33333,10.24,0,0,0,0,0,0,0,0,141,98,1e-04,0.001,5e-04,0.0014,0.0016,0.0018,0.0017,0.0011,8.64,0,0
2025-12-21 09:54:06,0,0,29.81,0,1,13908,231.8,469,7.81667,624,10.4,4.02,0,0,0,0,0,0,0,0,138,98,1e-04,3e-04,4e-04,6e-04,7e-04,8e-04,0.001,0.0012,3.06,0,0
2025-12-21 09:55:06,0,0,29.69,0,16,13399,223.317,473,7.88333,555,9.25,63.28,0,0,0,0,0,0,0,0,140,98,7e-04,0.0021,0.0022,0.0052,0.01,0.015,0.0156,0.0089,28.13,0.02,0
2025-12-21 09:56:06,0,0,29.69,0,16,569,9.48333,9,0.15,51,0.85,20.01,0,0,0,0,0,0,0,0,140,99,2e-04,0.0019,0.0012,0.0026,0.0032,0.0034,0.0036,0.0017,17.61,0.01,0
2025-12-21 09:57:06,0,0,29.62,0,16,197,3.28333,0,0,16,0.266667,20.69,0,0,0,0,0,0,0,0,140,98,2e-04,0.002,0.0012,0.0028,0.0033,0.0034,0.0038,0.0018,18.49,0.01,0
2025-12-21 09:58:06,0,0,29.69,0,16,1573,26.2167,30,0.5,128,2.13333,19.71,0,0,0,0,0,0,0,0,138,98,2e-04,0.0019,0.0011,0.0026,0.0031,0.0033,0.0036,0.0017,17.37,0.01,0
2025-12-21 09:59:06,0,0,29.62,0,1,6406,106.767,184,3.06667,349,5.81667,12.09,0,0,0,0,0,0,0,0,151,100,1e-04,0.0011,7e-04,0.0016,0.0019,0.0021,0.0021,0.0012,10.36,0,0
2025-12-21 10:00:06,0,0,29.69,0,1,5065,84.4167,119,1.98333,303,5.05,8.99,0,0,0,0,0,0,0,0,156,104,3e-04,5e-04,7e-04,0.0011,0.0015,0.002,0.0024,0.0028,5.78,0.01,0
2025-12-21 10:01:06,0,0,29.81,0,1,3670,61.1667,76,1.26667,263,4.38333,3.98,0,0,0,0,0,0,0,0,149,100,2e-04,3e-04,4e-04,6e-04,7e-04,9e-04,0.0011,0.0017,2.61,0,0
2025-12-21 10:02:06,0,0,29.88,0,8,1204,20.0667,2,0.0333333,140,2.33333,2.31,0,0,0,0,0,0,0,0,150,99,1e-04,2e-04,2e-04,4e-04,5e-04,5e-04,7e-04,0.0012,1.2,0,0
2025-12-21 10:03:06,0,0,29.94,0,8,2076,34.6,19,0.316667,190,3.16667,2.26,0,0,0,0,0,0,0,0,153,100,1e-04,2e-04,2e-04,4e-04,4e-04,5e-04,7e-04,0.0011,1.27,0,0
2025-12-21 10:04:06,0,0,29.94,0,8,2340,39,35,0.583333,191,3.18333,2.02,0,0,0,0,0,0,0,0,159,100,1e-04,1e-04,2e-04,3e-04,4e-04,5e-04,6e-04,0.001,0.97,0,0
2025-12-21 10:05:06,0,0,30.19,0,16,2387,39.7833,51,0.85,180,3,5.56,0,0,0,0,0,0,0,0,142,100,2e-04,4e-04,5e-04,8e-04,0.001,0.0012,0.0014,0.0021,3.98,0.01,0
2025-12-21 10:06:06,0,0,30.31,0,16,2991,49.85,87,1.45,175,2.91667,3.76,0,0,0,0,0,0,0,0,147,99,1e-04,3e-04,3e-04,6e-04,7e-04,8e-04,0.001,0.0016,2.41,0,0
2025-12-21 10:07:06,0,0,30.38,0,1,1614,26.9,15,0.25,136,2.26667,4.17,0,0,0,0,0,0,0,0,145,100,2e-04,3e-04,4e-04,6e-04,8e-04,9e-04,0.0011,0.0017,2.73,0,0
2025-12-21 10:08:06,0,0,30.38,0,1,4827,80.45,145,2.41667,249,4.15,4.81,0,0,0,0,0,0,0,0,147,100,2e-04,3e-04,4e-04,7e-04,9e-04,0.001,0.0013,0.0019,3.25,0.01,0
2025-12-21 10:09:06,0,0,31,0,16,2697,44.95,96,1.6,156,2.6,4.59,0,0,0,0,0,0,0,0,183,128,2e-04,3e-04,4e-04,6e-04,9e-04,0.001,0.0013,0.0019,2.85,0.01,0
2025-12-21 10:10:06,0,0,31.31,0,1,4059,67.65,98,1.63333,271,4.51667,5.69,0,0,0,0,0,0,0,0,159,120,2e-04,4e-04,5e-04,8e-04,0.001,0.0012,0.0015,0.0022,3.71,0.01,0
2025-12-21 10:11:06,0,0,31.19,0,16,6434,107.233,178,2.96667,518,8.63333,11.4,0,0,0,0,0.01,0,0,0,174,129,5e-04,8e-04,0.0011,0.0016,0.002,0.0024,0.0029,0.004,8.98,0.01,0
2025-12-21 10:12:06,0,0,31,0,16,6857,114.283,201,3.35,526,8.76667,6.88,0,0,0,0,0,0,0,0,192,145,3e-04,5e-04,7e-04,0.001,0.0012,0.0015,0.0018,0.0027,4.9,0.01,0
2025-12-21 10:13:06,0,0,30.81,0,1,508,8.46667,8,0.133333,37,0.616667,4.4,0,0,0,0,0,0,0,0,203,147,2e-04,3e-04,4e-04,7e-04,8e-04,0.001,0.0012,0.0019,2.76,0.01,0
2025-12-21 10:14:06,0,0,31.12,0,1,2603,43.3833,58,0.966667,186,3.1,2.9,0,0,0,0,0,0,0,0,145,104,1e-04,2e-04,3e-04,5e-04,6e-04,7e-04,9e-04,0.0015,1.43,0,0
2025-12-21 10:15:06,0,0,30.94,0,16,850,14.1667,6,0.1,70,1.16667,7.9,0,0,0,0,0,0,0,0,160,109,3e-04,5e-04,7e-04,0.0011,0.0014,0.0017,0.0022,0.0029,5.49,0.01,0
2025-12-21 10:16:06,0,0,30.75,0,16,1162,19.3667,9,0.15,87,1.45,8.07,0,0,0,0,0,0,0,0,171,108,3e-04,6e-04,7e-04,0.0012,0.0014,0.0017,0.0021,0.003,5.71,0.01,0
2025-12-21 10:17:06,0,0,30.75,0,16,898,14.9667,2,0.0333333,86,1.43333,8.05,0,0,0,0,0,0,0,0,181,111,3e-04,6e-04,7e-04,0.0011,0.0015,0.0017,0.0021,0.0031,5.5,0.01,0
2025-12-21 10:18:06,0,0,30.81,0,1,1802,30.0333,25,0.416667,149,2.48333,5.92,0,0,0,0,0,0,0,0,187,109,2e-04,4e-04,5e-04,9e-04,0.0011,0.0013,0.0016,0.0024,4.08,0.01,0
2025-12-21 10:19:06,0,0,30.88,0,16,3754,62.5667,81,1.35,313,5.21667,6.21,0,0,0,0,0,0,0,0,143,106,2e-04,4e-04,6e-04,9e-04,0.0011,0.0013,0.0017,0.0025,4.17,0.01,0
2025-12-21 10:20:06,0,0,30.81,0,1,5923,98.7167,151,2.51667,356,5.93333,23.16,0,0,0,0,0,0,0,0,162,109,3e-04,6e-04,7e-04,0.0018,0.0036,0.0059,0.0064,0.004,8.82,0.01,0
2025-12-21 10:21:06,0,0,31,0,8,7764,129.4,251,4.18333,434,7.23333,25.8,0,0,0,0,0.01,0,0,0,149,110,7e-04,0.0014,0.0018,0.003,0.0042,0.0056,0.0064,0.0062,17.09,0.02,0
2025-12-21 10:22:06,0,0,30.69,0,16,2871,47.85,48,0.8,232,3.86667,9.06,0,0,0,0,0,0,0,0,156,108,4e-04,6e-04,9e-04,0.0013,0.0016,0.0019,0.0024,0.0035,6.44,0.01,0
2025-12-21 10:23:06,0,0,30.69,0,16,1117,18.6167,5,0.0833333,107,1.78333,7.51,0,0,0,0,0,0,0,0,144,109,3e-04,5e-04,7e-04,0.0011,0.0014,0.0016,0.002,0.003,5.26,0.01,0
2025-12-21 10:24:06,0,0,30.81,0,16,967,16.1167,13,0.216667,77,1.28333,8.49,0,0,0,0,0,0,0,0,147,105,4e-04,6e-04,8e-04,0.0012,0.0015,0.0018,0.0023,0.0033,6,0.01,0
2025-12-21 10:25:06,0,0,30.75,0,1,8011,133.517,238,3.96667,485,8.08333,8.84,0,0,0,0,0,0,0,0,163,138,4e-04,6e-04,8e-04,0.0013,0.0016,0.0019,0.0023,0.0034,6.38,0.01,0
2025-12-21 10:26:06,0,0,30.56,0,1,8724,145.4,258,4.3,456,7.6,24.85,0,0,0,0,0.01,0,0,0,148,109,0.001,0.0019,0.0025,0.0036,0.0042,0.0048,0.0058,0.0075,21.52,0.02,0
2025-12-21 10:27:06,0,0,30.12,0,1,11795,196.583,377,6.28333,594,9.9,3.32,0,0,0,0,0,0,0,0,213,155,2e-04,3e-04,3e-04,5e-04,6e-04,7e-04,9e-04,0.0014,2.35,0,0
2025-12-21 10:28:06,0,0,29.88,0,8,6472,107.867,159,2.65,363,6.05,45.69,0,0,0,0,0.01,0,0,0,222,174,0.0019,0.0034,0.0046,0.0063,0.0077,0.0085,0.0101,0.0127,40.62,0.03,0
2025-12-21 10:29:06,0,0,29.75,0,1,4787,79.7833,96,1.6,300,5,12.34,0,0,0,0,0,0,0,0,157,122,4e-04,0.0012,0.0012,0.0019,0.0021,0.0023,0.0027,0.0034,11.84,0.01,0
2025-12-21 10:30:06,0,0,29.75,0,1,8722,145.367,241,4.01667,424,7.06667,27.72,0,0,0,0,0.01,0,0,0,213,167,0.0012,0.0021,0.0029,0.004,0.0047,0.0053,0.0063,0.0081,25.02,0.02,0
2025-12-21 10:31:06,0,0,29.81,0,1,10951,182.517,377,6.28333,533,8.88333,12.33,0,0,0,0,0.01,0,0,0,150,104,5e-04,9e-04,0.0012,0.0017,0.0022,0.0025,0.003,0.004,9.79,0.01,0
2025-12-21 10:32:06,0,0,29.88,0,1,19350,322.5,704,11.7333,744,12.4,11.11,0,0,0,0,0,0,0,0,176,106,4e-04,9e-04,0.0011,0.0016,0.0019,0.0022,0.0027,0.0036,9.31,0.01,0
2025-12-21 10:33:06,0,0,29.88,0,1,25058,417.633,824,13.7333,777,12.95,13.89,0,0,0,0,0.01,0,0,0,164,114,5e-04,0.001,0.0014,0.002,0.0024,0.0028,0.0033,0.0045,11.22,0.01,0
2025-12-21 10:34:06,0,0,29.88,0,1,18195,303.25,523,8.71667,540,9,12.63,0,0,0,0,0.01,0,0,0,196,154,6e-04,0.001,0.0013,0.0019,0.0022,0.0025,0.0031,0.0041,10.93,0.01,0
2025-12-21 10:35:06,0,0,29.75,0,1,12099,201.65,368,6.13333,739,12.3167,12.28,0,0,0,0,0.01,0,0,0,210,129,5e-04,9e-04,0.0012,0.0018,0.0021,0.0025,0.003,0.0039,9.97,0.01,0
2025-12-21 10:36:06,0,0,29.62,0,1,9780,163,313,5.21667,686,11.4333,15.02,0,0,0,0,0.01,0,0,0,164,106,6e-04,0.0011,0.0015,0.0022,0.0026,0.003,0.0036,0.0047,12.44,0.01,0
2025-12-21 10:37:06,0,0,29.75,0,1,20840,347.333,981,16.35,813,13.55,25.72,0,0,0,0,0.01,0,0,0,141,102,0.001,0.0019,0.0025,0.0037,0.0044,0.0051,0.0061,0.008,21.39,0.02,0
2025-12-21 10:38:06,0,0,29.56,0,1,6530,108.833,141,2.35,461,7.68333,21.15,0,0,0,0,0.01,0,0,0,162,108,9e-04,0.0017,0.0022,0.0032,0.0036,0.0041,0.005,0.0068,18.62,0.02,0
2025-12-21 10:39:06,0,0,29.25,0,1,5661,94.35,127,2.11667,396,6.6,17.3,0,0,0,0,0.01,0,0,0,207,150,7e-04,0.0013,0.0017,0.0024,0.003,0.0034,0.0041,0.0054,14.19,0.01,0
2025-12-21 10:40:06,0,0,29.06,0,1,3705,61.75,57,0.95,253,4.21667,40.56,0,0,0,0,0.01,0,0,0,177,109,0.0016,0.003,0.004,0.0056,0.0068,0.0076,0.009,0.0113,36.06,0.03,0
2025-12-21 10:41:06,0,0,29.06,0,1,4564,76.0667,105,1.75,289,4.81667,24.88,0,0,0,0,0.01,0,0,0,174,111,0.001,0.0019,0.0025,0.0035,0.0042,0.0047,0.0056,0.0072,22.32,0.02,0
2025-12-21 10:42:06,0,0,28.88,0,1,3282,54.7,60,1,211,3.51667,54.2,0,0,0,0,0.02,0,0,0,163,107,0.0022,0.0041,0.0056,0.0077,0.0091,0.0101,0.012,0.0153,49.36,0.04,0
2025-12-21 10:43:06,0,0,28.69,0,1,2270,37.8333,39,0.65,137,2.28333,42.48,0,0,0,0,0.02,0,0,0,190,124,0.0018,0.0033,0.0043,0.006,0.0074,0.0084,0.0101,0.0135,35.73,0.04,0
2025-12-21 10:44:06,0,0,29.12,0,1,9596,159.933,314,5.23333,596,9.93333,20.48,0,0,0,0,0.01,0,0,0,170,113,8e-04,0.0015,0.002,0.0029,0.0035,0.004,0.0048,0.0062,17.13,0.02,0
2025-12-21 10:45:06,0,0,29.19,0,1,11220,187,400,6.66667,531,8.85,25,0,0,0,0,0.01,0,0,0,212,159,0.001,0.0019,0.0025,0.0035,0.0043,0.0049,0.0058,0.0076,20.93,0.02,0
2025-12-21 10:46:06,0,0,29.19,0,16,7684,128.067,231,3.85,511,8.51667,144.61,0,0,0,0,0.03,0,0,0,222,162,0.0061,0.0128,0.0155,0.0211,0.0235,0.0252,0.0285,0.0337,149.75,0.1,0
2025-12-21 10:47:06,0,0,29.12,0,1,6560,109.333,160,2.66667,425,7.08333,62.8,0,0,0,0,0.01,0,0,0,216,158,0.0027,0.005,0.0066,0.0089,0.0104,0.0112,0.013,0.0159,61.24,0.04,0
2025-12-21 10:48:06,0,0,29.19,0,16,4613,76.8833,92,1.53333,316,5.26667,49.8,0,0,0,0,0.01,0,0,0,206,148,0.0017,0.0036,0.0043,0.0064,0.0083,0.0094,0.0103,0.011,42.15,0.03,0
2025-12-21 10:49:06,0,0,29.44,0,8,1964,32.7333,20,0.333333,172,2.86667,63.78,0,0,0,0,0.01,0,0,0,155,108,0.0023,0.0046,0.0057,0.0081,0.0106,0.0119,0.013,0.0138,55.66,0.04,0
2025-12-21 10:50:06,0,0,29.38,0,8,1437,23.95,18,0.3,92,1.53333,25.27,0,0,0,0,0,0,0,0,157,114,6e-04,0.0014,0.0014,0.0027,0.0043,0.0053,0.0053,0.0044,15.86,0.01,0
2025-12-21 10:51:06,0,0,29.12,0,16,4865,81.0833,105,1.75,367,6.11667,96.17,0,0,0,0,0.02,0,0,0,181,131,0.0038,0.0074,0.0095,0.013,0.0158,0.0172,0.0191,0.0214,91.31,0.06,0
2025-12-21 10:52:06,0,0,28.75,0,1,1574,26.2333,1,0.0166667,135,2.25,13.24,0,0,0,0,0,0,0,0,224,160,5e-04,0.001,0.0014,0.0019,0.0023,0.0026,0.003,0.004,11.52,0.01,0
2025-12-21 10:53:06,0,0,28.62,0,1,869,14.4833,3,0.05,65,1.08333,7.13,0,0,0,0,0,0,0,0,192,140,3e-04,6e-04,7e-04,0.0011,0.0013,0.0014,0.0017,0.0025,5.74,0.01,0
2025-12-21 10:54:06,0,0,28.38,0,16,3235,53.9167,61,1.01667,202,3.36667,0.7,0,0,0,0,0,0,0,0,229,165,0,0,0,1e-04,2e-04,1e-04,2e-04,2e-04,0.19,0,0
2025-12-21 10:55:06,0,0,28.44,0,16,2211,36.85,25,0.416667,220,3.66667,2.21,0,0,0,0,0,0,0,0,207,151,0,1e-04,1e-04,3e-04,4e-04,3e-04,7e-04,3e-04,1.52,0,0
2025-12-21 10:56:06,0,0,28.44,0,16,1737,28.95,13,0.216667,205,3.41667,3.14,0,0,0,0,0,0,0,0,193,153,0,2e-04,2e-04,5e-04,5e-04,4e-04,0.001,2e-04,2.28,0,0
2025-12-21 10:57:06,0,0,28.5,0,16,1426,23.7667,13,0.216667,166,2.76667,0.68,0,0,0,0,0,0,0,0,207,151,0,0,0,1e-04,1e-04,1e-04,2e-04,2e-04,0.36,0,0
2025-12-21 10:58:06,0,0,28.25,0,16,223,3.71667,0,0,24,0.4,0.68,0,0,0,0,0,0,0,0,216,167,0,1e-04,0,1e-04,2e-04,1e-04,2e-04,2e-04,0.12,0,0
2025-12-21 10:59:06,0,0,28.75,0,16,3921,65.35,87,1.45,287,4.78333,0.95,0,0,0,0,0,0,0,0,205,150,0,0,1e-04,2e-04,2e-04,1e-04,2e-04,2e-04,0.57,0,0
2025-12-21 11:00:06,0,0,28.5,0,16,499,8.31667,0,0,43,0.716667,1.58,0,0,0,0,0,0,0,0,212,154,0,1e-04,2e-04,2e-04,3e-04,2e-04,3e-04,4e-04,1.24,0,0
2025-12-21 11:01:06,0,0,28.62,0,16,1619,26.9833,14,0.233333,160,2.66667,1.23,0,0,0,0,0,0,0,0,211,154,0,1e-04,1e-04,2e-04,2e-04,2e-04,3e-04,3e-04,0.86,0,0
2025-12-21 11:02:06,0,0,28.56,0,16,2129,35.4833,24,0.4,191,3.18333,1.29,0,0,0,0,0,0,0,0,199,139,0,1e-04,1e-04,2e-04,2e-04,2e-04,4e-04,3e-04,0.69,0,0
2025-12-21 11:03:06,0,0,28.44,0,16,435,7.25,0,0,35,0.583333,2.12,0,0,0,0,0,0,0,0,206,151,1e-04,2e-04,1e-04,3e-04,4e-04,3e-04,5e-04,4e-04,1.7,0,0
2025-12-21 11:04:06,0,0,28.5,0,16,577,9.61667,2,0.0333333,68,1.13333,2.29,0,0,0,0,0,0,0,0,200,150,0,2e-04,1e-04,4e-04,4e-04,3e-04,6e-04,3e-04,1.65,0,0
2025-12-21 11:05:06,0,0,28.62,0,16,1221,20.35,13,0.216667,107,1.78333,2.86,0,0,0,0,0,0,0,0,207,148,1e-04,2e-04,2e-04,4e-04,5e-04,4e-04,8e-04,4e-04,1.87,0,0
2025-12-21 11:06:06,0,0,28.75,0,16,850,14.1667,3,0.05,78,1.3,2.13,0,0,0,0,0,0,0,0,203,151,0,2e-04,2e-04,3e-04,4e-04,3e-04,5e-04,4e-04,1.77,0,0
2025-12-21 11:07:06,0,0,28.88,0,16,340,5.66667,0,0,30,0.5,2.25,0,0,0,0,0,0,0,0,202,150,0,2e-04,2e-04,4e-04,4e-04,3e-04,6e-04,4e-04,1.87,0,0
2025-12-21 11:08:06,0,0,28.94,0,16,258,4.3,0,0,17,0.283333,2.22,0,0,0,0,0,0,0,0,205,151,0,2e-04,2e-04,3e-04,4e-04,3e-04,6e-04,4e-04,1.8,0,0
2025-12-21 11:09:06,0,0,29.12,0,16,194,3.23333,0,0,18,0.3,2.31,0,0,0,0,0,0,0,0,203,149,1e-04,2e-04,2e-04,4e-04,4e-04,3e-04,6e-04,4e-04,1.81,0,0
2025-12-21 11:10:06,0,0,29.31,0,16,736,12.2667,0,0,73,1.21667,2.23,0,0,0,0,0,0,0,0,204,150,1e-04,2e-04,2e-04,3e-04,4e-04,3e-04,6e-04,4e-04,1.71,0,0
2025-12-21 11:11:06,0,0,29.31,0,16,769,12.8167,0,0,75,1.25,2.36,0,0,0,0,0,0,0,0,193,139,1e-04,2e-04,2e-04,4e-04,4e-04,3e-04,6e-04,4e-04,1.91,0,0
2025-12-21 11:12:06,0,0,29.56,0,16,1186,19.7667,29,0.483333,66,1.1,2.93,0,0,0,0,0,0,0,0,202,149,1e-04,2e-04,2e-04,4e-04,5e-04,4e-04,8e-04,5e-04,2.38,0,0
2025-12-21 11:13:06,0,0,29.38,0,16,1235,20.5833,2,0.0333333,134,2.23333,6.83,0,0,0,0,0,0,0,0,215,160,1e-04,4e-04,4e-04,0.001,0.0011,9e-04,0.0021,6e-04,5.34,0,0
2025-12-21 11:14:06,0,0,29.19,0,16,914,15.2333,10,0.166667,96,1.6,7.14,0,0,0,0,0,0,0,0,219,161,1e-04,4e-04,4e-04,0.001,0.0012,9e-04,0.0022,6e-04,5.3,0,0
2025-12-21 11:15:06,0,0,29.12,0,16,1489,24.8167,29,0.483333,122,2.03333,7.28,0,0,0,0,0,0,0,0,212,154,1e-04,4e-04,4e-04,0.001,0.0012,9e-04,0.0022,7e-04,5.41,0,0
2025-12-21 11:16:06,0,0,29.12,0,16,784,13.0667,6,0.1,65,1.08333,8.14,0,0,0,0,0,0,0,0,184,112,1e-04,5e-04,5e-04,0.0011,0.0013,0.0012,0.0025,8e-04,5.75,0,0
2025-12-21 11:17:06,0,0,28.75,0,16,948,15.8,6,0.1,96,1.6,8.66,0,0,0,0,0,0,0,0,221,160,1e-04,5e-04,5e-04,0.0011,0.0014,0.0013,0.0026,9e-04,6.12,0,0
2025-12-21 11:18:06,0,0,29,0,16,580,9.66667,0,0,69,1.15,8.46,0,0,0,0,0,0,0,0,182,113,1e-04,5e-04,5e-04,0.0011,0.0014,0.0012,0.0026,8e-04,5.84,0,0
2025-12-21 11:19:06,0,0,28.94,0,16,2001,33.35,27,0.45,219,3.65,6.89,0,0,0,0,0,0,0,0,224,161,1e-04,4e-04,4e-04,0.001,0.0011,9e-04,0.0021,6e-04,5,0,0
2025-12-21 11:20:06,0,0,28.94,0,16,1632,27.2,33,0.55,124,2.06667,6.61,0,0,0,0,0,0,0,0,194,128,1e-04,4e-04,4e-04,9e-04,0.0011,9e-04,0.002,6e-04,4.91,0,0
2025-12-21 11:21:06,0,0,28.69,0,16,535,8.91667,1,0.0166667,50,0.833333,6.33,0,0,0,0,0,0,0,0,204,144,1e-04,4e-04,5e-04,9e-04,0.0011,9e-04,0.0019,7e-04,4.89,0,0
2025-12-21 11:22:06,0,0,28.81,0,16,457,7.61667,2,0.0333333,46,0.766667,28.97,0,0,0,0,0,0,0,0,185,119,4e-04,0.0011,0.0011,0.0029,0.0044,0.0064,0.0087,0.0045,14.56,0.01,0
2025-12-21 11:23:06,0,0,29,0,16,1052,17.5333,17,0.283333,78,1.3,24.71,0,0,0,0,0,0,0,0,218,159,3e-04,9e-04,9e-04,0.0024,0.0037,0.0055,0.0075,0.0038,12.14,0.01,0
2025-12-21 11:24:06,0,0,28.75,0,16,390,6.5,0,0,31,0.516667,21.9,0,0,0,0,0,0,0,0,205,142,2e-04,9e-04,8e-04,0.0022,0.0034,0.0047,0.0067,0.0032,10.99,0.01,0
2025-12-21 11:25:06,0,0,28.69,0,16,1193,19.8833,31,0.516667,83,1.38333,6.98,0,0,0,0,0,0,0,0,220,161,1e-04,4e-04,4e-04,0.001,0.0011,9e-04,0.0022,4e-04,4.98,0,0
2025-12-21 11:26:06,0,0,28.44,0,16,337,5.61667,0,0,30,0.5,6.91,0,0,0,0,0,0,0,0,216,156,1e-04,4e-04,4e-04,9e-04,0.0011,9e-04,0.0022,5e-04,4.81,0,0
2025-12-21 11:27:06,0,0,28.62,0,16,2475,41.25,52,0.866667,208,3.46667,9.84,0,0,0,0,0,0,0,0,224,164,1e-04,6e-04,5e-04,0.0013,0.0016,0.0013,0.0032,6e-04,6.98,0,0
2025-12-21 11:28:06,0,0,28.75,0,16,1060,17.6667,12,0.2,81,1.35,7.68,0,0,0,0,0,0,0,0,189,107,1e-04,4e-04,4e-04,0.0011,0.0012,0.001,0.0024,5e-04,5.54,0,0
2025-12-21 11:29:06,0,0,28.5,0,16,727,12.1167,0,0,84,1.4,6.82,0,0,0,0,0,0,0,0,178,119,1e-04,4e-04,4e-04,9e-04,0.0011,9e-04,0.0021,5e-04,4.83,0,0
2025-12-21 11:30:06,0,0,28.44,0,16,165,2.75,1,0.0166667,13,0.216667,7.02,0,0,0,0,0,0,0,0,171,114,1e-04,4e-04,4e-04,9e-04,0.0012,9e-04,0.0022,6e-04,4.95,0,0
2025-12-21 11:31:06,0,0,28.31,0,16,204,3.4,0,0,26,0.433333,7.15,0,0,0,0,0,0,0,0,171,131,1e-04,4e-04,4e-04,0.001,0.0012,9e-04,0.0022,5e-04,5.07,0,0
2025-12-21 11:32:06,0,0,28.19,0,16,777,12.95,4,0.0666667,82,1.36667,7.38,0,0,0,0,0,0,0,0,172,117,1e-04,4e-04,4e-04,0.001,0.0012,0.001,0.0024,4e-04,5.1,0,0
2025-12-21 11:33:06,0,0,28.25,0,16,735,12.25,7,0.116667,72,1.2,7.36,0,0,0,0,0,0,0,0,187,124,1e-04,4e-04,4e-04,0.001,0.0012,0.001,0.0024,5e-04,5.18,0,0
2025-12-21 11:34:06,0,0,28.44,0,16,600,10,2,0.0333333,59,0.983333,7.13,0,0,0,0,0,0,0,0,176,113,1e-04,4e-04,4e-04,0.001,0.0012,9e-04,0.0022,5e-04,5.04,0,0
2025-12-21 11:35:06,0,0,28.44,0,16,620,10.3333,8,0.133333,53,0.883333,8.88,0,0,0,0,0,0,0,0,168,118,1e-04,5e-04,5e-04,0.0011,0.0014,0.0013,0.0027,7e-04,6.17,0,0
2025-12-21 11:36:06,0,0,28,0,16,703,11.7167,3,0.05,72,1.2,8.72,0,0,0,0,0,0,0,0,215,157,1e-04,5e-04,5e-04,0.0011,0.0014,0.0013,0.0026,8e-04,5.87,0,0
2025-12-21 11:37:06,0,0,28.06,0,16,1046,17.4333,3,0.05,115,1.91667,8.26,0,0,0,0,0,0,0,0,198,115,1e-04,4e-04,4e-04,0.001,0.0014,0.0012,0.0025,8e-04,5.41,0,0
2025-12-21 11:38:06,0,0,28.06,0,16,685,11.4167,1,0.0166667,56,0.933333,8.33,0,0,0,0,0,0,0,0,186,115,1e-04,5e-04,4e-04,0.0011,0.0014,0.0012,0.0025,7e-04,5.7,0,0
2025-12-21 11:39:06,0,0,28.06,0,16,422,7.03333,0,0,25,0.416667,8.98,0,0,0,0,0,0,0,0,174,109,1e-04,5e-04,5e-04,0.0012,0.0015,0.0013,0.0027,8e-04,6.42,0,0
2025-12-21 11:40:06,0,0,28.25,0,16,702,11.7,0,0,52,0.866667,15.68,0,0,0,0,0,0,0,0,206,141,2e-04,7e-04,6e-04,0.0017,0.0024,0.0031,0.0047,0.0021,8.6,0.01,0
2025-12-21 11:41:06,0,0,28.06,0,16,1121,18.6833,10,0.166667,98,1.63333,26.42,0,0,0,0,0,0,0,0,204,146,3e-04,0.001,0.001,0.0026,0.004,0.0058,0.008,0.0039,12.96,0.01,0
2025-12-21 11:42:06,0,0,28.19,0,16,3841,64.0167,88,1.46667,254,4.23333,22.43,0,0,0,0,0,0,0,0,219,159,3e-04,7e-04,8e-04,0.002,0.0034,0.0053,0.0067,0.0037,9.93,0.01,0
2025-12-21 11:43:06,0,0,28.19,0,16,597,9.95,1,0.0166667,59,0.983333,6.86,0,0,0,0,0,0,0,0,215,155,1e-04,4e-04,4e-04,9e-04,0.0011,9e-04,0.0022,4e-04,5.01,0,0
2025-12-21 11:44:06,0,0,28.31,0,16,780,13,0,0,88,1.46667,6.51,0,0,0,0,0,0,0,0,188,123,0,4e-04,3e-04,9e-04,0.0011,8e-04,0.0021,3e-04,4.45,0,0
2025-12-21 11:45:06,0,0,28.19,0,16,466,7.76667,0,0,48,0.8,6.66,0,0,0,0,0,0,0,0,216,156,0,4e-04,3e-04,9e-04,0.0011,8e-04,0.0022,3e-04,4.5,0,0
2025-12-21 11:46:06,0,0,28.31,0,16,886,14.7667,1,0.0166667,89,1.48333,6.49,0,0,0,0,0,0,0,0,192,119,1e-04,4e-04,3e-04,9e-04,0.0011,8e-04,0.0021,4e-04,4.52,0,0
2025-12-21 11:47:06,0,0,28.25,0,16,491,8.18333,0,0,55,0.916667,6.96,0,0,0,0,0,0,0,0,189,123,1e-04,4e-04,3e-04,9e-04,0.0012,9e-04,0.0022,4e-04,4.79,0,0
2025-12-21 11:48:06,0,0,28.38,0,16,1751,29.1833,26,0.433333,118,1.96667,5.77,0,0,0,0,0,0,0,0,181,107,0,3e-04,3e-04,8e-04,0.001,8e-04,0.0018,4e-04,4.13,0,0
2025-12-21 11:49:06,0,0,28.06,0,16,879,14.65,2,0.0333333,76,1.26667,7.31,0,0,0,0,0,0,0,0,216,155,1e-04,4e-04,4e-04,0.001,0.0012,0.001,0.0022,6e-04,5.52,0,0
2025-12-21 11:50:06,0,0,28.06,0,16,1107,18.45,7,0.116667,101,1.68333,9.74,0,0,0,0,0,0,0,0,216,157,1e-04,6e-04,6e-04,0.0013,0.0016,0.0012,0.003,6e-04,7.35,0,0
2025-12-21 11:51:06,0,0,28.19,0,16,661,11.0167,0,0,50,0.833333,9.27,0,0,0,0,0,0,0,0,199,142,1e-04,5e-04,6e-04,0.0013,0.0015,0.0012,0.0029,6e-04,6.8,0,0
2025-12-21 11:52:06,0,0,28.31,0,16,814,13.5667,0,0,73,1.21667,9.73,0,0,0,0,0,0,0,0,169,106,1e-04,6e-04,6e-04,0.0013,0.0016,0.0013,0.003,7e-04,7.18,0,0
2025-12-21 11:53:06,0,0,28.31,0,16,1038,17.3,5,0.0833333,93,1.55,8.72,0,0,0,0,0,0,0,0,186,114,1e-04,5e-04,5e-04,0.0012,0.0014,0.0011,0.0027,6e-04,6.63,0,0
2025-12-21 11:54:06,0,0,28.38,0,16,591,9.85,1,0.0166667,47,0.783333,10.49,0,0,0,0,0,0,0,0,175,105,1e-04,6e-04,6e-04,0.0014,0.0017,0.0015,0.0031,9e-04,7.54,0,0
2025-12-21 11:55:06,0,0,28.31,0,16,983,16.3833,2,0.0333333,103,1.71667,10.51,0,0,0,0,0,0,0,0,192,119,1e-04,6e-04,6e-04,0.0013,0.0017,0.0016,0.0032,0.001,7.37,0,0
2025-12-21 11:56:06,0,0,28.19,0,16,656,10.9333,0,0,57,0.95,10.39,0,0,0,0,0,0,0,0,216,156,1e-04,6e-04,6e-04,0.0013,0.0017,0.0015,0.0031,9e-04,7.39,0,0
2025-12-21 11:57:06,0,0,28.12,0,16,633,10.55,0,0,49,0.816667,10.34,0,0,0,0,0,0,0,0,215,157,1e-04,6e-04,6e-04,0.0013,0.0017,0.0015,0.0031,9e-04,7.46,0,0
2025-12-21 11:58:06,0,0,28.38,0,16,732,12.2,0,0,77,1.28333,10.34,0,0,0,0,0,0,0,0,199,131,1e-04,6e-04,6e-04,0.0013,0.0017,0.0015,0.003,0.001,7.43,0,0
2025-12-21 11:59:06,0,0,28.12,0,16,476,7.93333,1,0.0166667,37,0.616667,9.73,0,0,0,0,0,0,0,0,213,155,1e-04,5e-04,6e-04,0.0013,0.0016,0.0014,0.0029,9e-04,7,0,0
2025-12-21 12:00:06,0,0,28.25,0,16,625,10.4167,0,0,55,0.916667,8.5,0,0,0,0,0,0,0,0,179,115,1e-04,5e-04,6e-04,0.0012,0.0014,0.0011,0.0026,7e-04,6.54,0,0
2025-12-21 12:01:06,0,0,28.31,0,16,1607,26.7833,12,0.2,146,2.43333,9.05,0,0,0,0,0,0,0,0,214,157,1e-04,5e-04,5e-04,0.0012,0.0015,0.0012,0.0028,7e-04,6.61,0,0
2025-12-21 12:02:06,0,0,28.38,0,16,1314,21.9,5,0.0833333,129,2.15,9.67,0,0,0,0,0,0,0,0,174,107,1e-04,6e-04,6e-04,0.0013,0.0016,0.0012,0.003,6e-04,7.08,0,0
2025-12-21 12:03:06,0,0,28.19,0,16,1245,20.75,4,0.0666667,128,2.13333,17.52,0,0,0,0,0,0,0,0,203,138,2e-04,8e-04,8e-04,0.002,0.0028,0.0031,0.0054,0.0019,10.67,0.01,0
2025-12-21 12:04:06,0,0,28.19,0,16,1211,20.1833,2,0.0333333,132,2.2,32.38,0,0,0,0,0,0,0,0,213,155,4e-04,0.0013,0.0013,0.0033,0.0049,0.0069,0.0098,0.0046,16.98,0.01,0
2025-12-21 12:05:06,0,0,28.12,0,16,1243,20.7167,3,0.05,133,2.21667,17.16,0,0,0,0,0,0,0,0,212,155,2e-04,8e-04,9e-04,0.002,0.0027,0.003,0.0053,0.0019,10.68,0.01,0
2025-12-21 12:06:06,0,0,28.12,0,1,2101,35.0167,45,0.75,159,2.65,26.2,0,0,0,0,0,0,0,0,214,155,3e-04,0.0012,0.0011,0.0028,0.004,0.0052,0.008,0.0033,14.67,0.01,0
2025-12-21 12:07:06,0,0,28.12,0,16,1129,18.8167,3,0.05,125,2.08333,31.48,0,0,0,0,0,0,0,0,174,112,4e-04,0.0012,0.0013,0.0032,0.0048,0.0067,0.0096,0.0044,16.53,0.01,0
2025-12-21 12:08:06,0,0,28.06,0,16,1798,29.9667,9,0.15,184,3.06667,33.15,0,0,0,0,0,0,0,0,215,157,4e-04,0.0013,0.0014,0.0034,0.005,0.0071,0.01,0.0048,17.35,0.01,0
2025-12-21 12:09:06,0,0,28.19,0,16,1342,22.3667,4,0.0666667,158,2.63333,30.95,0,0,0,0,0,0,0,0,216,158,4e-04,0.0012,0.0013,0.0031,0.0047,0.0066,0.0094,0.0044,16.07,0.01,0
2025-12-21 12:10:06,0,0,28.19,0,16,2150,35.8333,32,0.533333,181,3.01667,19.02,0,0,0,0,0,0,0,0,184,117,2e-04,9e-04,9e-04,0.0021,0.003,0.0036,0.0058,0.0024,11.23,0.01,0
2025-12-21 12:11:06,0,0,28,0,16,1319,21.9833,5,0.0833333,151,2.51667,9.15,0,0,0,0,0,0,0,0,219,159,1e-04,5e-04,5e-04,0.0012,0.0015,0.0012,0.003,6e-04,6.43,0,0
2025-12-21 12:12:06,0,0,28.44,0,16,3427,57.1167,59,0.983333,275,4.58333,7.57,0,0,0,0,0,0,0,0,168,135,1e-04,4e-04,4e-04,0.001,0.0013,0.001,0.0024,5e-04,5.34,0,0
2025-12-21 12:13:06,0,0,28.31,0,1,6256,104.267,163,2.71667,412,6.86667,31.41,0,0,0,0,0,0,0,0,189,146,4e-04,8e-04,0.001,0.0026,0.0048,0.0079,0.0087,0.0053,12.43,0.01,0
2025-12-21 12:14:06,0,0,28.62,0,4,8960,149.333,273,4.55,490,8.16667,107.9,0,0,0,0,0,0,0,0,195,161,0.0016,0.0037,0.0046,0.0103,0.0162,0.0261,0.0282,0.017,53.62,0.05,0
2025-12-21 12:15:06,0,0,28.69,0,1,8243,137.383,249,4.15,492,8.2,16.76,0,0,0,0,0.01,0,0,0,205,166,7e-04,0.0013,0.0017,0.0024,0.0029,0.0033,0.0039,0.0051,14.45,0.01,0
2025-12-21 12:16:06,0,0,28.69,0,8,7478,124.633,221,3.68333,412,6.86667,10.52,0,0,0,0,0,0,0,0,190,151,4e-04,8e-04,0.0011,0.0015,0.0018,0.002,0.0024,0.0031,9.05,0.01,0
2025-12-21 12:17:06,0,0,28.19,0,16,2924,48.7333,38,0.633333,296,4.93333,7.07,0,0,0,0,0,0,0,0,213,158,1e-04,5e-04,5e-04,0.001,0.0012,9e-04,0.0021,5e-04,5.81,0,0
2025-12-21 12:18:06,0,0,28.31,0,16,2756,45.9333,73,1.21667,173,2.88333,7.08,0,0,0,0,0,0,0,0,186,155,1e-04,5e-04,5e-04,0.001,0.0012,9e-04,0.002,5e-04,5.99,0,0
2025-12-21 12:19:06,0,0,28.31,0,1,10037,167.283,349,5.81667,467,7.78333,1.8,0,0,0,0,0,0,0,0,225,167,0,0,1e-04,2e-04,3e-04,4e-04,5e-04,4e-04,0.65,0,0
2025-12-21 12:20:06,0,0,28.69,0,1,4946,82.4333,93,1.55,313,5.21667,0,0,0,0,0,0,0,0,0,160,118,0,0,0,0,0,0,0,0,0,0,0
2025-12-21 12:21:06,0,0,28.38,0,1,7692,128.2,184,3.06667,390,6.5,611.41,0,0,0,0,0.23,0,0,0,220,159,0.0313,0.0538,0.0677,0.0866,0.1036,0.1125,0.1312,0.1626,604.73,0.47,0
2025-12-21 12:22:06,0,0,27.75,0,1,5092,84.8667,132,2.2,298,4.96667,337.75,0,0,0,0,0.16,0,0,0,206,151,0.0169,0.0285,0.0354,0.0461,0.0592,0.0654,0.0761,0.0959,303.25,0.28,0
2025-12-21 12:23:06,0,0,27.5,0,1,7757,129.283,158,2.63333,451,7.51667,442.77,0,0,0,0,0.19,0,0,0,165,124,0.0238,0.0405,0.051,0.0657,0.0745,0.0815,0.0952,0.1183,452.65,0.36,0
2025-12-21 12:24:06,0,0,27.25,0,1,6599,109.983,100,1.66667,381,6.35,559.7,0,0,0,0,0.23,0,0,0,208,147,0.0304,0.0514,0.0643,0.0827,0.0939,0.1036,0.1206,0.1514,572.95,0.45,0
2025-12-21 12:25:06,0,0,26.56,0,1,6122,102.033,102,1.7,376,6.26667,473.88,0,0,0,0,0.19,0,0,0,214,137,0.0262,0.0447,0.0557,0.071,0.0787,0.0858,0.0994,0.1238,503.9,0.37,0
2025-12-21 12:26:06,0,0,25.88,0,1,5767,96.1167,81,1.35,359,5.98333,349.95,0,0,0,0,0.15,0,0,0,195,129,0.0197,0.0332,0.0412,0.0528,0.0583,0.0641,0.0742,0.0933,370.07,0.28,0
2025-12-21 12:27:06,0,0,25.5,0,1,4237,70.6167,65,1.08333,326,5.43333,311.94,0,0,0,0,0.15,0,0,0,213,141,0.0181,0.0306,0.0379,0.0482,0.0523,0.0572,0.0661,0.0836,335.34,0.26,0
2025-12-21 12:28:06,0,0,25.06,0,1,6113,101.883,123,2.05,410,6.83333,73.73,0,0,0,0,0.05,0,0,0,189,134,0.0046,0.0075,0.009,0.0118,0.0128,0.0143,0.0161,0.0208,75.66,0.07,0
2025-12-21 12:29:06,0,0,24.69,0,1,6416,106.933,123,2.05,417,6.95,384.08,0,0,0,0,0.18,0,0,0,217,136,0.0227,0.0383,0.0475,0.0605,0.0639,0.0694,0.0801,0.1006,424.03,0.32,0
2025-12-21 12:30:06,0,0,24.06,0,1,6580,109.667,118,1.96667,397,6.61667,142.84,0,0,0,0,0.07,0,0,0,215,134,0.0096,0.0162,0.0201,0.0255,0.0223,0.0245,0.0282,0.0354,184.34,0.12,0
2025-12-21 12:31:06,0,0,23.5,0,1,6978,116.3,140,2.33333,432,7.2,367.41,0,0,0,0,0.19,0,0,0,159,111,0.0215,0.0359,0.044,0.0569,0.0626,0.0682,0.0777,0.098,385.58,0.32,0
2025-12-21 12:32:06,0,0,23.56,0,1,8594,143.233,212,3.53333,453,7.55,545.06,0,0,0,0,0.19,0,0,0,153,106,0.0294,0.0504,0.0632,0.0808,0.09,0.0981,0.1137,0.1411,577.38,0.41,0
2025-12-21 12:33:06,0,0,23.19,0,1,8618,143.633,222,3.7,473,7.88333,587.26,0,0,0,0,0.23,0,0,0,146,103,0.0325,0.0553,0.0688,0.0883,0.0975,0.1063,0.1227,0.1533,623.79,0.46,0
2025-12-21 12:34:06,0,0,22.94,0,1,7103,118.383,147,2.45,432,7.2,240.34,0,0,0,0,0.09,0,0,0,143,101,0.0135,0.0232,0.0288,0.0366,0.0397,0.043,0.0495,0.0615,261.88,0.19,0
2025-12-21 12:35:06,0,0,22.5,0,8,10688,178.133,384,6.4,468,7.8,9.62,0,0,0,0,0,0,0,0,195,121,1e-04,2e-04,2e-04,7e-04,0.0015,0.0025,0.0028,0.0019,2.85,0,0
2025-12-21 12:36:06,0,0,23,0,32,3290,54.8333,63,1.05,220,3.66667,13.95,0,0,0,0,0,0,0,0,204,141,1e-04,3e-04,4e-04,0.0011,0.0021,0.0036,0.004,0.0027,4.76,0.01,0
2025-12-21 12:37:06,0,0,23.31,0,1,8708,145.133,240,4,581,9.68333,32.11,0,0,0,0,0,0,0,0,226,160,5e-04,0.0012,0.0014,0.0028,0.0052,0.0076,0.0081,0.0055,15.31,0.01,0
2025-12-21 12:38:06,0,0,23.56,0,1,4772,79.5333,75,1.25,439,7.31667,23.8,0,0,0,0,0,0,0,0,208,146,8e-04,0.0017,0.0019,0.0029,0.004,0.0046,0.0048,0.0046,19.5,0.01,0
2025-12-21 12:39:06,0,0,23.94,0,1,8235,137.25,221,3.68333,533,8.88333,19.64,0,0,0,0,0,0,0,0,183,145,7e-04,0.0015,0.0018,0.0026,0.0032,0.0037,0.004,0.0043,17.52,0.01,0
2025-12-21 12:40:06,0,0,24.19,0,8,6403,106.717,142,2.36667,359,5.98333,13.54,0,0,0,0,0,0,0,0,204,145,4e-04,8e-04,0.001,0.0015,0.0023,0.0028,0.0029,0.0029,9.45,0.01,0
2025-12-21 12:41:06,0,0,24.38,0,1,5032,83.8667,125,2.08333,276,4.6,3.47,0,0,0,0,0,0,0,0,223,160,1e-04,3e-04,3e-04,5e-04,6e-04,7e-04,8e-04,0.0012,2.65,0,0
2025-12-21 12:42:06,0,0,24.62,0,1,1960,32.6667,50,0.833333,122,2.03333,4.95,0,0,0,0,0,0,0,0,219,151,2e-04,4e-04,5e-04,7e-04,9e-04,0.001,0.0012,0.0016,3.88,0,0
2025-12-21 12:43:06,0,0,24.69,0,1,328,5.46667,6,0.1,20,0.333333,4.75,0,0,0,0,0,0,0,0,201,134,2e-04,4e-04,5e-04,7e-04,8e-04,9e-04,0.0011,0.0016,3.81,0,0
2025-12-21 12:44:06,0,0,24.5,0,1,282,4.7,1,0.0166667,22,0.366667,4.74,0,0,0,0,0,0,0,0,219,152,2e-04,4e-04,4e-04,7e-04,8e-04,9e-04,0.0011,0.0016,3.78,0,0
2025-12-21 12:45:06,0,0,24.62,0,1,0,0,0,0,0,0,4.95,0,0,0,0,0,0,0,0,211,142,2e-04,4e-04,5e-04,7e-04,9e-04,0.001,0.0012,0.0016,3.97,0,0
2025-12-21 12:46:06,0,0,24.81,0,1,0,0,0,0,0,0,4.98,0,0,0,0,0,0,0,0,215,152,2e-04,4e-04,4e-04,7e-04,9e-04,0.001,0.0012,0.0016,4,0,0
2025-12-21 12:47:06,0,0,25.19,0,1,34,0.566667,0,0,1,0.0166667,5.13,0,0,0,0,0,0,0,0,217,153,2e-04,4e-04,5e-04,8e-04,9e-04,0.001,0.0012,0.0016,4.28,0,0
2025-12-21 12:48:06,0,0,25.5,0,1,3,0.05,0,0,0,0,5.07,0,0,0,0,0,0,0,0,213,151,2e-04,4e-04,5e-04,7e-04,9e-04,0.001,0.0012,0.0016,4.29,0,0
2025-12-21 12:49:06,0,0,26.12,0,1,290,4.83333,3,0.05,25,0.416667,4.69,0,0,0,0,0,0,0,0,202,145,2e-04,4e-04,4e-04,7e-04,8e-04,9e-04,0.0011,0.0014,3.84,0,0
2025-12-21 12:50:06,0,0,26.38,0,1,3573,59.55,98,1.63333,203,3.38333,6.5,0,0,0,0,0,0,0,0,192,151,2e-04,5e-04,6e-04,9e-04,0.0011,0.0012,0.0014,0.0017,5.86,0,0
2025-12-21 12:51:06,0,0,26.94,0,16,580,9.66667,12,0.2,39,0.65,5.99,0,0,0,0,0,0,0,0,223,160,2e-04,5e-04,6e-04,8e-04,0.001,0.0011,0.0013,0.0016,5.33,0,0
2025-12-21 12:52:06,0,0,27.19,0,1,1161,19.35,21,0.35,92,1.53333,3.89,0,0,0,0,0,0,0,0,216,155,1e-04,3e-04,3e-04,5e-04,7e-04,7e-04,9e-04,0.0011,3.13,0,0
2025-12-21 12:53:06,0,0,26.81,0,16,191,3.18333,0,0,8,0.133333,6.26,0,0,0,0,0,0,0,0,220,159,2e-04,4e-04,4e-04,8e-04,0.001,0.0013,0.0014,0.0015,4.5,0,0
2025-12-21 12:54:06,0,0,27.75,0,16,489,8.15,9,0.15,27,0.45,2.89,0,0,0,0,0,0,0,0,177,131,1e-04,2e-04,3e-04,5e-04,5e-04,5e-04,6e-04,9e-04,2.38,0,0
2025-12-21 12:55:06,0,0,28.25,0,1,1051,17.5167,23,0.383333,49,0.816667,3.4,0,0,0,0,0,0,0,0,215,151,1e-04,3e-04,3e-04,5e-04,6e-04,7e-04,8e-04,0.001,2.6,0,0
2025-12-21 12:56:06,0,0,28.31,0,1,688,11.4667,22,0.366667,39,0.65,2.7,0,0,0,0,0,0,0,0,218,152,1e-04,2e-04,2e-04,4e-04,5e-04,5e-04,6e-04,9e-04,2.05,0,0
2025-12-21 12:57:06,0,0,28.44,0,1,876,14.6,27,0.45,56,0.933333,0.36,0,0,0,0,0,0,0,0,219,152,0,0,0,1e-04,1e-04,1e-04,1e-04,2e-04,0.06,0,0
2025-12-21 12:58:06,0,0,28.38,0,1,296,4.93333,3,0.05,17,0.283333,0.87,0,0,0,0,0,0,0,0,220,156,0,1e-04,1e-04,1e-04,2e-04,2e-04,2e-04,4e-04,0.27,0,0
2025-12-21 12:59:06,0,0,28.62,0,1,520,8.66667,10,0.166667,49,0.816667,2,0,0,0,0,0,0,0,0,188,128,1e-04,2e-04,2e-04,3e-04,4e-04,4e-04,5e-04,6e-04,1.42,0,0
2025-12-21 13:00:06,0,0,29.19,0,16,1206,20.1,35,0.583333,55,0.916667,4.77,0,0,0,0,0,0,0,0,224,151,1e-04,4e-04,4e-04,7e-04,8e-04,9e-04,0.001,0.0012,3.92,0,0
2025-12-21 13:01:06,0,0,29.38,0,1,5735,95.5833,111,1.85,434,7.23333,18.31,0,0,0,0,0,0,0,0,175,124,6e-04,0.0012,0.0013,0.0021,0.0031,0.0037,0.0037,0.0034,13.47,0.01,0
2025-12-21 13:02:06,0,0,30.12,0,4,5400,90,101,1.68333,410,6.83333,6.5,0,0,0,0,0,0,0,0,215,156,2e-04,5e-04,6e-04,9e-04,0.0011,0.0013,0.0014,0.0016,5.35,0,0
2025-12-21 13:03:06,0,0,30.19,0,1,2002,33.3667,34,0.566667,155,2.58333,3.03,0,0,0,0,0,0,0,0,225,158,1e-04,2e-04,2e-04,4e-04,5e-04,6e-04,7e-04,7e-04,2.26,0,0
2025-12-21 13:04:06,0,0,30.31,0,16,1370,22.8333,31,0.516667,86,1.43333,5.22,0,0,0,0,0,0,0,0,200,128,2e-04,4e-04,5e-04,8e-04,9e-04,0.001,0.0011,0.0014,4.45,0,0
2025-12-21 13:05:06,0,0,30.12,0,16,827,13.7833,5,0.0833333,68,1.13333,6.55,0,0,0,0,0,0,0,0,183,141,2e-04,5e-04,7e-04,9e-04,0.0011,0.0012,0.0014,0.0018,5.92,0.01,0
2025-12-21 13:06:06,0,0,30.19,0,16,3187,53.1167,81,1.35,215,3.58333,5.58,0,0,0,0,0,0,0,0,217,149,2e-04,4e-04,5e-04,8e-04,9e-04,0.0011,0.0012,0.0015,4.79,0,0
2025-12-21 13:07:06,0,0,30.19,0,8,4442,74.0333,105,1.75,279,4.65,10.75,0,0,0,0,0,0,0,0,225,156,4e-04,9e-04,0.001,0.0015,0.0018,0.002,0.0022,0.0027,9.93,0.01,0
2025-12-21 13:08:06,0,0,30.19,0,8,6570,109.5,152,2.53333,456,7.6,21.19,0,0,0,0,0.01,0,0,0,226,169,8e-04,0.0018,0.0024,0.0031,0.0035,0.0038,0.0043,0.0053,21.56,0.02,0
2025-12-21 13:09:06,0,0,29.88,0,1,5084,84.7333,102,1.7,344,5.73333,15.29,0,0,0,0,0,0,0,0,228,162,6e-04,0.0012,0.0016,0.0022,0.0026,0.0028,0.0033,0.0041,14.46,0.01,0
2025-12-21 13:10:06,0,0,30.06,0,1,4055,67.5833,57,0.95,306,5.1,16.55,0,0,0,0,0.01,0,0,0,219,156,6e-04,0.0013,0.0017,0.0024,0.0028,0.0031,0.0036,0.0045,15.42,0.01,0
2025-12-21 13:11:06,0,0,30,0,1,4109,68.4833,44,0.733333,310,5.16667,15.94,0,0,0,0,0,0,0,0,163,152,6e-04,0.0013,0.0017,0.0023,0.0027,0.0029,0.0034,0.0044,14.83,0.01,0
2025-12-21 13:12:06,0,0,30.19,0,1,4267,71.1167,76,1.26667,317,5.28333,16.05,0,0,0,0,0,0,0,0,228,160,6e-04,0.0013,0.0017,0.0023,0.0027,0.003,0.0034,0.0044,14.96,0.01,0
2025-12-21 13:13:06,0,0,30.06,0,1,5570,92.8333,105,1.75,414,6.9,19.23,0,0,0,0,0.01,0,0,0,221,155,7e-04,0.0016,0.002,0.0027,0.0032,0.0035,0.0041,0.0052,18.13,0.01,0
2025-12-21 13:14:06,0,0,29.94,0,1,4475,74.5833,77,1.28333,351,5.85,21.76,0,0,0,0,0.01,0,0,0,220,154,8e-04,0.0018,0.0023,0.0031,0.0037,0.004,0.0047,0.006,20.36,0.02,0
2025-12-21 13:15:06,0,0,30,0,1,3399,56.65,39,0.65,253,4.21667,18.76,0,0,0,0,0.01,0,0,0,211,157,7e-04,0.0015,0.0019,0.0027,0.0032,0.0036,0.0042,0.0054,16.76,0.02,0
2025-12-21 13:16:06,0,0,29.94,0,1,6031,100.517,153,2.55,440,7.33333,23.89,0,0,0,0,0.01,0,0,0,224,160,9e-04,0.0019,0.0025,0.0034,0.004,0.0045,0.0053,0.0069,21.6,0.02,0
2025-12-21 13:17:06,0,0,29.94,0,1,5836,97.2667,117,1.95,420,7,25.52,0,0,0,0,0.01,0,0,0,172,128,0.001,0.0021,0.0026,0.0036,0.0043,0.0049,0.0058,0.0074,22.96,0.02,0
2025-12-21 13:18:06,0,0,29.94,0,16,5067,84.45,117,1.95,400,6.66667,20.97,0,0,0,0,0.01,0,0,0,214,132,8e-04,0.0016,0.0022,0.003,0.0036,0.004,0.0047,0.0061,18.78,0.02,0
2025-12-21 13:19:06,0,0,29.75,0,16,4664,77.7333,74,1.23333,369,6.15,20.16,0,0,0,0,0.01,0,0,0,221,154,8e-04,0.0016,0.002,0.0028,0.0034,0.0038,0.0046,0.0059,17.73,0.02,0
2025-12-21 13:20:06,0,0,29.75,0,1,2967,49.45,19,0.316667,207,3.45,20.92,0,0,0,0,0.01,0,0,0,215,150,8e-04,0.0016,0.0021,0.003,0.0035,0.004,0.0047,0.006,18.63,0.02,0
2025-12-21 13:21:06,0,0,29.56,0,1,9626,160.433,297,4.95,570,9.5,8.2,0,0,0,0,0,0,0,0,220,154,3e-04,6e-04,8e-04,0.0012,0.0014,0.0015,0.0019,0.0024,7.38,0.01,0
2025-12-21 13:22:06,0,0,29.62,0,1,3857,64.2833,58,0.966667,267,4.45,14.3,0,0,0,0,0,0,0,0,223,154,5e-04,0.0011,0.0014,0.0021,0.0024,0.0027,0.0032,0.0042,12.7,0.01,0
2025-12-21 13:23:06,0,0,29.44,0,1,4476,74.6,106,1.76667,288,4.8,19.75,0,0,0,0,0.01,0,0,0,233,164,8e-04,0.0015,0.002,0.0028,0.0034,0.0038,0.0046,0.006,17.15,0.02,0
2025-12-21 13:24:06,0,0,29.44,0,16,1799,29.9833,30,0.5,147,2.45,18.17,0,0,0,0,0.01,0,0,0,192,139,7e-04,0.0014,0.0018,0.0026,0.0031,0.0036,0.0043,0.0056,15.21,0.02,0
2025-12-21 13:25:06,0,0,29.31,0,2,641,10.6833,11,0.183333,40,0.666667,5.89,0,0,0,0,0,0,0,0,186,134,2e-04,4e-04,6e-04,9e-04,0.0011,0.0012,0.0016,0.0023,4.29,0.01,0
2025-12-21 13:26:06,0,0,29.44,0,2,991,16.5167,16,0.266667,60,1,15.93,0,0,0,0,0.01,0,0,0,203,134,6e-04,0.0012,0.0016,0.0022,0.0027,0.0032,0.0038,0.005,13.26,0.01,0
2025-12-21 13:27:06,0,0,29.31,0,1,2187,36.45,27,0.45,132,2.2,11.72,0,0,0,0,0,0,0,0,219,162,4e-04,9e-04,0.0012,0.0017,0.002,0.0023,0.0028,0.0037,9.79,0.01,0
2025-12-21 13:28:06,0,0,29.12,0,1,5530,92.1667,121,2.01667,358,5.96667,6.72,0,0,0,0,0,0,0,0,179,128,3e-04,5e-04,7e-04,0.001,0.0012,0.0013,0.0015,0.002,5.86,0.01,0
2025-12-21 13:29:06,0,0,29.5,0,8,9544,159.067,286,4.76667,643,10.7167,5.19,0,0,0,0,0,0,0,0,167,106,2e-04,4e-04,5e-04,8e-04,9e-04,0.001,0.0012,0.0015,4.58,0,0
2025-12-21 13:30:06,0,0,29.06,0,1,4165,69.4167,88,1.46667,306,5.1,29.53,0,0,0,0,0,0,0,0,214,155,6e-04,0.0013,0.0016,0.003,0.0047,0.0069,0.0077,0.006,16.39,0.02,0
2025-12-21 13:31:06,0,0,29.31,0,1,5060,84.3333,121,2.01667,307,5.11667,42.78,0,0,0,0,0,0,0,0,222,135,6e-04,0.0013,0.0017,0.0034,0.0069,0.0106,0.0115,0.0079,17.52,0.02,0
2025-12-21 13:32:06,0,0,28.94,0,1,1322,22.0333,24,0.4,77,1.28333,10.73,0,0,0,0,0,0,0,0,212,149,5e-04,9e-04,0.0011,0.0016,0.0018,0.002,0.0024,0.0032,9.64,0.01,0
2025-12-21 13:33:06,0,0,29.12,0,1,184,3.06667,1,0.0166667,8,0.133333,1.1,0,0,0,0,0,0,0,0,222,125,0,1e-04,1e-04,2e-04,2e-04,2e-04,2e-04,4e-04,0.64,0,0
2025-12-21 13:34:06,0,0,29.12,0,1,14,0.233333,0,0,0,0,1.03,0,0,0,0,0,0,0,0,227,141,0,1e-04,1e-04,2e-04,2e-04,2e-04,3e-04,4e-04,0.56,0,0
2025-12-21 13:35:06,0,0,29.19,0,1,82,1.36667,0,0,5,0.0833333,1.93,0,0,0,0,0,0,0,0,221,136,1e-04,1e-04,2e-04,3e-04,4e-04,4e-04,4e-04,7e-04,1.31,0,0
2025-12-21 13:36:06,0,0,29.31,0,1,17,0.283333,0,0,1,0.0166667,3.13,0,0,0,0,0,0,0,0,220,136,1e-04,2e-04,3e-04,5e-04,6e-04,6e-04,7e-04,0.0011,2.48,0,0
2025-12-21 13:37:06,0,0,29.44,0,1,480,8,8,0.133333,28,0.466667,4.93,0,0,0,0,0,0,0,0,218,153,2e-04,4e-04,5e-04,8e-04,9e-04,9e-04,0.0011,0.0016,4.3,0,0
2025-12-21 13:38:06,0,0,29.38,0,1,1948,32.4667,48,0.8,108,1.8,10.09,0,0,0,0,0,0,0,0,210,140,4e-04,8e-04,0.001,0.0015,0.0017,0.0019,0.0023,0.0032,8.84,0.01,0
2025-12-21 13:39:06,0,0,29.31,0,1,0,0,0,0,0,0,6.65,0,0,0,0,0,0,0,0,206,138,3e-04,5e-04,7e-04,0.001,0.0012,0.0013,0.0016,0.0022,5.36,0.01,0
2025-12-21 13:40:06,0,0,29.62,0,1,1108,18.4667,21,0.35,64,1.06667,1.82,0,0,0,0,0,0,0,0,151,107,1e-04,1e-04,2e-04,3e-04,4e-04,4e-04,5e-04,8e-04,1.1,0,0
2025-12-21 13:41:06,0,0,29.94,0,1,362,6.03333,5,0.0833333,21,0.35,2.55,0,0,0,0,0,0,0,0,192,118,1e-04,2e-04,2e-04,4e-04,5e-04,5e-04,7e-04,0.001,1.73,0,0
2025-12-21 13:42:06,0,0,29.94,0,1,1300,21.6667,25,0.416667,96,1.6,6.69,0,0,0,0,0,0,0,0,192,120,3e-04,6e-04,7e-04,0.001,0.0012,0.0013,0.0016,0.0022,5.7,0.01,0
2025-12-21 13:43:06,0,0,29.69,0,1,1397,23.2833,27,0.45,95,1.58333,6.62,0,0,0,0,0,0,0,0,208,156,3e-04,5e-04,6e-04,9e-04,0.0012,0.0013,0.0016,0.0022,4.97,0.01,0
2025-12-21 13:44:06,0,0,29.62,0,1,2663,44.3833,38,0.633333,226,3.76667,7.32,0,0,0,0,0,0,0,0,206,154,3e-04,6e-04,7e-04,0.0011,0.0013,0.0014,0.0017,0.0024,6.17,0.01,0
2025-12-21 13:45:06,0,0,29.75,0,1,1280,21.3333,24,0.4,81,1.35,3.58,0,0,0,0,0,0,0,0,224,158,2e-04,3e-04,4e-04,6e-04,7e-04,7e-04,8e-04,0.0013,2.84,0,0
2025-12-21 13:46:06,0,0,29.62,0,1,2520,42,62,1.03333,155,2.58333,5.28,0,0,0,0,0,0,0,0,227,150,2e-04,4e-04,5e-04,8e-04,9e-04,0.001,0.0013,0.0018,4.04,0.01,0
2025-12-21 13:47:06,0,0,29.81,0,1,927,15.45,19,0.316667,65,1.08333,8.52,0,0,0,0,0,0,0,0,192,110,3e-04,7e-04,9e-04,0.0013,0.0015,0.0016,0.002,0.0027,7.46,0.01,0
2025-12-21 13:48:06,0,0,29.75,0,1,1884,31.4,22,0.366667,151,2.51667,13.76,0,0,0,0,0,0,0,0,227,157,6e-04,0.0011,0.0014,0.002,0.0024,0.0026,0.0031,0.0041,12.25,0.01,0
2025-12-21 13:49:06,0,0,29.75,0,2,2324,38.7333,38,0.633333,228,3.8,20.58,0,0,0,0,0.01,0,0,0,220,156,8e-04,0.0017,0.0022,0.003,0.0035,0.0039,0.0046,0.006,18.82,0.02,0
2025-12-21 13:50:06,0,0,29.81,0,2,3118,51.9667,107,1.78333,212,3.53333,15.25,0,0,0,0,0.01,0,0,0,218,118,6e-04,0.0012,0.0016,0.0022,0.0026,0.0029,0.0034,0.0045,13.81,0.01,0
2025-12-21 13:51:06,0,0,29.44,0,2,1378,22.9667,36,0.6,84,1.4,17.77,0,0,0,0,0.01,0,0,0,227,163,7e-04,0.0014,0.0019,0.0026,0.003,0.0033,0.004,0.0053,16.16,0.01,0
2025-12-21 13:52:06,0,0,29.69,0,16,5405,90.0833,147,2.45,318,5.3,8.06,0,0,0,0,0,0,0,0,179,135,3e-04,6e-04,8e-04,0.0012,0.0014,0.0015,0.0018,0.0025,7.08,0.01,0
2025-12-21 13:53:06,0,0,29.44,0,16,895,14.9167,4,0.0666667,79,1.31667,9.98,0,0,0,0,0,0,0,0,211,158,4e-04,8e-04,0.001,0.0014,0.0017,0.0019,0.0023,0.003,8.91,0.01,0
2025-12-21 13:54:06,0,0,29.69,0,4,3261,54.35,58,0.966667,207,3.45,6.35,0,0,0,0,0,0,0,0,170,123,3e-04,5e-04,7e-04,0.001,0.0011,0.0012,0.0015,0.002,5.51,0.01,0
2025-12-21 13:55:06,0,0,29.5,0,1,631,10.5167,8,0.133333,39,0.65,7.03,0,0,0,0,0,0,0,0,180,160,3e-04,6e-04,7e-04,0.0011,0.0012,0.0013,0.0015,0.0021,6.61,0.01,0
2025-12-21 13:56:06,0,0,29.44,0,1,76,1.26667,0,0,2,0.0333333,6.08,0,0,0,0,0,0,0,0,173,158,3e-04,6e-04,6e-04,0.001,0.0011,0.0011,0.0013,0.0017,5.58,0.01,0
2025-12-21 13:57:06,0,0,29.88,0,1,499,8.31667,9,0.15,44,0.733333,4.81,0,0,0,0,0,0,0,0,161,132,2e-04,4e-04,5e-04,8e-04,8e-04,9e-04,0.001,0.0015,4.45,0,0
2025-12-21 13:58:06,0,0,30.19,0,1,166,2.76667,0,0,13,0.216667,3.2,0,0,0,0,0,0,0,0,168,132,1e-04,3e-04,3e-04,5e-04,6e-04,6e-04,7e-04,0.0011,2.59,0,0
2025-12-21 13:59:06,0,0,30.38,0,1,1872,31.2,66,1.1,89,1.48333,2.76,0,0,0,0,0,0,0,0,172,106,1e-04,2e-04,3e-04,5e-04,5e-04,6e-04,7e-04,0.001,2.23,0,0
2025-12-21 14:00:06,0,0,30.69,0,32,121,2.01667,0,0,10,0.166667,0.94,0,0,0,0,0,0,0,0,195,111,0,1e-04,0,2e-04,2e-04,2e-04,2e-04,4e-04,0.38,0,0
2025-12-21 14:01:06,0,0,30.88,0,32,560,9.33333,18,0.3,26,0.433333,1.23,0,0,0,0,0,0,0,0,194,108,0,1e-04,1e-04,2e-04,2e-04,2e-04,3e-04,4e-04,0.55,0,0
2025-12-21 14:02:06,0,0,30.62,0,1,3858,64.3,96,1.6,228,3.8,12.93,0,0,0,0,0,0,0,0,215,120,5e-04,0.001,0.0013,0.0019,0.0022,0.0024,0.0029,0.0036,11.92,0.01,0
2025-12-21 14:03:06,0,0,30.56,0,1,1359,22.65,17,0.283333,99,1.65,11.86,0,0,0,0,0,0,0,0,174,129,4e-04,0.001,0.0011,0.0017,0.002,0.0022,0.0027,0.0032,10.55,0.01,0
2025-12-21 14:04:06,0,0,30.44,0,1,1628,27.1333,9,0.15,131,2.18333,14.02,0,0,0,0,0,0,0,0,192,130,6e-04,0.0011,0.0014,0.002,0.0023,0.0026,0.0031,0.0039,12.86,0.01,0
2025-12-21 14:05:06,0,0,30.31,0,1,2022,33.7,22,0.366667,158,2.63333,10.22,0,0,0,0,0,0,0,0,167,128,4e-04,8e-04,0.001,0.0015,0.0017,0.0019,0.0023,0.0029,8.86,0.01,0
2025-12-21 14:06:06,0,0,29.88,0,1,1556,25.9333,25,0.416667,123,2.05,12.01,0,0,0,0,0,0,0,0,170,154,5e-04,0.001,0.0012,0.0018,0.002,0.0022,0.0027,0.0035,10.75,0.01,0
2025-12-21 14:07:06,0,0,29.69,0,1,243,4.05,0,0,19,0.316667,6.69,0,0,0,0,0,0,0,0,156,152,3e-04,5e-04,6e-04,0.001,0.0011,0.0013,0.0015,0.0019,5.58,0.01,0
2025-12-21 14:08:06,0,0,30.25,0,1,655,10.9167,7,0.116667,49,0.816667,13.18,0,0,0,0,0,0,0,0,176,117,5e-04,0.001,0.0012,0.0019,0.0023,0.0025,0.003,0.0037,11.42,0.01,0
2025-12-21 14:09:06,0,0,30.25,0,1,3104,51.7333,74,1.23333,162,2.7,13.1,0,0,0,0,0,0,0,0,178,128,6e-04,0.0011,0.0014,0.002,0.0022,0.0025,0.003,0.004,12.08,0.01,0
2025-12-21 14:10:06,0,0,30.31,0,1,2770,46.1667,61,1.01667,157,2.61667,8.82,0,0,0,0,0,0,0,0,163,112,4e-04,8e-04,9e-04,0.0013,0.0015,0.0017,0.002,0.0027,8.25,0.01,0
2025-12-21 14:11:06,0,0,30.44,0,1,1418,23.6333,33,0.55,72,1.2,12.57,0,0,0,0,0,0,0,0,172,130,5e-04,0.001,0.0013,0.0018,0.0021,0.0023,0.0028,0.0035,11.54,0.01,0
2025-12-21 14:12:06,0,0,30.5,0,1,1989,33.15,41,0.683333,133,2.21667,8.64,0,0,0,0,0,0,0,0,175,106,3e-04,7e-04,9e-04,0.0013,0.0015,0.0016,0.002,0.0026,7.59,0.01,0
2025-12-21 14:13:06,0,0,30.75,0,1,521,8.68333,21,0.35,30,0.5,0,0,0,0,0,0,0,0,0,172,102,0,0,0,0,0,0,0,1e-04,0,0,0
2025-12-21 14:14:06,0,0,31,0,1,662,11.0333,20,0.333333,26,0.433333,0,0,0,0,0,0,0,0,0,174,101,0,0,0,0,0,0,0,1e-04,0,0,0
2025-12-21 14:15:06,0,0,31.19,0,1,1444,24.0667,53,0.883333,70,1.16667,2.74,0,0,0,0,0,0,0,0,168,102,1e-04,2e-04,2e-04,4e-04,5e-04,6e-04,7e-04,0.001,1.73,0,0
2025-12-21 14:16:06,0,0,31.38,0,1,289,4.81667,7,0.116667,20,0.333333,0.11,0,0,0,0,0,0,0,0,173,102,0,0,0,1e-04,1e-04,1e-04,1e-04,2e-04,0,0,0
2025-12-21 14:17:06,0,0,31.44,0,1,589,9.81667,12,0.2,33,0.55,1.54,0,0,0,0,0,0,0,0,185,102,1e-04,1e-04,1e-04,3e-04,3e-04,3e-04,4e-04,7e-04,0.78,0,0
2025-12-21 14:18:06,0,0,31.44,0,1,480,8,7,0.116667,26,0.433333,6.11,0,0,0,0,0,0,0,0,205,136,3e-04,5e-04,7e-04,0.001,0.0011,0.0012,0.0013,0.0019,5.56,0.01,0
2025-12-21 14:19:06,0,0,31.25,0,8,17,0.283333,0,0,0,0,10.49,0,0,0,0,0,0,0,0,207,136,5e-04,9e-04,0.0011,0.0016,0.0018,0.0019,0.0023,0.0031,9.88,0.01,0
2025-12-21 14:20:06,0,0,30.88,0,1,3151,52.5167,83,1.38333,212,3.53333,9.72,0,0,0,0,0,0,0,0,186,137,4e-04,7e-04,0.001,0.0014,0.0017,0.0018,0.0022,0.0029,8.46,0.01,0
2025-12-21 14:21:06,0,0,31.31,0,1,199,3.31667,2,0.0333333,13,0.216667,0.26,0,0,0,0,0,0,0,0,166,105,0,0,0,1e-04,1e-04,1e-04,1e-04,1e-04,0.18,0,0
2025-12-21 14:22:06,0,0,31.38,0,32,3244,54.0667,67,1.11667,182,3.03333,8.56,0,0,0,0,0,0,0,0,161,145,1e-04,2e-04,3e-04,7e-04,0.0013,0.0021,0.0024,0.0017,3.5,0,0
2025-12-21 14:23:06,0,0,31.12,0,32,232,3.86667,0,0,10,0.166667,16.16,0,0,0,0,0,0,0,0,155,140,2e-04,4e-04,4e-04,0.0012,0.0025,0.0042,0.0047,0.0029,5.35,0.01,0
2025-12-21 14:24:06,0,0,30.94,0,32,482,8.03333,0,0,37,0.616667,15.87,0,0,0,0,0,0,0,0,161,143,2e-04,4e-04,5e-04,0.0012,0.0024,0.0041,0.0046,0.003,5.32,0.01,0
2025-12-21 14:25:06,0,0,30.81,0,32,232,3.86667,0,0,12,0.2,16.69,0,0,0,0,0,0,0,0,161,143,2e-04,4e-04,5e-04,0.0013,0.0026,0.0043,0.0048,0.003,5.81,0.01,0
2025-12-21 14:26:06,0,0,30.94,0,32,5938,98.9667,196,3.26667,313,5.21667,22.99,0,0,0,0,0,0,0,0,182,124,3e-04,6e-04,8e-04,0.0019,0.0035,0.0058,0.0062,0.0038,9.3,0.01,0
2025-12-21 14:27:06,0,0,31,0,32,196,3.26667,0,0,16,0.266667,0.93,0,0,0,0,0,0,0,0,174,108,0,0,0,1e-04,2e-04,3e-04,3e-04,4e-04,0,0,0
2025-12-21 14:28:06,0,0,31.19,0,32,115,1.91667,0,0,5,0.0833333,0.35,0,0,0,0,0,0,0,0,171,105,0,0,0,1e-04,1e-04,1e-04,2e-04,3e-04,0,0,0
2025-12-21 14:29:06,0,0,31.31,0,32,6,0.1,0,0,0,0,0.29,0,0,0,0,0,0,0,0,172,104,0,0,0,1e-04,1e-04,1e-04,1e-04,2e-04,0,0,0
2025-12-21 14:30:06,0,0,31.56,0,32,0,0,0,0,0,0,0.43,0,0,0,0,0,0,0,0,167,104,0,0,0,1e-04,1e-04,1e-04,2e-04,3e-04,0,0,0
2025-12-21 14:31:06,0,0,31.75,0,32,0,0,0,0,0,0,0.24,0,0,0,0,0,0,0,0,176,103,0,0,0,0,1e-04,1e-04,1e-04,2e-04,0,0,0
2025-12-21 14:32:06,0,0,31.81,0,32,2363,39.3833,46,0.766667,175,2.91667,0.7,0,0,0,0,0,0,0,0,221,159,0,0,0,1e-04,1e-04,2e-04,2e-04,4e-04,0.07,0,0
2025-12-21 14:33:06,0,0,31.75,0,1,2779,46.3167,76,1.26667,185,3.08333,1.6,0,0,0,0,0,0,0,0,160,137,0,1e-04,1e-04,2e-04,3e-04,4e-04,5e-04,6e-04,0.32,0,0
2025-12-21 14:34:06,0,0,31.75,0,1,3175,52.9167,47,0.783333,266,4.43333,4.47,0,0,0,0,0,0,0,0,144,133,1e-04,2e-04,3e-04,5e-04,8e-04,0.001,0.0011,0.0013,2.66,0,0
2025-12-21 14:35:06,0,0,31.62,0,1,228,3.8,0,0,24,0.4,1.91,0,0,0,0,0,0,0,0,192,149,0,1e-04,1e-04,2e-04,4e-04,5e-04,5e-04,7e-04,0.56,0,0
2025-12-21 14:36:06,0,0,31.56,0,1,22,0.366667,0,0,0,0,2.4,0,0,0,0,0,0,0,0,154,124,1e-04,1e-04,1e-04,3e-04,5e-04,6e-04,7e-04,8e-04,0.8,0,0
2025-12-21 14:37:06,0,0,31.5,0,1,74,1.23333,0,0,4,0.0666667,2.1,0,0,0,0,0,0,0,0,144,112,0,1e-04,1e-04,2e-04,4e-04,5e-04,6e-04,7e-04,0.69,0,0
2025-12-21 14:38:06,0,0,31.5,0,1,153,2.55,0,0,7,0.116667,2.53,0,0,0,0,0,0,0,0,146,109,1e-04,1e-04,2e-04,3e-04,4e-04,6e-04,7e-04,8e-04,1.12,0,0
2025-12-21 14:39:06,0,0,31.38,0,1,225,3.75,1,0.0166667,25,0.416667,2.94,0,0,0,0,0,0,0,0,146,128,1e-04,1e-04,2e-04,4e-04,5e-04,7e-04,8e-04,9e-04,1.39,0,0
2025-12-21 14:40:06,0,0,31.12,0,1,4347,72.45,110,1.83333,310,5.16667,2.58,0,0,0,0,0,0,0,0,147,116,1e-04,1e-04,2e-04,4e-04,4e-04,6e-04,7e-04,8e-04,1.51,0,0
2025-12-21 14:41:06,0,0,31,0,1,2434,40.5667,29,0.483333,207,3.45,3.38,0,0,0,0,0,0,0,0,145,110,1e-04,1e-04,2e-04,4e-04,6e-04,8e-04,9e-04,9e-04,1.62,0,0
2025-12-21 14:42:06,0,0,30.81,0,16,2165,36.0833,12,0.2,166,2.76667,4.4,0,0,0,0,0,0,0,0,175,134,1e-04,3e-04,4e-04,6e-04,8e-04,0.001,0.0011,0.0014,2.81,0,0
2025-12-21 14:43:06,0,0,30.5,0,1,7579,126.317,187,3.11667,447,7.45,4.16,0,0,0,0,0,0,0,0,236,166,1e-04,1e-04,2e-04,4e-04,7e-04,0.001,0.0011,0.001,1.66,0,0
2025-12-21 14:44:06,0,0,30.06,0,8,6436,107.267,152,2.53333,360,6,8.17,0,0,0,0,0,0,0,0,219,157,1e-04,3e-04,3e-04,7e-04,0.0013,0.002,0.0024,0.0017,3.43,0,0
2025-12-21 14:45:06,0,0,29.88,0,1,10728,178.8,362,6.03333,623,10.3833,7.86,0,0,0,0,0,0,0,0,204,142,1e-04,3e-04,4e-04,8e-04,0.0013,0.0018,0.002,0.0017,4,0,0
2025-12-21 14:46:06,0,0,29.5,0,16,6637,110.617,193,3.21667,390,6.5,16.24,0,0,0,0,0,0,0,0,210,158,2e-04,7e-04,6e-04,0.0016,0.0025,0.0034,0.0049,0.0023,8.46,0.01,0
2025-12-21 14:47:06,0,0,29.25,0,16,1104,18.4,11,0.183333,102,1.7,28.8,0,0,0,0,0,0,0,0,224,170,3e-04,0.0014,0.0013,0.0031,0.0044,0.0056,0.0087,0.0035,16.82,0.01,0
2025-12-21 14:48:06,0,0,29.19,0,16,2864,47.7333,55,0.916667,233,3.88333,27.07,0,0,0,0,0,0,0,0,208,150,3e-04,0.0011,0.0011,0.0026,0.0041,0.0059,0.0082,0.0039,13.81,0.01,0
2025-12-21 14:49:06,0,0,29.06,0,16,660,11,0,0,61,1.01667,26.71,0,0,0,0,0,0,0,0,214,156,3e-04,0.0011,0.0011,0.0026,0.004,0.0058,0.0081,0.0038,13.77,0.01,0
2025-12-21 14:50:06,0,0,29.12,0,16,1229,20.4833,27,0.45,96,1.6,27.58,0,0,0,0,0,0,0,0,210,154,3e-04,0.0011,0.0011,0.0028,0.0042,0.0059,0.0084,0.0038,14.39,0.01,0
2025-12-21 14:51:06,0,0,29.06,0,16,443,7.38333,7,0.116667,30,0.5,26.86,0,0,0,0,0,0,0,0,212,153,3e-04,0.0011,0.0011,0.0027,0.0041,0.0057,0.0082,0.0038,14.13,0.01,0
2025-12-21 14:52:06,0,0,29.12,0,16,844,14.0667,11,0.183333,71,1.18333,27.26,0,0,0,0,0,0,0,0,204,147,3e-04,0.0011,0.0011,0.0027,0.0041,0.0059,0.0083,0.0038,14.31,0.01,0
2025-12-21 14:53:06,0,0,28.94,0,16,2425,40.4167,85,1.41667,104,1.73333,25.88,0,0,0,0,0,0,0,0,221,158,3e-04,0.001,0.001,0.0025,0.0039,0.0057,0.008,0.0038,12.96,0.01,0
2025-12-21 14:54:06,0,0,29.12,0,1,1730,28.8333,35,0.583333,116,1.93333,7.12,0,0,0,0,0,0,0,0,156,106,1e-04,3e-04,4e-04,7e-04,0.0011,0.0017,0.0019,0.0015,3.65,0,0
2025-12-21 14:55:06,0,0,29.19,0,8,346,5.76667,4,0.0666667,24,0.4,3.57,0,0,0,0,0,0,0,0,178,151,1e-04,1e-04,2e-04,4e-04,6e-04,8e-04,0.001,9e-04,1.58,0,0
2025-12-21 14:56:06,0,0,28.75,0,16,5971,99.5167,195,3.25,280,4.66667,21.77,0,0,0,0,0,0,0,0,218,166,3e-04,9e-04,0.001,0.0022,0.0033,0.005,0.0064,0.0036,11.45,0.01,0
2025-12-21 14:57:06,0,0,28.62,0,16,791,13.1833,1,0.0166667,77,1.28333,28.97,0,0,0,0,0,0,0,0,214,158,3e-04,0.0011,0.0011,0.0028,0.0043,0.0065,0.0089,0.0043,14.57,0.01,0
2025-12-21 14:58:06,0,0,28.62,0,16,6122,102.033,150,2.5,294,4.9,15.39,0,0,0,0,0,0,0,0,234,166,2e-04,6e-04,7e-04,0.0016,0.0024,0.0034,0.0044,0.0027,8.03,0.01,0
2025-12-21 14:59:06,0,0,28.88,0,1,7098,118.3,162,2.7,653,10.8833,6.27,0,0,0,0,0,0,0,0,224,151,1e-04,2e-04,3e-04,5e-04,0.0011,0.0015,0.0017,0.0014,2.56,0,0
2025-12-21 15:00:06,0,0,28.38,0,1,5179,86.3167,128,2.13333,312,5.2,9.82,0,0,0,0,0,0,0,0,205,151,1e-04,4e-04,4e-04,0.001,0.0015,0.0021,0.003,0.0015,4.86,0,0
2025-12-21 15:01:06,0,0,28.25,0,16,1369,22.8167,1,0.0166667,151,2.51667,24.62,0,0,0,0,0,0,0,0,215,157,3e-04,9e-04,9e-04,0.0024,0.0037,0.0055,0.0076,0.0037,11.82,0.01,0
2025-12-21 15:02:06,0,0,28.12,0,16,598,9.96667,2,0.0333333,57,0.95,25.89,0,0,0,0,0,0,0,0,218,160,3e-04,0.001,0.0011,0.0026,0.0039,0.0055,0.008,0.0035,13.83,0.01,0
2025-12-21 15:03:06,0,0,28.19,0,16,65,1.08333,0,0,6,0.1,27.62,0,0,0,0,0,0,0,0,205,150,3e-04,0.0011,0.0011,0.0028,0.0042,0.0059,0.0086,0.0038,14.38,0.01,0
2025-12-21 15:04:06,0,0,28,0,1,631,10.5167,5,0.0833333,57,0.95,20.28,0,0,0,0,0,0,0,0,216,159,2e-04,9e-04,9e-04,0.0022,0.0031,0.004,0.0064,0.0025,11.49,0.01,0
2025-12-21 15:05:06,0,0,28,0,16,618,10.3,0,0,49,0.816667,26.62,0,0,0,0,0,0,0,0,215,158,3e-04,0.0011,0.0011,0.0027,0.004,0.0056,0.0084,0.0035,14.19,0.01,0
2025-12-21 15:06:06,0,0,28,0,16,544,9.06667,0,0,42,0.7,26.22,0,0,0,0,0,0,0,0,209,154,3e-04,0.001,0.0011,0.0027,0.0039,0.0055,0.0082,0.0035,13.94,0.01,0
2025-12-21 15:07:06,0,0,27.88,0,16,222,3.7,7,0.116667,9,0.15,22.97,0,0,0,0,0,0,0,0,222,151,2e-04,0.001,9e-04,0.0024,0.0035,0.0048,0.0072,0.003,12.31,0.01,0
2025-12-21 15:08:06,0,0,27.81,0,16,1019,16.9833,4,0.0666667,98,1.63333,23.6,0,0,0,0,0,0,0,0,217,157,2e-04,0.001,0.001,0.0024,0.0036,0.0049,0.0074,0.0031,12.65,0.01,0
2025-12-21 15:09:06,0,0,27.62,0,16,687,11.45,4,0.0666667,82,1.36667,27.1,0,0,0,0,0,0,0,0,197,147,3e-04,0.0011,0.0011,0.0028,0.0041,0.0058,0.0085,0.0037,14.21,0.01,0
2025-12-21 15:10:06,0,0,27.62,0,16,1837,30.6167,12,0.2,227,3.78333,23.98,0,0,0,0,0,0,0,0,178,128,2e-04,9e-04,9e-04,0.0023,0.0036,0.0054,0.0075,0.0035,11.67,0.01,0
2025-12-21 15:11:06,0,0,27.5,0,16,1653,27.55,8,0.133333,163,2.71667,22.78,0,0,0,0,0,0,0,0,207,151,2e-04,8e-04,8e-04,0.0022,0.0034,0.0052,0.0071,0.0035,10.57,0.01,0
2025-12-21 15:12:06,0,0,27.44,0,16,3074,51.2333,87,1.45,176,2.93333,20.39,0,0,0,0,0,0,0,0,215,153,2e-04,7e-04,8e-04,0.002,0.003,0.0046,0.0064,0.0031,9.8,0.01,0
2025-12-21 15:13:06,0,0,27.5,0,16,1503,25.05,20,0.333333,140,2.33333,24.05,0,0,0,0,0,0,0,0,209,151,3e-04,7e-04,8e-04,0.0022,0.0036,0.0057,0.0075,0.0039,10.62,0.01,0
2025-12-21 15:14:06,0,0,27.56,0,16,1136,18.9333,2,0.0333333,113,1.88333,24.14,0,0,0,0,0,0,0,0,173,112,2e-04,9e-04,9e-04,0.0024,0.0036,0.0054,0.0075,0.0035,11.99,0.01,0
2025-12-21 15:15:06,0,0,27.38,0,16,2221,37.0167,25,0.416667,221,3.68333,17.16,0,0,0,0,0,0,0,0,218,155,2e-04,5e-04,6e-04,0.0016,0.0025,0.004,0.0054,0.0027,7.6,0.01,0
2025-12-21 15:16:06,0,0,27.25,0,16,1286,21.4333,11,0.183333,157,2.61667,21.92,0,0,0,0,0,0,0,0,214,155,2e-04,7e-04,8e-04,0.0021,0.0032,0.0051,0.0069,0.0034,9.88,0.01,0
2025-12-21 15:17:06,0,0,27.38,0,16,1674,27.9,22,0.366667,186,3.1,20.68,0,0,0,0,0,0,0,0,206,150,2e-04,7e-04,7e-04,0.002,0.0031,0.0048,0.0065,0.0032,9.31,0.01,0
2025-12-21 15:18:06,0,0,27.38,0,1,1418,23.6333,6,0.1,162,2.7,18.13,0,0,0,0,0,0,0,0,217,160,2e-04,6e-04,6e-04,0.0017,0.0027,0.0043,0.0057,0.0028,8.03,0.01,0
2025-12-21 15:19:06,0,0,27.5,0,16,1915,31.9167,4,0.0666667,251,4.18333,21.52,0,0,0,0,0,0,0,0,205,150,2e-04,7e-04,7e-04,0.002,0.0032,0.0051,0.0068,0.0034,9.47,0.01,0
2025-12-21 15:20:06,0,0,27.44,0,16,1001,16.6833,5,0.0833333,96,1.6,22.22,0,0,0,0,0,0,0,0,207,150,2e-04,8e-04,8e-04,0.0021,0.0033,0.0051,0.0071,0.0034,10.51,0.01,0
2025-12-21 15:21:06,0,0,27.25,0,16,1023,17.05,8,0.133333,117,1.95,21.5,0,0,0,0,0,0,0,0,219,159,2e-04,7e-04,7e-04,0.002,0.0032,0.005,0.0069,0.0033,9.66,0.01,0
2025-12-21 15:22:06,0,0,27.31,0,16,789,13.15,12,0.2,51,0.85,25.87,0,0,0,0,0,0,0,0,214,157,3e-04,9e-04,9e-04,0.0025,0.0038,0.006,0.0083,0.004,12.01,0.01,0
2025-12-21 15:23:06,0,0,27.62,0,16,939,15.65,4,0.0666667,75,1.25,26,0,0,0,0,0,0,0,0,215,155,3e-04,0.001,0.0011,0.0026,0.0039,0.0056,0.0082,0.0036,13.54,0.01,0
2025-12-21 15:24:06,0,0,27.94,0,16,297,4.95,2,0.0333333,19,0.316667,29.73,0,0,0,0,0,0,0,0,199,143,3e-04,0.0011,0.0012,0.0029,0.0044,0.0066,0.0094,0.0043,14.79,0.01,0
2025-12-21 15:25:06,0,0,27.94,0,16,751,12.5167,1,0.0166667,72,1.2,28.08,0,0,0,0,0,0,0,0,214,154,3e-04,0.0011,0.0011,0.0028,0.0042,0.0061,0.0089,0.0039,14.64,0.01,0
2025-12-21 15:26:06,0,0,27.94,0,16,982,16.3667,5,0.0833333,96,1.6,25.34,0,0,0,0,0,0,0,0,211,151,3e-04,0.001,0.001,0.0026,0.0038,0.0054,0.008,0.0035,13.24,0.01,0
2025-12-21 15:27:06,0,0,27.88,0,16,1594,26.5667,12,0.2,166,2.76667,24.63,0,0,0,0,0,0,0,0,215,159,2e-04,9e-04,9e-04,0.0024,0.0037,0.0056,0.0078,0.0037,11.73,0.01,0
2025-12-21 15:28:06,0,0,28.19,0,16,1072,17.8667,7,0.116667,90,1.5,27.25,0,0,0,0,0,0,0,0,188,132,3e-04,0.001,0.0011,0.0027,0.0041,0.0059,0.0086,0.0039,13.87,0.01,0
2025-12-21 15:29:06,0,0,28,0,16,788,13.1333,5,0.0833333,72,1.2,26.1,0,0,0,0,0,0,0,0,212,153,2e-04,0.001,0.001,0.0026,0.0039,0.0056,0.0082,0.0037,13.4,0.01,0
2025-12-21 15:30:06,0,0,28.19,0,16,1108,18.4667,5,0.0833333,118,1.96667,26.68,0,0,0,0,0,0,0,0,175,123,3e-04,0.001,0.0011,0.0026,0.004,0.0059,0.0084,0.0038,13.49,0.01,0
2025-12-21 15:31:06,0,0,28.25,0,16,3399,56.65,59,0.983333,300,5,25.19,0,0,0,0,0,0,0,0,232,163,3e-04,9e-04,0.001,0.0024,0.0037,0.0057,0.0079,0.0038,12.19,0.01,0
2025-12-21 15:32:06,0,0,28,0,1,818,13.6333,6,0.1,69,1.15,20.08,0,0,0,0,0,0,0,0,211,161,2e-04,6e-04,7e-04,0.002,0.0029,0.0046,0.0063,0.0031,9.55,0.01,0
2025-12-21 15:33:06,0,0,28.38,0,16,1404,23.4,9,0.15,132,2.2,26.01,0,0,0,0,0,0,0,0,208,156,3e-04,9e-04,0.001,0.0025,0.0039,0.0059,0.0082,0.0039,12.5,0.01,0
2025-12-21 15:34:06,0,0,28.69,0,16,779,12.9833,2,0.0333333,74,1.23333,27.95,0,0,0,0,0,0,0,0,178,128,3e-04,0.001,0.0011,0.0028,0.0042,0.0062,0.0088,0.004,14.08,0.01,0
2025-12-21 15:35:06,0,0,28.62,0,16,1160,19.3333,21,0.35,80,1.33333,25.61,0,0,0,0,0,0,0,0,215,155,3e-04,0.001,0.001,0.0026,0.0038,0.0056,0.008,0.0036,13.19,0.01,0
2025-12-21 15:36:06,0,0,28.62,0,16,436,7.26667,1,0.0166667,33,0.55,25.01,0,0,0,0,0,0,0,0,209,151,3e-04,0.001,0.001,0.0025,0.0037,0.0054,0.0079,0.0035,12.92,0.01,0
2025-12-21 15:37:06,0,0,28.62,0,16,792,13.2,10,0.166667,47,0.783333,25.94,0,0,0,0,0,0,0,0,216,159,3e-04,0.001,0.0011,0.0026,0.0039,0.0057,0.0082,0.0036,13.31,0.01,0
2025-12-21 15:38:06,0,0,28.69,0,16,1284,21.4,8,0.133333,147,2.45,24.47,0,0,0,0,0,0,0,0,182,130,2e-04,9e-04,0.001,0.0025,0.0037,0.0053,0.0077,0.0034,12.62,0.01,0
2025-12-21 15:39:06,0,0,28.69,0,16,1323,22.05,18,0.3,126,2.1,25.18,0,0,0,0,0,0,0,0,199,147,2e-04,0.001,0.001,0.0025,0.0037,0.0055,0.0079,0.0035,13.01,0.01,0
2025-12-21 15:40:06,0,0,28.81,0,16,1201,20.0167,12,0.2,95,1.58333,25.51,0,0,0,0,0,0,0,0,214,155,2e-04,0.001,0.0011,0.0026,0.0038,0.0054,0.0081,0.0035,13.35,0.01,0
2025-12-21 15:41:06,0,0,28.69,0,16,1359,22.65,6,0.1,154,2.56667,24.71,0,0,0,0,0,0,0,0,198,146,2e-04,9e-04,0.001,0.0025,0.0037,0.0054,0.0078,0.0035,12.68,0.01,0
2025-12-21 15:42:06,0,0,28.88,0,16,897,14.95,5,0.0833333,90,1.5,26.56,0,0,0,0,0,0,0,0,205,147,3e-04,0.001,0.0011,0.0027,0.004,0.0058,0.0084,0.0037,13.51,0.01,0
2025-12-21 15:43:06,0,0,29,0,16,2335,38.9167,46,0.766667,187,3.11667,25.44,0,0,0,0,0,0,0,0,215,161,2e-04,0.001,0.001,0.0025,0.0038,0.0055,0.0081,0.0036,12.88,0.01,0
2025-12-21 15:44:06,0,0,29.06,0,16,1041,17.35,8,0.133333,118,1.96667,27.08,0,0,0,0,0,0,0,0,211,152,3e-04,0.001,0.0011,0.0027,0.004,0.0059,0.0086,0.0038,13.72,0.01,0
2025-12-21 15:45:06,0,0,29,0,16,2215,36.9167,31,0.516667,213,3.55,25.55,0,0,0,0,0,0,0,0,206,150,3e-04,0.001,0.001,0.0026,0.0038,0.0056,0.0081,0.0036,13.2,0.01,0
2025-12-21 15:46:06,0,0,29.12,0,16,1304,21.7333,3,0.05,135,2.25,26.52,0,0,0,0,0,0,0,0,162,115,3e-04,0.001,0.0011,0.0026,0.004,0.0058,0.0084,0.0037,13.48,0.01,0
2025-12-21 15:47:06,0,0,29.12,0,16,1705,28.4167,10,0.166667,193,3.21667,25.21,0,0,0,0,0,0,0,0,203,148,2e-04,0.001,0.001,0.0026,0.0037,0.0054,0.008,0.0035,13.2,0.01,0
2025-12-21 15:48:06,0,0,29.19,0,16,5618,93.6333,169,2.81667,371,6.18333,22.44,0,0,0,0,0,0,0,0,192,151,2e-04,8e-04,8e-04,0.0021,0.0034,0.0051,0.0068,0.0033,10.65,0.01,0
2025-12-21 15:49:06,0,0,29.56,0,1,8767,146.117,309,5.15,453,7.55,29.92,0,0,0,0,0,0,0,0,184,139,3e-04,8e-04,9e-04,0.0023,0.0046,0.0075,0.0084,0.005,11.3,0.01,0
2025-12-21 15:50:06,0,0,29.5,0,16,2053,34.2167,16,0.266667,191,3.18333,27.73,0,0,0,0,0,0,0,0,217,160,3e-04,0.001,0.0011,0.0027,0.0041,0.0063,0.0088,0.0042,13.51,0.01,0
2025-12-21 15:51:06,0,0,29,0,16,1765,29.4167,9,0.15,227,3.78333,28.38,0,0,0,0,0,0,0,0,207,153,3e-04,0.001,0.0011,0.0027,0.0042,0.0065,0.009,0.0043,13.74,0.01,0
2025-12-21 15:52:06,0,0,28.88,0,16,3360,56,88,1.46667,242,4.03333,25.67,0,0,0,0,0,0,0,0,211,167,3e-04,0.001,0.001,0.0026,0.0038,0.0056,0.0082,0.0037,13.06,0.01,0
2025-12-21 15:53:06,0,0,28.81,0,16,999,16.65,2,0.0333333,94,1.56667,27.23,0,0,0,0,0,0,0,0,194,164,3e-04,0.001,0.001,0.0026,0.004,0.0061,0.0086,0.004,13.18,0.01,0
2025-12-21 15:54:06,0,0,28.56,0,1,3,0.05,0,0,0,0,28.7,0,0,0,0,0,0,0,0,200,167,3e-04,0.0011,0.0012,0.0029,0.0043,0.0061,0.0091,0.0039,15.19,0.01,0
2025-12-21 15:55:06,0,0,28.88,0,16,708,11.8,14,0.233333,45,0.75,24.32,0,0,0,0,0,0,0,0,205,150,3e-04,9e-04,0.001,0.0024,0.0036,0.0054,0.0077,0.0035,12.26,0.01,0
2025-12-21 15:56:06,0,0,29.25,0,16,6,0.1,0,0,0,0,26.79,0,0,0,0,0,0,0,0,199,141,3e-04,9e-04,0.001,0.0026,0.004,0.0061,0.0085,0.004,13,0.01,0
2025-12-21 15:57:06,0,0,29.56,0,16,51,0.85,0,0,6,0.1,26.54,0,0,0,0,0,0,0,0,196,136,3e-04,9e-04,0.001,0.0026,0.0039,0.006,0.0084,0.004,12.82,0.01,0
2025-12-21 15:58:06,0,0,29.69,0,16,45,0.75,0,0,6,0.1,26.88,0,0,0,0,0,0,0,0,195,135,3e-04,9e-04,0.001,0.0026,0.004,0.0061,0.0085,0.004,13.14,0.01,0
2025-12-21 15:59:06,0,0,29.88,0,16,97,1.61667,2,0.0333333,6,0.1,26.92,0,0,0,0,0,0,0,0,190,128,3e-04,0.001,0.001,0.0026,0.004,0.0061,0.0086,0.004,12.98,0.01,0
2025-12-21 16:00:06,0,0,30.12,0,1,15125,252.083,478,7.96667,580,9.66667,22.05,0,0,0,0,0,0,0,0,171,136,2e-04,5e-04,7e-04,0.0016,0.0034,0.0057,0.0062,0.0038,7.83,0.01,0
2025-12-21 16:01:06,0,0,30.06,0,1,7401,123.35,224,3.73333,301,5.01667,18.73,0,0,0,0,0,0,0,0,185,142,2e-04,4e-04,5e-04,0.0014,0.0029,0.0048,0.0053,0.0035,6.51,0.01,0
2025-12-21 16:02:06,0,0,29.69,0,1,3439,57.3167,78,1.3,203,3.38333,29.04,0,0,0,0,0,0,0,0,228,172,3e-04,9e-04,0.0011,0.0028,0.0042,0.0069,0.0093,0.0047,13.41,0.01,0
2025-12-21 16:03:06,0,0,29.44,0,1,364,6.06667,0,0,23,0.383333,6.49,0,0,0,0,0,0,0,0,225,158,1e-04,2e-04,2e-04,6e-04,0.001,0.0016,0.0021,0.0011,2.59,0,0
2025-12-21 16:04:06,0,0,29.31,0,1,2553,42.55,64,1.06667,156,2.6,6.63,0,0,0,0,0,0,0,0,225,162,1e-04,2e-04,2e-04,6e-04,0.001,0.0017,0.0022,0.0013,2.48,0,0
2025-12-21 16:05:06,0,0,28.94,0,1,7160,119.333,205,3.41667,428,7.13333,2.6,0,0,0,0,0,0,0,0,227,171,0,1e-04,0,2e-04,4e-04,7e-04,9e-04,5e-04,0.58,0,0
2025-12-21 16:06:06,0,0,28.81,0,1,5288,88.1333,132,2.2,211,3.51667,27.78,0,0,0,0,0,0,0,0,220,160,4e-04,8e-04,9e-04,0.0023,0.0043,0.0069,0.0077,0.0049,10.95,0.01,0
2025-12-21 16:07:06,0,0,28.75,0,1,3224,53.7333,82,1.36667,186,3.1,1.95,0,0,0,0,0,0,0,0,210,152,0,0,0,2e-04,3e-04,5e-04,7e-04,5e-04,0.37,0,0
2025-12-21 16:08:06,0,0,28.69,0,1,919,15.3167,12,0.2,53,0.883333,1.71,0,0,0,0,0,0,0,0,211,150,0,0,0,1e-04,3e-04,5e-04,7e-04,5e-04,0.1,0,0
2025-12-21 16:09:06,0,0,28.75,0,1,539,8.98333,0,0,50,0.833333,1.95,0,0,0,0,0,0,0,0,224,155,0,1e-04,0,2e-04,3e-04,4e-04,6e-04,4e-04,0.85,0,0
2025-12-21 16:10:06,0,0,28.81,0,1,696,11.6,11,0.183333,49,0.816667,1.27,0,0,0,0,0,0,0,0,220,153,0,1e-04,0,1e-04,2e-04,3e-04,5e-04,3e-04,0.48,0,0
2025-12-21 16:11:06,0,0,28.5,0,1,231,3.85,1,0.0166667,20,0.333333,1.51,0,0,0,0,0,0,0,0,233,165,0,1e-04,0,1e-04,2e-04,4e-04,5e-04,4e-04,0.7,0,0
2025-12-21 16:12:06,0,0,28.38,0,1,1506,25.1,34,0.566667,107,1.78333,5.6,0,0,0,0,0,0,0,0,229,166,1e-04,2e-04,1e-04,5e-04,9e-04,0.0014,0.0016,0.0011,1.9,0,0
2025-12-21 16:13:06,0,0,28.75,0,1,2568,42.8,61,1.01667,136,2.26667,9.18,0,0,0,0,0,0,0,0,216,139,1e-04,2e-04,2e-04,7e-04,0.0014,0.0024,0.0026,0.0017,2.84,0,0
2025-12-21 16:14:06,0,0,28.75,0,1,224,3.73333,0,0,18,0.3,0.87,0,0,0,0,0,0,0,0,221,150,0,0,0,0,1e-04,3e-04,3e-04,3e-04,0,0,0
2025-12-21 16:15:06,0,0,28.88,0,1,4,0.0666667,0,0,0,0,1.52,0,0,0,0,0,0,0,0,200,128,0,0,0,1e-04,2e-04,4e-04,5e-04,4e-04,0.11,0,0
2025-12-21 16:16:06,0,0,28.94,0,1,0,0,0,0,0,0,0.81,0,0,0,0,0,0,0,0,192,123,0,0,0,0,1e-04,2e-04,3e-04,3e-04,0,0,0
2025-12-21 16:17:06,0,0,29.12,0,1,124,2.06667,1,0.0166667,11,0.183333,0.15,0,0,0,0,0,0,0,0,218,116,0,0,0,0,0,1e-04,1e-04,1e-04,0,0,0
2025-12-21 16:18:06,0,0,29.31,0,1,0,0,0,0,0,0,0.17,0,0,0,0,0,0,0,0,213,112,0,0,0,0,0,1e-04,1e-04,1e-04,0,0,0
2025-12-21 16:19:06,0,0,29.56,0,1,393,6.55,9,0.15,28,0.466667,8.24,0,0,0,0,0,0,0,0,195,134,1e-04,2e-04,2e-04,7e-04,0.0013,0.0021,0.0022,0.0014,3.05,0,0
2025-12-21 16:20:06,0,0,29.56,0,8,6,0.1,0,0,0,0,13.39,0,0,0,0,0,0,0,0,193,134,1e-04,4e-04,4e-04,0.0011,0.0021,0.0034,0.0036,0.0022,5.06,0.01,0
2025-12-21 16:21:06,0,0,29.75,0,8,6445,107.417,180,3,403,6.71667,21.35,0,0,0,0,0,0,0,0,227,176,2e-04,6e-04,6e-04,0.0016,0.0034,0.0053,0.0059,0.0037,7.75,0.01,0
2025-12-21 16:22:06,0,0,29.69,0,1,2011,33.5167,29,0.483333,121,2.01667,4.89,0,0,0,0,0,0,0,0,198,147,0,2e-04,1e-04,5e-04,8e-04,0.0012,0.0013,9e-04,1.92,0,0
2025-12-21 16:23:06,0,0,29.44,0,1,371,6.18333,4,0.0666667,28,0.466667,3.57,0,0,0,0,0,0,0,0,201,150,0,1e-04,1e-04,3e-04,5e-04,9e-04,0.001,7e-04,1.3,0,0
2025-12-21 16:24:06,0,0,29.44,0,16,2369,39.4833,83,1.38333,82,1.36667,9.63,0,0,0,0,0,0,0,0,196,147,1e-04,4e-04,2e-04,8e-04,0.0015,0.0023,0.0025,0.0015,3.88,0,0
2025-12-21 16:25:06,0,0,29.38,0,16,95,1.58333,2,0.0333333,5,0.0833333,9.39,0,0,0,0,0,0,0,0,188,142,1e-04,3e-04,3e-04,7e-04,0.0015,0.0024,0.0025,0.0016,3.48,0,0
2025-12-21 16:26:06,0,0,29.38,0,16,0,0,0,0,0,0,9.34,0,0,0,0,0,0,0,0,187,140,1e-04,4e-04,3e-04,8e-04,0.0015,0.0023,0.0024,0.0014,3.89,0,0
2025-12-21 16:27:06,0,0,29,0,16,296,4.93333,7,0.116667,15,0.25,14.8,0,0,0,0,0,0,0,0,210,153,1e-04,4e-04,4e-04,0.0011,0.0023,0.0038,0.004,0.0024,5.39,0.01,0
2025-12-21 16:28:06,0,0,29.12,0,16,2781,46.35,101,1.68333,175,2.91667,13.13,0,0,0,0,0,0,0,0,189,144,1e-04,3e-04,4e-04,0.001,0.002,0.0034,0.0036,0.0022,4.5,0.01,0
2025-12-21 16:29:06,0,0,29.12,0,8,1209,20.15,8,0.133333,112,1.86667,0.87,0,0,0,0,0,0,0,0,206,168,0,0,0,0,2e-04,3e-04,3e-04,3e-04,0,0,0
2025-12-21 16:30:06,0,0,29.31,0,8,531,8.85,6,0.1,42,0.7,0.77,0,0,0,0,0,0,0,0,198,166,0,0,0,0,1e-04,2e-04,3e-04,2e-04,0,0,0
2025-12-21 16:31:06,0,0,29.56,0,8,2271,37.85,69,1.15,122,2.03333,5,0,0,0,0,0,0,0,0,184,135,0,1e-04,1e-04,4e-04,8e-04,0.0013,0.0014,9e-04,1.5,0,0
2025-12-21 16:32:06,0,0,29.75,0,16,855,14.25,28,0.466667,40,0.666667,12.85,0,0,0,0,0,0,0,0,192,112,1e-04,3e-04,4e-04,9e-04,0.002,0.0033,0.0035,0.0021,4.41,0.01,0
2025-12-21 16:33:06,0,0,29.69,0,16,0,0,0,0,0,0,11.23,0,0,0,0,0,0,0,0,184,110,1e-04,3e-04,3e-04,8e-04,0.0018,0.0029,0.003,0.0019,3.74,0,0
2025-12-21 16:34:06,0,0,29.56,0,1,324,5.4,2,0.0333333,20,0.333333,10.99,0,0,0,0,0,0,0,0,179,112,1e-04,3e-04,3e-04,8e-04,0.0017,0.0028,0.0029,0.0018,3.83,0,0
2025-12-21 16:35:06,0,0,29.69,0,1,151,2.51667,1,0.0166667,8,0.133333,9.58,0,0,0,0,0,0,0,0,170,108,1e-04,3e-04,3e-04,8e-04,0.0015,0.0025,0.0026,0.0016,3.43,0,0
2025-12-21 16:36:06,0,0,29.62,0,1,1527,25.45,47,0.783333,76,1.26667,7.05,0,0,0,0,0,0,0,0,158,116,1e-04,1e-04,2e-04,5e-04,0.0011,0.0018,0.002,0.0012,2.07,0,0
2025-12-21 16:37:06,0,0,29.56,0,8,4665,77.75,123,2.05,268,4.46667,7.18,0,0,0,0,0,0,0,0,227,158,1e-04,2e-04,2e-04,5e-04,0.0011,0.0019,0.0021,0.0013,2.33,0,0
2025-12-21 16:38:06,0,0,29.5,0,16,831,13.85,24,0.4,45,0.75,8.03,0,0,0,0,0,0,0,0,231,177,1e-04,2e-04,2e-04,6e-04,0.0013,0.002,0.0021,0.0013,2.88,0,0
2025-12-21 16:39:06,0,0,29.44,0,16,0,0,0,0,0,0,21.08,0,0,0,0,0,0,0,0,216,167,2e-04,6e-04,7e-04,0.0016,0.0033,0.0054,0.0056,0.0033,7.93,0.01,0
2025-12-21 16:40:06,0,0,29.62,0,8,3207,53.45,53,0.883333,236,3.93333,7.77,0,0,0,0,0,0,0,0,197,148,1e-04,2e-04,2e-04,5e-04,0.0012,0.002,0.0021,0.0013,2.62,0,0
2025-12-21 16:41:06,0,0,30.06,0,16,1001,16.6833,22,0.366667,65,1.08333,6.42,0,0,0,0,0,0,0,0,174,119,1e-04,1e-04,2e-04,5e-04,0.001,0.0016,0.0018,0.0011,2.13,0,0
2025-12-21 16:42:06,0,0,29.94,0,2,866,14.4333,21,0.35,54,0.9,11.74,0,0,0,0,0,0,0,0,178,130,1e-04,3e-04,3e-04,9e-04,0.0018,0.003,0.0032,0.002,4.02,0,0
2025-12-21 16:43:06,0,0,29.69,0,1,8194,136.567,240,4,486,8.1,5.07,0,0,0,0,0,0,0,0,190,128,0,1e-04,1e-04,4e-04,8e-04,0.0013,0.0014,9e-04,1.36,0,0
2025-12-21 16:44:06,0,0,29.69,0,1,329,5.48333,13,0.216667,14,0.233333,2.62,0,0,0,0,0,0,0,0,199,124,0,0,0,2e-04,4e-04,7e-04,8e-04,5e-04,0.39,0,0
2025-12-21 16:45:06,0,0,29.38,0,1,1609,26.8167,22,0.366667,100,1.66667,2.33,0,0,0,0,0,0,0,0,208,162,0,0,0,2e-04,4e-04,6e-04,7e-04,4e-04,0.35,0,0
2025-12-21 16:46:06,0,0,29,0,32,2530,42.1667,56,0.933333,163,2.71667,7.66,0,0,0,0,0,0,0,0,194,140,0,2e-04,2e-04,6e-04,0.0012,0.002,0.0022,0.0014,2.35,0,0
2025-12-21 16:47:06,0,0,29.38,0,32,3767,62.7833,99,1.65,231,3.85,3.9,0,0,0,0,0,0,0,0,226,144,1e-04,1e-04,1e-04,4e-04,6e-04,0.001,0.001,7e-04,1.66,0,0
2025-12-21 16:48:06,0,0,29.44,0,32,3481,58.0167,78,1.3,187,3.11667,2.76,0,0,0,0,0,0,0,0,200,138,0,1e-04,0,2e-04,4e-04,7e-04,8e-04,5e-04,0.72,0,0
2025-12-21 16:49:06,0,0,29.31,0,1,501,8.35,13,0.216667,26,0.433333,6.89,0,0,0,0,0,0,0,0,185,144,0,2e-04,2e-04,6e-04,0.0011,0.0017,0.0018,0.0012,2.71,0,0
2025-12-21 16:50:06,0,0,29.38,0,1,3,0.05,0,0,0,0,3.66,0,0,0,0,0,0,0,0,186,138,0,1e-04,0,4e-04,6e-04,9e-04,0.001,7e-04,1.29,0,0
2025-12-21 16:51:06,0,0,29.38,0,1,805,13.4167,25,0.416667,35,0.583333,6.26,0,0,0,0,0,0,0,0,163,116,0,2e-04,2e-04,5e-04,0.001,0.0015,0.0016,0.0011,2.32,0,0
2025-12-21 16:52:06,0,0,29.56,0,1,5815,96.9167,204,3.4,290,4.83333,6.39,0,0,0,0,0,0,0,0,203,131,0,1e-04,1e-04,5e-04,0.001,0.0016,0.0018,0.0012,1.89,0,0
2025-12-21 16:53:06,0,0,29.19,0,1,2602,43.3667,93,1.55,139,2.31667,5.57,0,0,0,0,0,0,0,0,207,150,0,2e-04,1e-04,5e-04,9e-04,0.0014,0.0015,0.001,1.82,0,0
2025-12-21 16:54:06,0,0,29,0,1,768,12.8,12,0.2,76,1.26667,6.09,0,0,0,0,0,0,0,0,208,152,0,2e-04,1e-04,5e-04,0.001,0.0015,0.0016,0.0011,2.17,0,0
2025-12-21 16:55:06,0,0,29.06,0,1,45,0.75,0,0,1,0.0166667,7.62,0,0,0,0,0,0,0,0,198,149,1e-04,2e-04,2e-04,7e-04,0.0012,0.0019,0.002,0.0013,2.85,0,0
2025-12-21 16:56:06,0,0,29.25,0,1,3311,55.1833,98,1.63333,156,2.6,6.64,0,0,0,0,0,0,0,0,188,122,0,2e-04,2e-04,5e-04,0.001,0.0017,0.0018,0.0012,2.23,0,0
2025-12-21 16:57:06,0,0,29.25,0,1,4531,75.5167,91,1.51667,291,4.85,9.23,0,0,0,0,0,0,0,0,173,119,1e-04,2e-04,3e-04,7e-04,0.0014,0.0023,0.0025,0.0015,3.5,0,0
2025-12-21 16:58:06,0,0,29.25,0,1,6185,103.083,140,2.33333,461,7.68333,60.24,0,0,0,0,0,0,0,0,228,171,7e-04,0.0019,0.0024,0.005,0.0092,0.0149,0.0157,0.0089,27.18,0.02,0
2025-12-21 16:59:06,0,0,29.19,0,1,3646,60.7667,67,1.11667,259,4.31667,36.42,0,0,0,0,0,0,0,0,176,118,4e-04,0.0011,0.0014,0.003,0.0056,0.009,0.0095,0.0054,16.39,0.01,0
2025-12-21 17:00:06,0,0,28.94,0,16,2614,43.5667,45,0.75,169,2.81667,49.91,0,0,0,0,0,0,0,0,182,139,5e-04,0.0015,0.0019,0.0039,0.0077,0.0124,0.013,0.0074,21.2,0.02,0
2025-12-21 17:01:06,0,0,29,0,1,5302,88.3667,143,2.38333,304,5.06667,31.67,0,0,0,0,0,0,0,0,211,139,3e-04,0.001,0.0012,0.0025,0.0049,0.0079,0.0083,0.0048,13.55,0.01,0
2025-12-21 17:02:06,0,0,28.75,0,1,6621,110.35,185,3.08333,319,5.31667,8.39,0,0,0,0,0,0,0,0,208,154,1e-04,2e-04,2e-04,7e-04,0.0013,0.0022,0.0023,0.0015,2.95,0,0
2025-12-21 17:03:06,0,0,28.75,0,1,444,7.4,0,0,27,0.45,3.17,0,0,0,0,0,0,0,0,205,141,0,1e-04,0,2e-04,5e-04,9e-04,0.001,7e-04,0.66,0,0
2025-12-21 17:04:06,0,0,28.75,0,1,3323,55.3833,49,0.816667,227,3.78333,28.75,0,0,0,0,0,0,0,0,173,121,3e-04,9e-04,0.0012,0.0024,0.0044,0.0071,0.0075,0.0043,12.92,0.01,0
2025-12-21 17:05:06,0,0,28.75,0,1,4271,71.1833,86,1.43333,254,4.23333,27.32,0,0,0,0,0,0,0,0,194,118,3e-04,8e-04,0.0011,0.0022,0.0042,0.0068,0.0071,0.0042,11.96,0.01,0
2025-12-21 17:06:06,0,0,28.44,0,1,3281,54.6833,87,1.45,160,2.66667,4.79,0,0,0,0,0,0,0,0,239,163,0,2e-04,1e-04,4e-04,8e-04,0.0011,0.0013,9e-04,1.97,0,0
2025-12-21 17:07:06,0,0,28.62,0,1,3165,52.75,66,1.1,188,3.13333,5.97,0,0,0,0,0,0,0,0,201,120,0,1e-04,1e-04,5e-04,9e-04,0.0015,0.0017,0.0011,1.86,0,0
2025-12-21 17:08:06,0,0,27.94,0,16,1758,29.3,46,0.766667,108,1.8,18.99,0,0,0,0,0,0,0,0,237,179,2e-04,5e-04,6e-04,0.0015,0.0029,0.0049,0.0052,0.0032,7.23,0.01,0
2025-12-21 17:09:06,0,0,28,0,16,1522,25.3667,24,0.4,106,1.76667,17.27,0,0,0,0,0,0,0,0,222,148,2e-04,5e-04,5e-04,0.0013,0.0027,0.0044,0.0047,0.0029,6.3,0.01,0
2025-12-21 17:10:06,0,0,28,0,1,1652,27.5333,48,0.8,75,1.25,4.89,0,0,0,0,0,0,0,0,179,134,0,1e-04,1e-04,3e-04,8e-04,0.0013,0.0014,0.001,1.25,0,0
2025-12-21 17:11:06,0,0,28.06,0,1,3676,61.2667,53,0.883333,261,4.35,6.98,0,0,0,0,0,0,0,0,219,157,1e-04,1e-04,2e-04,5e-04,0.0011,0.0019,0.002,0.0013,1.84,0,0
2025-12-21 17:12:06,0,0,28.31,0,1,3723,62.05,89,1.48333,215,3.58333,9.34,0,0,0,0,0,0,0,0,213,135,1e-04,3e-04,3e-04,8e-04,0.0015,0.0025,0.0027,0.0019,3.16,0,0
2025-12-21 17:13:06,0,0,28.06,0,4,170,2.83333,0,0,7,0.116667,11.73,0,0,0,0,0.01,0,0,0,232,166,4e-04,6e-04,6e-04,0.0012,0.002,0.0034,0.0037,0.0033,3.86,0.01,0
2025-12-21 17:14:06,0,0,28.19,0,1,2877,47.95,55,0.916667,197,3.28333,9.94,0,0,0,0,0.01,0,0,0,223,159,2e-04,5e-04,5e-04,0.001,0.0017,0.0027,0.0029,0.0025,3.49,0.01,0
2025-12-21 17:15:06,0,0,28.25,0,1,2108,35.1333,56,0.933333,120,2,16.85,0,0,0,0,0.01,0,0,0,187,131,5e-04,8e-04,9e-04,0.0017,0.0029,0.0046,0.005,0.0041,6.35,0.01,0
2025-12-21 17:16:06,0,0,28,0,1,599,9.98333,5,0.0833333,36,0.6,11.64,0,0,0,0,0.02,0,0,0,197,151,6e-04,0.001,9e-04,0.0016,0.0022,0.0035,0.0038,0.004,4.79,0.01,0
2025-12-21 17:17:06,0,0,28.25,0,1,785,13.0833,0,0,52,0.866667,13.98,0,0,0,0,0.02,0,0,0,203,123,7e-04,0.001,0.001,0.0018,0.0024,0.0042,0.0051,0.0054,5.58,0.02,0
2025-12-21 17:18:06,0,0,28.38,0,1,1518,25.3,30,0.5,107,1.78333,13.33,0,0,0,0,0.02,0,0,0,183,128,6e-04,9e-04,9e-04,0.0017,0.0023,0.0038,0.0047,0.0049,5.6,0.01,0
2025-12-21 17:19:06,0,0,28.5,0,1,6114,101.9,178,2.96667,310,5.16667,21.8,0,0,0,0,0.01,0,0,0,235,162,5e-04,9e-04,0.0011,0.0022,0.0035,0.0055,0.0064,0.0051,9.96,0.01,0
2025-12-21 17:20:06,0,0,28.81,0,8,8683,144.717,295,4.91667,412,6.86667,54.67,0,0,0,0,0,0,0,0,234,162,6e-04,0.0014,0.0018,0.0043,0.0084,0.0138,0.015,0.0089,21.22,0.02,0
2025-12-21 17:21:06,0,0,28.69,0,1,6281,104.683,146,2.43333,357,5.95,13.52,0,0,0,0,0.01,0,0,0,217,153,4e-04,6e-04,7e-04,0.0014,0.0023,0.0037,0.0044,0.0039,5.04,0.01,0
2025-12-21 17:22:06,0,0,28.88,0,16,5892,98.2,131,2.18333,399,6.65,45.68,0,0,0,0,0,0,0,0,174,125,6e-04,0.0013,0.0014,0.0036,0.0071,0.0114,0.0128,0.0082,17.32,0.02,0
2025-12-21 17:23:06,0,0,28.81,0,16,3552,59.2,77,1.28333,232,3.86667,37.31,0,0,0,0,0,0,0,0,199,128,5e-04,0.001,0.0012,0.003,0.0058,0.0093,0.0104,0.0067,14.32,0.02,0
2025-12-21 17:24:06,0,0,28.88,0,16,3852,64.2,96,1.6,227,3.78333,43.89,0,0,0,0,0,0,0,0,181,131,6e-04,0.0012,0.0014,0.0035,0.0068,0.011,0.0122,0.0079,16.88,0.02,0
2025-12-21 17:25:06,0,0,29,0,1,1529,25.4833,28,0.466667,129,2.15,17.98,0,0,0,0,0,0,0,0,148,122,2e-04,5e-04,5e-04,0.0014,0.0028,0.0045,0.0051,0.0033,6.42,0.01,0
2025-12-21 17:26:06,0,0,29,0,1,3044,50.7333,78,1.3,175,2.91667,16.93,0,0,0,0,0,0,0,0,166,134,2e-04,5e-04,5e-04,0.0013,0.0027,0.0042,0.0047,0.0031,6.33,0.01,0
2025-12-21 17:27:06,0,0,29.12,0,1,3507,58.45,49,0.816667,266,4.43333,27.52,0,0,0,0,0.01,0,0,0,195,128,6e-04,0.001,0.0012,0.0026,0.0044,0.0071,0.0082,0.0064,11.01,0.02,0
2025-12-21 17:28:06,0,0,29,0,1,3373,56.2167,60,1,210,3.5,13.1,0,0,0,0,0.02,0,0,0,222,167,6e-04,9e-04,0.001,0.0017,0.0024,0.0039,0.0048,0.0048,4.94,0.02,0
2025-12-21 17:29:06,0,0,29.06,0,1,3420,57,44,0.733333,259,4.31667,10.7,0,0,0,0,0.01,0,0,0,178,115,4e-04,7e-04,7e-04,0.0013,0.0019,0.003,0.0037,0.0038,4.21,0.01,0
2025-12-21 17:30:06,0,0,28.81,0,1,4096,68.2667,93,1.55,245,4.08333,31.6,0,0,0,0,0.01,0,0,0,218,158,7e-04,0.0016,0.0017,0.0034,0.0051,0.0077,0.0089,0.0072,16.17,0.02,0
2025-12-21 17:31:06,0,0,28.69,0,1,2617,43.6167,52,0.866667,174,2.9,21.21,0,0,0,0,0.01,0,0,0,171,133,4e-04,0.001,0.0011,0.0023,0.0034,0.0051,0.0057,0.0046,10.82,0.01,0
2025-12-21 17:32:06,0,0,28.94,0,32,2585,43.0833,62,1.03333,147,2.45,11.57,0,0,0,0,0.01,0,0,0,180,118,3e-04,6e-04,6e-04,0.0013,0.0019,0.0029,0.0034,0.0029,5.48,0.01,0
2025-12-21 17:33:06,0,0,28.94,0,1,2360,39.3333,45,0.75,135,2.25,18.78,0,0,0,0,0.01,0,0,0,222,137,5e-04,0.001,0.0011,0.0021,0.0031,0.0049,0.0059,0.0052,8.73,0.01,0
2025-12-21 17:34:06,0,0,29,0,4,2256,37.6,37,0.616667,187,3.11667,13.06,0,0,0,0,0.02,0,0,0,158,148,5e-04,9e-04,9e-04,0.0017,0.0023,0.0037,0.0045,0.0044,5.6,0.01,0
2025-12-21 17:35:06,0,0,29.19,0,1,2114,35.2333,10,0.166667,187,3.11667,11.82,0,0,0,0,0.01,0,0,0,177,119,4e-04,8e-04,7e-04,0.0014,0.0021,0.0033,0.004,0.0039,4.7,0.01,0
2025-12-21 17:36:06,0,0,29.31,0,1,1174,19.5667,7,0.116667,93,1.55,8.31,0,0,0,0,0.01,0,0,0,180,107,4e-04,6e-04,6e-04,0.0011,0.0015,0.0024,0.003,0.0033,3.4,0.01,0
2025-12-21 17:37:06,0,0,29.19,0,1,1689,28.15,22,0.366667,131,2.18333,11.15,0,0,0,0,0.02,0,0,0,187,110,5e-04,8e-04,8e-04,0.0014,0.002,0.0032,0.0039,0.0041,4.81,0.01,0
2025-12-21 17:38:06,0,0,28.94,0,1,1829,30.4833,11,0.183333,119,1.98333,15.53,0,0,0,0,0.02,0,0,0,194,115,5e-04,9e-04,0.001,0.0018,0.0026,0.0042,0.0053,0.0051,6.82,0.01,0
2025-12-21 17:39:06,0,0,29.06,0,1,3838,63.9667,59,0.983333,307,5.11667,20.46,0,0,0,0,0.02,0,0,0,192,135,6e-04,0.0011,0.0013,0.0024,0.0034,0.0055,0.0068,0.0062,8.99,0.02,0
2025-12-21 17:40:06,0,0,28.94,0,1,3208,53.4667,31,0.516667,259,4.31667,19.1,0,0,0,0,0.02,0,0,0,225,171,7e-04,0.0011,0.0013,0.0023,0.0033,0.0054,0.0066,0.0063,7.61,0.02,0
2025-12-21 17:41:06,0,0,29,0,1,1968,32.8,41,0.683333,135,2.25,14.68,0,0,0,0,0.02,0,0,0,221,143,6e-04,9e-04,0.001,0.0018,0.0026,0.0042,0.0053,0.0052,5.76,0.02,0
2025-12-21 17:42:06,0,0,29.19,0,32,2420,40.3333,45,0.75,180,3,9.14,0,0,0,0,0.01,0,0,0,188,123,4e-04,5e-04,7e-04,0.0011,0.0016,0.0026,0.0033,0.0032,3.73,0.01,0
2025-12-21 17:43:06,0,0,28.81,0,16,2410,40.1667,44,0.733333,195,3.25,18.63,0,0,0,0,0.02,0,0,0,192,162,7e-04,0.0011,0.0012,0.0022,0.0032,0.0052,0.0064,0.0061,7.62,0.02,0
2025-12-21 17:44:06,0,0,29.38,0,32,1504,25.0667,37,0.616667,88,1.46667,6.68,0,0,0,0,0.01,0,0,0,218,128,3e-04,4e-04,5e-04,9e-04,0.0012,0.0019,0.0022,0.0023,2.86,0.01,0
2025-12-21 17:45:06,0,0,29.75,0,32,137,2.28333,0,0,7,0.116667,0,0,0,0,0,0,0,0,0,215,119,0,0,0,0,0,0,0,0,0,0,0
2025-12-21 17:46:06,0,0,29.88,0,32,2466,41.1,57,0.95,191,3.18333,9.59,0,0,0,0,0.02,0,0,0,229,148,5e-04,7e-04,8e-04,0.0013,0.0018,0.0029,0.0034,0.0036,3.87,0.01,0
2025-12-21 17:47:06,0,0,30.31,0,32,67,1.11667,0,0,3,0.05,0,0,0,0,0,0,0,0,0,206,108,0,0,0,0,0,0,0,0,0,0,0
2025-12-21 17:48:06,0,0,30.44,0,8,3269,54.4833,93,1.55,177,2.95,14.74,0,0,0,0,0.01,0,0,0,224,159,4e-04,7e-04,9e-04,0.0016,0.0024,0.0039,0.0048,0.0043,6.31,0.01,0
2025-12-21 17:49:06,0,0,30.31,0,1,303,5.05,8,0.133333,12,0.2,11.88,0,0,0,0,0.02,0,0,0,202,138,5e-04,7e-04,8e-04,0.0015,0.0021,0.0035,0.0043,0.0047,4.59,0.01,0
2025-12-21 17:50:06,0,0,30.19,0,1,292,4.86667,5,0.0833333,22,0.366667,19.23,0,0,0,0,0.01,0,0,0,201,149,6e-04,9e-04,0.0011,0.0021,0.0031,0.0051,0.0064,0.0059,8.41,0.02,0
2025-12-21 17:51:06,0,0,29.81,0,16,2425,40.4167,71,1.18333,151,2.51667,24.57,0,0,0,0,0.01,0,0,0,192,148,4e-04,7e-04,0.0012,0.0023,0.0037,0.0061,0.0079,0.0064,10.82,0.01,0
2025-12-21 17:52:06,0,0,29.81,0,16,12,0.2,0,0,2,0.0333333,37.34,0,0,0,0,0.01,0,0,0,190,145,6e-04,0.0011,0.0018,0.0035,0.0057,0.0091,0.0116,0.009,17.09,0.02,0
2025-12-21 17:53:06,0,0,29.81,0,16,244,4.06667,4,0.0666667,9,0.15,37.71,0,0,0,0,0.01,0,0,0,192,146,6e-04,0.0012,0.0018,0.0035,0.0057,0.0092,0.0117,0.0091,17.24,0.02,0
2025-12-21 17:54:06,0,0,29.81,0,1,1732,28.8667,32,0.533333,115,1.91667,11.18,0,0,0,0,0.02,0,0,0,172,130,5e-04,8e-04,9e-04,0.0015,0.002,0.0034,0.0043,0.0046,3.93,0.01,0
2025-12-21 17:55:06,0,0,29.75,0,32,1470,24.5,36,0.6,101,1.68333,1.42,0,0,0,0,0,0,0,0,211,151,1e-04,1e-04,1e-04,2e-04,3e-04,5e-04,6e-04,7e-04,0.17,0,0
2025-12-21 17:56:06,0,0,29.81,0,1,3244,54.0667,67,1.11667,238,3.96667,14.82,0,0,0,0,0.01,0,0,0,181,146,4e-04,7e-04,8e-04,0.0016,0.0025,0.0038,0.0045,0.0039,6.65,0.01,0
2025-12-21 17:57:06,0,0,30,0,16,2526,42.1,36,0.6,203,3.38333,29.58,0,0,0,0,0.03,0,0,0,166,130,9e-04,0.0015,0.0018,0.0033,0.005,0.0077,0.0091,0.0081,13.55,0.02,0
2025-12-21 17:58:06,0,0,30.06,0,16,461,7.68333,2,0.0333333,34,0.566667,36.19,0,0,0,0,0.01,0,0,0,159,118,5e-04,0.0014,0.0018,0.0035,0.0057,0.0086,0.0099,0.0071,17.98,0.02,0
2025-12-21 17:59:06,0,0,29.81,0,16,2336,38.9333,36,0.6,171,2.85,31.58,0,0,0,0,0.02,0,0,0,198,136,7e-04,0.0014,0.0017,0.0033,0.005,0.0078,0.0094,0.0075,15.15,0.02,0
2025-12-21 18:00:06,0,0,29.94,0,16,801,13.35,1,0.0166667,72,1.2,32.49,0,0,0,0,0.01,0,0,0,171,124,6e-04,0.0011,0.0017,0.0032,0.0051,0.0081,0.0103,0.0084,14.47,0.02,0
2025-12-21 18:01:06,0,0,29.88,0,1,4138,68.9667,94,1.56667,279,4.65,23.13,0,0,0,0,0.04,0,0,0,214,154,0.0011,0.0016,0.0018,0.003,0.0041,0.0067,0.0082,0.0085,9.85,0.03,0
2025-12-21 18:02:06,0,0,29.81,0,1,1748,29.1333,20,0.333333,117,1.95,14.03,0,0,0,0,0.02,0,0,0,194,143,6e-04,9e-04,0.001,0.0018,0.0025,0.0041,0.0051,0.0051,5.15,0.02,0
2025-12-21 18:03:06,0,0,29.69,0,1,1696,28.2667,19,0.316667,136,2.26667,18.97,0,0,0,0,0.02,0,0,0,186,119,7e-04,0.0011,0.0012,0.0023,0.0032,0.0052,0.0065,0.0062,8.06,0.02,0
2025-12-21 18:04:06,0,0,29.5,0,8,289,4.81667,7,0.116667,15,0.25,10.79,0,0,0,0,0.01,0,0,0,218,172,2e-04,4e-04,5e-04,0.0011,0.0018,0.0028,0.0034,0.0029,4.2,0.01,0
2025-12-21 18:05:06,0,0,29.88,0,8,634,10.5667,10,0.166667,37,0.616667,9.02,0,0,0,0,0.01,0,0,0,165,124,3e-04,5e-04,6e-04,0.0012,0.0015,0.0024,0.0029,0.0028,4.27,0.01,0
2025-12-21 18:06:06,0,0,30,0,8,584,9.73333,14,0.233333,41,0.683333,5.85,0,0,0,0,0,0,0,0,211,167,1e-04,2e-04,3e-04,6e-04,0.001,0.0016,0.0019,0.0018,2,0,0
2025-12-21 18:07:06,0,0,29.94,0,8,509,8.48333,6,0.1,20,0.333333,12.57,0,0,0,0,0.01,0,0,0,207,141,4e-04,6e-04,8e-04,0.0015,0.0021,0.0033,0.0039,0.0036,5.56,0.01,0
2025-12-21 18:08:06,0,0,29.69,0,16,3548,59.1333,58,0.966667,254,4.23333,21.27,0,0,0,0,0.02,0,0,0,199,128,7e-04,0.0012,0.0014,0.0025,0.0036,0.0059,0.0072,0.0069,9.13,0.02,0
2025-12-21 18:09:06,0,0,29.81,0,2,2410,40.1667,45,0.75,145,2.41667,27.42,0,0,0,0,0.01,0,0,0,206,170,6e-04,0.001,0.0014,0.0027,0.0043,0.0069,0.0087,0.0073,11.94,0.02,0
2025-12-21 18:10:06,0,0,29.75,0,1,266,4.43333,0,0,15,0.25,20.68,0,0,0,0,0.02,0,0,0,210,169,8e-04,0.0011,0.0014,0.0024,0.0035,0.0058,0.0074,0.0072,8.21,0.02,0
2025-12-21 18:11:06,0,0,29.94,0,16,2659,44.3167,69,1.15,159,2.65,22.59,0,0,0,0,0.02,0,0,0,206,148,7e-04,0.0011,0.0014,0.0025,0.0037,0.0061,0.0076,0.007,9.42,0.02,0
2025-12-21 18:12:06,0,0,30.19,0,16,192,3.2,1,0.0166667,10,0.166667,25.31,0,0,0,0,0.02,0,0,0,187,134,7e-04,0.0012,0.0015,0.0027,0.0041,0.0067,0.0083,0.0073,11.29,0.02,0
2025-12-21 18:13:06,0,0,30.31,0,16,171,2.85,0,0,10,0.166667,28.55,0,0,0,0,0.02,0,0,0,186,152,8e-04,0.0013,0.0017,0.0031,0.0047,0.0076,0.0095,0.0085,12.37,0.02,0
2025-12-21 18:14:06,0,0,30.44,0,16,564,9.4,2,0.0333333,48,0.8,28.65,0,0,0,0,0.02,0,0,0,192,141,8e-04,0.0013,0.0017,0.0031,0.0047,0.0077,0.0095,0.0086,12.4,0.02,0
2025-12-21 18:15:06,0,0,30.56,0,16,530,8.83333,4,0.0666667,34,0.566667,30.76,0,0,0,0,0.03,0,0,0,184,113,9e-04,0.0015,0.0019,0.0034,0.0051,0.0083,0.0101,0.0091,13.16,0.03,0
2025-12-21 18:16:06,0,0,30.31,0,1,528,8.8,4,0.0666667,39,0.65,22.27,0,0,0,0,0.03,0,0,0,218,150,9e-04,0.0014,0.0016,0.0028,0.0039,0.0063,0.0077,0.0076,9.67,0.02,0
2025-12-21 18:17:06,0,0,30.12,0,1,544,9.06667,6,0.1,57,0.95,18.91,0,0,0,0,0.03,0,0,0,205,150,8e-04,0.0012,0.0014,0.0024,0.0033,0.0053,0.0063,0.0062,8.42,0.02,0
2025-12-21 18:18:06,0,0,30.62,0,1,701,11.6833,10,0.166667,46,0.766667,23.46,0,0,0,0,0.02,0,0,0,168,110,7e-04,0.0012,0.0015,0.0026,0.0039,0.0063,0.0077,0.007,10.1,0.02,0
2025-12-21 18:19:06,0,0,30.88,0,1,20,0.333333,0,0,1,0.0166667,24.5,0,0,0,0,0.03,0,0,0,160,104,8e-04,0.0013,0.0016,0.0028,0.0041,0.0066,0.0081,0.0074,10.6,0.02,0
2025-12-21 18:20:06,0,0,31,0,1,17,0.283333,0,0,0,0,23.38,0,0,0,0,0.03,0,0,0,158,104,8e-04,0.0013,0.0015,0.0027,0.0039,0.0064,0.0079,0.0073,10.03,0.02,0
2025-12-21 18:21:06,0,0,30.81,0,1,486,8.1,2,0.0333333,32,0.533333,22.11,0,0,0,0,0.03,0,0,0,187,129,7e-04,0.0012,0.0015,0.0026,0.0038,0.0061,0.0074,0.007,9.18,0.02,0
2025-12-21 18:22:06,0,0,30.81,0,1,18,0.3,0,0,1,0.0166667,21.34,0,0,0,0,0.03,0,0,0,198,143,8e-04,0.0013,0.0015,0.0027,0.0038,0.0061,0.0072,0.0069,8.64,0.02,0
2025-12-21 18:23:06,0,0,30.88,0,8,6116,101.933,192,3.2,353,5.88333,21.94,0,0,0,0,0.02,0,0,0,182,117,7e-04,0.0013,0.0013,0.0025,0.0037,0.0057,0.0068,0.0061,10.39,0.02,0
2025-12-21 18:24:06,0,0,30.75,0,16,1929,32.15,32,0.533333,127,2.11667,36.1,0,0,0,0,0.02,0,0,0,207,148,8e-04,0.0016,0.0019,0.0037,0.0058,0.009,0.0106,0.0085,17.17,0.02,0
2025-12-21 18:25:06,0,0,30.69,0,16,803,13.3833,10,0.166667,50,0.833333,36.44,0,0,0,0,0.02,0,0,0,207,150,7e-04,0.0016,0.0019,0.0037,0.0059,0.009,0.0104,0.0082,17.66,0.02,0
2025-12-21 18:26:06,0,0,30.69,0,1,3132,52.2,66,1.1,184,3.06667,30.79,0,0,0,0,0.01,0,0,0,193,158,7e-04,0.0015,0.0017,0.0033,0.005,0.0075,0.0087,0.007,15.49,0.02,0
2025-12-21 18:27:06,0,0,31,0,16,1042,17.3667,11,0.183333,70,1.16667,33.95,0,0,0,0,0.01,0,0,0,164,126,7e-04,0.0013,0.0018,0.0034,0.0054,0.0084,0.0102,0.0082,15.88,0.02,0
2025-12-21 18:28:06,0,0,30.88,0,16,1798,29.9667,18,0.3,107,1.78333,35.88,0,0,0,0,0.02,0,0,0,192,151,8e-04,0.0016,0.0019,0.0037,0.0058,0.0089,0.0105,0.0085,17.18,0.02,0
2025-12-21 18:29:06,0,0,30.94,0,16,1249,20.8167,22,0.366667,82,1.36667,31.36,0,0,0,0,0.01,0,0,0,196,130,6e-04,0.0014,0.0017,0.0032,0.005,0.0077,0.0091,0.0072,15.18,0.02,0
2025-12-21 18:30:06,0,0,30.94,0,1,286,4.76667,0,0,26,0.433333,18.18,0,0,0,0,0.03,0,0,0,172,125,7e-04,0.0013,0.0013,0.0023,0.0032,0.0051,0.006,0.0058,8.14,0.02,0
2025-12-21 18:31:06,0,0,30.88,0,1,826,13.7667,14,0.233333,47,0.783333,16.87,0,0,0,0,0.03,0,0,0,162,124,7e-04,0.0013,0.0012,0.0022,0.003,0.0048,0.0057,0.0056,7.64,0.02,0
2025-12-21 18:32:06,0,0,30.81,0,16,2040,34,39,0.65,121,2.01667,33.39,0,0,0,0,0.02,0,0,0,196,132,8e-04,0.0015,0.0019,0.0035,0.0054,0.0084,0.01,0.0083,15.77,0.02,0
2025-12-21 18:33:06,0,0,30.62,0,16,1448,24.1333,24,0.4,88,1.46667,33.48,0,0,0,0,0.02,0,0,0,210,154,9e-04,0.0016,0.002,0.0037,0.0055,0.0086,0.0104,0.0089,15.37,0.03,0
2025-12-21 18:34:06,0,0,30.69,0,16,1337,22.2833,28,0.466667,83,1.38333,35.13,0,0,0,0,0.02,0,0,0,204,120,8e-04,0.0016,0.002,0.0037,0.0057,0.0088,0.0104,0.0084,16.61,0.02,0
2025-12-21 18:35:06,0,0,30.62,0,32,801,13.35,9,0.15,58,0.966667,5.39,0,0,0,0,0.01,0,0,0,180,129,2e-04,4e-04,3e-04,7e-04,9e-04,0.0014,0.0017,0.0017,2.34,0.01,0
2025-12-21 18:36:06,0,0,30.56,0,1,426,7.1,2,0.0333333,16,0.266667,11.05,0,0,0,0,0.03,0,0,0,179,110,8e-04,0.0011,0.0011,0.0018,0.0021,0.0037,0.0045,0.0054,4.28,0.02,0
2025-12-21 18:37:06,0,0,30.5,0,1,2114,35.2333,37,0.616667,145,2.41667,21.09,0,0,0,0,0.02,0,0,0,220,154,7e-04,0.0012,0.0014,0.0025,0.0036,0.0058,0.007,0.0067,9.24,0.02,0
2025-12-21 18:38:06,0,0,30.44,0,1,7467,124.45,204,3.4,428,7.13333,10.1,0,0,0,0,0.01,0,0,0,216,150,2e-04,5e-04,5e-04,0.0011,0.0017,0.0025,0.0028,0.0023,4.78,0.01,0
2025-12-21 18:39:06,0,0,30.5,0,1,8700,145,314,5.23333,388,6.46667,72.8,0,0,0,0,0,0,0,0,218,166,9e-04,0.0021,0.0026,0.006,0.0111,0.0182,0.0201,0.0122,30.44,0.03,0
2025-12-21 18:40:06,0,0,30.5,0,1,6021,100.35,159,2.65,345,5.75,17.43,0,0,0,0,0.01,0,0,0,223,158,4e-04,7e-04,9e-04,0.0018,0.0028,0.0044,0.0056,0.0049,7.59,0.01,0
2025-12-21 18:41:06,0,0,30.19,0,2,3188,53.1333,87,1.45,188,3.13333,11.15,0,0,0,0,0,0,0,0,196,148,2e-04,3e-04,5e-04,0.0011,0.0017,0.0028,0.0036,0.0032,4.45,0.01,0
2025-12-21 18:42:06,0,0,29.81,0,2,1567,26.1167,31,0.516667,83,1.38333,13.32,0,0,0,0,0,0,0,0,198,148,2e-04,4e-04,6e-04,0.0013,0.0021,0.0033,0.0043,0.0039,5.33,0.01,0
2025-12-21 18:43:06,0,0,30,0,16,1436,23.9333,24,0.4,76,1.26667,28.23,0,0,0,0,0.01,0,0,0,199,148,6e-04,0.0012,0.0015,0.003,0.0045,0.0071,0.0087,0.0074,13.14,0.02,0
2025-12-21 18:44:06,0,0,29.94,0,1,2927,48.7833,94,1.56667,153,2.55,32.63,0,0,0,0,0.01,0,0,0,199,138,6e-04,0.0015,0.0017,0.0034,0.0051,0.0078,0.0092,0.0072,16.88,0.02,0
2025-12-21 18:45:06,0,0,29.5,0,1,4623,77.05,111,1.85,277,4.61667,27.51,0,0,0,0,0.01,0,0,0,240,182,5e-04,0.0011,0.0015,0.0028,0.0043,0.0068,0.0084,0.0068,13.15,0.02,0
2025-12-21 18:46:06,0,0,29.69,0,16,2382,39.7,82,1.36667,117,1.95,42.04,0,0,0,0,0.01,0,0,0,192,151,7e-04,0.0016,0.0021,0.0041,0.0065,0.0099,0.0115,0.0084,21.22,0.02,0
2025-12-21 18:47:06,0,0,29.69,0,16,457,7.61667,18,0.3,10,0.166667,41.77,0,0,0,0,0.01,0,0,0,211,151,7e-04,0.0016,0.0021,0.0041,0.0065,0.01,0.0118,0.0089,20.56,0.02,0
2025-12-21 18:48:06,0,0,30.12,0,1,669,11.15,27,0.45,19,0.316667,25.17,0,0,0,0,0.02,0,0,0,178,134,7e-04,0.0012,0.0015,0.0028,0.0041,0.0067,0.0082,0.0073,11.19,0.02,0
2025-12-21 18:49:06,0,0,29.81,0,8,3536,58.9333,102,1.7,191,3.18333,28.7,0,0,0,0,0.01,0,0,0,225,160,6e-04,0.0014,0.0016,0.0031,0.0046,0.0069,0.0078,0.0061,15.01,0.02,0
2025-12-21 18:50:06,0,0,29.88,0,1,5578,92.9667,131,2.18333,363,6.05,20.1,0,0,0,0,0,0,0,0,194,140,3e-04,6e-04,7e-04,0.0018,0.003,0.0051,0.006,0.004,7.98,0.01,0
2025-12-21 18:51:06,0,0,29.88,0,1,427,7.11667,0,0,29,0.483333,10.63,0,0,0,0,0.01,0,0,0,187,136,4e-04,6e-04,7e-04,0.0012,0.0018,0.003,0.0038,0.0038,3.93,0.01,0
2025-12-21 18:52:06,0,0,29.75,0,1,590,9.83333,2,0.0333333,49,0.816667,9.16,0,0,0,0,0.01,0,0,0,171,131,4e-04,6e-04,6e-04,0.0011,0.0016,0.0026,0.0032,0.0033,3.66,0.01,0
2025-12-21 18:53:06,0,0,29.88,0,1,0,0,0,0,0,0,7.38,0,0,0,0,0.01,0,0,0,153,128,3e-04,5e-04,5e-04,0.001,0.0014,0.0022,0.0025,0.0027,2.8,0.01,0
2025-12-21 18:54:06,0,0,30.06,0,32,0,0,0,0,0,0,6.37,0,0,0,0,0.01,0,0,0,148,118,3e-04,5e-04,5e-04,9e-04,0.0012,0.0019,0.0022,0.0025,2.23,0.01,0
2025-12-21 18:55:06,0,0,30.25,0,32,4,0.0666667,0,0,0,0,5.98,0,0,0,0,0.01,0,0,0,146,119,3e-04,5e-04,4e-04,8e-04,0.0011,0.0018,0.0021,0.0023,2.22,0.01,0
2025-12-21 18:56:06,0,0,30.38,0,32,4,0.0666667,0,0,0,0,6.02,0,0,0,0,0.01,0,0,0,145,136,3e-04,5e-04,5e-04,9e-04,0.0011,0.0018,0.0021,0.0024,2.07,0.01,0
2025-12-21 18:57:06,0,0,30.62,0,32,175,2.91667,0,0,16,0.266667,5.41,0,0,0,0,0.01,0,0,0,156,130,3e-04,5e-04,4e-04,8e-04,0.0011,0.0016,0.0019,0.0022,2.01,0.01,0
2025-12-21 18:58:06,0,0,30.56,0,32,55,0.916667,0,0,3,0.05,5.71,0,0,0,0,0.01,0,0,0,163,148,3e-04,5e-04,5e-04,8e-04,0.0011,0.0017,0.0019,0.0022,2.19,0.01,0
2025-12-21 18:59:06,0,0,30.56,0,1,4751,79.1833,111,1.85,279,4.65,11.48,0,0,0,0,0.01,0,0,0,230,164,2e-04,5e-04,6e-04,0.0012,0.0018,0.0029,0.0034,0.0029,5.21,0.01,0
2025-12-21 19:00:06,0,0,30.75,0,1,6562,109.367,189,3.15,361,6.01667,20.45,0,0,0,0,0,0,0,0,202,140,2e-04,5e-04,8e-04,0.0017,0.0031,0.005,0.0065,0.0051,8.33,0.01,0
2025-12-21 19:01:06,0,0,30.81,0,1,5634,93.9,133,2.21667,395,6.58333,17.4,0,0,0,0,0,0,0,0,224,160,2e-04,4e-04,7e-04,0.0015,0.0026,0.0043,0.0056,0.0045,7.24,0.01,0
2025-12-21 19:02:06,0,0,30.81,0,1,9040,150.667,294,4.9,561,9.35,11.45,0,0,0,0,0,0,0,0,195,142,1e-04,2e-04,5e-04,0.0011,0.0017,0.0028,0.0037,0.0032,4.72,0.01,0
2025-12-21 19:03:06,0,0,30.69,0,8,12431,207.183,414,6.9,623,10.3833,17.95,0,0,0,0,0,0,0,0,213,164,2e-04,5e-04,6e-04,0.0013,0.0029,0.0044,0.0048,0.0033,6.92,0.01,0
2025-12-21 19:04:06,0,0,30.69,0,1,8931,148.85,273,4.55,484,8.06667,9.02,0,0,0,0,0,0,0,0,181,128,1e-04,2e-04,3e-04,6e-04,0.0014,0.0025,0.0025,0.0015,2.71,0,0
2025-12-21 19:05:06,0,0,30.06,0,1,8554,142.567,211,3.51667,501,8.35,5.24,0,0,0,0,0,0,0,0,219,158,1e-04,1e-04,1e-04,2e-04,8e-04,0.0018,0.0014,8e-04,0.8,0,0
2025-12-21 19:06:06,0,0,28.44,0,1,6002,100.033,129,2.15,331,5.51667,1.92,0,0,0,0,0,0,0,0,224,172,0,0,0,1e-04,3e-04,7e-04,4e-04,2e-04,0.11,0,0
2025-12-21 19:07:06,0,0,26.62,0,1,7796,129.933,197,3.28333,385,6.41667,0.41,0,0,0,0,0,0,0,0,182,116,0,0,0,0,1e-04,1e-04,1e-04,0,0.11,0,0
2025-12-21 19:08:06,0,0,26.44,0,1,9845,164.083,300,5,494,8.23333,0.04,0,0,0,0,0,0,0,0,202,147,0,0,0,0,0,0,0,0,0,0,0
2025-12-21 19:09:06,0,0,25.62,0,1,3998,66.6333,35,0.583333,290,4.83333,0.51,0,0,0,0,0,0,0,0,226,170,0,0,0,0,1e-04,2e-04,1e-04,1e-04,0,0,0
2025-12-21 19:10:06,0,0,25.12,0,1,4904,81.7333,113,1.88333,313,5.21667,0.13,0,0,0,0,0,0,0,0,211,153,0,0,0,0,0,1e-04,0,0,0,0,0
2025-12-21 19:11:06,0,0,24.94,0,1,6672,111.2,148,2.46667,466,7.76667,0,0,0,0,0,0,0,0,0,189,122,0,0,0,0,0,0,0,0,0,0,0
2025-12-21 19:12:06,0,0,25.06,0,1,7588,126.467,174,2.9,427,7.11667,0,0,0,0,0,0,0,0,0,230,169,0,0,0,0,0,0,0,0,0,0,0
2025-12-21 19:13:06,0,0,25.19,0,1,6195,103.25,141,2.35,317,5.28333,0,0,0,0,0,0,0,0,0,215,150,0,0,0,0,0,0,0,0,0,0,0
2025-12-21 19:14:06,0,0,25.25,0,8,7699,128.317,240,4,362,6.03333,0.22,0,0,0,0,0,0,0,0,202,153,0,0,0,0,0,1e-04,0,0,0,0,0
2025-12-21 19:15:06,0,0,24.25,0,1,10081,168.017,321,5.35,379,6.31667,0.73,0,0,0,0,0,0,0,0,203,139,0,0,0,0,1e-04,3e-04,2e-04,1e-04,0,0,0
2025-12-21 19:16:06,0,0,23.12,0,16,8294,138.233,183,3.05,390,6.5,2.6,0,0,0,0,0,0,0,0,224,156,0,0,1e-04,2e-04,4e-04,7e-04,9e-04,6e-04,0.74,0,0
2025-12-21 19:17:06,0,0,23.31,0,1,11811,196.85,387,6.45,548,9.13333,8.76,0,0,0,0,0,0,0,0,219,156,1e-04,2e-04,3e-04,6e-04,0.0014,0.0022,0.0023,0.0014,3.19,0,0
2025-12-21 19:18:06,0,0,23.5,0,8,9404,156.733,304,5.06667,476,7.93333,11.87,0,0,0,0,0,0,0,0,211,152,1e-04,3e-04,5e-04,0.0011,0.0018,0.0028,0.0034,0.0026,5.19,0.01,0
2025-12-21 19:19:06,0,0,24,0,1,2920,48.6667,56,0.933333,149,2.48333,8.91,0,0,0,0,0,0,0,0,207,155,1e-04,3e-04,4e-04,8e-04,0.0014,0.0021,0.0025,0.002,4.14,0,0
2025-12-21 19:20:06,0,0,24.44,0,16,1063,17.7167,16,0.266667,56,0.933333,22.96,0,0,0,0,0,0,0,0,223,148,3e-04,6e-04,0.001,0.002,0.0035,0.0056,0.007,0.0052,9.98,0.01,0
2025-12-21 19:21:06,0,0,24.75,0,16,1755,29.25,42,0.7,103,1.71667,38.39,0,0,0,0,0,0,0,0,219,136,5e-04,0.001,0.0017,0.0034,0.0057,0.0092,0.0118,0.0086,17.46,0.02,0
2025-12-21 19:22:06,0,0,25.12,0,16,2502,41.7,73,1.21667,59,0.983333,41.77,0,0,0,0,0,0,0,0,207,120,5e-04,0.001,0.0019,0.0037,0.0062,0.01,0.0128,0.0094,19.01,0.02,0
2025-12-21 19:23:06,0,0,24.44,0,16,810,13.5,6,0.1,54,0.9,49.92,0,0,0,0,0,0,0,0,237,179,6e-04,0.0013,0.0023,0.0045,0.0074,0.012,0.0153,0.0112,22.92,0.02,0
2025-12-21 19:24:06,0,0,25.44,0,16,765,12.75,9,0.15,60,1,42.8,0,0,0,0,0,0,0,0,204,151,5e-04,0.0011,0.0019,0.0038,0.0064,0.0103,0.0131,0.0096,19.5,0.02,0
2025-12-21 19:25:06,0,0,25.19,0,16,536,8.93333,4,0.0666667,36,0.6,37.84,0,0,0,0,0,0,0,0,220,172,5e-04,9e-04,0.0017,0.0034,0.0057,0.0091,0.0116,0.0085,17.14,0.02,0
2025-12-21 19:26:06,0,0,25.81,0,16,842,14.0333,15,0.25,64,1.06667,34.54,0,0,0,0,0,0,0,0,233,162,4e-04,9e-04,0.0016,0.0031,0.0052,0.0083,0.0106,0.0077,16.05,0.02,0
2025-12-21 19:27:06,0,0,26.69,0,2,985,16.4167,22,0.366667,57,0.95,12.09,0,0,0,0,0,0,0,0,199,153,1e-04,3e-04,5e-04,0.0011,0.0018,0.0029,0.0037,0.0028,5.35,0.01,0
2025-12-21 19:28:06,0,0,27.19,0,2,2440,40.6667,45,0.75,159,2.65,15.49,0,0,0,0,0,0,0,0,200,134,2e-04,4e-04,6e-04,0.0012,0.0024,0.0038,0.0047,0.0035,5.98,0.01,0
2025-12-21 19:29:06,0,0,27.19,0,16,2102,35.0333,31,0.516667,153,2.55,27.58,0,0,0,0,0,0,0,0,192,130,3e-04,9e-04,0.0012,0.0025,0.0042,0.0065,0.0078,0.0056,13.09,0.01,0
2025-12-21 19:30:06,0,0,27.25,0,16,481,8.01667,1,0.0166667,35,0.583333,32.92,0,0,0,0,0,0,0,0,206,136,4e-04,0.001,0.0014,0.0029,0.005,0.0079,0.0094,0.0068,15.33,0.01,0
2025-12-21 19:31:06,0,0,27.94,0,16,260,4.33333,0,0,17,0.283333,33.05,0,0,0,0,0,0,0,0,183,125,4e-04,0.001,0.0015,0.003,0.005,0.0078,0.0094,0.0068,15.72,0.01,0
2025-12-21 19:32:06,0,0,28.44,0,16,1402,23.3667,47,0.783333,74,1.23333,31.04,0,0,0,0,0,0,0,0,167,118,4e-04,8e-04,0.0013,0.0028,0.0047,0.0074,0.0093,0.0069,14.16,0.01,0
2025-12-21 19:33:06,0,0,28.69,0,16,1801,30.0167,34,0.566667,137,2.28333,34.7,0,0,0,0,0,0,0,0,211,150,4e-04,0.001,0.0015,0.0031,0.0052,0.0083,0.0102,0.0075,16.09,0.02,0
2025-12-21 19:34:06,0,0,29.31,0,1,2239,37.3167,36,0.6,153,2.55,18.53,0,0,0,0,0,0,0,0,206,150,2e-04,6e-04,8e-04,0.0017,0.0028,0.0044,0.0052,0.0038,8.86,0.01,0
2025-12-21 19:35:06,0,0,29.81,0,1,192,3.2,4,0.0666667,11,0.183333,5.66,0,0,0,0,0,0,0,0,195,138,0,2e-04,2e-04,5e-04,9e-04,0.0014,0.0017,0.0014,2.18,0,0
2025-12-21 19:36:06,0,0,29.62,0,1,916,15.2667,7,0.116667,56,0.933333,25.26,0,0,0,0,0,0,0,0,220,160,3e-04,9e-04,0.0011,0.0024,0.0039,0.0058,0.0067,0.0047,12.81,0.01,0
2025-12-21 19:37:06,0,0,29.75,0,16,1027,17.1167,9,0.15,78,1.3,29.2,0,0,0,0,0,0,0,0,193,120,3e-04,8e-04,0.0013,0.0026,0.0044,0.007,0.0086,0.0064,13.69,0.01,0
2025-12-21 19:38:06,0,0,29.62,0,16,1743,29.05,13,0.216667,124,2.06667,27.28,0,0,0,0,0,0,0,0,206,151,3e-04,8e-04,0.0012,0.0025,0.0041,0.0065,0.008,0.0059,12.68,0.01,0
2025-12-21 19:39:06,0,0,29.75,0,16,54,0.9,0,0,4,0.0666667,30.47,0,0,0,0,0,0,0,0,168,118,3e-04,9e-04,0.0014,0.0028,0.0046,0.0072,0.0087,0.0064,14.6,0.01,0
2025-12-21 19:40:06,0,0,29.94,0,16,213,3.55,0,0,19,0.316667,32.79,0,0,0,0,0,0,0,0,166,111,4e-04,0.001,0.0015,0.003,0.005,0.0077,0.0092,0.0066,16.02,0.01,0
2025-12-21 19:41:06,0,0,30.25,0,16,314,5.23333,0,0,27,0.45,27.2,0,0,0,0,0,0,0,0,172,118,3e-04,8e-04,0.0012,0.0025,0.0041,0.0065,0.0079,0.0058,12.81,0.01,0
2025-12-21 19:42:06,0,0,30.56,0,16,0,0,0,0,0,0,27.29,0,0,0,0,0,0,0,0,167,116,3e-04,8e-04,0.0012,0.0025,0.0041,0.0065,0.0078,0.0057,12.86,0.01,0
2025-12-21 19:43:06,0,0,30.38,0,16,433,7.21667,7,0.116667,28,0.466667,28.4,0,0,0,0,0,0,0,0,218,158,3e-04,8e-04,0.0012,0.0026,0.0043,0.0068,0.0083,0.0062,13.27,0.01,0
2025-12-21 19:44:06,0,0,30.19,0,1,989,16.4833,34,0.566667,45,0.75,22.57,0,0,0,0,0,0,0,0,194,138,3e-04,5e-04,0.001,0.002,0.0034,0.0055,0.0072,0.0057,9.61,0.01,0
2025-12-21 19:45:06,0,0,30.12,0,1,12,0.2,0,0,0,0,18.03,0,0,0,0,0,0,0,0,198,140,2e-04,4e-04,7e-04,0.0016,0.0027,0.0044,0.0059,0.0049,7.46,0.01,0
2025-12-21 19:46:06,0,0,30.06,0,1,0,0,0,0,0,0,18.89,0,0,0,0,0,0,0,0,198,136,2e-04,4e-04,8e-04,0.0016,0.0028,0.0046,0.0061,0.005,7.78,0.01,0
2025-12-21 19:47:06,0,0,30.06,0,1,487,8.11667,15,0.25,30,0.5,20.11,0,0,0,0,0,0,0,0,209,150,2e-04,5e-04,8e-04,0.0018,0.003,0.0049,0.0064,0.0052,8.49,0.01,0
2025-12-21 19:48:06,0,0,30.25,0,1,952,15.8667,4,0.0666667,88,1.46667,12.82,0,0,0,0,0,0,0,0,177,120,1e-04,3e-04,5e-04,0.0011,0.0019,0.0031,0.0041,0.0033,5.2,0.01,0
2025-12-21 19:49:06,0,0,30.12,0,16,1056,17.6,28,0.466667,56,0.933333,26,0,0,0,0,0,0,0,0,234,180,3e-04,7e-04,0.0011,0.0023,0.0039,0.0063,0.008,0.0062,11.48,0.01,0
2025-12-21 19:50:06,0,0,30.19,0,16,1531,25.5167,39,0.65,112,1.86667,37.13,0,0,0,0,0,0,0,0,221,162,4e-04,0.001,0.0016,0.0033,0.0056,0.0089,0.0112,0.0083,16.86,0.02,0
2025-12-21 19:51:06,0,0,30.19,0,16,2174,36.2333,42,0.7,147,2.45,31.91,0,0,0,0,0,0,0,0,229,159,4e-04,8e-04,0.0014,0.0028,0.0048,0.0077,0.0097,0.0073,14.5,0.01,0
2025-12-21 19:52:06,0,0,30.44,0,1,872,14.5333,26,0.433333,45,0.75,22.99,0,0,0,0,0,0,0,0,224,167,3e-04,6e-04,0.001,0.002,0.0035,0.0056,0.0072,0.0058,9.92,0.01,0
2025-12-21 19:53:06,0,0,29.69,0,1,576,9.6,4,0.0666667,44,0.733333,28.94,0,0,0,0,0,0,0,0,237,176,4e-04,7e-04,0.0013,0.0025,0.0043,0.007,0.009,0.007,12.74,0.01,0
2025-12-21 19:54:06,0,0,29.81,0,1,1250,20.8333,16,0.266667,102,1.7,23.46,0,0,0,0,0,0,0,0,228,161,3e-04,6e-04,0.001,0.0021,0.0035,0.0056,0.0072,0.0055,10.68,0.01,0
2025-12-21 19:55:06,0,0,29.5,0,16,1222,20.3667,31,0.516667,87,1.45,34.12,0,0,0,0,0,0,0,0,233,162,4e-04,9e-04,0.0015,0.003,0.0051,0.0082,0.0105,0.0079,15.39,0.02,0
2025-12-21 19:56:06,0,0,30.12,0,16,2442,40.7,35,0.583333,153,2.55,30.95,0,0,0,0,0,0,0,0,222,160,4e-04,8e-04,0.0014,0.0028,0.0046,0.0074,0.0095,0.0072,14.04,0.01,0
2025-12-21 19:57:06,0,0,30.56,0,16,606,10.1,18,0.3,41,0.683333,36.01,0,0,0,0,0,0,0,0,202,148,4e-04,0.0011,0.0016,0.0033,0.0055,0.0085,0.0102,0.0074,17.6,0.02,0
2025-12-21 19:58:06,0,0,30.5,0,1,7665,127.75,193,3.21667,428,7.13333,12,0,0,0,0,0,0,0,0,190,134,1e-04,4e-04,4e-04,9e-04,0.0019,0.0028,0.0031,0.002,4.78,0,0
2025-12-21 19:59:06,0,0,30.19,0,16,1146,19.1,21,0.35,63,1.05,9.54,0,0,0,0,0,0,0,0,208,163,1e-04,4e-04,4e-04,0.001,0.0015,0.002,0.0023,0.0013,5.13,0,0
2025-12-21 20:00:06,0,0,30.06,0,16,639,10.65,0,0,51,0.85,8.38,0,0,0,0,0,0,0,0,187,152,1e-04,3e-04,3e-04,8e-04,0.0013,0.0018,0.002,0.0011,4.28,0,0
2025-12-21 20:01:06,0,0,29.81,0,16,586,9.76667,0,0,50,0.833333,7.8,0,0,0,0,0,0,0,0,212,161,1e-04,3e-04,3e-04,7e-04,0.0013,0.0017,0.0018,0.0011,3.79,0,0
2025-12-21 20:02:06,0,0,29.81,0,16,1036,17.2667,17,0.283333,81,1.35,7.62,0,0,0,0,0,0,0,0,210,160,1e-04,3e-04,3e-04,7e-04,0.0012,0.0017,0.0017,0.0011,3.57,0,0
2025-12-21 20:03:06,0,0,29.75,0,16,1228,20.4667,22,0.366667,91,1.51667,7.74,0,0,0,0,0,0,0,0,211,160,1e-04,3e-04,3e-04,7e-04,0.0012,0.0017,0.0017,0.0011,3.84,0,0
2025-12-21 20:04:06,0,0,30.56,0,16,545,9.08333,0,0,64,1.06667,6.77,0,0,0,0,0,0,0,0,190,146,0,2e-04,3e-04,6e-04,0.0011,0.0015,0.0015,0.001,3.13,0,0
2025-12-21 20:05:06,0,0,30.62,0,16,75,1.25,0,0,4,0.0666667,6.36,0,0,0,0,0,0,0,0,189,143,0,2e-04,2e-04,6e-04,0.001,0.0015,0.0014,9e-04,2.86,0,0
2025-12-21 20:06:06,0,0,30.81,0,16,762,12.7,2,0.0333333,71,1.18333,7.55,0,0,0,0,0,0,0,0,192,144,1e-04,3e-04,3e-04,7e-04,0.0012,0.0017,0.0017,0.0011,3.66,0,0
2025-12-21 20:07:06,0,0,30.81,0,16,84,1.4,0,0,6,0.1,6.71,0,0,0,0,0,0,0,0,192,145,0,2e-04,2e-04,6e-04,0.0011,0.0015,0.0015,0.001,2.95,0,0
2025-12-21 20:08:06,0,0,31,0,16,978,16.3,1,0.0166667,112,1.86667,7.19,0,0,0,0,0,0,0,0,187,142,1e-04,2e-04,3e-04,7e-04,0.0012,0.0016,0.0016,0.001,3.4,0,0
2025-12-21 20:09:06,0,0,31,0,16,427,7.11667,0,0,42,0.7,6.59,0,0,0,0,0,0,0,0,175,128,0,2e-04,2e-04,6e-04,0.0011,0.0015,0.0015,9e-04,3.03,0,0
2025-12-21 20:10:06,0,0,31,0,16,4143,69.05,108,1.8,244,4.06667,6.63,0,0,0,0,0,0,0,0,190,145,0,2e-04,2e-04,6e-04,0.0011,0.0015,0.0015,0.001,3.09,0,0
2025-12-21 20:11:06,0,0,30.94,0,16,227,3.78333,0,0,19,0.316667,7.15,0,0,0,0,0,0,0,0,180,136,0,2e-04,3e-04,7e-04,0.0012,0.0016,0.0016,0.001,3.44,0,0
2025-12-21 20:12:06,0,0,30.94,0,16,103,1.71667,0,0,2,0.0333333,7.02,0,0,0,0,0,0,0,0,175,129,0,2e-04,2e-04,6e-04,0.0011,0.0016,0.0016,0.001,3.08,0,0
2025-12-21 20:13:06,0,0,31,0,16,259,4.31667,0,0,23,0.383333,7.19,0,0,0,0,0,0,0,0,176,130,0,2e-04,3e-04,7e-04,0.0012,0.0016,0.0016,0.001,3.49,0,0
2025-12-21 20:14:06,0,0,31,0,16,463,7.71667,2,0.0333333,42,0.7,7.34,0,0,0,0,0,0,0,0,169,124,1e-04,3e-04,3e-04,7e-04,0.0012,0.0016,0.0016,0.0011,3.5,0,0
2025-12-21 20:15:06,0,0,31,0,16,1115,18.5833,10,0.166667,93,1.55,7.82,0,0,0,0,0,0,0,0,162,118,1e-04,3e-04,3e-04,7e-04,0.0013,0.0017,0.0018,0.0011,3.93,0,0
2025-12-21 20:16:06,0,0,31,0,16,1095,18.25,18,0.3,67,1.11667,8.12,0,0,0,0,0,0,0,0,157,115,1e-04,3e-04,3e-04,8e-04,0.0013,0.0018,0.0019,0.0011,4.14,0,0
2025-12-21 20:17:06,0,0,30.94,0,16,2743,45.7167,73,1.21667,154,2.56667,15.58,0,0,0,0,0,0,0,0,166,122,1e-04,7e-04,7e-04,0.0015,0.0025,0.0034,0.0035,0.002,8.53,0.01,0
2025-12-21 20:18:06,0,0,30.88,0,16,875,14.5833,7,0.116667,71,1.18333,15.82,0,0,0,0,0,0,0,0,168,124,2e-04,7e-04,7e-04,0.0016,0.0025,0.0034,0.0035,0.002,8.7,0.01,0
2025-12-21 20:19:06,0,0,30.81,0,16,1787,29.7833,37,0.616667,129,2.15,12.55,0,0,0,0,0,0,0,0,197,150,1e-04,5e-04,5e-04,0.0012,0.002,0.0028,0.0028,0.0017,6.55,0.01,0
2025-12-21 20:20:06,0,0,30.88,0,16,173,2.88333,0,0,11,0.183333,10.55,0,0,0,0,0,0,0,0,161,112,1e-04,4e-04,4e-04,0.001,0.0017,0.0024,0.0024,0.0014,5.25,0,0
2025-12-21 20:21:06,0,0,30.81,0,16,889,14.8167,11,0.183333,52,0.866667,10.35,0,0,0,0,0,0,0,0,177,132,1e-04,4e-04,4e-04,0.001,0.0017,0.0023,0.0023,0.0014,5.32,0,0
2025-12-21 20:22:06,0,0,30.75,0,16,330,5.5,1,0.0166667,34,0.566667,10.59,0,0,0,0,0,0,0,0,174,129,1e-04,4e-04,4e-04,0.001,0.0017,0.0023,0.0024,0.0014,5.36,0,0
2025-12-21 20:23:06,0,0,30.75,0,16,192,3.2,0,0,7,0.116667,9.84,0,0,0,0,0,0,0,0,163,119,1e-04,4e-04,4e-04,9e-04,0.0016,0.0022,0.0022,0.0013,4.93,0,0
2025-12-21 20:24:06,0,0,30.81,0,16,1327,22.1167,23,0.383333,79,1.31667,11.09,0,0,0,0,0,0,0,0,177,132,1e-04,5e-04,4e-04,0.0011,0.0018,0.0024,0.0025,0.0015,5.76,0,0
2025-12-21 20:25:06,0,0,30.38,0,1,880,14.6667,8,0.133333,64,1.06667,12.57,0,0,0,0,0,0,0,0,212,160,1e-04,6e-04,5e-04,0.0012,0.002,0.0027,0.0028,0.0017,6.81,0.01,0
2025-12-21 20:26:06,0,0,30.75,0,16,2578,42.9667,73,1.21667,157,2.61667,10.52,0,0,0,0,0,0,0,0,183,137,1e-04,4e-04,4e-04,0.001,0.0017,0.0024,0.0023,0.0015,5.17,0,0
2025-12-21 20:27:06,0,0,30.5,0,16,224,3.73333,4,0.0666667,15,0.25,7.82,0,0,0,0,0,0,0,0,192,147,1e-04,2e-04,3e-04,7e-04,0.0013,0.0018,0.0018,0.0012,3.64,0,0
2025-12-21 20:28:06,0,0,30.56,0,16,139,2.31667,2,0.0333333,7,0.116667,8.36,0,0,0,0,0,0,0,0,182,135,1e-04,3e-04,3e-04,8e-04,0.0014,0.0019,0.0019,0.0012,3.97,0,0
2025-12-21 20:29:06,0,0,30.5,0,16,0,0,0,0,0,0,8.71,0,0,0,0,0,0,0,0,174,128,1e-04,3e-04,3e-04,8e-04,0.0014,0.002,0.002,0.0013,4.17,0,0
2025-12-21 20:30:06,0,0,30.5,0,16,2425,40.4167,69,1.15,170,2.83333,10.63,0,0,0,0,0,0,0,0,203,150,1e-04,4e-04,4e-04,0.001,0.0017,0.0024,0.0024,0.0015,5.17,0,0
2025-12-21 20:31:06,0,0,30.25,0,16,1062,17.7,3,0.05,117,1.95,11.96,0,0,0,0,0,0,0,0,198,148,1e-04,5e-04,5e-04,0.0012,0.0019,0.0026,0.0026,0.0016,6.23,0,0
2025-12-21 20:32:06,0,0,30.38,0,16,1351,22.5167,4,0.0666667,136,2.26667,11.24,0,0,0,0,0,0,0,0,173,124,1e-04,4e-04,5e-04,0.0011,0.0018,0.0025,0.0025,0.0015,5.79,0,0
2025-12-21 20:33:06,0,0,30.38,0,16,1006,16.7667,10,0.166667,83,1.38333,12.73,0,0,0,0,0,0,0,0,180,129,1e-04,5e-04,5e-04,0.0012,0.002,0.0028,0.0028,0.0017,6.78,0.01,0
2025-12-21 20:34:06,0,0,30.44,0,16,2097,34.95,46,0.766667,162,2.7,12.29,0,0,0,0,0,0,0,0,158,110,1e-04,5e-04,5e-04,0.0012,0.002,0.0027,0.0027,0.0017,6.53,0,0
2025-12-21 20:35:06,0,0,30.56,0,16,1277,21.2833,10,0.166667,126,2.1,16.36,0,0,0,0,0,0,0,0,156,106,2e-04,7e-04,7e-04,0.0016,0.0026,0.0035,0.0035,0.0021,9.13,0.01,0
2025-12-21 20:36:06,0,0,30.5,0,16,463,7.71667,1,0.0166667,44,0.733333,14.35,0,0,0,0,0,0,0,0,149,104,2e-04,6e-04,6e-04,0.0014,0.0023,0.0032,0.0031,0.002,7.66,0.01,0
2025-12-21 20:37:06,0,0,30.44,0,16,750,12.5,7,0.116667,80,1.33333,14.91,0,0,0,0,0,0,0,0,148,103,2e-04,6e-04,6e-04,0.0014,0.0024,0.0033,0.0033,0.002,8.03,0.01,0
2025-12-21 20:38:06,0,0,30.5,0,16,833,13.8833,6,0.1,71,1.18333,15.11,0,0,0,0,0,0,0,0,147,102,2e-04,6e-04,6e-04,0.0015,0.0024,0.0033,0.0033,0.002,8.03,0.01,0
2025-12-21 20:39:06,0,0,30.5,0,16,488,8.13333,2,0.0333333,39,0.65,13.48,0,0,0,0,0,0,0,0,147,104,1e-04,5e-04,5e-04,0.0013,0.0022,0.003,0.0029,0.0018,7.09,0.01,0
2025-12-21 20:40:06,0,0,30.5,0,16,611,10.1833,1,0.0166667,55,0.916667,14.62,0,0,0,0,0,0,0,0,146,104,2e-04,6e-04,6e-04,0.0014,0.0023,0.0032,0.0032,0.0019,7.86,0.01,0
2025-12-21 20:41:06,0,0,30.56,0,16,531,8.85,2,0.0333333,48,0.8,14.43,0,0,0,0,0,0,0,0,146,102,1e-04,6e-04,6e-04,0.0014,0.0023,0.0032,0.0032,0.0019,7.85,0.01,0
2025-12-21 20:42:06,0,0,30.56,0,16,463,7.71667,0,0,37,0.616667,13.87,0,0,0,0,0,0,0,0,146,102,1e-04,6e-04,6e-04,0.0014,0.0022,0.003,0.003,0.0018,7.46,0.01,0
2025-12-21 20:43:06,0,0,30.62,0,16,780,13,2,0.0333333,78,1.3,14.33,0,0,0,0,0,0,0,0,145,102,1e-04,6e-04,6e-04,0.0014,0.0023,0.0031,0.0032,0.0019,7.73,0.01,0
2025-12-21 20:44:06,0,0,30.69,0,16,528,8.8,0,0,46,0.766667,15.01,0,0,0,0,0,0,0,0,144,102,1e-04,6e-04,7e-04,0.0014,0.0024,0.0033,0.0033,0.002,8.03,0.01,0
2025-12-21 20:45:06,0,0,30.75,0,16,890,14.8333,4,0.0666667,72,1.2,12.71,0,0,0,0,0,0,0,0,143,102,1e-04,5e-04,5e-04,0.0012,0.002,0.0028,0.0028,0.0018,6.64,0.01,0
2025-12-21 20:46:06,0,0,30.81,0,8,1106,18.4333,24,0.4,91,1.51667,6.99,0,0,0,0,0,0,0,0,147,102,0,3e-04,3e-04,6e-04,0.0011,0.0016,0.0017,0.0011,3.15,0,0
2025-12-21 20:47:06,0,0,30.69,0,8,0,0,0,0,0,0,4.61,0,0,0,0,0,0,0,0,145,102,0,1e-04,1e-04,4e-04,8e-04,0.0011,0.0011,8e-04,1.61,0,0
2025-12-21 20:48:06,0,0,30.5,0,8,341,5.68333,12,0.2,25,0.416667,4.15,0,0,0,0,0,0,0,0,143,102,0,1e-04,1e-04,4e-04,7e-04,0.001,0.001,7e-04,1.43,0,0
2025-12-21 20:49:06,0,0,30.31,0,16,1945,32.4167,43,0.716667,125,2.08333,9.12,0,0,0,0,0,0,0,0,189,144,1e-04,3e-04,4e-04,8e-04,0.0015,0.002,0.002,0.0012,4.47,0,0
2025-12-21 20:50:06,0,0,30.38,0,16,375,6.25,8,0.133333,19,0.316667,7.19,0,0,0,0,0,0,0,0,151,106,1e-04,2e-04,3e-04,7e-04,0.0011,0.0016,0.0017,0.0011,3.36,0,0
2025-12-21 20:51:06,0,0,30.44,0,16,7,0.116667,0,0,0,0,8.4,0,0,0,0,0,0,0,0,147,103,1e-04,3e-04,4e-04,8e-04,0.0013,0.0019,0.0019,0.0012,4.14,0,0
2025-12-21 20:52:06,0,0,30.25,0,16,3008,50.1333,67,1.11667,228,3.8,14.5,0,0,0,0,0,0,0,0,154,110,1e-04,6e-04,6e-04,0.0014,0.0024,0.0032,0.0032,0.0019,7.43,0.01,0
2025-12-21 20:53:06,0,0,30.06,0,16,1105,18.4167,8,0.133333,120,2,14.69,0,0,0,0,0,0,0,0,149,111,2e-04,6e-04,6e-04,0.0014,0.0023,0.0032,0.0032,0.002,8.05,0.01,0
2025-12-21 20:54:06,0,0,30.25,0,16,1310,21.8333,8,0.133333,123,2.05,14.9,0,0,0,0,0,0,0,0,147,103,2e-04,6e-04,7e-04,0.0015,0.0024,0.0033,0.0033,0.002,8.2,0.01,0
2025-12-21 20:55:06,0,0,30.31,0,16,957,15.95,0,0,114,1.9,16.36,0,0,0,0,0,0,0,0,142,102,2e-04,7e-04,7e-04,0.0016,0.0026,0.0036,0.0035,0.0021,9.15,0.01,0
2025-12-21 20:56:06,0,0,30.38,0,16,1590,26.5,2,0.0333333,189,3.15,15.99,0,0,0,0,0,0,0,0,147,108,2e-04,7e-04,7e-04,0.0015,0.0026,0.0035,0.0035,0.0021,8.76,0.01,0
2025-12-21 20:57:06,0,0,30.5,0,16,1264,21.0667,1,0.0166667,157,2.61667,16.1,0,0,0,0,0,0,0,0,141,102,2e-04,7e-04,7e-04,0.0016,0.0026,0.0035,0.0035,0.0021,8.72,0.01,0
2025-12-21 20:58:06,0,0,30.5,0,16,760,12.6667,4,0.0666667,75,1.25,15.79,0,0,0,0,0,0,0,0,145,102,2e-04,7e-04,7e-04,0.0015,0.0025,0.0035,0.0034,0.0021,8.55,0.01,0
2025-12-21 20:59:06,0,0,30.38,0,16,2113,35.2167,35,0.583333,171,2.85,16.33,0,0,0,0,0,0,0,0,154,102,2e-04,7e-04,7e-04,0.0016,0.0026,0.0036,0.0035,0.0022,8.99,0.01,0
2025-12-21 21:00:06,0,0,30.25,0,2,1098,18.3,13,0.216667,97,1.61667,7.78,0,0,0,0,0,0,0,0,157,112,1e-04,3e-04,3e-04,7e-04,0.0012,0.0017,0.0018,0.0012,3.79,0,0
2025-12-21 21:01:06,0,0,30.31,0,16,1963,32.7167,29,0.483333,156,2.6,16.73,0,0,0,0,0,0,0,0,147,106,2e-04,7e-04,7e-04,0.0016,0.0027,0.0037,0.0036,0.0022,9.16,0.01,0
2025-12-21 21:02:06,0,0,30.19,0,16,1059,17.65,9,0.15,115,1.91667,17.36,0,0,0,0,0,0,0,0,158,110,2e-04,7e-04,7e-04,0.0017,0.0028,0.0038,0.0038,0.0023,9.51,0.01,0
2025-12-21 21:03:06,0,0,30.31,0,16,939,15.65,6,0.1,113,1.88333,16.12,0,0,0,0,0,0,0,0,152,108,2e-04,7e-04,7e-04,0.0016,0.0026,0.0035,0.0035,0.0021,8.75,0.01,0
2025-12-21 21:04:06,0,0,30.19,0,1,1041,17.35,20,0.333333,65,1.08333,15.72,0,0,0,0,0,0,0,0,165,114,2e-04,7e-04,7e-04,0.0016,0.0025,0.0034,0.0034,0.0021,8.75,0.01,0
2025-12-21 21:05:06,0,0,30.38,0,16,793,13.2167,0,0,58,0.966667,15.11,0,0,0,0,0,0,0,0,151,104,2e-04,7e-04,7e-04,0.0015,0.0024,0.0033,0.0033,0.002,8.29,0.01,0
2025-12-21 21:06:06,0,0,30.44,0,16,546,9.1,0,0,40,0.666667,14.68,0,0,0,0,0,0,0,0,150,103,2e-04,6e-04,6e-04,0.0014,0.0023,0.0032,0.0033,0.0019,8,0.01,0
2025-12-21 21:07:06,0,0,30.44,0,16,869,14.4833,1,0.0166667,68,1.13333,15.25,0,0,0,0,0,0,0,0,151,103,2e-04,7e-04,7e-04,0.0015,0.0024,0.0033,0.0034,0.002,8.35,0.01,0
2025-12-21 21:08:06,0,0,30.44,0,16,2320,38.6667,59,0.983333,152,2.53333,14.09,0,0,0,0,0,0,0,0,171,108,1e-04,6e-04,6e-04,0.0014,0.0023,0.0031,0.0031,0.0019,7.73,0.01,0
2025-12-21 21:09:06,0,0,30.31,0,16,2398,39.9667,68,1.13333,113,1.88333,6.47,0,0,0,0,0,0,0,0,147,112,0,2e-04,2e-04,6e-04,0.001,0.0015,0.0015,0.001,2.82,0,0
2025-12-21 21:10:06,0,0,30.25,0,16,1258,20.9667,35,0.583333,76,1.26667,14.75,0,0,0,0,0,0,0,0,150,106,1e-04,6e-04,6e-04,0.0014,0.0024,0.0032,0.0033,0.0019,7.66,0.01,0
2025-12-21 21:11:06,0,0,30.25,0,1,2895,48.25,83,1.38333,172,2.86667,5.8,0,0,0,0,0,0,0,0,169,109,0,2e-04,2e-04,6e-04,9e-04,0.0013,0.0014,9e-04,2.7,0,0
2025-12-21 21:12:06,0,0,29.81,0,16,4381,73.0167,143,2.38333,225,3.75,9.41,0,0,0,0,0,0,0,0,215,163,1e-04,4e-04,4e-04,0.001,0.0015,0.002,0.0021,0.0012,5.39,0,0
2025-12-21 21:13:06,0,0,30,0,16,984,16.4,6,0.1,75,1.25,9.52,0,0,0,0,0,0,0,0,205,150,1e-04,4e-04,4e-04,9e-04,0.0015,0.0021,0.0022,0.0013,4.88,0,0
2025-12-21 21:14:06,0,0,30.06,0,1,1628,27.1333,34,0.566667,113,1.88333,13.75,0,0,0,0,0,0,0,0,239,166,1e-04,7e-04,6e-04,0.0014,0.0022,0.0028,0.0032,0.0017,7.87,0.01,0
2025-12-21 21:15:06,0,0,29.88,0,1,1850,30.8333,36,0.6,113,1.88333,7.33,0,0,0,0,0,0,0,0,217,166,1e-04,3e-04,3e-04,7e-04,0.0012,0.0016,0.0017,0.001,3.82,0,0
2025-12-21 21:16:06,0,0,30.25,0,16,1857,30.95,29,0.483333,147,2.45,6.94,0,0,0,0,0,0,0,0,158,112,0,3e-04,2e-04,7e-04,0.0011,0.0015,0.0016,0.001,3.27,0,0
2025-12-21 21:17:06,0,0,30.12,0,1,2934,48.9,74,1.23333,183,3.05,4.51,0,0,0,0,0,0,0,0,222,160,0,2e-04,1e-04,4e-04,7e-04,0.001,0.001,7e-04,1.99,0,0
2025-12-21 21:18:06,0,0,29.81,0,1,816,13.6,11,0.183333,46,0.766667,3.89,0,0,0,0,0,0,0,0,220,154,0,1e-04,1e-04,4e-04,6e-04,9e-04,9e-04,6e-04,1.54,0,0
2025-12-21 21:19:06,0,0,30.19,0,1,1739,28.9833,36,0.6,114,1.9,5.24,0,0,0,0,0,0,0,0,177,148,0,2e-04,2e-04,5e-04,9e-04,0.0012,0.0013,8e-04,2.24,0,0
2025-12-21 21:20:06,0,0,30,0,16,858,14.3,4,0.0666667,81,1.35,6.66,0,0,0,0,0,0,0,0,177,119,0,2e-04,2e-04,6e-04,0.0011,0.0015,0.0015,9e-04,3.1,0,0
2025-12-21 21:21:06,0,0,29.69,0,16,1360,22.6667,23,0.383333,99,1.65,7.03,0,0,0,0,0,0,0,0,181,134,0,2e-04,3e-04,7e-04,0.0011,0.0016,0.0016,0.001,3.2,0,0
2025-12-21 21:22:06,0,0,30,0,1,1941,32.35,68,1.13333,93,1.55,11.6,0,0,0,0,0,0,0,0,199,124,1e-04,4e-04,5e-04,0.0011,0.0018,0.0026,0.0026,0.0016,5.9,0,0
2025-12-21 21:23:06,0,0,29.94,0,8,2904,48.4,68,1.13333,183,3.05,5.82,0,0,0,0,0,0,0,0,223,160,0,2e-04,2e-04,5e-04,9e-04,0.0013,0.0014,9e-04,2.5,0,0
2025-12-21 21:24:06,0,0,29.81,0,1,6432,107.2,144,2.4,443,7.38333,14.39,0,0,0,0,0,0,0,0,216,156,1e-04,3e-04,4e-04,0.0011,0.0023,0.0036,0.0039,0.0024,5.18,0.01,0
2025-12-21 21:25:06,0,0,29.88,0,2,5647,94.1167,165,2.75,267,4.45,21.86,0,0,0,0,0,0,0,0,226,158,2e-04,9e-04,0.001,0.0021,0.0035,0.0048,0.0047,0.0028,11.99,0.01,0
2025-12-21 21:26:06,0,0,29.75,0,8,8285,138.083,289,4.81667,353,5.88333,11.82,0,0,0,0,0,0,0,0,222,148,1e-04,3e-04,3e-04,8e-04,0.0019,0.003,0.0033,0.002,3.73,0,0
2025-12-21 21:27:06,0,0,29.69,0,8,23679,394.65,962,16.0333,796,13.2667,40.15,0,0,0,0,0,0,0,0,220,154,4e-04,9e-04,0.0011,0.0026,0.0063,0.0104,0.0112,0.0068,12.78,0.02,0
2025-12-21 21:28:06,0,0,29.44,0,8,8996,149.933,268,4.46667,415,6.91667,28.71,0,0,0,0,0,0,0,0,230,160,3e-04,8e-04,0.001,0.0023,0.0044,0.0071,0.0076,0.0044,12.06,0.01,0
2025-12-21 21:29:06,0,0,29.38,0,1,10464,174.4,341,5.68333,507,8.45,7.7,0,0,0,0,0,0,0,0,207,136,1e-04,2e-04,2e-04,7e-04,0.0012,0.0019,0.002,0.0013,2.94,0,0
2025-12-21 21:30:06,0,0,29.38,0,16,9597,159.95,318,5.3,471,7.85,42.45,0,0,0,0,0,0,0,0,211,141,4e-04,9e-04,0.0012,0.0026,0.0067,0.011,0.012,0.0072,13.11,0.02,0
2025-12-21 21:31:06,0,0,30.19,0,8,5998,99.9667,180,3,351,5.85,19.61,0,0,0,0,0,0,0,0,172,99,2e-04,5e-04,7e-04,0.0016,0.003,0.005,0.0055,0.0037,7.64,0.01,0
2025-12-21 21:32:06,0,0,30.06,0,1,19556,325.933,772,12.8667,646,10.7667,18.02,0,0,0,0,0,0,0,0,132,98,2e-04,4e-04,6e-04,0.0014,0.0028,0.0046,0.0051,0.0034,6.45,0.01,0
2025-12-21 21:33:06,0,0,31.25,0,1,16587,276.45,642,10.7,653,10.8833,17.61,0,0,0,0,0,0,0,0,132,98,2e-04,5e-04,6e-04,0.0015,0.0027,0.0045,0.0049,0.0035,6.84,0.01,0
2025-12-21 21:34:06,0,0,32.31,0,1,15257,254.283,521,8.68333,612,10.2,11.46,0,0,0,0,0,0,0,0,134,105,1e-04,2e-04,3e-04,7e-04,0.0018,0.0031,0.0033,0.0023,2.96,0,0
2025-12-21 21:35:06,0,0,32.38,0,1,22364,372.733,711,11.85,668,11.1333,38.03,0,0,0,0,0,0,0,0,140,98,4e-04,9e-04,0.0011,0.0026,0.006,0.0098,0.0106,0.0067,12.62,0.02,0
2025-12-21 21:36:06,0,0,31.19,0,16,14064,234.4,426,7.1,600,10,43.88,0,0,0,0,0,0,0,0,136,99,5e-04,0.001,0.0013,0.0031,0.0068,0.0113,0.0123,0.0077,15.23,0.02,0
2025-12-21 21:37:06,0,0,31.44,0,1,14344,239.067,323,5.38333,480,8,65.03,0,0,0,0,0,0,0,0,134,99,8e-04,0.0017,0.0023,0.0052,0.01,0.0163,0.0173,0.0104,26.61,0.03,0
2025-12-21 21:38:06,0,0,31.12,0,4,4270,71.1667,88,1.46667,278,4.63333,85.52,0,0,0,0,0,0,0,0,135,99,0.0011,0.0024,0.0032,0.007,0.0131,0.0214,0.0228,0.0138,36.44,0.04,0
2025-12-21 21:39:06,0,0,30.88,0,4,10088,168.133,343,5.71667,513,8.55,50.34,0,0,0,0,0,0,0,0,134,99,6e-04,0.0014,0.0018,0.004,0.0078,0.0127,0.0135,0.0083,20.37,0.02,0
2025-12-21 21:40:06,0,0,30.81,0,1,18781,313.017,661,11.0167,647,10.7833,40.7,0,0,0,0,0,0,0,0,145,99,4e-04,0.001,0.0014,0.003,0.0063,0.0104,0.011,0.0066,15.38,0.02,0
2025-12-21 21:41:06,0,0,30.56,0,1,14165,236.083,495,8.25,599,9.98333,4.88,0,0,0,0,0,0,0,0,142,97,1e-04,1e-04,2e-04,4e-04,8e-04,0.0012,0.0014,8e-04,1.79,0,0
2025-12-21 21:42:06,0,0,30.12,0,16,5290,88.1667,149,2.48333,328,5.46667,0.15,0,0,0,0,0,0,0,0,141,98,0,0,0,0,0,0,0,0,0.02,0,0
2025-12-21 21:43:06,0,0,29.81,0,16,5961,99.35,158,2.63333,371,6.18333,5.38,0,0,0,0,0,0,0,0,159,108,0,1e-04,2e-04,4e-04,9e-04,0.0013,0.0013,8e-04,1.9,0,0
2025-12-21 21:44:06,0,0,29.88,0,1,5037,83.95,119,1.98333,341,5.68333,0.05,0,0,0,0,0,0,0,0,142,102,0,0,0,0,0,0,0,0,0,0,0
2025-12-21 21:45:06,0,0,29.69,0,1,1732,28.8667,37,0.616667,114,1.9,0.4,0,0,0,0,0,0,0,0,177,123,0,0,0,0,1e-04,1e-04,1e-04,1e-04,0.04,0,0
2025-12-21 21:46:06,0,0,29.62,0,1,3980,66.3333,90,1.5,249,4.15,6.77,0,0,0,0,0,0,0,0,174,99,0,2e-04,3e-04,6e-04,0.0011,0.0016,0.0015,0.001,3.05,0,0
2025-12-21 21:47:06,0,0,29.62,0,1,461,7.68333,2,0.0333333,39,0.65,7.85,0,0,0,0,0,0,0,0,143,98,1e-04,3e-04,3e-04,7e-04,0.0013,0.0018,0.0018,0.0011,3.73,0,0
2025-12-21 21:48:06,0,0,29.62,0,1,882,14.7,17,0.283333,57,0.95,5.79,0,0,0,0,0,0,0,0,194,138,0,2e-04,2e-04,5e-04,0.001,0.0013,0.0013,8e-04,2.61,0,0
2025-12-21 21:49:06,0,0,29.62,0,1,378,6.3,6,0.1,21,0.35,7.46,0,0,0,0,0,0,0,0,161,102,1e-04,3e-04,3e-04,7e-04,0.0012,0.0017,0.0017,0.0011,3.56,0,0
2025-12-21 21:50:06,0,0,29.69,0,1,592,9.86667,6,0.1,38,0.633333,7.15,0,0,0,0,0,0,0,0,149,98,0,2e-04,3e-04,6e-04,0.0012,0.0016,0.0016,0.0011,3.22,0,0
2025-12-21 21:51:06,0,0,29.69,0,1,110,1.83333,0,0,8,0.133333,6.69,0,0,0,0,0,0,0,0,158,98,0,2e-04,2e-04,6e-04,0.0011,0.0015,0.0015,0.001,2.95,0,0
2025-12-21 21:52:06,0,0,29.62,0,1,19,0.316667,0,0,0,0,6.66,0,0,0,0,0,0,0,0,158,98,0,2e-04,2e-04,6e-04,0.0011,0.0015,0.0015,0.001,2.89,0,0
2025-12-21 21:53:06,0,0,29.56,0,1,24,0.4,0,0,3,0.05,6.5,0,0,0,0,0,0,0,0,157,98,0,2e-04,2e-04,6e-04,0.001,0.0015,0.0015,0.001,3.02,0,0
2025-12-21 21:54:06,0,0,29.56,0,1,9,0.15,0,0,0,0,6.33,0,0,0,0,0,0,0,0,158,98,0,2e-04,2e-04,6e-04,0.001,0.0014,0.0014,0.001,2.89,0,0
2025-12-21 21:55:06,0,0,29.56,0,1,9,0.15,0,0,1,0.0166667,6.34,0,0,0,0,0,0,0,0,157,99,0,2e-04,2e-04,6e-04,0.001,0.0014,0.0014,0.001,2.93,0,0
2025-12-21 21:56:06,0,0,29.5,0,1,30,0.5,0,0,0,0,6.45,0,0,0,0,0,0,0,0,163,99,0,2e-04,2e-04,6e-04,0.0011,0.0015,0.0015,9e-04,2.86,0,0
2025-12-21 21:57:06,0,0,29.44,0,1,14,0.233333,0,0,1,0.0166667,6.39,0,0,0,0,0,0,0,0,161,99,0,2e-04,2e-04,6e-04,0.001,0.0015,0.0014,9e-04,2.9,0,0
2025-12-21 21:58:06,0,0,29.5,0,1,0,0,0,0,0,0,6.37,0,0,0,0,0,0,0,0,162,99,0,2e-04,3e-04,6e-04,0.001,0.0014,0.0015,0.001,3.01,0,0
2025-12-21 21:59:06,0,0,29.5,0,1,26,0.433333,0,0,1,0.0166667,6.34,0,0,0,0,0,0,0,0,160,98,0,2e-04,2e-04,6e-04,0.001,0.0015,0.0015,0.001,2.87,0,0
2025-12-21 22:00:06,0,0,29.5,0,1,11,0.183333,0,0,0,0,6.37,0,0,0,0,0,0,0,0,165,99,0,2e-04,2e-04,5e-04,0.001,0.0015,0.0015,0.001,2.77,0,0
2025-12-21 22:01:06,0,0,29.56,0,1,2027,33.7833,40,0.666667,115,1.91667,5.29,0,0,0,0,0,0,0,0,167,99,0,1e-04,2e-04,5e-04,9e-04,0.0012,0.0012,8e-04,2.15,0,0
2025-12-21 22:02:06,0,0,29.56,0,1,732,12.2,22,0.366667,36,0.6,7.44,0,0,0,0,0,0,0,0,174,99,1e-04,2e-04,3e-04,7e-04,0.0012,0.0017,0.0017,0.0011,3.42,0,0
2025-12-21 22:03:06,0,0,29.62,0,1,25,0.416667,0,0,1,0.0166667,7.49,0,0,0,0,0,0,0,0,162,99,1e-04,2e-04,3e-04,7e-04,0.0012,0.0017,0.0017,0.0011,3.51,0,0
2025-12-21 22:04:06,0,0,29.81,0,1,3635,60.5833,77,1.28333,233,3.88333,7.12,0,0,0,0,0,0,0,0,143,105,1e-04,2e-04,3e-04,6e-04,0.0011,0.0017,0.0017,0.0011,3.21,0,0
2025-12-21 22:05:06,0,0,29.56,0,1,8807,146.783,257,4.28333,491,8.18333,4.52,0,0,0,0,0,0,0,0,159,106,2e-04,7e-04,7e-04,0.0015,3e-04,5e-04,5e-04,3e-04,9.24,0,0
2025-12-21 22:06:06,0,0,29.75,0,1,8021,133.683,200,3.33333,403,6.71667,0.11,0,0,0,0,0,0,0,0,139,100,0,0,0,0,0,1e-04,0,0,0,0,0
2025-12-21 22:07:06,0,0,29.62,0,1,6508,108.467,134,2.23333,348,5.8,0,0,0,0,0,0,0,0,0,141,102,0,0,0,0,0,0,0,0,0,0,0
2025-12-21 22:08:06,0,0,29.62,0,1,5944,99.0667,119,1.98333,380,6.33333,0,0,0,0,0,0,0,0,0,162,103,0,0,0,0,0,0,0,0,0,0,0
2025-12-21 22:09:06,0,0,29.31,0,1,8562,142.7,229,3.81667,492,8.2,0.88,0,0,0,0,0,0,0,0,171,150,0,0,0,1e-04,1e-04,2e-04,3e-04,2e-04,0.14,0,0
2025-12-21 22:10:06,0,0,29.44,0,1,406,6.76667,1,0.0166667,36,0.6,0,0,0,0,0,0,0,0,0,152,100,0,0,0,0,0,0,0,0,0,0,0
2025-12-21 22:11:06,0,0,29.38,0,1,454,7.56667,5,0.0833333,29,0.483333,0,0,0,0,0,0,0,0,0,150,100,0,0,0,0,0,0,0,0,0,0,0
2025-12-21 22:12:06,0,0,28.81,0,1,10254,170.9,303,5.05,524,8.73333,1.61,0,0,0,0,0,0,0,0,248,188,0,0,0,1e-04,2e-04,4e-04,5e-04,4e-04,0.29,0,0
2025-12-21 22:13:06,0,0,29.06,0,16,6223,103.717,190,3.16667,384,6.4,5.14,0,0,0,0,0,0,0,0,157,105,0,1e-04,1e-04,3e-04,8e-04,0.0014,0.0016,0.0013,0.94,0,0
2025-12-21 22:14:06,0,0,29.25,0,8,6880,114.667,184,3.06667,409,6.81667,0,0,0,0,0,0,0,0,0,149,151,0,0,0,0,0,0,0,0,0,0,0
2025-12-21 22:15:06,0,0,29.44,0,8,6660,111,162,2.7,426,7.1,0,0,0,0,0,0,0,0,0,141,104,0,0,0,0,0,0,0,0,0,0,0
2025-12-21 22:16:06,0,0,29.5,0,1,6578,109.633,180,3,312,5.2,0.85,0,0,0,0,0,0,0,0,147,103,0,0,0,0,1e-04,3e-04,3e-04,3e-04,0,0,0
2025-12-21 22:17:06,0,0,29.81,0,1,5253,87.55,198,3.3,226,3.76667,0.05,0,0,0,0,0,0,0,0,138,100,0,0,0,0,0,0,0,0,0,0,0
2025-12-21 22:18:06,0,0,30,0,1,918,15.3,9,0.15,60,1,0,0,0,0,0,0,0,0,0,140,100,0,0,0,0,0,0,0,0,0,0,0
2025-12-21 22:19:06,0,0,30.31,0,32,303,5.05,0,0,19,0.316667,0,0,0,0,0,0,0,0,0,136,100,0,0,0,0,0,0,0,0,0,0,0
2025-12-21 22:20:06,0,0,30.5,0,32,2675,44.5833,22,0.366667,192,3.2,0,0,0,0,0,0,0,0,0,136,100,0,0,0,0,0,0,0,0,0,0,0
2025-12-21 22:21:06,0,0,30.75,0,1,6976,116.267,145,2.41667,477,7.95,0,0,0,0,0,0,0,0,0,135,98,0,0,0,0,0,0,0,0,0,0,0
2025-12-21 22:22:06,0,0,30.94,0,16,8016,133.6,217,3.61667,444,7.4,3.08,0,0,0,0,0,0,0,0,134,98,0,0,1e-04,2e-04,5e-04,8e-04,0.001,8e-04,0.64,0,0
2025-12-21 22:23:06,0,0,30.75,0,8,12841,214.017,467,7.78333,624,10.4,9.19,0,0,0,0,0,0,0,0,134,98,1e-04,2e-04,2e-04,6e-04,0.0014,0.0024,0.0029,0.002,2.56,0,0
2025-12-21 22:24:06,0,0,30.88,0,16,3418,56.9667,89,1.48333,222,3.7,0.67,0,0,0,0,0,0,0,0,135,98,0,0,0,0,1e-04,2e-04,2e-04,2e-04,0.08,0,0
2025-12-21 22:25:06,0,0,30.56,0,1,11472,191.2,368,6.13333,539,8.98333,12.91,0,0,0,0,0,0,0,0,134,98,1e-04,2e-04,3e-04,8e-04,0.002,0.0034,0.0038,0.0023,3.58,0.01,0
2025-12-21 22:26:06,0,0,29.62,0,32,9163,152.717,257,4.28333,576,9.6,1.74,0,0,0,0,0,0,0,0,220,104,0,0,0,1e-04,3e-04,5e-04,6e-04,5e-04,0.15,0,0
2025-12-21 22:27:06,0,0,29.44,0,1,10203,170.05,360,6,532,8.86667,2.28,0,0,0,0,0,0,0,0,211,147,0,0,0,1e-04,4e-04,7e-04,8e-04,6e-04,0.19,0,0
2025-12-21 22:28:06,0,0,29.25,0,16,1301,21.6833,27,0.45,112,1.86667,2.49,0,0,0,0,0,0,0,0,145,102,0,0,0,1e-04,4e-04,7e-04,9e-04,6e-04,0.07,0,0
2025-12-21 22:29:06,0,0,29.56,0,1,8424,140.4,261,4.35,435,7.25,1.26,0,0,0,0,0,0,0,0,149,100,0,0,0,1e-04,2e-04,4e-04,4e-04,4e-04,0.2,0,0
2025-12-21 22:30:06,0,0,29.44,0,1,4703,78.3833,156,2.6,278,4.63333,0.02,0,0,0,0,0,0,0,0,174,103,0,0,0,0,0,0,0,0,0.03,0,0
2025-12-21 22:31:06,0,0,29.62,0,16,1012,16.8667,10,0.166667,87,1.45,0,0,0,0,0,0,0,0,0,156,98,0,0,0,0,0,0,0,0,0,0,0
2025-12-21 22:32:06,0,0,29.5,0,1,497,8.28333,6,0.1,38,0.633333,0,0,0,0,0,0,0,0,0,164,112,0,0,0,0,0,0,0,0,0,0,0
2025-12-21 22:33:06,0,0,30.12,0,1,603,10.05,19,0.316667,38,0.633333,0,0,0,0,0,0,0,0,0,143,98,0,0,0,0,0,0,0,0,0,0,0
2025-12-21 22:34:06,0,0,30.25,0,1,0,0,0,0,0,0,0,0,0,0,0,0,0,0,0,142,98,0,0,0,0,0,0,0,0,0,0,0
2025-12-21 22:35:06,0,0,30.25,0,1,588,9.8,16,0.266667,36,0.6,0,0,0,0,0,0,0,0,0,176,117,0,0,0,0,0,0,0,0,0,0,0
2025-12-21 22:36:06,0,0,30.38,0,4,10,0.166667,0,0,1,0.0166667,0,0,0,0,0,0,0,0,0,172,105,0,0,0,0,0,0,0,0,0,0,0
2025-12-21 22:37:06,0,0,31,0,1,477,7.95,11,0.183333,39,0.65,0,0,0,0,0,0,0,0,0,167,104,0,0,0,0,0,0,0,0,0,0,0
2025-12-21 22:38:06,0,0,31.19,0,1,201,3.35,3,0.05,22,0.366667,0,0,0,0,0,0,0,0,0,164,101,0,0,0,0,0,0,0,0,0,0,0
2025-12-21 22:39:06,0,0,31.12,0,1,0,0,0,0,0,0,0,0,0,0,0,0,0,0,0,166,101,0,0,0,0,0,0,0,0,0,0,0
2025-12-21 22:40:06,0,0,31.06,0,1,0,0,0,0,0,0,0,0,0,0,0,0,0,0,0,167,101,0,0,0,0,0,0,0,0,0,0,0
2025-12-21 22:41:06,0,0,31.06,0,1,0,0,0,0,0,0,0,0,0,0,0,0,0,0,0,169,101,0,0,0,0,0,0,0,0,0,0,0
2025-12-21 22:42:06,0,0,31,0,1,0,0,0,0,0,0,0,0,0,0,0,0,0,0,0,171,101,0,0,0,0,0,0,0,0,0,0,0
2025-12-21 22:43:06,0,0,31.06,0,1,0,0,0,0,0,0,0,0,0,0,0,0,0,0,0,177,101,0,0,0,0,0,0,0,0,0,0,0
2025-12-21 22:44:06,0,0,30.75,0,1,5357,89.2833,103,1.71667,377,6.28333,12.76,0,0,0,0,0,0,0,0,156,100,1e-04,4e-04,4e-04,0.0012,0.0019,0.0032,0.0037,0.0023,5.66,0.01,0
2025-12-21 22:45:06,0,0,30.56,0,8,2229,37.15,32,0.533333,178,2.96667,0,0,0,0,0,0,0,0,0,201,104,0,0,0,0,0,0,0,0,0,0,0
2025-12-21 22:46:06,0,0,30.5,0,4,18,0.3,0,0,1,0.0166667,0,0,0,0,0,0,0,0,0,200,106,0,0,0,0,0,0,0,0,0,0,0
2025-12-21 22:47:06,0,0,30.38,0,4,76,1.26667,0,0,6,0.1,0,0,0,0,0,0,0,0,0,197,108,0,0,0,0,0,0,0,0,0,0,0
2025-12-21 22:48:06,0,0,30.31,0,4,687,11.45,18,0.3,51,0.85,0,0,0,0,0,0,0,0,0,187,112,0,0,0,0,0,0,0,0,0,0,0
2025-12-21 22:49:06,0,0,30.31,0,4,32,0.533333,0,0,1,0.0166667,0,0,0,0,0,0,0,0,0,189,118,0,0,0,0,0,0,0,0,0,0,0
2025-12-21 22:50:06,0,0,30.31,0,4,1272,21.2,22,0.366667,84,1.4,0,0,0,0,0,0,0,0,0,163,103,0,0,0,0,0,0,0,0,0,0,0
2025-12-21 22:51:06,0,0,30.56,0,16,2389,39.8167,36,0.6,187,3.11667,0,0,0,0,0,0,0,0,0,176,112,0,0,0,0,0,0,0,0,0,0,0
2025-12-21 22:52:06,0,0,30.75,0,16,1266,21.1,11,0.183333,102,1.7,0,0,0,0,0,0,0,0,0,210,157,0,0,0,0,0,0,0,0,0,0,0
2025-12-21 22:53:06,0,0,31,0,16,2158,35.9667,71,1.18333,129,2.15,0,0,0,0,0,0,0,0,0,172,130,0,0,0,0,0,0,0,0,0,0,0
2025-12-21 22:54:06,0,0,31.06,0,16,264,4.4,7,0.116667,15,0.25,0,0,0,0,0,0,0,0,0,175,134,0,0,0,0,0,0,0,0,0,0,0
2025-12-21 22:55:06,0,0,30.88,0,16,1217,20.2833,26,0.433333,88,1.46667,0,0,0,0,0,0,0,0,0,151,118,0,0,0,0,0,0,0,0,0,0,0
2025-12-21 22:56:06,0,0,30.56,0,16,1035,17.25,27,0.45,79,1.31667,0,0,0,0,0,0,0,0,0,177,152,0,0,0,0,0,0,0,0,0,0,0
2025-12-21 22:57:06,0,0,30.5,0,16,406,6.76667,10,0.166667,24,0.4,0,0,0,0,0,0,0,0,0,167,142,0,0,0,0,0,0,0,0,0,0,0
2025-12-21 22:58:06,0,0,30.75,0,16,912,15.2,22,0.366667,67,1.11667,0,0,0,0,0,0,0,0,0,166,116,0,0,0,0,0,0,0,0,0,0,0
2025-12-21 22:59:06,0,0,30.94,0,2,232,3.86667,1,0.0166667,13,0.216667,0,0,0,0,0,0,0,0,0,195,150,0,0,0,0,0,0,0,0,0,0,0
2025-12-21 23:00:06,0,0,30.75,0,16,1724,28.7333,50,0.833333,111,1.85,0,0,0,0,0,0,0,0,0,155,140,0,0,0,0,0,0,0,0,0,0,0
2025-12-21 23:01:06,0,0,30.81,0,16,154,2.56667,3,0.05,10,0.166667,0,0,0,0,0,0,0,0,0,144,118,0,0,0,0,0,0,0,0,0,0,0
2025-12-21 23:02:06,0,0,30.88,0,16,498,8.3,3,0.05,36,0.6,0,0,0,0,0,0,0,0,0,162,147,0,0,0,0,0,0,0,0,0,0,0
2025-12-21 23:03:06,0,0,30.62,0,16,3,0.05,0,0,0,0,0,0,0,0,0,0,0,0,0,161,149,0,0,0,0,0,0,0,0,0,0,0
2025-12-21 23:04:06,0,0,31.56,0,2,1307,21.7833,13,0.216667,100,1.66667,0,0,0,0,0,0,0,0,0,170,129,0,0,0,0,0,0,0,0,0,0,0
2025-12-21 23:05:06,0,0,31.69,0,2,1099,18.3167,19,0.316667,95,1.58333,0,0,0,0,0,0,0,0,0,153,120,0,0,0,0,0,0,0,0,0,0,0
2025-12-21 23:06:06,0,0,31.81,0,2,1297,21.6167,11,0.183333,108,1.8,0,0,0,0,0,0,0,0,0,146,111,0,0,0,0,0,0,0,0,0,0,0
2025-12-21 23:07:06,0,0,31.69,0,2,707,11.7833,13,0.216667,53,0.883333,0,0,0,0,0,0,0,0,0,153,112,0,0,0,0,0,0,0,0,0,0,0
2025-12-21 23:08:06,0,0,31.31,0,16,969,16.15,16,0.266667,60,1,0,0,0,0,0,0,0,0,0,160,121,0,0,0,0,0,0,0,0,0,0,0
2025-12-21 23:09:06,0,0,31.69,0,2,64,1.06667,0,0,3,0.05,0,0,0,0,0,0,0,0,0,171,123,0,0,0,0,0,0,0,0,0,0,0
2025-12-21 23:10:06,0,0,31.5,0,4,1141,19.0167,27,0.45,70,1.16667,0,0,0,0,0,0,0,0,0,144,119,0,0,0,0,0,0,0,0,0,0,0
2025-12-21 23:11:06,0,0,31.56,0,4,45,0.75,0,0,1,0.0166667,0,0,0,0,0,0,0,0,0,143,113,0,0,0,0,0,0,0,0,0,0,0
2025-12-21 23:12:06,0,0,31.56,0,4,0,0,0,0,0,0,0,0,0,0,0,0,0,0,0,143,115,0,0,0,0,0,0,0,0,0,0,0
2025-12-21 23:13:06,0,0,31.62,0,4,13,0.216667,0,0,0,0,0,0,0,0,0,0,0,0,0,143,119,0,0,0,0,0,0,0,0,0,0,0
2025-12-21 23:14:06,0,0,31.62,0,4,168,2.8,1,0.0166667,13,0.216667,0,0,0,0,0,0,0,0,0,142,114,0,0,0,0,0,0,0,0,0,0,0
2025-12-21 23:15:06,0,0,31.38,0,4,2551,42.5167,52,0.866667,242,4.03333,0,0,0,0,0,0,0,0,0,196,161,0,0,0,0,0,0,0,0,0,0,0
2025-12-21 23:16:06,0,0,31.12,0,4,73,1.21667,0,0,5,0.0833333,0,0,0,0,0,0,0,0,0,177,151,0,0,0,0,0,0,0,0,0,0,0
2025-12-21 23:17:06,0,0,31.5,0,4,94,1.56667,1,0.0166667,5,0.0833333,0,0,0,0,0,0,0,0,0,142,111,0,0,0,0,0,0,0,0,0,0,0
2025-12-21 23:18:06,0,0,31.44,0,4,921,15.35,32,0.533333,50,0.833333,0,0,0,0,0,0,0,0,0,146,129,0,0,0,0,0,0,0,0,0,0,0
2025-12-21 23:19:06,0,0,31.25,0,4,21,0.35,0,0,1,0.0166667,0,0,0,0,0,0,0,0,0,145,123,0,0,0,0,0,0,0,0,0,0,0
2025-12-21 23:20:06,0,0,31.12,0,4,49,0.816667,0,0,7,0.116667,0,0,0,0,0,0,0,0,0,144,123,0,0,0,0,0,0,0,0,0,0,0
2025-12-21 23:21:06,0,0,31.06,0,4,31,0.516667,0,0,3,0.05,0,0,0,0,0,0,0,0,0,144,129,0,0,0,0,0,0,0,0,0,0,0
2025-12-21 23:22:06,0,0,31,0,4,43,0.716667,0,0,0,0,0,0,0,0,0,0,0,0,0,144,129,0,0,0,0,0,0,0,0,0,0,0
2025-12-21 23:23:06,0,0,31,0,4,0,0,0,0,0,0,0,0,0,0,0,0,0,0,0,143,128,0,0,0,0,0,0,0,0,0,0,0
2025-12-21 23:24:06,0,0,31.19,0,4,122,2.03333,4,0.0666667,9,0.15,0,0,0,0,0,0,0,0,0,141,109,0,0,0,0,0,0,0,0,0,0,0
2025-12-21 23:25:06,0,0,31.44,0,4,812,13.5333,18,0.3,54,0.9,0,0,0,0,0,0,0,0,0,141,111,0,0,0,0,0,0,0,0,0,0,0
2025-12-21 23:26:06,0,0,31.5,0,4,207,3.45,1,0.0166667,12,0.2,0,0,0,0,0,0,0,0,0,140,110,0,0,0,0,0,0,0,0,0,0,0
2025-12-21 23:27:06,0,0,31.38,0,4,527,8.78333,6,0.1,36,0.6,0,0,0,0,0,0,0,0,0,142,121,0,0,0,0,0,0,0,0,0,0,0
2025-12-21 23:28:06,0,0,31.56,0,1,4103,68.3833,74,1.23333,313,5.21667,0,0,0,0,0,0,0,0,0,182,142,0,0,0,0,0,0,0,0,0,0,0
2025-12-21 23:29:06,0,0,31.44,0,1,2295,38.25,38,0.633333,162,2.7,0,0,0,0,0,0,0,0,0,143,108,0,0,0,0,0,0,0,0,0,0,0
2025-12-21 23:30:06,0,0,31.31,0,16,5896,98.2667,131,2.18333,403,6.71667,7.3,0,0,0,0,0,0,0,0,140,119,1e-04,0.0013,6e-04,9e-04,0.0012,0.0012,9e-04,5e-04,9.05,0,0
2025-12-21 23:31:06,0,0,31.19,0,1,4548,75.8,82,1.36667,364,6.06667,0,0,0,0,0,0,0,0,0,140,111,0,0,0,0,0,0,0,0,0,0,0
2025-12-21 23:32:06,0,0,31.12,0,1,6009,100.15,151,2.51667,317,5.28333,7.99,0,0,0,0,0,0,0,0,138,104,1e-04,2e-04,2e-04,6e-04,0.0013,0.002,0.0023,0.0014,2.4,0,0
2025-12-21 23:33:06,0,0,30.81,0,16,9208,153.467,254,4.23333,413,6.88333,6.3,0,0,0,0,0,0,0,0,147,128,1e-04,1e-04,2e-04,5e-04,0.001,0.0016,0.0018,0.0011,2.15,0,0
2025-12-21 23:34:06,0,0,30.19,0,2,4664,77.7333,151,2.51667,226,3.76667,0,0,0,0,0,0,0,0,0,185,145,0,0,0,0,0,0,0,0,0,0,0
2025-12-21 23:35:06,0,0,30.06,0,2,2611,43.5167,67,1.11667,176,2.93333,0,0,0,0,0,0,0,0,0,142,110,0,0,0,0,0,0,0,0,0,0,0
2025-12-21 23:36:06,0,0,29.75,0,2,878,14.6333,11,0.183333,75,1.25,0,0,0,0,0,0,0,0,0,149,122,0,0,0,0,0,0,0,0,0,0,0
2025-12-21 23:37:06,0,0,29.31,0,2,887,14.7833,26,0.433333,42,0.7,0,0,0,0,0,0,0,0,0,170,144,0,0,0,0,0,0,0,0,0,0,0
2025-12-21 23:38:06,0,0,29.12,0,2,1514,25.2333,45,0.75,81,1.35,0,0,0,0,0,0,0,0,0,231,176,0,0,0,0,0,0,0,0,0,0,0
2025-12-21 23:39:06,0,0,28.62,0,16,89,1.48333,0,0,4,0.0666667,0,0,0,0,0,0,0,0,0,231,178,0,0,0,0,0,0,0,0,0,0,0
2025-12-21 23:40:06,0,0,28.5,0,16,693,11.55,16,0.266667,49,0.816667,0,0,0,0,0,0,0,0,0,221,170,0,0,0,0,0,0,0,0,0,0,0
2025-12-21 23:41:06,0,0,28.75,0,16,1398,23.3,40,0.666667,71,1.18333,0,0,0,0,0,0,0,0,0,230,178,0,0,0,0,0,0,0,0,0,0,0
2025-12-21 23:42:06,0,0,28.56,0,16,9,0.15,0,0,0,0,0,0,0,0,0,0,0,0,0,233,179,0,0,0,0,0,0,0,0,0,0,0
2025-12-21 23:43:06,0,0,28.75,0,16,1483,24.7167,55,0.916667,87,1.45,0,0,0,0,0,0,0,0,0,238,175,0,0,0,0,0,0,0,0,0,0,0
2025-12-21 23:44:06,0,0,28.81,0,16,0,0,0,0,0,0,0,0,0,0,0,0,0,0,0,237,175,0,0,0,0,0,0,0,0,0,0,0
2025-12-21 23:45:06,0,0,29.19,0,16,384,6.4,9,0.15,22,0.366667,0,0,0,0,0,0,0,0,0,237,176,0,0,0,0,0,0,0,0,0,0,0
2025-12-21 23:46:06,0,0,29.25,0,16,22,0.366667,0,0,1,0.0166667,0,0,0,0,0,0,0,0,0,237,175,0,0,0,0,0,0,0,0,0,0,0
2025-12-21 23:47:06,0,0,30.25,0,16,1012,16.8667,30,0.5,68,1.13333,0,0,0,0,0,0,0,0,0,200,150,0,0,0,0,0,0,0,0,0,0,0
2025-12-21 23:48:06,0,0,30.31,0,16,4,0.0666667,0,0,0,0,0,0,0,0,0,0,0,0,0,200,148,0,0,0,0,0,0,0,0,0,0,0
2025-12-21 23:49:06,0,0,30.31,0,16,0,0,0,0,0,0,0,0,0,0,0,0,0,0,0,200,146,0,0,0,0,0,0,0,0,0,0,0
2025-12-21 23:50:06,0,0,30.44,0,16,2592,43.2,93,1.55,162,2.7,0,0,0,0,0,0,0,0,0,208,148,0,0,0,0,0,0,0,0,0,0,0
2025-12-21 23:51:06,0,0,30,0,16,196,3.26667,3,0.05,10,0.166667,0,0,0,0,0,0,0,0,0,226,162,0,0,0,0,0,0,0,0,0,0,0
2025-12-21 23:52:06,0,0,30.25,0,1,2098,34.9667,51,0.85,121,2.01667,0,0,0,0,0,0,0,0,0,212,148,0,0,0,0,0,0,0,0,0,0,0
2025-12-21 23:53:06,0,0,30,0,16,851,14.1833,16,0.266667,46,0.766667,0,0,0,0,0,0,0,0,0,239,175,0,0,0,0,0,0,0,0,0,0,0
2025-12-21 23:54:06,0,0,30,0,16,1953,32.55,43,0.716667,116,1.93333,0,0,0,0,0,0,0,0,0,219,157,0,0,0,0,0,0,0,0,0,0,0
2025-12-21 23:55:06,0,0,29.81,0,16,2685,44.75,55,0.916667,169,2.81667,0,0,0,0,0,0,0,0,0,204,152,0,0,0,0,0,0,0,0,0,0,0
2025-12-21 23:56:06,0,0,30.12,0,2,694,11.5667,18,0.3,45,0.75,0,0,0,0,0,0,0,0,0,208,151,0,0,0,0,0,0,0,0,0,0,0
2025-12-21 23:57:06,0,0,30.31,0,16,1769,29.4833,25,0.416667,140,2.33333,0,0,0,0,0,0,0,0,0,224,174,0,0,0,0,0,0,0,0,0,0,0
2025-12-21 23:58:06,0,0,30.44,0,16,34,0.566667,0,0,4,0.0666667,0,0,0,0,0,0,0,0,0,188,154,0,0,0,0,0,0,0,0,0,0,0
2025-12-21 23:59:06,0,0,30.44,0,16,63,1.05,0,0,2,0.0333333,0,0,0,0,0,0,0,0,0,187,152,0,0,0,0,0,0,0,0,0,0,0
2025-12-22 00:00:06,0,0,30.5,0,16,144,2.4,2,0.0333333,14,0.233333,0,0,0,0,0,0,0,0,0,179,152,0,0,0,0,0,0,0,0,0,0,0
2025-12-22 00:01:06,0,0,30.31,0,16,691,11.5167,23,0.383333,47,0.783333,0,0,0,0,0,0,0,0,0,209,164,0,0,0,0,0,0,0,0,0,0,0
2025-12-22 00:02:06,0,0,30.31,0,16,190,3.16667,0,0,12,0.2,0,0,0,0,0,0,0,0,0,204,157,0,0,0,0,0,0,0,0,0,0,0
2025-12-22 00:03:06,0,0,30.44,0,16,776,12.9333,11,0.183333,50,0.833333,0,0,0,0,0,0,0,0,0,214,151,0,0,0,0,0,0,0,0,0,0,0
2025-12-22 00:04:06,0,0,30,0,16,949,15.8167,18,0.3,62,1.03333,0,0,0,0,0,0,0,0,0,235,178,0,0,0,0,0,0,0,0,0,0,0
2025-12-22 00:05:06,0,0,29.5,0,2,724,12.0667,13,0.216667,36,0.6,0,0,0,0,0,0,0,0,0,233,176,0,0,0,0,0,0,0,0,0,0,0
2025-12-22 00:06:06,0,0,29.31,0,2,405,6.75,1,0.0166667,29,0.483333,0,0,0,0,0,0,0,0,0,235,175,0,0,0,0,0,0,0,0,0,0,0
2025-12-22 00:07:06,0,0,28.88,0,2,0,0,0,0,0,0,0,0,0,0,0,0,0,0,0,235,176,0,0,0,0,0,0,0,0,0,0,0
2025-12-22 00:08:06,0,0,28.62,0,2,0,0,0,0,0,0,0,0,0,0,0,0,0,0,0,235,175,0,0,0,0,0,0,0,0,0,0,0
2025-12-22 00:09:06,0,0,29.31,0,2,1460,24.3333,47,0.783333,71,1.18333,0,0,0,0,0,0,0,0,0,210,153,0,0,0,0,0,0,0,0,0,0,0
2025-12-22 00:10:06,0,0,29.62,0,16,27,0.45,0,0,4,0.0666667,0,0,0,0,0,0,0,0,0,213,160,0,0,0,0,0,0,0,0,0,0,0
2025-12-22 00:11:06,0,0,29.5,0,16,139,2.31667,0,0,12,0.2,0,0,0,0,0,0,0,0,0,217,154,0,0,0,0,0,0,0,0,0,0,0
2025-12-22 00:12:06,0,0,29.62,0,16,1709,28.4833,30,0.5,113,1.88333,0,0,0,0,0,0,0,0,0,211,154,0,0,0,0,0,0,0,0,0,0,0
2025-12-22 00:13:06,0,0,30.06,0,4,0,0,0,0,0,0,0,0,0,0,0,0,0,0,0,187,140,0,0,0,0,0,0,0,0,0,0,0
2025-12-22 00:14:06,0,0,30.5,0,4,0,0,0,0,0,0,0,0,0,0,0,0,0,0,0,183,137,0,0,0,0,0,0,0,0,0,0,0
2025-12-22 00:15:06,0,0,30.94,0,4,0,0,0,0,0,0,0,0,0,0,0,0,0,0,0,182,137,0,0,0,0,0,0,0,0,0,0,0
2025-12-22 00:16:06,0,0,31.25,0,4,0,0,0,0,0,0,0,0,0,0,0,0,0,0,0,180,134,0,0,0,0,0,0,0,0,0,0,0
2025-12-22 00:17:06,0,0,31.5,0,4,0,0,0,0,0,0,0,0,0,0,0,0,0,0,0,179,132,0,0,0,0,0,0,0,0,0,0,0
2025-12-22 00:18:06,0,0,31.81,0,4,42,0.7,0,0,6,0.1,0,0,0,0,0,0,0,0,0,177,130,0,0,0,0,0,0,0,0,0,0,0
2025-12-22 00:19:06,0,0,32,0,4,0,0,0,0,0,0,0,0,0,0,0,0,0,0,0,173,128,0,0,0,0,0,0,0,0,0,0,0
2025-12-22 00:20:06,0,0,32.19,0,4,0,0,0,0,0,0,0,0,0,0,0,0,0,0,0,172,128,0,0,0,0,0,0,0,0,0,0,0
2025-12-22 00:21:06,0,0,32.31,0,4,709,11.8167,10,0.166667,71,1.18333,0,0,0,0,0,0,0,0,0,227,163,0,0,0,0,0,0,0,0,0,0,0
2025-12-22 00:22:06,0,1,32.31,0,16,5274,87.9,161,2.68333,309,5.15,0,0,0,0,0,0,0,0,0,194,144,0,0,0,0,0,0,0,0,0,0,0
2025-12-22 00:23:06,0,0,32.38,0,16,885,14.75,20,0.333333,50,0.833333,0,0,0,0,0,0,0,0,11,170,128,0,0,0,0,0,0,0,0,0,0,0
2025-12-22 00:24:06,0,0,32.38,0,16,0,0,0,0,0,0,0,0,0,0,0,0,0,0,11,166,122,0,0,0,0,0,0,0,0,0,0,0
2025-12-22 00:25:06,0,0,32.38,0,16,0,0,0,0,0,0,0,0,0,0,0,0,0,0,11,161,118,0,0,0,0,0,0,0,0,0,0,0
2025-12-22 00:26:06,0,0,32.44,0,16,0,0,0,0,0,0,0,0,0,0,0,0,0,0,11,159,116,0,0,0,0,0,0,0,0,0,0,0
2025-12-22 00:27:06,0,0,32.5,0,16,0,0,0,0,0,0,0,0,0,0,0,0,0,0,1,158,114,0,0,0,0,0,0,0,0,0,0,1
2025-12-22 00:28:06,0,0,32.56,0,16,0,0,0,0,0,0,0,0,0,0,0,0,0,0,1,157,114,0,0,0,0,0,0,0,0,0,0,1
2025-12-22 00:29:06,0,0,32.56,0,16,0,0,0,0,0,0,0,0,0,0,0,0,0,0,1,155,112,0,0,0,0,0,0,0,0,0,0,1
2025-12-22 00:30:06,0,0,32.62,0,16,0,0,0,0,0,0,0,0,0,0,0,0,0,0,1,154,111,0,0,0,0,0,0,0,0,0,0,1
2025-12-22 00:31:06,0,0,32.69,0,16,0,0,0,0,0,0,0,0,0,0,0,0,0,0,1,152,110,0,0,0,0,0,0,0,0,0,0,1
2025-12-22 00:32:06,0,0,32.75,0,16,0,0,0,0,0,0,0,0,0,0,0,0,0,0,1,152,110,0,0,0,0,0,0,0,0,0,0,1
2025-12-22 00:33:06,0,0,32.75,0,16,0,0,0,0,0,0,0,0,0,0,0,0,0,0,1,151,109,0,0,0,0,0,0,0,0,0,0,1
2025-12-22 00:34:06,0,0,32.81,0,16,0,0,0,0,0,0,0,0,0,0,0,0,0,0,1,150,108,0,0,0,0,0,0,0,0,0,0,1
2025-12-22 00:35:06,0,0,32.88,0,16,0,0,0,0,0,0,0,0,0,0,0,0,0,0,1,150,108,0,0,0,0,0,0,0,0,0,0,1
2025-12-22 00:36:06,0,0,32.94,0,16,0,0,0,0,0,0,0,0,0,0,0,0,0,0,1,150,108,0,0,0,0,0,0,0,0,0,0,1
2025-12-22 00:37:06,0,0,33,0,16,0,0,0,0,0,0,0,0,0,0,0,0,0,0,1,150,108,0,0,0,0,0,0,0,0,0,0,1
2025-12-22 00:38:06,0,0,33.06,0,16,0,0,0,0,0,0,0,0,0,0,0,0,0,0,1,149,107,0,0,0,0,0,0,0,0,0,0,1
2025-12-22 00:39:06,0,0,33.12,0,16,0,0,0,0,0,0,0,0,0,0,0,0,0,0,1,149,106,0,0,0,0,0,0,0,0,0,0,1
2025-12-22 00:40:06,0,0,33.19,0,16,0,0,0,0,0,0,0,0,0,0,0,0,0,0,1,150,107,0,0,0,0,0,0,0,0,0,0,1
2025-12-22 00:41:06,0,0,33.19,0,16,0,0,0,0,0,0,0,0,0,0,0,0,0,0,1,148,106,0,0,0,0,0,0,0,0,0,0,1
2025-12-22 00:42:06,0,0,33.25,0,16,0,0,0,0,0,0,0,0,0,0,0,0,0,0,1,148,106,0,0,0,0,0,0,0,0,0,0,1
2025-12-22 00:43:06,0,0,33.31,0,16,0,0,0,0,0,0,0,0,0,0,0,0,0,0,1,148,106,0,0,0,0,0,0,0,0,0,0,1
2025-12-22 00:44:06,0,0,33.31,0,16,0,0,0,0,0,0,0,0,0,0,0,0,0,0,1,148,107,0,0,0,0,0,0,0,0,0,0,1
2025-12-22 00:45:06,0,0,33.38,0,16,0,0,0,0,0,0,0,0,0,0,0,0,0,0,1,148,105,0,0,0,0,0,0,0,0,0,0,1
2025-12-22 00:46:06,0,0,33.38,0,16,0,0,0,0,0,0,0,0,0,0,0,0,0,0,1,147,105,0,0,0,0,0,0,0,0,0,0,1
2025-12-22 00:47:06,0,0,33.38,0,16,0,0,0,0,0,0,0,0,0,0,0,0,0,0,1,148,106,0,0,0,0,0,0,0,0,0,0,1
2025-12-22 00:48:06,0,0,33.44,0,16,0,0,0,0,0,0,0,0,0,0,0,0,0,0,1,148,105,0,0,0,0,0,0,0,0,0,0,1
2025-12-22 00:49:06,0,0,33.5,0,16,0,0,0,0,0,0,0,0,0,0,0,0,0,0,1,147,105,0,0,0,0,0,0,0,0,0,0,1
2025-12-22 00:50:06,0,0,33.5,0,16,0,0,0,0,0,0,0,0,0,0,0,0,0,0,1,147,105,0,0,0,0,0,0,0,0,0,0,1
2025-12-22 00:51:06,0,0,33.56,0,16,0,0,0,0,0,0,0,0,0,0,0,0,0,0,1,146,105,0,0,0,0,0,0,0,0,0,0,1
2025-12-22 00:52:06,0,0,33.56,0,16,1149,19.15,32,0.533333,61,1.01667,0,0,0,0,0,0,0,0,1,150,102,0,0,0,0,0,0,0,0,0,0,1
2025-12-22 00:53:06,0,0,33.31,0,16,0,0,0,0,0,0,0,0,0,0,0,0,0,0,1,142,111,0,0,0,0,0,0,0,0,0,0,1
2025-12-22 00:54:06,0,0,33.12,0,16,0,0,0,0,0,0,0,0,0,0,0,0,0,0,1,142,109,0,0,0,0,0,0,0,0,0,0,1
2025-12-22 00:55:06,0,0,32.88,0,16,0,0,0,0,0,0,0,0,0,0,0,0,0,0,1,141,108,0,0,0,0,0,0,0,0,0,0,1
2025-12-22 00:56:06,0,0,32.69,0,16,0,0,0,0,0,0,0,0,0,0,0,0,0,0,1,141,109,0,0,0,0,0,0,0,0,0,0,1
2025-12-22 00:57:06,0,0,32.56,0,16,0,0,0,0,0,0,0,0,0,0,0,0,0,0,1,141,108,0,0,0,0,0,0,0,0,0,0,1
2025-12-22 00:58:06,0,0,32.44,0,16,89,1.48333,2,0.0333333,5,0.0833333,0,0,0,0,0,0,0,0,1,155,103,0,0,0,0,0,0,0,0,0,0,1
2025-12-22 00:59:06,0,0,32.25,0,16,0,0,0,0,0,0,0,0,0,0,0,0,0,0,1,149,103,0,0,0,0,0,0,0,0,0,0,1
2025-12-22 01:00:06,0,0,32.06,0,16,0,0,0,0,0,0,0,0,0,0,0,0,0,0,1,149,102,0,0,0,0,0,0,0,0,0,0,1
2025-12-22 01:01:06,0,0,31.81,0,16,0,0,0,0,0,0,0,0,0,0,0,0,0,0,1,148,103,0,0,0,0,0,0,0,0,0,0,1
2025-12-22 01:02:06,0,0,31.62,0,16,4,0.0666667,0,0,0,0,0,0,0,0,0,0,0,0,1,151,103,0,0,0,0,0,0,0,0,0,0,1
2025-12-22 01:03:06,0,0,31.44,0,16,0,0,0,0,0,0,0,0,0,0,0,0,0,0,1,149,103,0,0,0,0,0,0,0,0,0,0,1
2025-12-22 01:04:06,0,0,31.31,0,16,0,0,0,0,0,0,0,0,0,0,0,0,0,0,1,148,103,0,0,0,0,0,0,0,0,0,0,1
2025-12-22 01:05:06,0,0,31.19,0,16,141,2.35,2,0.0333333,16,0.266667,0,0,0,0,0,0,0,0,1,143,111,0,0,0,0,0,0,0,0,0,0,1
2025-12-22 01:06:06,0,0,30.94,0,16,0,0,0,0,0,0,0,0,0,0,0,0,0,0,1,142,117,0,0,0,0,0,0,0,0,0,0,1
2025-12-22 01:07:06,0,0,30.94,0,16,0,0,0,0,0,0,0,0,0,0,0,0,0,0,1,141,116,0,0,0,0,0,0,0,0,0,0,1
2025-12-22 01:08:06,0,0,30.88,0,16,0,0,0,0,0,0,0,0,0,0,0,0,0,0,1,141,116,0,0,0,0,0,0,0,0,0,0,1
2025-12-22 01:09:06,0,0,30.94,0,16,0,0,0,0,0,0,0,0,0,0,0,0,0,0,1,141,115,0,0,0,0,0,0,0,0,0,0,1
2025-12-22 01:10:06,0,0,30.94,0,16,0,0,0,0,0,0,0,0,0,0,0,0,0,0,1,141,115,0,0,0,0,0,0,0,0,0,0,1
2025-12-22 01:11:06,0,0,30.94,0,16,0,0,0,0,0,0,0,0,0,0,0,0,0,0,1,141,114,0,0,0,0,0,0,0,0,0,0,1
2025-12-22 01:12:06,0,0,30.94,0,16,0,0,0,0,0,0,0,0,0,0,0,0,0,0,1,141,114,0,0,0,0,0,0,0,0,0,0,1
2025-12-22 01:13:06,0,0,30.94,0,16,0,0,0,0,0,0,0,0,0,0,0,0,0,0,1,141,115,0,0,0,0,0,0,0,0,0,0,1
2025-12-22 01:14:06,0,0,30.94,0,16,0,0,0,0,0,0,0,0,0,0,0,0,0,0,1,141,114,0,0,0,0,0,0,0,0,0,0,1
2025-12-22 01:15:06,0,0,30.94,0,16,0,0,0,0,0,0,0,0,0,0,0,0,0,0,1,141,114,0,0,0,0,0,0,0,0,0,0,1
2025-12-22 01:16:06,0,0,30.94,0,16,0,0,0,0,0,0,0,0,0,0,0,0,0,0,1,141,115,0,0,0,0,0,0,0,0,0,0,1
2025-12-22 01:17:06,0,0,30.88,0,16,0,0,0,0,0,0,0,0,0,0,0,0,0,0,1,141,115,0,0,0,0,0,0,0,0,0,0,1
2025-12-22 01:18:06,0,0,30.88,0,16,0,0,0,0,0,0,0,0,0,0,0,0,0,0,1,141,115,0,0,0,0,0,0,0,0,0,0,1
2025-12-22 01:19:06,0,0,30.88,0,16,0,0,0,0,0,0,0,0,0,0,0,0,0,0,2,141,115,0,0,0,0,0,0,0,0,0,0,1
2025-12-22 01:20:06,0,0,30.88,0,16,1749,29.15,71,1.18333,71,1.18333,0,0,0,0,0,0,0,0,2,146,109,0,0,0,0,0,0,0,0,0,0,1
2025-12-22 01:21:06,0,0,31.06,0,16,1943,32.3833,53,0.883333,125,2.08333,0,0,0,0,0,0,0,0,2,173,106,0,0,0,0,0,0,0,0,0,0,1
2025-12-22 01:22:06,0,0,31.38,0,1,0,0,0,0,0,0,0,0,0,0,0,0,0,0,1,169,105,0,0,0,0,0,0,0,0,0,0,1
2025-12-22 01:23:06,0,0,31.69,0,1,0,0,0,0,0,0,0,0,0,0,0,0,0,0,2,167,104,0,0,0,0,0,0,0,0,0,0,1
2025-12-22 01:24:06,0,0,32,0,1,5,0.0833333,0,0,1,0.0166667,0,0,0,0,0,0,0,0,2,168,104,0,0,0,0,0,0,0,0,0,0,1
2025-12-22 01:25:06,0,0,32.38,0,16,946,15.7667,31,0.516667,68,1.13333,0,0,0,0,0,0,0,0,2,160,108,0,0,0,0,0,0,0,0,0,0,1
2025-12-22 01:26:06,0,0,32.62,0,16,0,0,0,0,0,0,0,0,0,0,0,0,0,0,2,154,106,0,0,0,0,0,0,0,0,0,0,1
2025-12-22 01:27:06,0,0,32.81,0,16,3287,54.7833,113,1.88333,225,3.75,0,0,0,0,0,0,0,0,2,164,104,0,0,0,0,0,0,0,0,0,0,1
2025-12-22 01:28:06,0,0,32.88,0,16,5290,88.1667,123,2.05,336,5.6,0,0,0,0,0,0,0,0,2,146,105,0,0,0,0,0,0,0,0,0,0,1
2025-12-22 01:29:06,0,0,32.75,0,8,2019,33.65,38,0.633333,128,2.13333,0,0,0,0,0,0,0,0,2,155,118,0,0,0,0,0,0,0,0,0,0,1
2025-12-22 01:30:06,0,0,32.5,0,16,2969,49.4833,94,1.56667,134,2.23333,0,0,0,0,0,0,0,0,2,150,108,0,0,0,0,0,0,0,0,0,0,1
2025-12-22 01:31:06,0,0,32.25,0,16,0,0,0,0,0,0,0,0,0,0,0,0,0,0,2,149,107,0,0,0,0,0,0,0,0,0,0,1
2025-12-22 01:32:06,0,0,32.12,0,16,0,0,0,0,0,0,0,0,0,0,0,0,0,0,2,147,107,0,0,0,0,0,0,0,0,0,0,1
2025-12-22 01:33:06,0,0,32.06,0,16,0,0,0,0,0,0,0,0,0,0,0,0,0,0,2,147,106,0,0,0,0,0,0,0,0,0,0,1
2025-12-22 01:34:06,0,0,32.12,0,16,0,0,0,0,0,0,0,0,0,0,0,0,0,0,2,146,106,0,0,0,0,0,0,0,0,0,0,1
2025-12-22 01:35:06,0,0,32.12,0,16,0,0,0,0,0,0,0,0,0,0,0,0,0,0,1,146,106,0,0,0,0,0,0,0,0,0,0,1
2025-12-22 01:36:06,0,0,32.19,0,16,0,0,0,0,0,0,0,0,0,0,0,0,0,0,1,146,105,0,0,0,0,0,0,0,0,0,0,1
2025-12-22 01:37:06,0,0,32.25,0,16,36,0.6,0,0,2,0.0333333,0,0,0,0,0,0,0,0,1,145,106,0,0,0,0,0,0,0,0,0,0,1
2025-12-22 01:38:06,0,0,32.31,0,16,0,0,0,0,0,0,0,0,0,0,0,0,0,0,1,145,105,0,0,0,0,0,0,0,0,0,0,1
2025-12-22 01:39:06,0,0,32.44,0,16,0,0,0,0,0,0,0,0,0,0,0,0,0,0,1,144,105,0,0,0,0,0,0,0,0,0,0,1
2025-12-22 01:40:06,0,0,32.5,0,16,0,0,0,0,0,0,0,0,0,0,0,0,0,0,1,144,104,0,0,0,0,0,0,0,0,0,0,1
2025-12-22 01:41:06,0,0,32.56,0,16,0,0,0,0,0,0,0,0,0,0,0,0,0,0,1,144,104,0,0,0,0,0,0,0,0,0,0,1
2025-12-22 01:42:06,0,0,32.62,0,16,0,0,0,0,0,0,0,0,0,0,0,0,0,0,1,144,104,0,0,0,0,0,0,0,0,0,0,1
2025-12-22 01:43:06,0,0,32.75,0,16,0,0,0,0,0,0,0,0,0,0,0,0,0,0,1,144,104,0,0,0,0,0,0,0,0,0,0,1
2025-12-22 01:44:06,0,0,32.81,0,16,0,0,0,0,0,0,0,0,0,0,0,0,0,0,1,143,104,0,0,0,0,0,0,0,0,0,0,1
2025-12-22 01:45:06,0,0,32.88,0,16,0,0,0,0,0,0,0,0,0,0,0,0,0,0,1,143,104,0,0,0,0,0,0,0,0,0,0,1
2025-12-22 01:46:06,0,0,32.94,0,16,0,0,0,0,0,0,0,0,0,0,0,0,0,0,1,143,104,0,0,0,0,0,0,0,0,0,0,1
2025-12-22 01:47:06,0,0,32.94,0,16,0,0,0,0,0,0,0,0,0,0,0,0,0,0,1,143,104,0,0,0,0,0,0,0,0,0,0,1
2025-12-22 01:48:06,0,0,32.94,0,16,0,0,0,0,0,0,0,0,0,0,0,0,0,0,1,143,104,0,0,0,0,0,0,0,0,0,0,1
2025-12-22 01:49:06,0,0,33,0,16,53,0.883333,0,0,3,0.05,0,0,0,0,0,0,0,0,1,144,104,0,0,0,0,0,0,0,0,0,0,1
2025-12-22 01:50:06,0,0,33,0,16,0,0,0,0,0,0,0,0,0,0,0,0,0,0,1,144,104,0,0,0,0,0,0,0,0,0,0,1
2025-12-22 01:51:06,0,0,33,0,16,0,0,0,0,0,0,0,0,0,0,0,0,0,0,1,144,104,0,0,0,0,0,0,0,0,0,0,1
2025-12-22 01:52:06,0,0,33,0,16,0,0,0,0,0,0,0,0,0,0,0,0,0,0,1,144,104,0,0,0,0,0,0,0,0,0,0,1
2025-12-22 01:53:06,0,0,33,0,16,0,0,0,0,0,0,0,0,0,0,0,0,0,0,1,144,103,0,0,0,0,0,0,0,0,0,0,1
2025-12-22 01:54:06,0,0,32.94,0,16,0,0,0,0,0,0,0,0,0,0,0,0,0,0,1,144,103,0,0,0,0,0,0,0,0,0,0,1
2025-12-22 01:55:06,0,0,32.94,0,16,471,7.85,11,0.183333,20,0.333333,0,0,0,0,0,0,0,0,1,151,105,0,0,0,0,0,0,0,0,0,0,1
2025-12-22 01:56:06,0,0,32.81,0,4,71,1.18333,0,0,3,0.05,0,0,0,0,0,0,0,0,1,146,104,0,0,0,0,0,0,0,0,0,0,1
2025-12-22 01:57:06,0,0,32.62,0,1,0,0,0,0,0,0,0,0,0,0,0,0,0,0,1,145,103,0,0,0,0,0,0,0,0,0,0,1
2025-12-22 01:58:06,0,0,32.44,0,4,0,0,0,0,0,0,0,0,0,0,0,0,0,0,1,145,103,0,0,0,0,0,0,0,0,0,0,1
2025-12-22 01:59:06,0,0,32.19,0,4,3,0.05,0,0,0,0,0,0,0,0,0,0,0,0,1,146,103,0,0,0,0,0,0,0,0,0,0,1
2025-12-22 02:00:06,0,0,32,0,1,0,0,0,0,0,0,0,0,0,0,0,0,0,0,1,145,103,0,0,0,0,0,0,0,0,0,0,1
2025-12-22 02:01:06,0,0,31.81,0,1,0,0,0,0,0,0,0,0,0,0,0,0,0,0,1,145,103,0,0,0,0,0,0,0,0,0,0,1
2025-12-22 02:02:06,0,0,31.69,0,1,0,0,0,0,0,0,0,0,0,0,0,0,0,0,1,146,103,0,0,0,0,0,0,0,0,0,0,1
2025-12-22 02:03:06,0,0,31.5,0,1,0,0,0,0,0,0,0,0,0,0,0,0,0,0,1,145,103,0,0,0,0,0,0,0,0,0,0,1
2025-12-22 02:04:06,0,0,31.38,0,1,0,0,0,0,0,0,0,0,0,0,0,0,0,0,1,145,103,0,0,0,0,0,0,0,0,0,0,1
2025-12-22 02:05:06,0,0,31.25,0,1,0,0,0,0,0,0,0,0,0,0,0,0,0,0,1,146,103,0,0,0,0,0,0,0,0,0,0,1
2025-12-22 02:06:06,0,0,31.19,0,1,0,0,0,0,0,0,0,0,0,0,0,0,0,0,1,147,103,0,0,0,0,0,0,0,0,0,0,1
2025-12-22 02:07:06,0,0,31.06,0,4,11,0.183333,0,0,2,0.0333333,0,0,0,0,0,0,0,0,1,148,103,0,0,0,0,0,0,0,0,0,0,1
2025-12-22 02:08:06,0,0,31,0,1,61,1.01667,0,0,5,0.0833333,0,0,0,0,0,0,0,0,1,146,103,0,0,0,0,0,0,0,0,0,0,1
2025-12-22 02:09:06,0,0,30.81,0,16,127,2.11667,0,0,9,0.15,0,0,0,0,0,0,0,0,1,155,103,0,0,0,0,0,0,0,0,0,0,1
2025-12-22 02:10:06,0,0,30.69,0,16,0,0,0,0,0,0,0,0,0,0,0,0,0,0,1,154,103,0,0,0,0,0,0,0,0,0,0,1
2025-12-22 02:11:06,0,0,30.5,0,16,0,0,0,0,0,0,0,0,0,0,0,0,0,0,1,154,103,0,0,0,0,0,0,0,0,0,0,1
2025-12-22 02:12:06,0,0,30.38,0,16,0,0,0,0,0,0,0,0,0,0,0,0,0,0,1,155,103,0,0,0,0,0,0,0,0,0,0,1
2025-12-22 02:13:06,0,0,30.25,0,16,0,0,0,0,0,0,0,0,0,0,0,0,0,0,1,153,102,0,0,0,0,0,0,0,0,0,0,1
2025-12-22 02:14:06,0,0,30.12,0,16,0,0,0,0,0,0,0,0,0,0,0,0,0,0,1,160,103,0,0,0,0,0,0,0,0,0,0,1
2025-12-22 02:15:06,0,0,29.94,0,16,0,0,0,0,0,0,0,0,0,0,0,0,0,0,1,158,102,0,0,0,0,0,0,0,0,0,0,1
2025-12-22 02:16:06,0,0,29.81,0,16,8,0.133333,0,0,0,0,0,0,0,0,0,0,0,0,1,156,102,0,0,0,0,0,0,0,0,0,0,1
2025-12-22 02:17:06,0,0,29.75,0,16,973,16.2167,26,0.433333,59,0.983333,0,0,0,0,0,0,0,0,1,146,101,0,0,0,0,0,0,0,0,0,0,1
2025-12-22 02:18:06,0,0,29.81,0,16,16,0.266667,0,0,1,0.0166667,0,0,0,0,0,0,0,0,1,146,101,0,0,0,0,0,0,0,0,0,0,1
2025-12-22 02:19:06,0,0,29.94,0,16,0,0,0,0,0,0,0,0,0,0,0,0,0,0,1,146,101,0,0,0,0,0,0,0,0,0,0,1
2025-12-22 02:20:06,0,0,30.06,0,16,0,0,0,0,0,0,0,0,0,0,0,0,0,0,1,145,102,0,0,0,0,0,0,0,0,0,0,1
2025-12-22 02:21:06,0,0,30.25,0,16,6,0.1,0,0,0,0,0,0,0,0,0,0,0,0,1,146,101,0,0,0,0,0,0,0,0,0,0,1
2025-12-22 02:22:06,0,0,30.44,0,16,0,0,0,0,0,0,0,0,0,0,0,0,0,0,1,145,101,0,0,0,0,0,0,0,0,0,0,1
2025-12-22 02:23:06,0,0,30.62,0,16,0,0,0,0,0,0,0,0,0,0,0,0,0,0,1,144,101,0,0,0,0,0,0,0,0,0,0,1
2025-12-22 02:24:06,0,0,30.88,0,16,0,0,0,0,0,0,0,0,0,0,0,0,0,0,1,145,101,0,0,0,0,0,0,0,0,0,0,1
2025-12-22 02:25:06,0,0,30.94,0,16,7,0.116667,0,0,0,0,0,0,0,0,0,0,0,0,1,148,101,0,0,0,0,0,0,0,0,0,0,1
2025-12-22 02:26:06,0,0,31.06,0,16,0,0,0,0,0,0,0,0,0,0,0,0,0,0,1,145,101,0,0,0,0,0,0,0,0,0,0,1
2025-12-22 02:27:06,0,0,31.19,0,16,0,0,0,0,0,0,0,0,0,0,0,0,0,0,1,144,102,0,0,0,0,0,0,0,0,0,0,1
2025-12-22 02:28:06,0,0,31.38,0,16,0,0,0,0,0,0,0,0,0,0,0,0,0,0,1,144,102,0,0,0,0,0,0,0,0,0,0,1
2025-12-22 02:29:06,0,0,31.5,0,16,0,0,0,0,0,0,0,0,0,0,0,0,0,0,1,144,102,0,0,0,0,0,0,0,0,0,0,1
2025-12-22 02:30:06,0,0,31.62,0,16,0,0,0,0,0,0,0,0,0,0,0,0,0,0,1,144,102,0,0,0,0,0,0,0,0,0,0,1
2025-12-22 02:31:06,0,0,31.75,0,16,0,0,0,0,0,0,0,0,0,0,0,0,0,0,1,144,102,0,0,0,0,0,0,0,0,0,0,1
2025-12-22 02:32:06,0,0,31.81,0,16,3,0.05,0,0,0,0,0,0,0,0,0,0,0,0,1,145,102,0,0,0,0,0,0,0,0,0,0,1
2025-12-22 02:33:06,0,0,31.88,0,16,0,0,0,0,0,0,0,0,0,0,0,0,0,0,1,144,102,0,0,0,0,0,0,0,0,0,0,1
2025-12-22 02:34:06,0,0,32,0,16,0,0,0,0,0,0,0,0,0,0,0,0,0,0,1,144,102,0,0,0,0,0,0,0,0,0,0,1
2025-12-22 02:35:06,0,0,32.12,0,16,0,0,0,0,0,0,0,0,0,0,0,0,0,0,1,144,101,0,0,0,0,0,0,0,0,0,0,1
2025-12-22 02:36:06,0,0,32.19,0,16,0,0,0,0,0,0,0,0,0,0,0,0,0,0,1,144,101,0,0,0,0,0,0,0,0,0,0,1
2025-12-22 02:37:06,0,0,32.25,0,16,0,0,0,0,0,0,0,0,0,0,0,0,0,0,1,144,102,0,0,0,0,0,0,0,0,0,0,1
2025-12-22 02:38:06,0,0,32.38,0,16,0,0,0,0,0,0,0,0,0,0,0,0,0,0,1,144,101,0,0,0,0,0,0,0,0,0,0,1
2025-12-22 02:39:06,0,0,32.44,0,16,0,0,0,0,0,0,0,0,0,0,0,0,0,0,1,144,101,0,0,0,0,0,0,0,0,0,0,1
2025-12-22 02:40:06,0,0,32.5,0,16,0,0,0,0,0,0,0,0,0,0,0,0,0,0,1,146,101,0,0,0,0,0,0,0,0,0,0,1
2025-12-22 02:41:06,0,0,32.5,0,16,0,0,0,0,0,0,0,0,0,0,0,0,0,0,1,144,102,0,0,0,0,0,0,0,0,0,0,1
2025-12-22 02:42:06,0,0,32.56,0,16,0,0,0,0,0,0,0,0,0,0,0,0,0,0,1,144,101,0,0,0,0,0,0,0,0,0,0,1
2025-12-22 02:43:06,0,0,32.62,0,16,0,0,0,0,0,0,0,0,0,0,0,0,0,0,1,144,102,0,0,0,0,0,0,0,0,0,0,1
2025-12-22 02:44:06,0,0,32.69,0,16,0,0,0,0,0,0,0,0,0,0,0,0,0,0,1,144,101,0,0,0,0,0,0,0,0,0,0,1
2025-12-22 02:45:06,0,0,32.69,0,16,0,0,0,0,0,0,0,0,0,0,0,0,0,0,1,144,101,0,0,0,0,0,0,0,0,0,0,1
2025-12-22 02:46:06,0,0,32.75,0,16,0,0,0,0,0,0,0,0,0,0,0,0,0,0,1,144,101,0,0,0,0,0,0,0,0,0,0,1
2025-12-22 02:47:06,0,0,32.81,0,16,12,0.2,0,0,2,0.0333333,0,0,0,0,0,0,0,0,1,146,101,0,0,0,0,0,0,0,0,0,0,1
2025-12-22 02:48:06,0,0,32.81,0,16,0,0,0,0,0,0,0,0,0,0,0,0,0,0,1,144,101,0,0,0,0,0,0,0,0,0,0,1
2025-12-22 02:49:06,0,0,32.81,0,16,0,0,0,0,0,0,0,0,0,0,0,0,0,0,1,144,101,0,0,0,0,0,0,0,0,0,0,1
2025-12-22 02:50:06,0,0,32.88,0,16,0,0,0,0,0,0,0,0,0,0,0,0,0,0,1,143,101,0,0,0,0,0,0,0,0,0,0,1
2025-12-22 02:51:06,0,0,32.88,0,16,0,0,0,0,0,0,0,0,0,0,0,0,0,0,1,144,101,0,0,0,0,0,0,0,0,0,0,1
2025-12-22 02:52:06,0,0,32.88,0,16,0,0,0,0,0,0,0,0,0,0,0,0,0,0,1,143,101,0,0,0,0,0,0,0,0,0,0,1
2025-12-22 02:53:06,0,0,32.94,0,16,0,0,0,0,0,0,0,0,0,0,0,0,0,0,1,143,101,0,0,0,0,0,0,0,0,0,0,1
2025-12-22 02:54:06,0,0,32.94,0,16,0,0,0,0,0,0,0,0,0,0,0,0,0,0,1,143,101,0,0,0,0,0,0,0,0,0,0,1
2025-12-22 02:55:06,0,0,33,0,16,0,0,0,0,0,0,0,0,0,0,0,0,0,0,1,143,101,0,0,0,0,0,0,0,0,0,0,1
2025-12-22 02:56:06,0,0,33,0,16,0,0,0,0,0,0,0,0,0,0,0,0,0,0,1,144,101,0,0,0,0,0,0,0,0,0,0,1
2025-12-22 02:57:06,0,0,33,0,16,0,0,0,0,0,0,0,0,0,0,0,0,0,0,1,143,101,0,0,0,0,0,0,0,0,0,0,1
2025-12-22 02:58:06,0,0,33,0,16,0,0,0,0,0,0,0,0,0,0,0,0,0,0,1,143,101,0,0,0,0,0,0,0,0,0,0,1
2025-12-22 02:59:06,0,0,32.94,0,16,0,0,0,0,0,0,0,0,0,0,0,0,0,0,2,143,101,0,0,0,0,0,0,0,0,0,0,1
2025-12-22 03:00:06,0,0,32.81,0,1,2098,34.9667,66,1.1,119,1.98333,0,0,0,0,0,0,0,0,2,141,103,0,0,0,0,0,0,0,0,0,0,1
2025-12-22 03:01:06,0,0,32.5,0,1,2535,42.25,90,1.5,115,1.91667,0,0,0,0,0,0,0,0,2,185,104,0,0,0,0,0,0,0,0,0,0,1
2025-12-22 03:02:06,0,0,32.25,0,1,1513,25.2167,44,0.733333,122,2.03333,0,0,0,0,0,0,0,0,2,175,103,0,0,0,0,0,0,0,0,0,0,1
2025-12-22 03:03:06,0,0,32.06,0,16,3,0.05,0,0,0,0,0,0,0,0,0,0,0,0,2,165,102,0,0,0,0,0,0,0,0,0,0,1
2025-12-22 03:04:06,0,0,31.81,0,1,0,0,0,0,0,0,0,0,0,0,0,0,0,0,2,163,102,0,0,0,0,0,0,0,0,0,0,1
2025-12-22 03:05:06,0,0,31.56,0,16,0,0,0,0,0,0,0,0,0,0,0,0,0,0,2,161,102,0,0,0,0,0,0,0,0,0,0,1
2025-12-22 03:06:06,0,0,31.44,0,16,0,0,0,0,0,0,0,0,0,0,0,0,0,0,1,162,102,0,0,0,0,0,0,0,0,0,0,1
2025-12-22 03:07:06,0,0,31.31,0,1,0,0,0,0,0,0,0,0,0,0,0,0,0,0,1,162,102,0,0,0,0,0,0,0,0,0,0,1
2025-12-22 03:08:06,0,0,31.19,0,16,48,0.8,0,0,5,0.0833333,0,0,0,0,0,0,0,0,1,169,102,0,0,0,0,0,0,0,0,0,0,1
2025-12-22 03:09:06,0,0,31,0,16,17,0.283333,0,0,0,0,0,0,0,0,0,0,0,0,1,163,102,0,0,0,0,0,0,0,0,0,0,1
2025-12-22 03:10:06,0,0,30.94,0,16,29,0.483333,0,0,2,0.0333333,0,0,0,0,0,0,0,0,1,167,102,0,0,0,0,0,0,0,0,0,0,1
2025-12-22 03:11:06,0,0,30.81,0,16,0,0,0,0,0,0,0,0,0,0,0,0,0,0,1,162,101,0,0,0,0,0,0,0,0,0,0,1
2025-12-22 03:12:06,0,0,30.75,0,16,0,0,0,0,0,0,0,0,0,0,0,0,0,0,1,160,102,0,0,0,0,0,0,0,0,0,0,1
2025-12-22 03:13:06,0,0,30.75,0,16,0,0,0,0,0,0,0,0,0,0,0,0,0,0,1,161,101,0,0,0,0,0,0,0,0,0,0,1
2025-12-22 03:14:06,0,0,30.69,0,16,0,0,0,0,0,0,0,0,0,0,0,0,0,0,1,161,101,0,0,0,0,0,0,0,0,0,0,1
2025-12-22 03:15:06,0,0,30.62,0,16,0,0,0,0,0,0,0,0,0,0,0,0,0,0,1,161,101,0,0,0,0,0,0,0,0,0,0,1
2025-12-22 03:16:06,0,0,30.62,0,16,9,0.15,0,0,0,0,0,0,0,0,0,0,0,0,1,162,101,0,0,0,0,0,0,0,0,0,0,1
2025-12-22 03:17:06,0,0,30.56,0,16,0,0,0,0,0,0,0,0,0,0,0,0,0,0,1,160,101,0,0,0,0,0,0,0,0,0,0,1
2025-12-22 03:18:06,0,0,30.56,0,16,0,0,0,0,0,0,0,0,0,0,0,0,0,0,1,160,101,0,0,0,0,0,0,0,0,0,0,1
2025-12-22 03:19:06,0,0,30.44,0,16,1917,31.95,70,1.16667,87,1.45,0,0,0,0,0,0,0,0,2,154,102,0,0,0,0,0,0,0,0,0,0,1
2025-12-22 03:20:06,0,0,30.44,0,16,0,0,0,0,0,0,0,0,0,0,0,0,0,0,1,150,103,0,0,0,0,0,0,0,0,0,0,1
2025-12-22 03:21:06,0,0,30.44,0,16,0,0,0,0,0,0,0,0,0,0,0,0,0,0,1,150,101,0,0,0,0,0,0,0,0,0,0,1
2025-12-22 03:22:06,0,0,30.5,0,16,36,0.6,1,0.0166667,4,0.0666667,0,0,0,0,0,0,0,0,1,148,101,0,0,0,0,0,0,0,0,0,0,1
2025-12-22 03:23:06,0,0,30.44,0,16,0,0,0,0,0,0,0,0,0,0,0,0,0,0,2,151,101,0,0,0,0,0,0,0,0,0,0,1
2025-12-22 03:24:06,0,0,30.44,0,16,1945,32.4167,55,0.916667,117,1.95,0,0,0,0,0,0,0,0,2,151,101,0,0,0,0,0,0,0,0,0,0,1
2025-12-22 03:25:06,0,0,30.31,0,16,2926,48.7667,100,1.66667,151,2.51667,0,0,0,0,0,0,0,0,2,164,109,0,0,0,0,0,0,0,0,0,0,1
2025-12-22 03:26:06,0,0,30.56,0,8,46,0.766667,0,0,2,0.0333333,0,0,0,0,0,0,0,0,2,148,103,0,0,0,0,0,0,0,0,0,0,1
2025-12-22 03:27:06,0,0,30.81,0,1,2279,37.9833,67,1.11667,133,2.21667,0,0,0,0,0,0,0,0,2,144,100,0,0,0,0,0,0,0,0,0,0,1
2025-12-22 03:28:06,0,0,30.56,0,16,26,0.433333,0,0,1,0.0166667,0,0,0,0,0,0,0,0,2,158,105,0,0,0,0,0,0,0,0,0,0,1
2025-12-22 03:29:06,0,0,30.69,0,16,1838,30.6333,50,0.833333,95,1.58333,0,0,0,0,0,0,0,0,2,159,104,0,0,0,0,0,0,0,0,0,0,1
2025-12-22 03:30:06,0,0,30.81,0,16,51,0.85,0,0,1,0.0166667,0,0,0,0,0,0,0,0,1,146,103,0,0,0,0,0,0,0,0,0,0,1
2025-12-22 03:31:06,0,0,30.81,0,16,48,0.8,1,0.0166667,3,0.05,0,0,0,0,0,0,0,0,2,146,102,0,0,0,0,0,0,0,0,0,0,1
2025-12-22 03:32:06,0,0,30.75,0,16,14,0.233333,0,0,0,0,0,0,0,0,0,0,0,0,1,145,103,0,0,0,0,0,0,0,0,0,0,1
2025-12-22 03:33:06,0,0,30.75,0,16,0,0,0,0,0,0,0,0,0,0,0,0,0,0,1,144,102,0,0,0,0,0,0,0,0,0,0,1
2025-12-22 03:34:06,0,0,30.69,0,16,0,0,0,0,0,0,0,0,0,0,0,0,0,0,1,144,101,0,0,0,0,0,0,0,0,0,0,1
2025-12-22 03:35:06,0,0,30.69,0,16,0,0,0,0,0,0,0,0,0,0,0,0,0,0,1,144,101,0,0,0,0,0,0,0,0,0,0,1
2025-12-22 03:36:06,0,0,30.75,0,16,0,0,0,0,0,0,0,0,0,0,0,0,0,0,1,144,101,0,0,0,0,0,0,0,0,0,0,1
2025-12-22 03:37:06,0,0,30.69,0,16,0,0,0,0,0,0,0,0,0,0,0,0,0,0,1,144,101,0,0,0,0,0,0,0,0,0,0,1
2025-12-22 03:38:06,0,0,30.62,0,16,0,0,0,0,0,0,0,0,0,0,0,0,0,0,1,144,101,0,0,0,0,0,0,0,0,0,0,1
2025-12-22 03:39:06,0,0,30.56,0,16,0,0,0,0,0,0,0,0,0,0,0,0,0,0,1,144,101,0,0,0,0,0,0,0,0,0,0,1
2025-12-22 03:40:06,0,0,30.5,0,16,0,0,0,0,0,0,0,0,0,0,0,0,0,0,1,144,101,0,0,0,0,0,0,0,0,0,0,1
2025-12-22 03:41:06,0,0,30.38,0,16,0,0,0,0,0,0,0,0,0,0,0,0,0,0,1,147,101,0,0,0,0,0,0,0,0,0,0,1
2025-12-22 03:42:06,0,0,30.31,0,16,0,0,0,0,0,0,0,0,0,0,0,0,0,0,1,145,101,0,0,0,0,0,0,0,0,0,0,1
2025-12-22 03:43:06,0,0,30.25,0,16,0,0,0,0,0,0,0,0,0,0,0,0,0,0,1,148,101,0,0,0,0,0,0,0,0,0,0,1
2025-12-22 03:44:06,0,0,30.12,0,16,5,0.0833333,0,0,0,0,0,0,0,0,0,0,0,0,1,147,101,0,0,0,0,0,0,0,0,0,0,1
2025-12-22 03:45:06,0,0,30.06,0,16,0,0,0,0,0,0,0,0,0,0,0,0,0,0,1,147,101,0,0,0,0,0,0,0,0,0,0,1
2025-12-22 03:46:06,0,0,30,0,16,340,5.66667,6,0.1,36,0.6,0,0,0,0,0,0,0,0,1,136,99,0,0,0,0,0,0,0,0,0,0,1
2025-12-22 03:47:06,0,0,30,0,16,0,0,0,0,0,0,0,0,0,0,0,0,0,0,1,136,100,0,0,0,0,0,0,0,0,0,0,1
2025-12-22 03:48:06,0,0,30,0,16,0,0,0,0,0,0,0,0,0,0,0,0,0,0,1,136,99,0,0,0,0,0,0,0,0,0,0,1
2025-12-22 03:49:06,0,0,30.06,0,16,0,0,0,0,0,0,0,0,0,0,0,0,0,0,1,136,99,0,0,0,0,0,0,0,0,0,0,1
2025-12-22 03:50:06,0,0,30.12,0,16,0,0,0,0,0,0,0,0,0,0,0,0,0,0,1,136,99,0,0,0,0,0,0,0,0,0,0,1
2025-12-22 03:51:06,0,0,30.19,0,16,0,0,0,0,0,0,0,0,0,0,0,0,0,0,1,136,99,0,0,0,0,0,0,0,0,0,0,1
2025-12-22 03:52:06,0,0,30.25,0,16,0,0,0,0,0,0,0,0,0,0,0,0,0,0,1,136,99,0,0,0,0,0,0,0,0,0,0,1
2025-12-22 03:53:06,0,0,30.31,0,16,0,0,0,0,0,0,0,0,0,0,0,0,0,0,1,136,99,0,0,0,0,0,0,0,0,0,0,1
2025-12-22 03:54:06,0,0,30.38,0,16,0,0,0,0,0,0,0,0,0,0,0,0,0,0,1,136,99,0,0,0,0,0,0,0,0,0,0,1
2025-12-22 03:55:06,0,0,30.44,0,16,0,0,0,0,0,0,0,0,0,0,0,0,0,0,1,136,99,0,0,0,0,0,0,0,0,0,0,1
2025-12-22 03:56:06,0,0,30.5,0,16,0,0,0,0,0,0,0,0,0,0,0,0,0,0,1,136,99,0,0,0,0,0,0,0,0,0,0,1
2025-12-22 03:57:06,0,0,30.5,0,16,0,0,0,0,0,0,0,0,0,0,0,0,0,0,1,136,99,0,0,0,0,0,0,0,0,0,0,1
2025-12-22 03:58:06,0,0,30.5,0,16,0,0,0,0,0,0,0,0,0,0,0,0,0,0,1,136,99,0,0,0,0,0,0,0,0,0,0,1
2025-12-22 03:59:06,0,0,30.56,0,16,0,0,0,0,0,0,0,0,0,0,0,0,0,0,1,136,99,0,0,0,0,0,0,0,0,0,0,1
2025-12-22 04:00:06,0,0,30.56,0,16,0,0,0,0,0,0,0,0,0,0,0,0,0,0,1,136,99,0,0,0,0,0,0,0,0,0,0,1
2025-12-22 04:01:06,0,0,30.56,0,16,0,0,0,0,0,0,0,0,0,0,0,0,0,0,1,136,99,0,0,0,0,0,0,0,0,0,0,1
2025-12-22 04:02:06,0,0,30.56,0,16,0,0,0,0,0,0,0,0,0,0,0,0,0,0,1,136,99,0,0,0,0,0,0,0,0,0,0,1
2025-12-22 04:03:06,0,0,30.62,0,16,0,0,0,0,0,0,0,0,0,0,0,0,0,0,1,136,99,0,0,0,0,0,0,0,0,0,0,1
2025-12-22 04:04:06,0,0,30.62,0,16,0,0,0,0,0,0,0,0,0,0,0,0,0,0,1,136,99,0,0,0,0,0,0,0,0,0,0,1
2025-12-22 04:05:06,0,0,30.62,0,16,0,0,0,0,0,0,0,0,0,0,0,0,0,0,1,136,99,0,0,0,0,0,0,0,0,0,0,1
2025-12-22 04:06:06,0,0,30.56,0,16,713,11.8833,22,0.366667,52,0.866667,0,0,0,0,0,0,0,0,1,148,101,0,0,0,0,0,0,0,0,0,0,1
2025-12-22 04:07:06,0,0,30.44,0,16,14,0.233333,0,0,0,0,0,0,0,0,0,0,0,0,1,147,101,0,0,0,0,0,0,0,0,0,0,1
2025-12-22 04:08:06,0,0,30.31,0,16,0,0,0,0,0,0,0,0,0,0,0,0,0,0,1,144,101,0,0,0,0,0,0,0,0,0,0,1
2025-12-22 04:09:06,0,0,30.12,0,16,5,0.0833333,0,0,0,0,0,0,0,0,0,0,0,0,1,144,101,0,0,0,0,0,0,0,0,0,0,1
2025-12-22 04:10:06,0,0,30.12,0,16,390,6.5,6,0.1,24,0.4,0,0,0,0,0,0,0,0,1,157,101,0,0,0,0,0,0,0,0,0,0,1
2025-12-22 04:11:06,0,0,30.06,0,16,0,0,0,0,0,0,0,0,0,0,0,0,0,0,1,151,101,0,0,0,0,0,0,0,0,0,0,1
2025-12-22 04:12:06,0,0,30,0,16,0,0,0,0,0,0,0,0,0,0,0,0,0,0,1,150,100,0,0,0,0,0,0,0,0,0,0,1
2025-12-22 04:13:06,0,0,29.88,0,16,0,0,0,0,0,0,0,0,0,0,0,0,0,0,1,149,100,0,0,0,0,0,0,0,0,0,0,1
2025-12-22 04:14:06,0,0,29.81,0,16,0,0,0,0,0,0,0,0,0,0,0,0,0,0,1,150,100,0,0,0,0,0,0,0,0,0,0,1
2025-12-22 04:15:06,0,0,29.69,0,16,0,0,0,0,0,0,0,0,0,0,0,0,0,0,1,152,100,0,0,0,0,0,0,0,0,0,0,1
2025-12-22 04:16:06,0,0,29.62,0,16,0,0,0,0,0,0,0,0,0,0,0,0,0,0,1,152,100,0,0,0,0,0,0,0,0,0,0,1
2025-12-22 04:17:06,0,0,29.56,0,16,0,0,0,0,0,0,0,0,0,0,0,0,0,0,1,152,100,0,0,0,0,0,0,0,0,0,0,1
2025-12-22 04:18:06,0,0,29.5,0,16,0,0,0,0,0,0,0,0,0,0,0,0,0,0,1,156,100,0,0,0,0,0,0,0,0,0,0,1
2025-12-22 04:19:06,0,0,29.44,0,16,0,0,0,0,0,0,0,0,0,0,0,0,0,0,1,153,100,0,0,0,0,0,0,0,0,0,0,1
2025-12-22 04:20:06,0,0,29.38,0,16,1052,17.5333,31,0.516667,61,1.01667,0,0,0,0,0,0,0,0,1,201,152,0,0,0,0,0,0,0,0,0,0,1
2025-12-22 04:21:06,0,0,29.25,0,16,660,11,10,0.166667,38,0.633333,0,0,0,0,0,0,0,0,1,147,102,0,0,0,0,0,0,0,0,0,0,1
2025-12-22 04:22:06,0,0,29.25,0,16,0,0,0,0,0,0,0,0,0,0,0,0,0,0,1,146,101,0,0,0,0,0,0,0,0,0,0,1
2025-12-22 04:23:06,0,0,29.25,0,16,0,0,0,0,0,0,0,0,0,0,0,0,0,0,1,145,101,0,0,0,0,0,0,0,0,0,0,1
2025-12-22 04:24:06,0,0,29.31,0,16,0,0,0,0,0,0,0,0,0,0,0,0,0,0,1,145,101,0,0,0,0,0,0,0,0,0,0,1
2025-12-22 04:25:06,0,0,29.31,0,16,0,0,0,0,0,0,0,0,0,0,0,0,0,0,1,145,101,0,0,0,0,0,0,0,0,0,0,1
2025-12-22 04:26:06,0,0,29.31,0,16,0,0,0,0,0,0,0,0,0,0,0,0,0,0,1,146,101,0,0,0,0,0,0,0,0,0,0,1
2025-12-22 04:27:06,0,0,29.25,0,16,0,0,0,0,0,0,0,0,0,0,0,0,0,0,1,145,101,0,0,0,0,0,0,0,0,0,0,1
2025-12-22 04:28:06,0,0,29.25,0,16,44,0.733333,0,0,2,0.0333333,0,0,0,0,0,0,0,0,1,145,101,0,0,0,0,0,0,0,0,0,0,1
2025-12-22 04:29:06,0,0,29.25,0,16,0,0,0,0,0,0,0,0,0,0,0,0,0,0,1,145,101,0,0,0,0,0,0,0,0,0,0,1
2025-12-22 04:30:06,0,0,29.25,0,16,0,0,0,0,0,0,0,0,0,0,0,0,0,0,1,145,101,0,0,0,0,0,0,0,0,0,0,1
2025-12-22 04:31:06,0,0,29.19,0,16,2824,47.0667,107,1.78333,139,2.31667,0,0,0,0,0,0,0,0,2,210,153,0,0,0,0,0,0,0,0,0,0,1
2025-12-22 04:32:06,0,0,29.19,0,16,0,0,0,0,0,0,0,0,0,0,0,0,0,0,2,200,142,0,0,0,0,0,0,0,0,0,0,1
2025-12-22 04:33:06,0,0,29.38,0,16,0,0,0,0,0,0,0,0,0,0,0,0,0,0,2,195,137,0,0,0,0,0,0,0,0,0,0,1
2025-12-22 04:34:06,0,0,30,0,8,892,14.8667,28,0.466667,47,0.783333,0,0,0,0,0,0,0,0,2,139,100,0,0,0,0,0,0,0,0,0,0,1
2025-12-22 04:35:06,0,0,30.31,0,8,0,0,0,0,0,0,0,0,0,0,0,0,0,0,2,139,100,0,0,0,0,0,0,0,0,0,0,1
2025-12-22 04:36:06,0,0,30.5,0,8,0,0,0,0,0,0,0,0,0,0,0,0,0,0,1,139,100,0,0,0,0,0,0,0,0,0,0,1
2025-12-22 04:37:06,0,0,30.69,0,8,94,1.56667,0,0,5,0.0833333,0,0,0,0,0,0,0,0,1,139,101,0,0,0,0,0,0,0,0,0,0,1
2025-12-22 04:38:06,0,0,30.81,0,1,0,0,0,0,0,0,0,0,0,0,0,0,0,0,1,139,101,0,0,0,0,0,0,0,0,0,0,1
2025-12-22 04:39:06,0,0,30.94,0,1,7,0.116667,0,0,1,0.0166667,0,0,0,0,0,0,0,0,1,138,100,0,0,0,0,0,0,0,0,0,0,1
2025-12-22 04:40:06,0,0,31.06,0,1,0,0,0,0,0,0,0,0,0,0,0,0,0,0,1,139,100,0,0,0,0,0,0,0,0,0,0,1
2025-12-22 04:41:06,0,0,31.19,0,1,0,0,0,0,0,0,0,0,0,0,0,0,0,0,1,138,100,0,0,0,0,0,0,0,0,0,0,1
2025-12-22 04:42:06,0,0,31.25,0,1,0,0,0,0,0,0,0,0,0,0,0,0,0,0,1,138,100,0,0,0,0,0,0,0,0,0,0,1
2025-12-22 04:43:06,0,0,31.31,0,1,0,0,0,0,0,0,0,0,0,0,0,0,0,0,1,138,100,0,0,0,0,0,0,0,0,0,0,1
2025-12-22 04:44:06,0,0,31.38,0,16,4,0.0666667,0,0,0,0,0,0,0,0,0,0,0,0,1,138,100,0,0,0,0,0,0,0,0,0,0,1
2025-12-22 04:45:06,0,0,31.38,0,16,0,0,0,0,0,0,0,0,0,0,0,0,0,0,1,138,100,0,0,0,0,0,0,0,0,0,0,1
2025-12-22 04:46:06,0,0,31.44,0,1,0,0,0,0,0,0,0,0,0,0,0,0,0,0,1,138,100,0,0,0,0,0,0,0,0,0,0,1
2025-12-22 04:47:06,0,0,31.44,0,8,126,2.1,0,0,7,0.116667,0,0,0,0,0,0,0,0,1,138,100,0,0,0,0,0,0,0,0,0,0,1
2025-12-22 04:48:06,0,0,31.44,0,1,0,0,0,0,0,0,0,0,0,0,0,0,0,0,1,138,100,0,0,0,0,0,0,0,0,0,0,1
2025-12-22 04:49:06,0,0,31.44,0,1,0,0,0,0,0,0,0,0,0,0,0,0,0,0,1,138,100,0,0,0,0,0,0,0,0,0,0,1
2025-12-22 04:50:06,0,0,31.44,0,1,0,0,0,0,0,0,0,0,0,0,0,0,0,0,1,138,100,0,0,0,0,0,0,0,0,0,0,1
2025-12-22 04:51:06,0,0,31.44,0,1,0,0,0,0,0,0,0,0,0,0,0,0,0,0,1,138,100,0,0,0,0,0,0,0,0,0,0,1
2025-12-22 04:52:06,0,0,31.5,0,1,0,0,0,0,0,0,0,0,0,0,0,0,0,0,1,138,100,0,0,0,0,0,0,0,0,0,0,1
2025-12-22 04:53:06,0,0,31.5,0,1,0,0,0,0,0,0,0,0,0,0,0,0,0,0,1,138,100,0,0,0,0,0,0,0,0,0,0,1
2025-12-22 04:54:06,0,0,31.56,0,1,0,0,0,0,0,0,0,0,0,0,0,0,0,0,1,138,100,0,0,0,0,0,0,0,0,0,0,1
2025-12-22 04:55:06,0,0,31.62,0,1,0,0,0,0,0,0,0,0,0,0,0,0,0,0,1,137,99,0,0,0,0,0,0,0,0,0,0,1
2025-12-22 04:56:06,0,0,31.62,0,1,0,0,0,0,0,0,0,0,0,0,0,0,0,0,1,137,99,0,0,0,0,0,0,0,0,0,0,1
2025-12-22 04:57:06,0,0,31.62,0,1,0,0,0,0,0,0,0,0,0,0,0,0,0,0,1,137,99,0,0,0,0,0,0,0,0,0,0,1
2025-12-22 04:58:06,0,0,31.69,0,1,0,0,0,0,0,0,0,0,0,0,0,0,0,0,1,137,99,0,0,0,0,0,0,0,0,0,0,1
2025-12-22 04:59:06,0,0,31.69,0,1,0,0,0,0,0,0,0,0,0,0,0,0,0,0,1,137,99,0,0,0,0,0,0,0,0,0,0,1
2025-12-22 05:00:06,0,0,31.69,0,1,0,0,0,0,0,0,0,0,0,0,0,0,0,0,1,137,99,0,0,0,0,0,0,0,0,0,0,1
2025-12-22 05:01:06,0,0,31.69,0,1,0,0,0,0,0,0,0,0,0,0,0,0,0,0,1,137,99,0,0,0,0,0,0,0,0,0,0,1
2025-12-22 05:02:06,0,0,31.69,0,1,0,0,0,0,0,0,0,0,0,0,0,0,0,0,1,137,99,0,0,0,0,0,0,0,0,0,0,1
2025-12-22 05:03:06,0,0,31.69,0,1,0,0,0,0,0,0,0,0,0,0,0,0,0,0,1,137,99,0,0,0,0,0,0,0,0,0,0,1
2025-12-22 05:04:06,0,0,31.69,0,1,8,0.133333,0,0,0,0,0,0,0,0,0,0,0,0,1,137,99,0,0,0,0,0,0,0,0,0,0,1
2025-12-22 05:05:06,0,0,31.69,0,1,0,0,0,0,0,0,0,0,0,0,0,0,0,0,1,137,99,0,0,0,0,0,0,0,0,0,0,1
2025-12-22 05:06:06,0,0,31.62,0,1,0,0,0,0,1,0.0166667,0,0,0,0,0,0,0,0,1,137,99,0,0,0,0,0,0,0,0,0,0,1
2025-12-22 05:07:06,0,0,31.62,0,1,0,0,0,0,0,0,0,0,0,0,0,0,0,0,1,137,99,0,0,0,0,0,0,0,0,0,0,1
2025-12-22 05:08:06,0,0,31.62,0,1,0,0,0,0,0,0,0,0,0,0,0,0,0,0,1,137,99,0,0,0,0,0,0,0,0,0,0,1
2025-12-22 05:09:06,0,0,31.69,0,1,0,0,0,0,0,0,0,0,0,0,0,0,0,0,1,137,99,0,0,0,0,0,0,0,0,0,0,1
2025-12-22 05:10:06,0,0,31.69,0,1,0,0,0,0,0,0,0,0,0,0,0,0,0,0,1,137,99,0,0,0,0,0,0,0,0,0,0,1
2025-12-22 05:11:06,0,0,31.69,0,1,0,0,0,0,0,0,0,0,0,0,0,0,0,0,1,137,99,0,0,0,0,0,0,0,0,0,0,1
2025-12-22 05:12:06,0,0,31.69,0,1,0,0,0,0,0,0,0,0,0,0,0,0,0,0,1,137,99,0,0,0,0,0,0,0,0,0,0,1
2025-12-22 05:13:06,0,0,31.69,0,1,0,0,0,0,0,0,0,0,0,0,0,0,0,0,1,137,99,0,0,0,0,0,0,0,0,0,0,1
2025-12-22 05:14:06,0,0,31.69,0,1,0,0,0,0,0,0,0,0,0,0,0,0,0,0,1,137,99,0,0,0,0,0,0,0,0,0,0,1
2025-12-22 05:15:06,0,0,31.69,0,1,0,0,0,0,0,0,0,0,0,0,0,0,0,0,1,137,99,0,0,0,0,0,0,0,0,0,0,1
2025-12-22 05:16:06,0,0,31.69,0,1,0,0,0,0,0,0,0,0,0,0,0,0,0,0,1,137,99,0,0,0,0,0,0,0,0,0,0,1
2025-12-22 05:17:06,0,0,31.69,0,1,0,0,0,0,0,0,0,0,0,0,0,0,0,0,1,137,99,0,0,0,0,0,0,0,0,0,0,1
2025-12-22 05:18:06,0,0,31.69,0,1,15,0.25,0,0,2,0.0333333,0,0,0,0,0,0,0,0,1,137,99,0,0,0,0,0,0,0,0,0,0,1
2025-12-22 05:19:06,0,0,31.62,0,1,0,0,0,0,0,0,0,0,0,0,0,0,0,0,1,137,99,0,0,0,0,0,0,0,0,0,0,1
2025-12-22 05:20:06,0,0,31.69,0,1,0,0,0,0,0,0,0,0,0,0,0,0,0,0,1,137,99,0,0,0,0,0,0,0,0,0,0,1
2025-12-22 05:21:06,0,0,31.69,0,1,0,0,0,0,0,0,0,0,0,0,0,0,0,0,1,137,99,0,0,0,0,0,0,0,0,0,0,1
2025-12-22 05:22:06,0,0,31.69,0,1,0,0,0,0,0,0,0,0,0,0,0,0,0,0,1,137,99,0,0,0,0,0,0,0,0,0,0,1
2025-12-22 05:23:06,0,0,31.69,0,1,0,0,0,0,0,0,0,0,0,0,0,0,0,0,1,137,99,0,0,0,0,0,0,0,0,0,0,1
2025-12-22 05:24:06,0,0,31.69,0,16,0,0,0,0,0,0,0,0,0,0,0,0,0,0,1,137,99,0,0,0,0,0,0,0,0,0,0,1
2025-12-22 05:25:06,0,0,31.69,0,1,0,0,0,0,0,0,0,0,0,0,0,0,0,0,1,137,99,0,0,0,0,0,0,0,0,0,0,1
2025-12-22 05:26:06,0,0,31.69,0,16,0,0,0,0,0,0,0,0,0,0,0,0,0,0,1,137,99,0,0,0,0,0,0,0,0,0,0,1
2025-12-22 05:27:06,0,0,31.62,0,16,0,0,0,0,0,0,0,0,0,0,0,0,0,0,1,137,99,0,0,0,0,0,0,0,0,0,0,1
2025-12-22 05:28:06,0,0,31.62,0,16,13,0.216667,0,0,2,0.0333333,0,0,0,0,0,0,0,0,1,137,99,0,0,0,0,0,0,0,0,0,0,1
2025-12-22 05:29:06,0,0,31.56,0,16,0,0,0,0,0,0,0,0,0,0,0,0,0,0,1,137,99,0,0,0,0,0,0,0,0,0,0,1
2025-12-22 05:30:06,0,0,31.56,0,16,0,0,0,0,0,0,0,0,0,0,0,0,0,0,1,137,99,0,0,0,0,0,0,0,0,0,0,1
2025-12-22 05:31:06,0,0,31.56,0,16,0,0,0,0,0,0,0,0,0,0,0,0,0,0,1,137,99,0,0,0,0,0,0,0,0,0,0,1
2025-12-22 05:32:06,0,0,31.56,0,16,0,0,0,0,0,0,0,0,0,0,0,0,0,0,1,137,99,0,0,0,0,0,0,0,0,0,0,1
2025-12-22 05:33:06,0,0,31.5,0,16,0,0,0,0,0,0,0,0,0,0,0,0,0,0,1,137,99,0,0,0,0,0,0,0,0,0,0,1
2025-12-22 05:34:06,0,0,31.5,0,16,0,0,0,0,0,0,0,0,0,0,0,0,0,0,1,137,99,0,0,0,0,0,0,0,0,0,0,1
2025-12-22 05:35:06,0,0,31.5,0,16,0,0,0,0,0,0,0,0,0,0,0,0,0,0,1,137,99,0,0,0,0,0,0,0,0,0,0,1
2025-12-22 05:36:06,0,0,31.44,0,16,0,0,0,0,0,0,0,0,0,0,0,0,0,0,1,137,99,0,0,0,0,0,0,0,0,0,0,1
2025-12-22 05:37:06,0,0,31.44,0,16,2707,45.1167,101,1.68333,123,2.05,0,0,0,0,0,0,0,0,2,177,117,0,0,0,0,0,0,0,0,0,0,1
2025-12-22 05:38:06,0,0,31.44,0,1,51,0.85,0,0,7,0.116667,0,0,0,0,0,0,0,0,1,157,105,0,0,0,0,0,0,0,0,0,0,1
2025-12-22 05:39:06,0,0,31.5,0,1,0,0,0,0,0,0,0,0,0,0,0,0,0,0,2,154,104,0,0,0,0,0,0,0,0,0,0,1
2025-12-22 05:40:06,0,0,31.56,0,1,0,0,0,0,0,0,0,0,0,0,0,0,0,0,2,152,102,0,0,0,0,0,0,0,0,0,0,1
2025-12-22 05:41:06,0,0,31.56,0,8,4607,76.7833,110,1.83333,241,4.01667,0,0,0,0,0,0,0,0,2,148,101,0,0,0,0,0,0,0,0,0,0,1
2025-12-22 05:42:06,0,0,31.5,0,8,4123,68.7167,113,1.88333,211,3.51667,0,0,0,0,0,0,0,0,2,157,107,0,0,0,0,0,0,0,0,0,0,1
2025-12-22 05:43:06,0,0,31.44,0,16,5696,94.9333,181,3.01667,265,4.41667,0,0,0,0,0,0,0,0,2,150,103,0,0,0,0,0,0,0,0,0,0,1
2025-12-22 05:44:06,0,0,31.5,0,16,0,0,0,0,0,0,0,0,0,0,0,0,0,0,2,146,102,0,0,0,0,0,0,0,0,0,0,1
2025-12-22 05:45:06,0,0,31.69,0,16,0,0,0,0,0,0,0,0,0,0,0,0,0,0,2,145,102,0,0,0,0,0,0,0,0,0,0,1
2025-12-22 05:46:06,0,0,31.88,0,16,591,9.85,15,0.25,44,0.733333,0,0,0,0,0,0,0,0,2,143,102,0,0,0,0,0,0,0,0,0,0,1
2025-12-22 05:47:06,0,0,32.12,0,16,0,0,0,0,0,0,0,0,0,0,0,0,0,0,2,143,102,0,0,0,0,0,0,0,0,0,0,1
2025-12-22 05:48:06,0,0,32.38,0,16,0,0,0,0,0,0,0,0,0,0,0,0,0,0,1,143,102,0,0,0,0,0,0,0,0,0,0,1
2025-12-22 05:49:06,0,0,32.62,0,16,0,0,0,0,0,0,0,0,0,0,0,0,0,0,1,143,102,0,0,0,0,0,0,0,0,0,0,1
2025-12-22 05:50:06,0,0,32.81,0,16,0,0,0,0,0,0,0,0,0,0,0,0,0,0,1,144,101,0,0,0,0,0,0,0,0,0,0,1
2025-12-22 05:51:06,0,0,33,0,16,0,0,0,0,0,0,0,0,0,0,0,0,0,0,1,144,101,0,0,0,0,0,0,0,0,0,0,1
2025-12-22 05:52:06,0,0,33.19,0,16,0,0,0,0,0,0,0,0,0,0,0,0,0,0,1,144,101,0,0,0,0,0,0,0,0,0,0,1
2025-12-22 05:53:06,0,0,33.31,0,16,0,0,0,0,0,0,0,0,0,0,0,0,0,0,1,144,101,0,0,0,0,0,0,0,0,0,0,1
2025-12-22 05:54:06,0,0,33.5,0,16,0,0,0,0,0,0,0,0,0,0,0,0,0,0,1,144,101,0,0,0,0,0,0,0,0,0,0,1
2025-12-22 05:55:06,0,0,33.62,0,16,0,0,0,0,0,0,0,0,0,0,0,0,0,0,1,144,101,0,0,0,0,0,0,0,0,0,0,1
2025-12-22 05:56:06,0,0,33.75,0,16,0,0,0,0,0,0,0,0,0,0,0,0,0,0,1,144,102,0,0,0,0,0,0,0,0,0,0,1
2025-12-22 05:57:06,0,0,33.81,0,16,0,0,0,0,0,0,0,0,0,0,0,0,0,0,1,144,102,0,0,0,0,0,0,0,0,0,0,1
2025-12-22 05:58:06,0,0,33.94,0,16,576,9.6,14,0.233333,53,0.883333,0,0,0,0,0,0,0,0,1,144,102,0,0,0,0,0,0,0,0,0,0,1
2025-12-22 05:59:06,0,0,34,0,16,0,0,0,0,0,0,0,0,0,0,0,0,0,0,1,141,101,0,0,0,0,0,0,0,0,0,0,1
2025-12-22 06:00:06,0,0,34.06,0,16,0,0,0,0,0,0,0,0,0,0,0,0,0,0,1,142,101,0,0,0,0,0,0,0,0,0,0,1
2025-12-22 06:01:06,0,0,33.94,0,16,1950,32.5,58,0.966667,116,1.93333,0,0,0,0,0,0,0,0,2,159,102,0,0,0,0,0,0,0,0,0,0,1
2025-12-22 06:02:06,0,0,33.69,0,1,9,0.15,0,0,0,0,0,0,0,0,0,0,0,0,1,158,101,0,0,0,0,0,0,0,0,0,0,1
2025-12-22 06:03:06,0,0,33.38,0,1,0,0,0,0,0,0,0,0,0,0,0,0,0,0,1,156,101,0,0,0,0,0,0,0,0,0,0,1
2025-12-22 06:04:06,0,0,33,0,1,20,0.333333,0,0,1,0.0166667,0,0,0,0,0,0,0,0,1,159,101,0,0,0,0,0,0,0,0,0,0,1
2025-12-22 06:05:06,0,0,32.75,0,1,0,0,0,0,0,0,0,0,0,0,0,0,0,0,1,157,101,0,0,0,0,0,0,0,0,0,0,1
2025-12-22 06:06:06,0,0,32.5,0,1,0,0,0,0,0,0,0,0,0,0,0,0,0,0,1,157,100,0,0,0,0,0,0,0,0,0,0,1
2025-12-22 06:07:06,0,0,32.25,0,1,0,0,0,0,0,0,0,0,0,0,0,0,0,0,1,157,102,0,0,0,0,0,0,0,0,0,0,1
2025-12-22 06:08:06,0,0,32,0,1,0,0,0,0,0,0,0,0,0,0,0,0,0,0,1,157,101,0,0,0,0,0,0,0,0,0,0,1
2025-12-22 06:09:06,0,0,31.81,0,1,0,0,0,0,0,0,0,0,0,0,0,0,0,0,1,158,102,0,0,0,0,0,0,0,0,0,0,1
2025-12-22 06:10:06,0,0,31.62,0,1,0,0,0,0,0,0,0,0,0,0,0,0,0,0,1,159,101,0,0,0,0,0,0,0,0,0,0,1
2025-12-22 06:11:06,0,0,31.5,0,1,0,0,0,0,0,0,0,0,0,0,0,0,0,0,1,157,101,0,0,0,0,0,0,0,0,0,0,1
2025-12-22 06:12:06,0,0,31.38,0,1,0,0,0,0,0,0,0,0,0,0,0,0,0,0,1,158,101,0,0,0,0,0,0,0,0,0,0,1
2025-12-22 06:13:06,0,0,31.25,0,16,1716,28.6,61,1.01667,95,1.58333,0,0,0,0,0,0,0,0,2,162,103,0,0,0,0,0,0,0,0,0,0,1
2025-12-22 06:14:06,0,0,31.12,0,16,0,0,0,0,0,0,0,0,0,0,0,0,0,0,1,158,103,0,0,0,0,0,0,0,0,0,0,1
2025-12-22 06:15:06,0,0,31.06,0,16,4,0.0666667,0,0,0,0,0,0,0,0,0,0,0,0,1,161,103,0,0,0,0,0,0,0,0,0,0,1
2025-12-22 06:16:06,0,0,31,0,16,0,0,0,0,0,0,0,0,0,0,0,0,0,0,1,163,103,0,0,0,0,0,0,0,0,0,0,1
2025-12-22 06:17:06,0,0,30.94,0,16,1000,16.6667,21,0.35,57,0.95,0,0,0,0,0,0,0,0,2,156,104,0,0,0,0,0,0,0,0,0,0,1
2025-12-22 06:18:06,0,0,30.94,0,4,21,0.35,0,0,0,0,0,0,0,0,0,0,0,0,1,156,103,0,0,0,0,0,0,0,0,0,0,1
2025-12-22 06:19:06,0,0,30.81,0,4,27,0.45,0,0,5,0.0833333,0,0,0,0,0,0,0,0,1,155,103,0,0,0,0,0,0,0,0,0,0,1
2025-12-22 06:20:06,0,0,31.06,0,16,819,13.65,18,0.3,51,0.85,0,0,0,0,0,0,0,0,1,149,109,0,0,0,0,0,0,0,0,0,0,1
2025-12-22 06:21:06,0,0,31.19,0,16,8,0.133333,0,0,0,0,0,0,0,0,0,0,0,0,1,147,108,0,0,0,0,0,0,0,0,0,0,1
2025-12-22 06:22:06,0,0,31.38,0,16,0,0,0,0,0,0,0,0,0,0,0,0,0,0,1,146,107,0,0,0,0,0,0,0,0,0,0,1
2025-12-22 06:23:06,0,0,31.56,0,16,0,0,0,0,0,0,0,0,0,0,0,0,0,0,1,145,107,0,0,0,0,0,0,0,0,0,0,1
2025-12-22 06:24:06,0,0,31.75,0,16,0,0,0,0,0,0,0,0,0,0,0,0,0,0,1,145,106,0,0,0,0,0,0,0,0,0,0,1
2025-12-22 06:25:06,0,0,31.88,0,16,0,0,0,0,0,0,0,0,0,0,0,0,0,0,1,144,106,0,0,0,0,0,0,0,0,0,0,1
2025-12-22 06:26:06,0,0,32.06,0,16,0,0,0,0,0,0,0,0,0,0,0,0,0,0,1,143,105,0,0,0,0,0,0,0,0,0,0,1
2025-12-22 06:27:06,0,0,32.19,0,16,0,0,0,0,0,0,0,0,0,0,0,0,0,0,1,143,105,0,0,0,0,0,0,0,0,0,0,1
2025-12-22 06:28:06,0,0,32.31,0,16,0,0,0,0,0,0,0,0,0,0,0,0,0,0,1,143,104,0,0,0,0,0,0,0,0,0,0,1
2025-12-22 06:29:06,0,0,32.38,0,16,0,0,0,0,0,0,0,0,0,0,0,0,0,0,1,142,104,0,0,0,0,0,0,0,0,0,0,1
2025-12-22 06:30:06,0,0,32.44,0,16,11,0.183333,0,0,2,0.0333333,0,0,0,0,0,0,0,0,1,142,104,0,0,0,0,0,0,0,0,0,0,1
2025-12-22 06:31:06,0,0,32.5,0,16,0,0,0,0,0,0,0,0,0,0,0,0,0,0,1,142,104,0,0,0,0,0,0,0,0,0,0,1
2025-12-22 06:32:06,0,0,32.56,0,16,0,0,0,0,0,0,0,0,0,0,0,0,0,0,1,142,104,0,0,0,0,0,0,0,0,0,0,1
2025-12-22 06:33:06,0,0,32.62,0,16,14,0.233333,0,0,2,0.0333333,0,0,0,0,0,0,0,0,1,142,104,0,0,0,0,0,0,0,0,0,0,1
2025-12-22 06:34:06,0,0,32.69,0,16,3,0.05,0,0,0,0,0,0,0,0,0,0,0,0,1,142,103,0,0,0,0,0,0,0,0,0,0,1
2025-12-22 06:35:06,0,0,32.75,0,16,0,0,0,0,0,0,0,0,0,0,0,0,0,0,1,142,103,0,0,0,0,0,0,0,0,0,0,1
2025-12-22 06:36:06,0,0,32.81,0,16,0,0,0,0,0,0,0,0,0,0,0,0,0,0,1,141,103,0,0,0,0,0,0,0,0,0,0,1
2025-12-22 06:37:06,0,0,32.81,0,16,181,3.01667,0,0,19,0.316667,0,0,0,0,0,0,0,0,1,144,105,0,0,0,0,0,0,0,0,0,0,1
2025-12-22 06:38:06,0,0,32.81,0,16,0,0,0,0,0,0,0,0,0,0,0,0,0,0,1,143,104,0,0,0,0,0,0,0,0,0,0,1
2025-12-22 06:39:06,0,0,32.75,0,16,0,0,0,0,0,0,0,0,0,0,0,0,0,0,1,142,104,0,0,0,0,0,0,0,0,0,0,1
2025-12-22 06:40:06,0,0,32.75,0,16,0,0,0,0,0,0,0,0,0,0,0,0,0,0,1,142,103,0,0,0,0,0,0,0,0,0,0,1
2025-12-22 06:41:06,0,0,32.75,0,16,0,0,0,0,0,0,0,0,0,0,0,0,0,0,1,142,103,0,0,0,0,0,0,0,0,0,0,1
2025-12-22 06:42:06,0,0,32.75,0,16,8,0.133333,0,0,1,0.0166667,0,0,0,0,0,0,0,0,1,142,103,0,0,0,0,0,0,0,0,0,0,1
2025-12-22 06:43:06,0,0,32.69,0,16,0,0,0,0,0,0,0,0,0,0,0,0,0,0,1,142,103,0,0,0,0,0,0,0,0,0,0,1
2025-12-22 06:44:06,0,0,32.69,0,16,0,0,0,0,0,0,0,0,0,0,0,0,0,0,1,142,102,0,0,0,0,0,0,0,0,0,0,1
2025-12-22 06:45:06,0,0,32.69,0,16,0,0,0,0,0,0,0,0,0,0,0,0,0,0,1,142,102,0,0,0,0,0,0,0,0,0,0,1
2025-12-22 06:46:06,0,0,32.69,0,16,0,0,0,0,0,0,0,0,0,0,0,0,0,0,1,142,102,0,0,0,0,0,0,0,0,0,0,1
2025-12-22 06:47:06,0,0,32.69,0,16,0,0,0,0,0,0,0,0,0,0,0,0,0,0,1,142,102,0,0,0,0,0,0,0,0,0,0,1
2025-12-22 06:48:06,0,0,32.69,0,16,0,0,0,0,0,0,0,0,0,0,0,0,0,0,1,142,102,0,0,0,0,0,0,0,0,0,0,1
2025-12-22 06:49:06,0,0,32.62,0,16,0,0,0,0,0,0,0,0,0,0,0,0,0,0,1,142,102,0,0,0,0,0,0,0,0,0,0,1
2025-12-22 06:50:06,0,0,32.62,0,16,0,0,0,0,0,0,0,0,0,0,0,0,0,0,1,141,102,0,0,0,0,0,0,0,0,0,0,1
2025-12-22 06:51:06,0,0,32.5,0,16,1096,18.2667,40,0.666667,75,1.25,0,0,0,0,0,0,0,0,2,145,105,0,0,0,0,0,0,0,0,0,0,1
2025-12-22 06:52:06,0,0,32.31,0,16,0,0,0,0,0,0,0,0,0,0,0,0,0,0,1,144,104,0,0,0,0,0,0,0,0,0,0,1
2025-12-22 06:53:06,0,0,32.19,0,16,0,0,0,0,0,0,0,0,0,0,0,0,0,0,1,143,104,0,0,0,0,0,0,0,0,0,0,1
2025-12-22 06:54:06,0,0,31.94,0,16,0,0,0,0,0,0,0,0,0,0,0,0,0,0,1,143,103,0,0,0,0,0,0,0,0,0,0,1
2025-12-22 06:55:06,0,0,31.75,0,16,128,2.13333,3,0.05,13,0.216667,0,0,0,0,0,0,0,0,1,142,103,0,0,0,0,0,0,0,0,0,0,1
2025-12-22 06:56:06,0,0,31.81,0,16,225,3.75,3,0.05,21,0.35,0,0,0,0,0,0,0,0,1,143,105,0,0,0,0,0,0,0,0,0,0,1
2025-12-22 06:57:06,0,0,32.12,0,16,0,0,0,0,0,0,0,0,0,0,0,0,0,0,1,142,104,0,0,0,0,0,0,0,0,0,0,1
2025-12-22 06:58:06,0,0,32.38,0,16,0,0,0,0,0,0,0,0,0,0,0,0,0,0,1,142,103,0,0,0,0,0,0,0,0,0,0,1
2025-12-22 06:59:06,0,0,32.62,0,16,0,0,0,0,0,0,0,0,0,0,0,0,0,0,1,142,104,0,0,0,0,0,0,0,0,0,0,1
2025-12-22 07:00:06,0,0,32.88,0,16,697,11.6167,18,0.3,56,0.933333,0,0,0,0,0,0,0,0,1,142,101,0,0,0,0,0,0,0,0,0,0,1
2025-12-22 07:01:06,0,0,32.88,0,16,56,0.933333,0,0,3,0.05,0,0,0,0,0,0,0,0,1,145,102,0,0,0,0,0,0,0,0,0,0,1
2025-12-22 07:02:06,0,0,32.69,0,16,0,0,0,0,0,0,0,0,0,0,0,0,0,0,1,144,102,0,0,0,0,0,0,0,0,0,0,1
2025-12-22 07:03:06,0,0,32.44,0,16,17,0.283333,0,0,1,0.0166667,0,0,0,0,0,0,0,0,1,144,102,0,0,0,0,0,0,0,0,0,0,1
2025-12-22 07:04:06,0,0,32.12,0,16,0,0,0,0,0,0,0,0,0,0,0,0,0,0,1,143,102,0,0,0,0,0,0,0,0,0,0,1
2025-12-22 07:05:06,0,0,31.88,0,16,0,0,0,0,0,0,0,0,0,0,0,0,0,0,1,143,102,0,0,0,0,0,0,0,0,0,0,1
2025-12-22 07:06:06,0,0,31.69,0,16,111,1.85,0,0,4,0.0666667,0,0,0,0,0,0,0,0,1,151,102,0,0,0,0,0,0,0,0,0,0,1
2025-12-22 07:07:06,0,0,31.44,0,16,0,0,0,0,0,0,0,0,0,0,0,0,0,0,1,146,102,0,0,0,0,0,0,0,0,0,0,1
2025-12-22 07:08:06,0,0,31.25,0,16,0,0,0,0,0,0,0,0,0,0,0,0,0,0,12,145,102,0,0,0,0,0,0,0,0,0,0,0
2025-12-22 07:09:06,0,0,31.12,0,16,2573,42.8833,53,0.883333,177,2.95,0,0,0,0,0,0,0,0,0,142,101,0,0,0,0,0,0,0,0,0,0,0
2025-12-22 07:10:06,0,0,30.75,0,16,4894,81.5667,137,2.28333,303,5.05,0,0,0,0,0,0,0,0,0,147,111,0,0,0,0,0,0,0,0,0,0,0
2025-12-22 07:11:06,0,0,30.56,0,1,4301,71.6833,118,1.96667,186,3.1,22.16,0,0,0,0,0,0,0,0,141,102,2e-04,5e-04,7e-04,0.0017,0.0034,0.0057,0.0064,0.0039,7.99,0.01,0
2025-12-22 07:12:06,0,0,30.44,0,1,5327,88.7833,165,2.75,278,4.63333,85.07,0,0,0,0,0,0,0,0,162,117,0.001,0.0022,0.0028,0.0067,0.0131,0.0213,0.0231,0.0133,33.6,0.03,0
2025-12-22 07:13:06,0,0,30.38,0,1,1897,31.6167,11,0.183333,162,2.7,22.41,0,0,0,0,0,0,0,0,143,106,2e-04,6e-04,7e-04,0.0017,0.0035,0.0057,0.0063,0.0038,8.21,0.01,0
2025-12-22 07:14:06,0,0,30.31,0,8,12956,215.933,403,6.71667,526,8.76667,43.08,0,0,0,0,0,0,0,0,174,132,5e-04,0.0013,0.0016,0.0038,0.0065,0.0107,0.0116,0.0069,19.33,0.02,0
2025-12-22 07:15:06,0,0,30.31,0,1,6388,106.467,173,2.88333,349,5.81667,71.2,0,0,0,0,0,0,0,0,144,105,8e-04,0.0019,0.0025,0.0058,0.011,0.0178,0.0188,0.0109,29.54,0.03,0
2025-12-22 07:16:06,0,0,30.19,0,8,15930,265.5,596,9.93333,603,10.05,7.16,0,0,0,0,0,0,0,0,186,143,1e-04,0.0013,6e-04,0.001,0.0011,0.0012,9e-04,5e-04,9.06,0,0
2025-12-22 07:17:06,0,0,29.75,0,1,2819,46.9833,37,0.616667,197,3.28333,26.13,0,0,0,0,0,0,0,0,216,154,3e-04,7e-04,8e-04,0.002,0.0041,0.0065,0.0072,0.0045,9.79,0.01,0
2025-12-22 07:18:06,0,0,29.44,0,16,5490,91.5,101,1.68333,372,6.2,17.18,0,0,0,0,0,0,0,0,187,143,2e-04,4e-04,5e-04,0.0012,0.0027,0.0043,0.0048,0.003,5.91,0.01,0
2025-12-22 07:19:06,0,0,29.31,0,1,3137,52.2833,69,1.15,221,3.68333,0,0,0,0,0,0,0,0,0,190,144,0,0,0,0,0,0,0,0,0,0,0
2025-12-22 07:20:06,0,0,29.5,0,1,2194,36.5667,27,0.45,148,2.46667,0,0,0,0,0,0,0,0,0,183,136,0,0,0,0,0,0,0,0,0,0,0
2025-12-22 07:21:06,0,0,29.5,0,1,8,0.133333,0,0,0,0,0,0,0,0,0,0,0,0,0,170,125,0,0,0,0,0,0,0,0,0,0,0
2025-12-22 07:22:06,0,0,29.06,0,1,408,6.8,11,0.183333,22,0.366667,0.9,0,0,0,0,0,0,0,0,204,152,0,0,0,1e-04,2e-04,2e-04,3e-04,2e-04,0.03,0,0
2025-12-22 07:23:06,0,0,28.69,0,1,28,0.466667,0,0,0,0,1.27,0,0,0,0,0,0,0,0,196,146,0,0,0,1e-04,2e-04,3e-04,4e-04,2e-04,0,0,0
2025-12-22 07:24:06,0,0,28.25,0,1,44,0.733333,0,0,2,0.0333333,1.27,0,0,0,0,0,0,0,0,202,150,0,0,0,1e-04,2e-04,3e-04,4e-04,2e-04,0,0,0
2025-12-22 07:25:06,0,0,28.06,0,1,119,1.98333,0,0,9,0.15,1.33,0,0,0,0,0,0,0,0,190,135,0,0,0,1e-04,2e-04,4e-04,4e-04,3e-04,0,0,0
2025-12-22 07:26:06,0,0,27.88,0,1,243,4.05,2,0.0333333,16,0.266667,1.37,0,0,0,0,0,0,0,0,171,129,0,0,0,1e-04,2e-04,4e-04,4e-04,3e-04,0,0,0
2025-12-22 07:27:06,0,0,27.75,0,1,409,6.81667,1,0.0166667,27,0.45,1.48,0,0,0,0,0,0,0,0,173,131,0,0,0,1e-04,2e-04,4e-04,4e-04,2e-04,0.12,0,0
2025-12-22 07:28:06,0,0,27.88,0,1,316,5.26667,0,0,18,0.3,1.47,0,0,0,0,0,0,0,0,169,124,0,0,0,1e-04,2e-04,4e-04,4e-04,3e-04,0.21,0,0
2025-12-22 07:29:06,0,0,28,0,1,766,12.7667,1,0.0166667,74,1.23333,1.52,0,0,0,0,0,0,0,0,173,128,0,0,0,1e-04,2e-04,4e-04,4e-04,3e-04,0.17,0,0
2025-12-22 07:30:06,0,0,28.06,0,1,2080,34.6667,18,0.3,149,2.48333,0.7,0,0,0,0,0,0,0,0,180,135,0,0,0,0,1e-04,2e-04,2e-04,1e-04,0.02,0,0
2025-12-22 07:31:06,0,0,28,0,1,3173,52.8833,74,1.23333,180,3,19.44,0,0,0,0,0,0,0,0,195,148,2e-04,5e-04,6e-04,0.0015,0.003,0.005,0.0055,0.0034,7.05,0.01,0
2025-12-22 07:32:06,0,0,28.44,0,8,8309,138.483,266,4.43333,411,6.85,18.3,0,0,0,0,0,0,0,0,205,158,2e-04,5e-04,6e-04,0.0014,0.0028,0.0047,0.0052,0.0032,6.72,0.01,0
2025-12-22 07:33:06,0,0,28.5,0,1,4162,69.3667,83,1.38333,276,4.6,3.38,0,0,0,0,0,0,0,0,196,146,0,1e-04,1e-04,3e-04,5e-04,9e-04,9e-04,6e-04,1.29,0,0
2025-12-22 07:34:06,0,0,28.31,0,1,5574,92.9,85,1.41667,390,6.5,0.63,0,0,0,0,0,0,0,0,214,158,0,0,0,1e-04,1e-04,2e-04,2e-04,1e-04,0.21,0,0
2025-12-22 07:35:06,0,0,28.31,0,8,9944,165.733,290,4.83333,576,9.6,0,0,0,0,0,0,0,0,0,192,146,0,0,0,0,0,0,0,0,0,0,0
2025-12-22 07:36:06,0,0,28.5,0,1,11800,196.667,413,6.88333,496,8.26667,1.43,0,0,0,0,0,0,0,0,217,156,0,0,0,1e-04,2e-04,4e-04,5e-04,3e-04,0.28,0,0
2025-12-22 07:37:06,0,0,28.5,0,1,13711,228.517,479,7.98333,641,10.6833,31.96,0,0,0,0,0,0,0,0,201,151,3e-04,6e-04,8e-04,0.0018,0.0051,0.0084,0.0091,0.0054,8.82,0.01,0
2025-12-22 07:38:06,0,0,28.38,0,1,12771,212.85,468,7.8,556,9.26667,5.26,0,0,0,0,0,0,0,0,202,139,1e-04,1e-04,2e-04,5e-04,8e-04,0.0013,0.0015,9e-04,2.05,0,0
2025-12-22 07:39:06,0,0,28.25,0,1,13235,220.583,478,7.96667,596,9.93333,3.88,0,0,0,0,0,0,0,0,192,150,0,1e-04,1e-04,3e-04,6e-04,0.001,0.0011,7e-04,1.23,0,0
2025-12-22 07:40:06,0,0,28.31,0,1,6559,109.317,160,2.66667,424,7.06667,0,0,0,0,0,0,0,0,0,198,149,0,0,0,0,0,0,0,0,0,0,0
2025-12-22 07:41:06,0,0,28.69,0,8,6737,112.283,184,3.06667,417,6.95,0,0,0,0,0,0,0,0,0,181,137,0,0,0,0,0,0,0,0,0,0,0
2025-12-22 07:42:06,0,0,28.88,0,8,12424,207.067,462,7.7,542,9.03333,0.01,0,0,0,0,0,0,0,0,204,158,0,0,0,0,0,0,0,0,0,0,0
2025-12-22 07:43:06,0,0,28.75,0,16,15108,251.8,534,8.9,579,9.65,0,0,0,0,0,0,0,0,0,207,158,0,0,0,0,0,0,0,0,0,0,0
2025-12-22 07:44:06,0,0,28.81,0,1,3387,56.45,61,1.01667,251,4.18333,0,0,0,0,0,0,0,0,0,188,137,0,0,0,0,0,0,0,0,0,0,0
2025-12-22 07:45:06,0,0,28.88,0,1,1705,28.4167,2,0.0333333,175,2.91667,0,0,0,0,0,0,0,0,0,163,116,0,0,0,0,0,0,0,0,0,0,0
2025-12-22 07:46:06,0,0,28.94,0,1,2270,37.8333,15,0.25,178,2.96667,0,0,0,0,0,0,0,0,0,157,110,0,0,0,0,0,0,0,0,0,0,0
2025-12-22 07:47:06,0,0,28.94,0,1,2574,42.9,21,0.35,233,3.88333,0,0,0,0,0,0,0,0,0,160,111,0,0,0,0,0,0,0,0,0,0,0
2025-12-22 07:48:06,0,0,28.88,0,1,1375,22.9167,2,0.0333333,122,2.03333,0,0,0,0,0,0,0,0,0,204,145,0,0,0,0,0,0,0,0,0,0,0
2025-12-22 07:49:06,0,0,29,0,1,1613,26.8833,6,0.1,120,2,0,0,0,0,0,0,0,0,0,176,132,0,0,0,0,0,0,0,0,0,0,0
2025-12-22 07:50:06,0,0,28.81,0,1,1506,25.1,11,0.183333,113,1.88333,0,0,0,0,0,0,0,0,0,190,143,0,0,0,0,0,0,0,0,0,0,0
2025-12-22 07:51:06,0,0,29,0,1,1263,21.05,0,0,94,1.56667,0,0,0,0,0,0,0,0,0,152,108,0,0,0,0,0,0,0,0,0,0,0
2025-12-22 07:52:06,0,0,29.06,0,1,1232,20.5333,0,0,85,1.41667,0,0,0,0,0,0,0,0,0,149,106,0,0,0,0,0,0,0,0,0,0,0
2025-12-22 07:53:06,0,0,29,0,1,2157,35.95,18,0.3,178,2.96667,0,0,0,0,0,0,0,0,0,164,120,0,0,0,0,0,0,0,0,0,0,0
2025-12-22 07:54:06,0,0,29,0,1,2746,45.7667,26,0.433333,238,3.96667,0,0,0,0,0,0,0,0,0,217,158,0,0,0,0,0,0,0,0,0,0,0
2025-12-22 07:55:06,0,0,29,0,1,5731,95.5167,151,2.51667,321,5.35,0,0,0,0,0,0,0,0,0,154,109,0,0,0,0,0,0,0,0,0,0,0
2025-12-22 07:56:06,0,0,29.06,0,1,9297,154.95,298,4.96667,504,8.4,0,0,0,0,0,0,0,0,0,182,138,0,0,0,0,0,0,0,0,0,0,0
2025-12-22 07:57:06,0,0,29,0,8,16441,274.017,747,12.45,569,9.48333,0,0,0,0,0,0,0,0,0,155,112,0,0,0,0,0,0,0,0,0,0,0
2025-12-22 07:58:06,0,0,28.81,0,1,17184,286.4,764,12.7333,583,9.71667,0,0,0,0,0,0,0,0,0,160,119,0,0,0,0,0,0,0,0,0,0,0
2025-12-22 07:59:06,0,0,28.5,0,8,18854,314.233,823,13.7167,624,10.4,0,0,0,0,0,0,0,0,0,160,119,0,0,0,0,0,0,0,0,0,0,0
2025-12-22 08:00:06,0,0,28.31,0,1,17204,286.733,769,12.8167,622,10.3667,0,0,0,0,0,0,0,0,0,147,116,0,0,0,0,0,0,0,0,0,0,0
2025-12-22 08:01:06,0,0,28.12,0,1,5150,85.8333,172,2.86667,293,4.88333,0,0,0,0,0,0,0,0,0,157,111,0,0,0,0,0,0,0,0,0,0,0
2025-12-22 08:02:06,0,0,27.81,0,1,210,3.5,2,0.0333333,17,0.283333,0,0,0,0,0,0,0,0,0,177,131,0,0,0,0,0,0,0,0,0,0,0
2025-12-22 08:03:06,0,0,27.5,0,1,40,0.666667,0,0,1,0.0166667,0,0,0,0,0,0,0,0,0,201,153,0,0,0,0,0,0,0,0,0,0,0
2025-12-22 08:04:06,0,0,27.69,0,1,925,15.4167,17,0.283333,69,1.15,0,0,0,0,0,0,0,0,0,146,109,0,0,0,0,0,0,0,0,0,0,0
2025-12-22 08:05:06,0,0,27.25,0,1,1463,24.3833,29,0.483333,93,1.55,0,0,0,0,0,0,0,0,0,214,163,0,0,0,0,0,0,0,0,0,0,0
2025-12-22 08:06:06,0,0,27.38,0,1,384,6.4,1,0.0166667,19,0.316667,0,0,0,0,0,0,0,0,0,197,146,0,0,0,0,0,0,0,0,0,0,0
2025-12-22 08:07:06,0,0,27.25,0,1,176,2.93333,0,0,10,0.166667,0,0,0,0,0,0,0,0,0,192,143,0,0,0,0,0,0,0,0,0,0,0
2025-12-22 08:08:06,0,0,27.06,0,1,453,7.55,0,0,16,0.266667,0,0,0,0,0,0,0,0,0,203,153,0,0,0,0,0,0,0,0,0,0,0
2025-12-22 08:09:06,0,0,27.06,0,1,153,2.55,0,0,7,0.116667,0,0,0,0,0,0,0,0,0,198,149,0,0,0,0,0,0,0,0,0,0,0
2025-12-22 08:10:06,0,0,27,0,1,361,6.01667,0,0,14,0.233333,0,0,0,0,0,0,0,0,0,198,150,0,0,0,0,0,0,0,0,0,0,0
2025-12-22 08:11:06,0,0,27.06,0,1,265,4.41667,0,0,10,0.166667,0,0,0,0,0,0,0,0,0,172,125,0,0,0,0,0,0,0,0,0,0,0
2025-12-22 08:12:06,0,0,27.31,0,1,1510,25.1667,26,0.433333,106,1.76667,0,0,0,0,0,0,0,0,0,149,107,0,0,0,0,0,0,0,0,0,0,0
2025-12-22 08:13:06,0,0,27.44,0,1,1171,19.5167,26,0.433333,82,1.36667,0,0,0,0,0,0,0,0,0,150,109,0,0,0,0,0,0,0,0,0,0,0
2025-12-22 08:14:06,0,0,27.31,0,1,956,15.9333,6,0.1,67,1.11667,0,0,0,0,0,0,0,0,0,185,137,0,0,0,0,0,0,0,0,0,0,0
2025-12-22 08:15:06,0,0,27.25,0,1,301,5.01667,0,0,23,0.383333,0,0,0,0,0,0,0,0,0,204,155,0,0,0,0,0,0,0,0,0,0,0
2025-12-22 08:16:06,0,0,27.81,0,1,9566,159.433,393,6.55,382,6.36667,0,0,0,0,0,0,0,0,0,154,111,0,0,0,0,0,0,0,0,0,0,0
2025-12-22 08:17:06,0,0,27.88,0,1,9425,157.083,405,6.75,308,5.13333,0,0,0,0,0,0,0,0,0,153,112,0,0,0,0,0,0,0,0,0,0,0
2025-12-22 08:18:06,0,0,27.88,0,8,20286,338.1,906,15.1,526,8.76667,0,0,0,0,0,0,0,0,0,160,109,0,0,0,0,0,0,0,0,0,0,0
2025-12-22 08:19:06,0,0,27.88,0,8,16050,267.5,744,12.4,384,6.4,0,0,0,0,0,0,0,0,0,157,117,0,0,0,0,0,0,0,0,0,0,0
2025-12-22 08:20:06,0,0,27.88,0,8,16685,278.083,809,13.4833,365,6.08333,0,0,0,0,0,0,0,0,0,149,113,0,0,0,0,0,0,0,0,0,0,0
2025-12-22 08:21:06,0,0,27.81,0,8,21976,366.267,992,16.5333,387,6.45,0,0,0,0,0,0,0,0,0,148,107,0,0,0,0,0,0,0,0,0,0,0
2025-12-22 08:22:06,0,0,27.81,0,8,16162,269.367,728,12.1333,420,7,0,0,0,0,0,0,0,0,0,165,114,0,0,0,0,0,0,0,0,0,0,0
2025-12-22 08:23:06,0,0,26.06,0,8,19554,325.9,931,15.5167,451,7.51667,48.61,0,0,0,0,0.02,0,0,0,204,167,0.0027,0.005,0.0062,0.0076,0.008,0.0085,0.0108,0.0148,55.22,0.04,0
2025-12-22 08:24:06,0,0,24.69,0,8,16654,277.567,750,12.5,365,6.08333,67.37,0,0,0,0,0.02,0,0,0,166,148,0.0038,0.007,0.0088,0.0106,0.011,0.0114,0.0147,0.0204,78.68,0.06,0
2025-12-22 08:25:06,0,0,23.81,0,1,7278,121.3,304,5.06667,273,4.55,48.4,0,0,0,0,0.02,0,0,0,195,161,0.0027,0.0048,0.0061,0.0075,0.0078,0.0084,0.0108,0.0143,54.8,0.04,0
2025-12-22 08:26:06,0,0,22.31,0,8,15546,259.1,728,12.1333,446,7.43333,34.74,0,0,0,0,0.01,0,0,0,211,168,0.0016,0.0029,0.0037,0.0047,0.0061,0.0064,0.0082,0.0111,31.49,0.03,0
2025-12-22 08:27:06,0,0,21.25,0,8,15177,252.95,700,11.6667,403,6.71667,56.58,0,0,0,0,0.02,0,0,0,207,167,0.0025,0.0046,0.0058,0.0071,0.01,0.0103,0.0128,0.0167,50.67,0.04,0
2025-12-22 08:28:06,0,0,20.5,0,8,15923,265.383,772,12.8667,411,6.85,53.69,0,0,0,0,0.02,0,0,0,201,162,0.0028,0.0052,0.0065,0.0081,0.0089,0.0094,0.0116,0.0153,58.75,0.04,0
2025-12-22 08:29:06,0,0,19.56,0,8,17851,297.517,874,14.5667,436,7.26667,23.35,0,0,0,0,0.01,0,0,0,201,164,9e-04,0.0017,0.0021,0.0029,0.0041,0.0045,0.005,0.0058,18.75,0.02,0
2025-12-22 08:30:06,0,0,19.06,0,8,17747,295.783,835,13.9167,415,6.91667,31.11,0,0,0,0,0.01,0,0,0,172,141,0.0019,0.0035,0.0044,0.0056,0.0049,0.0053,0.0066,0.0089,39.59,0.03,0
2025-12-22 08:31:06,0,0,19.38,0,1,9578,159.633,370,6.16667,386,6.43333,22.51,0,0,0,0,0,0,0,0,171,134,3e-04,0.001,0.001,0.0022,0.0036,0.0049,0.0045,0.0026,12.8,0.01,0
2025-12-22 08:32:06,0,0,19.75,0,1,9860,164.333,352,5.86667,452,7.53333,9.53,0,0,0,0,0,0,0,0,140,150,1e-04,4e-04,4e-04,9e-04,0.0015,0.0021,0.0019,0.001,5.05,0,0
2025-12-22 08:33:06,0,0,20.56,0,1,11027,183.783,371,6.18333,583,9.71667,126.11,0,0,0,0,0.02,0,0,0,187,136,0.0029,0.0065,0.0081,0.0098,0.0242,0.0263,0.0254,0.0085,67.49,0.07,0
2025-12-22 08:34:06,0,0,21.19,0,1,6683,111.383,217,3.61667,394,6.56667,228.15,0,0,0,0,0.01,0,0,0,152,97,0.0044,0.0108,0.0127,0.0157,0.0433,0.0461,0.0442,0.0136,118.99,0.09,0
2025-12-22 08:35:06,0,0,21.75,0,16,2125,35.4167,31,0.516667,185,3.08333,562.41,0,0,0,0,0.02,0,0,0,137,96,0.0108,0.0269,0.0309,0.0381,0.1061,0.1124,0.107,0.0311,300.12,0.21,0
2025-12-22 08:36:06,0,0,21.94,0,1,614,10.2333,4,0.0666667,49,0.816667,177.08,0,0,0,0,0.01,0,0,0,143,103,0.0033,0.0084,0.0097,0.0122,0.0333,0.0351,0.0338,0.0102,94.78,0.06,0
2025-12-22 08:37:06,0,0,22.94,0,1,729,12.15,9,0.15,48,0.8,289.78,0,0,0,0,0.01,0,0,0,137,96,0.0055,0.0137,0.0156,0.0196,0.0547,0.0576,0.0548,0.0163,153.57,0.1,0
2025-12-22 08:38:06,0,0,23.75,0,16,1707,28.45,8,0.133333,186,3.1,617.09,0,0,0,0,0.02,0,0,0,136,96,0.012,0.0291,0.0328,0.0413,0.1167,0.1224,0.1163,0.0335,325.93,0.22,0
2025-12-22 08:39:06,0,0,24.5,0,16,2272,37.8667,32,0.533333,208,3.46667,559.5,0,0,0,0,0.02,0,0,0,136,97,0.0109,0.0263,0.0296,0.0373,0.1059,0.1109,0.1052,0.0305,294.25,0.2,0
2025-12-22 08:40:06,0,0,24.94,0,16,3494,58.2333,98,1.63333,214,3.56667,440.65,0,0,0,0,0.01,0,0,0,132,97,0.0083,0.0202,0.0227,0.0287,0.0838,0.0875,0.0831,0.0244,225.36,0.15,0
2025-12-22 08:41:06,0,0,25.25,0,1,4282,71.3667,90,1.5,389,6.48333,358.54,0,0,0,0,0.01,0,0,0,142,98,0.0069,0.0168,0.0189,0.0238,0.0681,0.0711,0.0671,0.02,187.51,0.13,0
2025-12-22 08:42:06,0,0,25.56,0,16,704,11.7333,9,0.15,51,0.85,554.02,0,0,0,0,0.02,0,0,0,139,99,0.011,0.0263,0.0294,0.0372,0.105,0.1096,0.1036,0.0307,293.29,0.2,0
2025-12-22 08:43:06,0,0,26,0,16,49,0.816667,0,0,4,0.0666667,553.34,0,0,0,0,0.02,0,0,0,138,99,0.011,0.0262,0.0293,0.0371,0.1049,0.1094,0.1035,0.0311,292.18,0.2,0
2025-12-22 08:44:06,0,0,26.44,0,16,422,7.03333,4,0.0666667,20,0.333333,554.3,0,0,0,0,0.02,0,0,0,140,99,0.0111,0.0264,0.0294,0.0373,0.1051,0.1096,0.1037,0.0313,293.59,0.2,0
2025-12-22 08:45:06,0,0,26.88,0,16,936,15.6,13,0.216667,65,1.08333,539.79,0,0,0,0,0.02,0,0,0,140,99,0.011,0.026,0.029,0.0368,0.1021,0.1065,0.1007,0.0304,289.72,0.19,0
2025-12-22 08:46:06,0,0,27.19,0,16,921,15.35,10,0.166667,59,0.983333,542.3,0,0,0,0,0.02,0,0,0,150,102,0.011,0.026,0.0289,0.0368,0.1027,0.1071,0.1013,0.0308,289.27,0.19,0
2025-12-22 08:47:06,0,0,27.94,0,16,5580,93,124,2.06667,428,7.13333,350.27,0,0,0,0,0.01,0,0,0,147,98,0.0069,0.0167,0.0184,0.0235,0.0664,0.0692,0.0654,0.0197,184.69,0.12,0
2025-12-22 08:48:06,0,0,28.06,0,1,2627,43.7833,48,0.8,203,3.38333,347.7,0,0,0,0,0.01,0,0,0,155,98,0.0068,0.0169,0.0181,0.024,0.0657,0.0682,0.0659,0.0197,185.02,0.12,0
2025-12-22 08:49:06,0,0,28.19,0,16,1864,31.0667,12,0.2,210,3.5,598.61,0,0,0,0,0.02,0,0,0,151,104,0.0118,0.0284,0.0312,0.0401,0.1135,0.1181,0.1125,0.0328,314.03,0.21,0
2025-12-22 08:50:06,0,0,28.31,0,1,3833,63.8833,98,1.63333,317,5.28333,438.27,0,0,0,0,0.01,0,0,0,145,98,0.0088,0.021,0.0233,0.0298,0.083,0.0864,0.0817,0.0249,233.31,0.16,0
2025-12-22 08:51:06,0,0,28.69,0,16,1370,22.8333,22,0.366667,115,1.91667,596.96,0,0,0,0,0.02,0,0,0,147,98,0.0117,0.028,0.0309,0.0394,0.1134,0.1182,0.1115,0.0331,310.46,0.21,0
2025-12-22 08:52:06,0,0,29,0,16,1007,16.7833,7,0.116667,95,1.58333,581.1,0,0,0,0,0.02,0,0,0,169,100,0.0116,0.0276,0.0305,0.0388,0.1103,0.1149,0.1084,0.0323,306.06,0.2,0
2025-12-22 08:53:06,0,0,28.94,0,16,778,12.9667,10,0.166667,54,0.9,525.34,0,0,0,0,0.02,0,0,0,152,100,0.0104,0.025,0.0276,0.0352,0.0997,0.1038,0.0981,0.0296,276.54,0.19,0
2025-12-22 08:54:06,0,0,29.12,0,16,5281,88.0167,150,2.5,273,4.55,432.48,0,0,0,0,0.01,0,0,0,179,128,0.0086,0.0206,0.0228,0.0291,0.082,0.0855,0.0806,0.0242,228.9,0.15,0
2025-12-22 08:55:06,0,0,29.12,0,1,3698,61.6333,84,1.4,286,4.76667,402.23,0,0,0,0,0.01,0,0,0,169,105,0.0082,0.0196,0.0218,0.0278,0.076,0.0791,0.0749,0.0233,218.13,0.14,0
2025-12-22 08:56:06,0,0,29.12,0,16,1278,21.3,24,0.4,97,1.61667,557.7,0,0,0,0,0.02,0,0,0,157,102,0.0111,0.0265,0.0293,0.0375,0.1058,0.1103,0.104,0.0314,294.12,0.2,0
2025-12-22 08:57:06,0,0,29.25,0,16,834,13.9,5,0.0833333,72,1.2,618.21,0,0,0,0,0.02,0,0,0,152,105,0.0123,0.0293,0.0324,0.0412,0.1174,0.1225,0.1154,0.0345,324.05,0.22,0
2025-12-22 08:58:06,0,0,29.5,0,16,799,13.3167,9,0.15,70,1.16667,615.35,0,0,0,0,0.02,0,0,0,147,101,0.0123,0.0291,0.0324,0.0411,0.1168,0.1218,0.1149,0.0344,323.38,0.22,0
2025-12-22 08:59:06,0,0,29.62,0,16,944,15.7333,6,0.1,79,1.31667,618.62,0,0,0,0,0.02,0,0,0,151,102,0.0124,0.0292,0.0325,0.0412,0.1175,0.1227,0.1155,0.0344,323.67,0.22,0
2025-12-22 09:00:06,0,0,29.81,0,16,2390,39.8333,56,0.933333,184,3.06667,629.92,0,0,0,0,0.02,0,0,0,156,103,0.0126,0.0298,0.0331,0.042,0.1196,0.1248,0.1176,0.0352,330.44,0.22,0
2025-12-22 09:01:06,0,0,29.88,0,16,2956,49.2667,50,0.833333,238,3.96667,637.67,0,0,0,0,0.02,0,0,0,152,106,0.0128,0.0301,0.0335,0.0425,0.1211,0.1264,0.1191,0.0361,334.35,0.23,0
2025-12-22 09:02:06,0,0,29.81,0,16,1973,32.8833,20,0.333333,162,2.7,599.13,0,0,0,0,0.02,0,0,0,152,104,0.012,0.0283,0.0316,0.0401,0.1137,0.1187,0.112,0.0343,314.75,0.21,0
2025-12-22 09:03:06,0,0,29.94,0,16,1925,32.0833,43,0.716667,145,2.41667,588.35,0,0,0,0,0.02,0,0,0,147,100,0.0119,0.0278,0.0311,0.0395,0.1116,0.1165,0.1099,0.0337,309.81,0.21,0
2025-12-22 09:04:06,0,0,30.38,0,16,1607,26.7833,28,0.466667,123,2.05,596.61,0,0,0,0,0.02,0,0,0,151,101,0.0121,0.0284,0.0316,0.0402,0.1131,0.1181,0.1114,0.0341,315.55,0.21,0
2025-12-22 09:05:06,0,0,30.31,0,16,2384,39.7333,49,0.816667,183,3.05,601.82,0,0,0,0,0.02,0,0,0,155,108,0.0122,0.0286,0.0319,0.0405,0.1142,0.1191,0.1123,0.0345,318.08,0.21,0
2025-12-22 09:06:06,0,0,30.31,0,16,2653,44.2167,31,0.516667,251,4.18333,583.7,0,0,0,0,0.02,0,0,0,166,103,0.0117,0.0276,0.0307,0.0391,0.1108,0.1156,0.1089,0.0331,306.77,0.21,0
2025-12-22 09:07:06,0,0,30.25,0,16,1422,23.7,19,0.316667,126,2.1,585.2,0,0,0,0,0.02,0,0,0,177,105,0.0118,0.0279,0.0308,0.0393,0.111,0.1156,0.1091,0.0331,309.41,0.21,0
2025-12-22 09:08:06,0,0,30.19,0,16,2411,40.1833,20,0.333333,233,3.88333,554.35,0,0,0,0,0.02,0,0,0,170,104,0.0112,0.0265,0.0292,0.0373,0.1052,0.1094,0.1034,0.0317,293.26,0.2,0
2025-12-22 09:09:06,0,0,30.25,0,16,1429,23.8167,17,0.283333,143,2.38333,574.42,0,0,0,0,0.02,0,0,0,163,105,0.0116,0.0274,0.0302,0.0385,0.109,0.1134,0.1071,0.0325,303.07,0.2,0
2025-12-22 09:10:06,0,0,30.12,0,16,1460,24.3333,16,0.266667,128,2.13333,585.36,0,0,0,0,0.02,0,0,0,178,103,0.0119,0.028,0.0309,0.0395,0.111,0.1156,0.1091,0.0331,310.45,0.21,0
2025-12-22 09:11:06,0,0,30.25,0,16,1911,31.85,29,0.483333,146,2.43333,580.97,0,0,0,0,0.02,0,0,0,159,102,0.0117,0.0276,0.0304,0.0389,0.1103,0.1148,0.1084,0.0329,305.43,0.21,0
2025-12-22 09:12:06,0,0,30.19,0,16,1060,17.6667,2,0.0333333,105,1.75,564.74,0,0,0,0,0.02,0,0,0,166,100,0.0114,0.027,0.0297,0.038,0.1071,0.1114,0.1053,0.032,298.91,0.2,0
2025-12-22 09:13:06,0,0,30.19,0,16,2179,36.3167,21,0.35,205,3.41667,540.83,0,0,0,0,0.02,0,0,0,177,101,0.011,0.026,0.0287,0.0366,0.1026,0.1067,0.1008,0.0311,287.67,0.19,0
2025-12-22 09:14:06,0,0,30.19,0,16,2982,49.7,50,0.833333,264,4.4,546.57,0,0,0,0,0.02,0,0,0,176,101,0.0112,0.0263,0.029,0.0371,0.1036,0.1078,0.1019,0.0316,291.13,0.2,0
2025-12-22 09:15:06,0,0,30.25,0,16,1983,33.05,52,0.866667,124,2.06667,263.22,0,0,0,0,0.01,0,0,0,163,103,0.0054,0.0127,0.014,0.0179,0.0499,0.0519,0.0491,0.0155,140.49,0.09,0
2025-12-22 09:16:06,0,0,30.25,0,16,1318,21.9667,4,0.0666667,155,2.58333,1.47,0,0,0,0,0,0,0,0,153,108,0,0,0,1e-04,3e-04,3e-04,3e-04,1e-04,0.35,0,0
2025-12-22 09:17:06,0,0,30.31,0,16,1325,22.0833,9,0.15,153,2.55,0.55,0,0,0,0,0,0,0,0,161,118,0,0,0,0,1e-04,1e-04,1e-04,1e-04,0,0,0
2025-12-22 09:18:06,0,0,30.25,0,16,635,10.5833,2,0.0333333,61,1.01667,3.2,0,0,0,0,0,0,0,0,157,102,0,1e-04,1e-04,2e-04,7e-04,6e-04,7e-04,3e-04,0.95,0,0
2025-12-22 09:19:06,0,0,30.31,0,16,1708,28.4667,38,0.633333,126,2.1,17.12,0,0,0,0,0,0,0,0,154,102,2e-04,6e-04,6e-04,8e-04,0.0035,0.0033,0.0035,0.0011,5.98,0.01,0
2025-12-22 09:20:06,0,0,30.5,0,16,620,10.3333,0,0,71,1.18333,0,0,0,0,0,0,0,0,0,160,104,0,0,0,0,0,0,0,0,0,0,0
2025-12-22 09:21:06,0,0,30.62,0,16,142,2.36667,0,0,8,0.133333,0,0,0,0,0,0,0,0,0,155,102,0,0,0,0,0,0,0,0,0,0,0
2025-12-22 09:22:06,0,0,30.69,0,16,367,6.11667,0,0,40,0.666667,0,0,0,0,0,0,0,0,0,149,103,0,0,0,0,0,0,0,0,0,0,0
2025-12-22 09:23:06,0,0,30.81,0,16,527,8.78333,1,0.0166667,46,0.766667,0,0,0,0,0,0,0,0,0,156,103,0,0,0,0,0,0,0,0,0,0,0
2025-12-22 09:24:06,0,0,30.88,0,16,504,8.4,0,0,43,0.716667,0,0,0,0,0,0,0,0,0,153,103,0,0,0,0,0,0,0,0,0,0,0
2025-12-22 09:25:06,0,0,31,0,16,209,3.48333,0,0,8,0.133333,0,0,0,0,0,0,0,0,0,150,103,0,0,0,0,0,0,0,0,0,0,0
2025-12-22 09:26:06,0,0,31,0,16,993,16.55,1,0.0166667,113,1.88333,0,0,0,0,0,0,0,0,0,171,113,0,0,0,0,0,0,0,0,0,0,0
2025-12-22 09:27:06,0,0,31.06,0,16,1242,20.7,2,0.0333333,124,2.06667,0,0,0,0,0,0,0,0,0,159,108,0,0,0,0,0,0,0,0,0,0,0
2025-12-22 09:28:06,0,0,31.06,0,4,2243,37.3833,43,0.716667,150,2.5,176.43,0,0,0,0,0.01,0,0,0,196,135,0.0036,0.0084,0.0095,0.0121,0.0334,0.0349,0.033,0.0107,94.15,0.06,0
2025-12-22 09:29:06,0,0,31.12,0,1,113,1.88333,0,0,7,0.116667,259.61,0,0,0,0,0.01,0,0,0,197,139,0.0053,0.0127,0.0143,0.0184,0.0489,0.051,0.0487,0.0168,142.2,0.1,0
2025-12-22 09:30:06,0,0,31.19,0,1,164,2.73333,0,0,12,0.2,269.28,0,0,0,0,0.01,0,0,0,191,133,0.0055,0.0132,0.0148,0.019,0.0508,0.0529,0.0505,0.0173,147.5,0.1,0
2025-12-22 09:31:06,0,0,31,0,1,1906,31.7667,40,0.666667,144,2.4,147.42,0,0,0,0,0.01,0,0,0,158,123,0.0026,0.0063,0.0071,0.0091,0.0283,0.0295,0.0283,0.0097,69.48,0.05,0
2025-12-22 09:32:06,0,0,31,0,16,1706,28.4333,35,0.583333,119,1.98333,502.8,0,0,0,0,0.02,0,0,0,158,103,0.0103,0.0241,0.0267,0.0341,0.0953,0.0993,0.0938,0.0294,267.6,0.18,0
2025-12-22 09:33:06,0,0,31.06,0,16,1050,17.5,3,0.05,94,1.56667,605.77,0,0,0,0,0.02,0,0,0,164,104,0.0124,0.0291,0.0322,0.0412,0.1148,0.1196,0.1131,0.0355,322.68,0.22,0
2025-12-22 09:34:06,0,0,30.94,0,16,1020,17,1,0.0166667,93,1.55,603.1,0,0,0,0,0.02,0,0,0,156,103,0.0123,0.029,0.0321,0.041,0.1143,0.119,0.1125,0.0353,321.72,0.22,0
2025-12-22 09:35:06,0,0,30.75,0,1,2925,48.75,55,0.916667,247,4.11667,520.45,0,0,0,0,0.02,0,0,0,156,116,0.0112,0.0261,0.0291,0.0373,0.098,0.1019,0.0969,0.0329,290.88,0.19,0
2025-12-22 09:36:06,0,0,30.81,0,1,3026,50.4333,66,1.1,247,4.11667,477.34,0,0,0,0,0.02,0,0,0,162,103,0.0104,0.0241,0.027,0.0346,0.0897,0.0933,0.0888,0.0307,269.81,0.18,0
2025-12-22 09:37:06,0,0,30.81,0,16,2747,45.7833,47,0.783333,227,3.78333,589.37,0,0,0,0,0.02,0,0,0,171,108,0.012,0.0281,0.0312,0.0399,0.1118,0.1164,0.1101,0.035,312.07,0.21,0
2025-12-22 09:38:06,0,0,30.75,0,16,1785,29.75,13,0.216667,189,3.15,604.97,0,0,0,0,0.02,0,0,0,162,106,0.0124,0.029,0.0321,0.041,0.1146,0.1194,0.1129,0.0353,322.04,0.22,0
2025-12-22 09:39:06,0,0,30.69,0,16,3388,56.4667,50,0.833333,307,5.11667,622.03,0,0,0,0,0.02,0,0,0,181,106,0.0125,0.0293,0.0324,0.0415,0.1182,0.1232,0.1165,0.0371,324.49,0.22,0
2025-12-22 09:40:06,0,0,30.62,0,16,2678,44.6333,41,0.683333,239,3.98333,624.95,0,0,0,0,0.02,0,0,0,158,109,0.0127,0.0298,0.0331,0.0423,0.1185,0.1235,0.1168,0.0373,330.87,0.22,0
2025-12-22 09:41:06,0,0,30.5,0,16,1725,28.75,23,0.383333,148,2.46667,515.23,0,0,0,0,0.02,0,0,0,211,156,0.0105,0.0248,0.0274,0.0351,0.0976,0.1016,0.0963,0.0305,274.81,0.18,0
2025-12-22 09:42:06,0,0,30.44,0,16,1082,18.0333,7,0.116667,97,1.61667,418.74,0,0,0,0,0.01,0,0,0,172,102,0.0086,0.0202,0.0225,0.0287,0.0793,0.0825,0.0782,0.0249,224.71,0.15,0
2025-12-22 09:43:06,0,0,30.44,0,16,1561,26.0167,23,0.383333,113,1.88333,532.23,0,0,0,0,0.02,0,0,0,188,128,0.0109,0.0256,0.0284,0.0362,0.1009,0.105,0.0994,0.0313,283.99,0.19,0
2025-12-22 09:44:06,0,0,30.44,0,16,1123,18.7167,12,0.2,93,1.55,34.89,0,0,0,0,0,0,0,0,168,122,7e-04,0.0017,0.0018,0.0026,0.0066,0.0067,0.0068,0.0025,18.72,0.01,0
2025-12-22 09:45:06,0,0,30.44,0,16,1812,30.2,6,0.1,207,3.45,1.91,0,0,0,0,0,0,0,0,172,104,0,1e-04,1e-04,1e-04,4e-04,3e-04,4e-04,1e-04,0.65,0,0
2025-12-22 09:46:06,0,0,30.38,0,16,1420,23.6667,10,0.166667,145,2.41667,0.52,0,0,0,0,0,0,0,0,179,118,0,0,0,0,1e-04,1e-04,1e-04,0,0,0,0
2025-12-22 09:47:06,0,0,30.25,0,16,734,12.2333,10,0.166667,56,0.933333,14.25,0,0,0,0,0,0,0,0,220,166,6e-04,0.0015,0.0015,0.0021,0.0023,0.0023,0.0023,9e-04,16.16,0.01,0
2025-12-22 09:48:06,0,0,30.44,0,16,907,15.1167,1,0.0166667,104,1.73333,0,0,0,0,0,0,0,0,0,160,104,0,0,0,0,0,0,0,0,0,0,0
2025-12-22 09:49:06,0,0,30.5,0,16,1415,23.5833,18,0.3,131,2.18333,0.06,0,0,0,0,0,0,0,0,177,107,0,0,0,0,0,0,0,0,0,0,0
2025-12-22 09:50:06,0,0,30.62,0,16,926,15.4333,4,0.0666667,94,1.56667,0,0,0,0,0,0,0,0,0,162,104,0,0,0,0,0,0,0,0,0,0,0
2025-12-22 09:51:06,0,0,30.56,0,16,1347,22.45,15,0.25,119,1.98333,620.86,0,0,0,0,0.02,0,0,0,170,105,0.0129,0.0302,0.0334,0.0427,0.1174,0.1224,0.1158,0.0365,335.01,0.22,0
2025-12-22 09:52:06,0,0,30.56,0,16,2242,37.3667,35,0.583333,216,3.6,547.52,0,0,0,0,0.02,0,0,0,170,108,0.0112,0.0263,0.029,0.0372,0.1037,0.108,0.1023,0.0327,291.35,0.2,0
2025-12-22 09:53:06,0,0,30.5,0,16,1555,25.9167,18,0.3,139,2.31667,607.44,0,0,0,0,0.02,0,0,0,159,104,0.0126,0.0293,0.0326,0.0417,0.1149,0.1198,0.1135,0.0369,326.22,0.22,0
2025-12-22 09:54:06,0,0,30.44,0,16,455,7.58333,0,0,31,0.516667,609.88,0,0,0,0,0.02,0,0,0,157,102,0.0126,0.0293,0.0326,0.0417,0.1155,0.1204,0.114,0.0367,325.94,0.22,0
2025-12-22 09:55:06,0,0,30.25,0,16,3142,52.3667,83,1.38333,182,3.03333,342.09,0,0,0,0,0.01,0,0,0,220,170,0.0072,0.0167,0.0187,0.024,0.0645,0.0675,0.0642,0.0224,186.3,0.13,0
2025-12-22 09:56:06,0,0,30.19,0,16,3773,62.8833,98,1.63333,237,3.95,386.25,0,0,0,0,0.02,0,0,0,221,160,0.0081,0.0189,0.0209,0.0268,0.0731,0.0761,0.0723,0.0242,208.69,0.14,0
2025-12-22 09:57:06,0,0,30.25,0,16,4154,69.2333,119,1.98333,255,4.25,442.26,0,0,0,0,0.02,0,0,0,213,158,0.0093,0.0215,0.0242,0.0312,0.0834,0.0874,0.0832,0.029,240.76,0.16,0
2025-12-22 09:58:06,0,0,30.25,0,16,5605,93.4167,180,3,283,4.71667,557.69,0,0,0,0,0.02,0,0,0,166,112,0.0114,0.0267,0.0297,0.0382,0.1055,0.1106,0.1043,0.0331,296.93,0.2,0
2025-12-22 09:59:06,0,0,30,0,4,3564,59.4,96,1.6,216,3.6,345.97,0,0,0,0,0.01,0,0,0,210,158,0.0069,0.0163,0.018,0.0236,0.0656,0.0686,0.0652,0.0221,180.85,0.13,0
2025-12-22 10:00:06,0,0,30.12,0,16,5692,94.8667,181,3.01667,286,4.76667,474.85,0,0,0,0,0.02,0,0,0,157,106,0.0098,0.0231,0.0256,0.0331,0.0897,0.0939,0.089,0.0297,256.13,0.17,0
2025-12-22 10:01:06,0,0,30,0,16,2772,46.2,60,1,181,3.01667,564.52,0,0,0,0,0.02,0,0,0,177,106,0.0118,0.0275,0.0306,0.0394,0.1065,0.1117,0.1058,0.035,305.43,0.21,0
2025-12-22 10:02:06,0,0,29.62,0,4,4477,74.6167,126,2.1,248,4.13333,333.68,0,0,0,0,0.01,0,0,0,215,164,0.007,0.0164,0.0183,0.0237,0.0628,0.0659,0.0626,0.0215,182.7,0.12,0
2025-12-22 10:03:06,0,0,29.5,0,1,3382,56.3667,76,1.26667,282,4.7,274.52,0,0,0,0,0.01,0,0,0,199,151,0.0057,0.0133,0.015,0.0196,0.0516,0.0543,0.0519,0.0192,149.65,0.1,0
2025-12-22 10:04:06,0,0,29.5,0,1,1916,31.9333,44,0.733333,134,2.23333,227.34,0,0,0,0,0.01,0,0,0,212,159,0.0049,0.0116,0.0129,0.017,0.0424,0.0446,0.0426,0.0154,130.04,0.09,0
2025-12-22 10:05:06,0,0,29.31,0,1,2053,34.2167,57,0.95,137,2.28333,281.24,0,0,0,0,0.01,0,0,0,198,145,0.0055,0.0131,0.0145,0.019,0.0532,0.0561,0.0531,0.0177,145.5,0.1,0
2025-12-22 10:06:06,0,0,29.5,0,1,1656,27.6,42,0.7,108,1.8,337.4,0,0,0,0,0.01,0,0,0,180,114,0.0067,0.0158,0.0176,0.023,0.0637,0.0672,0.0635,0.0207,176.67,0.12,0
2025-12-22 10:07:06,0,0,29.38,0,16,4135,68.9167,136,2.26667,181,3.01667,426.86,0,0,0,0,0.02,0,0,0,183,131,0.0086,0.0201,0.0227,0.0293,0.0806,0.0849,0.0803,0.0262,225.72,0.16,0
2025-12-22 10:08:06,0,0,29.06,0,1,3055,50.9167,74,1.23333,185,3.08333,281.77,0,0,0,0,0.01,0,0,0,224,167,0.0059,0.0136,0.0153,0.0196,0.0533,0.0556,0.0532,0.0195,151.69,0.1,0
2025-12-22 10:09:06,0,0,29.12,0,16,3477,57.95,80,1.33333,252,4.2,363.31,0,0,0,0,0.02,0,0,0,211,157,0.0079,0.0181,0.0204,0.0262,0.0684,0.0714,0.0678,0.0231,202.71,0.14,0
2025-12-22 10:10:06,0,0,28.88,0,1,2749,45.8167,58,0.966667,223,3.71667,236.23,0,0,0,0,0.01,0,0,0,214,159,0.0048,0.0111,0.0126,0.0163,0.0446,0.047,0.0447,0.0158,124.85,0.09,0
2025-12-22 10:11:06,0,0,28.88,0,1,2699,44.9833,94,1.56667,135,2.25,113.89,0,0,0,0,0.01,0,0,0,219,158,0.0025,0.0058,0.0067,0.0086,0.0212,0.0223,0.0216,0.0089,65.93,0.04,0
2025-12-22 10:12:06,0,0,29.12,0,4,2563,42.7167,58,0.966667,194,3.23333,398.13,0,0,0,0,0.02,0,0,0,192,136,0.0083,0.0191,0.0216,0.0278,0.0751,0.0788,0.0748,0.0254,214.48,0.15,0
2025-12-22 10:13:06,0,0,28.94,0,1,4105,68.4167,118,1.96667,228,3.8,241.81,0,0,0,0,0.01,0,0,0,207,155,0.0051,0.0116,0.0134,0.0172,0.0455,0.0479,0.0457,0.0173,131.52,0.09,0
2025-12-22 10:14:06,0,0,29.31,0,16,995,16.5833,18,0.3,87,1.45,590.82,0,0,0,0,0.02,0,0,0,193,142,0.0124,0.0287,0.032,0.041,0.1117,0.1165,0.1108,0.0372,319.36,0.22,0
2025-12-22 10:15:06,0,0,29.06,0,16,3577,59.6167,118,1.96667,184,3.06667,452.66,0,0,0,0,0.02,0,0,0,227,164,0.0102,0.0231,0.0262,0.0337,0.0848,0.0886,0.0849,0.0323,259.7,0.17,0
2025-12-22 10:16:06,0,0,29.19,0,16,778,12.9667,7,0.116667,68,1.13333,589.96,0,0,0,0,0.02,0,0,0,176,119,0.0123,0.0285,0.0317,0.0406,0.1117,0.1164,0.1104,0.0362,316.74,0.21,0
2025-12-22 10:17:06,0,0,28.88,0,1,1445,24.0833,39,0.65,76,1.26667,374.89,0,0,0,0,0.02,0,0,0,201,162,0.0086,0.0193,0.0222,0.0286,0.07,0.0733,0.0706,0.0294,218.8,0.15,0
2025-12-22 10:18:06,0,0,29,0,8,599,9.98333,20,0.333333,40,0.666667,299.13,0,0,0,0,0.02,0,0,0,183,143,0.0073,0.016,0.0187,0.0242,0.0554,0.0582,0.0567,0.0268,182.58,0.12,0
2025-12-22 10:19:06,0,0,28.56,0,1,1387,23.1167,48,0.8,71,1.18333,379.81,0,0,0,0,0.02,0,0,0,218,172,0.0088,0.0195,0.0225,0.0291,0.0709,0.0743,0.0717,0.03,221.18,0.15,0
2025-12-22 10:20:06,0,0,28.94,0,1,3012,50.2,86,1.43333,158,2.63333,179.29,0,0,0,0,0.01,0,0,0,205,148,0.004,0.0093,0.0106,0.0138,0.0335,0.0349,0.0341,0.0146,104.51,0.07,0
2025-12-22 10:21:06,0,0,29,0,16,420,7,0,0,49,0.816667,586.77,0,0,0,0,0.02,0,0,0,191,141,0.0123,0.0284,0.0316,0.0405,0.1111,0.1157,0.1098,0.0365,315.44,0.21,0
2025-12-22 10:22:06,0,0,28.94,0,16,2530,42.1667,48,0.8,223,3.71667,610.98,0,0,0,0,0.03,0,0,0,195,146,0.0129,0.0298,0.0334,0.0429,0.1154,0.1203,0.1146,0.0397,332.82,0.23,0
2025-12-22 10:23:06,0,0,28.88,0,16,1812,30.2,14,0.233333,178,2.96667,588.45,0,0,0,0,0.02,0,0,0,187,128,0.0124,0.0287,0.0321,0.0411,0.1112,0.1157,0.1101,0.0374,320.06,0.22,0
2025-12-22 10:24:06,0,0,28.81,0,16,1379,22.9833,9,0.15,134,2.23333,522.64,0,0,0,0,0.02,0,0,0,183,138,0.0113,0.0258,0.029,0.0372,0.0985,0.1026,0.0978,0.0348,289.12,0.19,0
2025-12-22 10:25:06,0,0,28.88,0,16,1732,28.8667,22,0.366667,168,2.8,518.67,0,0,0,0,0.03,0,0,0,172,119,0.0114,0.0259,0.0293,0.0377,0.0975,0.1017,0.0973,0.0365,290.88,0.2,0
2025-12-22 10:26:06,0,0,28.75,0,16,1348,22.4667,14,0.233333,106,1.76667,592.55,0,0,0,0,0.02,0,0,0,188,130,0.0125,0.0289,0.0323,0.0414,0.112,0.1165,0.1108,0.0378,322.82,0.22,0
2025-12-22 10:27:06,0,0,28.81,0,16,1492,24.8667,4,0.0666667,159,2.65,584.97,0,0,0,0,0.02,0,0,0,170,112,0.0123,0.0285,0.0318,0.0406,0.1106,0.1151,0.1093,0.0367,317.4,0.21,0
2025-12-22 10:28:06,0,0,28.69,0,16,1845,30.75,51,0.85,129,2.15,597.83,0,0,0,0,0.02,0,0,0,184,129,0.0125,0.029,0.0323,0.0413,0.1131,0.1178,0.1117,0.0371,322.85,0.22,0
2025-12-22 10:29:06,0,0,28.81,0,16,585,9.75,1,0.0166667,47,0.783333,557.81,0,0,0,0,0.02,0,0,0,192,136,0.0117,0.0271,0.0302,0.0387,0.1055,0.1098,0.1043,0.0344,301.5,0.2,0
2025-12-22 10:30:06,0,0,28.88,0,16,683,11.3833,8,0.133333,60,1,573.49,0,0,0,0,0.02,0,0,0,182,130,0.0117,0.0271,0.0303,0.0388,0.1088,0.1136,0.1072,0.0352,301.88,0.21,0
2025-12-22 10:31:06,0,0,29.06,0,16,558,9.3,3,0.05,57,0.95,393.94,0,0,0,0,0.01,0,0,0,183,125,0.0081,0.0188,0.021,0.027,0.0746,0.0786,0.0729,0.0232,208.7,0.15,0
2025-12-22 10:32:06,0,0,29.12,0,16,834,13.9,0,0,74,1.23333,260.62,0,0,0,0,0.01,0,0,0,172,118,0.0055,0.0128,0.0142,0.0182,0.0493,0.0519,0.0481,0.0155,141.06,0.1,0
2025-12-22 10:33:06,0,0,29.19,0,16,583,9.71667,5,0.0833333,43,0.716667,70.26,0,0,0,0,0,0,0,0,181,128,0.0013,0.0036,0.0037,0.0044,0.0143,0.0123,0.0138,0.0048,35.65,0.03,0
2025-12-22 10:34:06,0,0,29.38,0,16,1437,23.95,13,0.216667,144,2.4,17.5,0,0,0,0,0,0,0,0,158,105,2e-04,7e-04,7e-04,9e-04,0.0036,0.0034,0.0035,0.0013,6.48,0.01,0
2025-12-22 10:35:06,0,0,29.5,0,16,601,10.0167,1,0.0166667,51,0.85,13.74,0,0,0,0,0,0,0,0,158,104,2e-04,7e-04,7e-04,0.001,0.0028,0.0024,0.0029,0.0012,6.85,0.01,0
2025-12-22 10:36:06,0,0,29.69,0,16,457,7.61667,0,0,41,0.683333,10.09,0,0,0,0,0,0,0,0,153,103,2e-04,5e-04,5e-04,7e-04,0.002,0.0017,0.0022,9e-04,4.97,0,0
2025-12-22 10:37:06,0,0,29.75,0,1,1993,33.2167,37,0.616667,140,2.33333,85.73,0,0,0,0,0.01,0,0,0,160,116,0.002,0.0045,0.0051,0.0066,0.0161,0.0166,0.0162,0.0069,50.31,0.03,0
2025-12-22 10:38:06,0,0,29.88,0,16,2787,46.45,69,1.15,191,3.18333,0.92,0,0,0,0,0,0,0,0,172,111,0,0,0,1e-04,2e-04,2e-04,2e-04,1e-04,0.24,0,0
2025-12-22 10:39:06,0,0,29.94,0,16,1645,27.4167,27,0.45,126,2.1,0,0,0,0,0,0,0,0,0,174,112,0,0,0,0,0,0,0,0,0,0,0
2025-12-22 10:40:06,0,0,30,0,16,1670,27.8333,28,0.466667,124,2.06667,0,0,0,0,0,0,0,0,0,192,144,0,0,0,0,0,0,0,0,0,0,0
2025-12-22 10:41:06,0,0,30.06,0,16,1780,29.6667,34,0.566667,133,2.21667,546.86,0,0,0,0,0.02,0,0,0,197,149,0.0116,0.0269,0.03,0.0386,0.1032,0.1074,0.1024,0.0352,300,0.2,0
2025-12-22 10:42:06,0,0,30.12,0,16,1836,30.6,17,0.283333,156,2.6,599.67,0,0,0,0,0.02,0,0,0,168,108,0.0127,0.0294,0.0327,0.0421,0.1132,0.1178,0.1123,0.0381,327.39,0.22,0
2025-12-22 10:43:06,0,0,30.06,0,16,1230,20.5,2,0.0333333,122,2.03333,590.6,0,0,0,0,0.02,0,0,0,167,107,0.0124,0.0288,0.032,0.0412,0.1116,0.1161,0.1108,0.0371,320.48,0.22,0
2025-12-22 10:44:06,0,0,29.88,0,16,2754,45.9,53,0.883333,231,3.85,530.91,0,0,0,0,0.02,0,0,0,213,158,0.0114,0.0263,0.0295,0.0381,0.1,0.104,0.0997,0.0357,294.29,0.2,0
2025-12-22 10:45:06,0,0,29.81,0,16,1341,22.35,20,0.333333,110,1.83333,556.47,0,0,0,0,0.02,0,0,0,179,112,0.0117,0.0271,0.0301,0.0387,0.1052,0.1094,0.1044,0.0347,301.24,0.2,0
2025-12-22 10:46:06,0,0,29.44,0,1,1300,21.6667,34,0.566667,57,0.95,213.1,0,0,0,0,0.01,0,0,0,235,178,0.0047,0.0109,0.0123,0.0161,0.0399,0.0416,0.0403,0.0169,122.15,0.08,0
2025-12-22 10:47:06,0,0,29.38,0,1,537,8.95,4,0.0666667,44,0.733333,74.99,0,0,0,0,0.01,0,0,0,215,158,0.0016,0.004,0.0045,0.0059,0.014,0.0146,0.0141,0.0062,44.37,0.03,0
2025-12-22 10:48:06,0,0,29.5,0,1,1128,18.8,21,0.35,67,1.11667,184.08,0,0,0,0,0.01,0,0,0,189,136,0.0041,0.0096,0.0109,0.0142,0.0343,0.036,0.0347,0.0146,107.87,0.07,0
2025-12-22 10:49:06,0,0,29.5,0,1,1709,28.4833,43,0.716667,93,1.55,220.15,0,0,0,0,0.01,0,0,0,207,150,0.0045,0.0107,0.012,0.0157,0.0414,0.0436,0.0414,0.0143,119.99,0.08,0
2025-12-22 10:50:06,0,0,29.56,0,4,1748,29.1333,19,0.316667,157,2.61667,359.45,0,0,0,0,0.02,0,0,0,187,128,0.0074,0.0173,0.0194,0.0252,0.0678,0.071,0.0677,0.0236,193.39,0.13,0
2025-12-22 10:51:06,0,0,29.5,0,16,936,15.6,3,0.05,65,1.08333,619.55,0,0,0,0,0.03,0,0,0,166,106,0.0131,0.0302,0.0337,0.0435,0.1169,0.1221,0.1165,0.04,336.62,0.23,0
2025-12-22 10:52:06,0,0,29.38,0,1,2470,41.1667,57,0.95,160,2.66667,227.77,0,0,0,0,0.01,0,0,0,167,114,0.0048,0.0116,0.0127,0.017,0.0425,0.0446,0.0433,0.0168,128.62,0.09,0
2025-12-22 10:53:06,0,0,29.56,0,8,1383,23.05,32,0.533333,81,1.35,106.31,0,0,0,0,0.01,0,0,0,195,147,0.0024,0.0056,0.0064,0.0084,0.0197,0.0207,0.0203,0.009,63.11,0.04,0
2025-12-22 10:54:06,0,0,29.69,0,8,1218,20.3,26,0.433333,85,1.41667,176.57,0,0,0,0,0.01,0,0,0,162,103,0.0038,0.0087,0.0099,0.013,0.0331,0.0347,0.0337,0.0145,97.91,0.07,0
2025-12-22 10:55:06,0,0,29.25,0,8,1016,16.9333,29,0.483333,58,0.966667,84.11,0,0,0,0,0.01,0,0,0,208,153,0.0019,0.0046,0.0051,0.0069,0.0156,0.0162,0.016,0.0076,51.37,0.03,0
2025-12-22 10:56:06,0,0,29.38,0,1,2212,36.8667,49,0.816667,160,2.66667,269.47,0,0,0,0,0.02,0,0,0,190,144,0.0058,0.0134,0.0154,0.02,0.0504,0.0532,0.0511,0.0204,151.72,0.1,0
2025-12-22 10:57:06,0,0,29.25,0,1,1280,21.3333,3,0.05,108,1.8,103.74,0,0,0,0,0.01,0,0,0,189,122,0.0026,0.0061,0.007,0.0092,0.019,0.0198,0.0195,0.0095,68.76,0.05,0
2025-12-22 10:58:06,0,0,29.19,0,1,1512,25.2,31,0.516667,111,1.85,325.41,0,0,0,0,0.02,0,0,0,182,128,0.0071,0.0163,0.0186,0.0241,0.0609,0.064,0.0613,0.0238,184.11,0.13,0
2025-12-22 10:59:06,0,0,29.31,0,4,1299,21.65,15,0.25,116,1.93333,208.66,0,0,0,0,0.01,0,0,0,164,106,0.0043,0.01,0.0113,0.0148,0.0393,0.0415,0.0395,0.0142,112.05,0.08,0
2025-12-22 11:00:06,0,0,29.19,0,4,3625,60.4167,98,1.63333,224,3.73333,372.42,0,0,0,0,0.02,0,0,0,161,118,0.008,0.0184,0.021,0.0273,0.0698,0.0734,0.0702,0.0268,207.96,0.14,0
2025-12-22 11:01:06,0,0,29.06,0,1,626,10.4333,8,0.133333,40,0.666667,510.99,0,0,0,0,0.03,0,0,0,169,115,0.0111,0.0254,0.0289,0.0374,0.0957,0.1009,0.0963,0.0367,286.37,0.2,0
2025-12-22 11:02:06,0,0,29,0,1,1295,21.5833,20,0.333333,92,1.53333,408.6,0,0,0,0,0.02,0,0,0,161,111,0.0092,0.0207,0.0238,0.0309,0.0763,0.0803,0.0772,0.0317,234.92,0.16,0
2025-12-22 11:03:06,0,0,28.88,0,1,688,11.4667,11,0.183333,52,0.866667,368.26,0,0,0,0,0.02,0,0,0,230,171,0.0084,0.0189,0.0217,0.0282,0.0687,0.0721,0.0693,0.0284,214.51,0.14,0
2025-12-22 11:04:06,0,0,28.69,0,1,388,6.46667,4,0.0666667,32,0.533333,348.49,0,0,0,0,0.02,0,0,0,159,114,0.0078,0.0177,0.0202,0.0263,0.065,0.0682,0.0658,0.0269,200.7,0.14,0
2025-12-22 11:05:06,0,0,28.81,0,1,578,9.63333,2,0.0333333,47,0.783333,150.05,0,0,0,0,0.01,0,0,0,160,109,0.0034,0.0079,0.0089,0.0116,0.028,0.0292,0.0282,0.0121,88.43,0.06,0
2025-12-22 11:06:06,0,0,28.62,0,1,1847,30.7833,48,0.8,106,1.76667,481.24,0,0,0,0,0.02,0,0,0,157,140,0.0104,0.0239,0.027,0.0349,0.0904,0.0945,0.0906,0.0336,268.61,0.18,0
2025-12-22 11:07:06,0,0,28.81,0,1,1803,30.05,31,0.516667,148,2.46667,483.74,0,0,0,0,0.02,0,0,0,169,109,0.0105,0.0242,0.0273,0.0354,0.0909,0.0946,0.0912,0.0346,271.82,0.18,0
2025-12-22 11:08:06,0,0,28.81,0,1,3185,53.0833,63,1.05,254,4.23333,390.75,0,0,0,0,0.02,0,0,0,226,164,0.0084,0.0195,0.0219,0.0284,0.0735,0.0765,0.0735,0.0274,218.14,0.15,0
2025-12-22 11:09:06,0,0,28.69,0,1,906,15.1,11,0.183333,84,1.4,199.02,0,0,0,0,0.01,0,0,0,185,123,0.0042,0.0101,0.0114,0.015,0.0372,0.0389,0.0376,0.015,113.37,0.08,0
2025-12-22 11:10:06,0,0,28.69,0,16,1100,18.3333,26,0.433333,73,1.21667,191,0,0,0,0,0.01,0,0,0,174,112,0.0041,0.0098,0.0111,0.0146,0.0357,0.0373,0.0361,0.0145,109.95,0.07,0
2025-12-22 11:11:06,0,0,28.62,0,1,1992,33.2,38,0.633333,138,2.3,125.88,0,0,0,0,0.01,0,0,0,227,163,0.0025,0.0063,0.007,0.0093,0.0236,0.0247,0.0238,0.0094,69.72,0.05,0
2025-12-22 11:12:06,0,0,28.62,0,1,1237,20.6167,19,0.316667,68,1.13333,199.47,0,0,0,0,0.01,0,0,0,232,163,0.0041,0.0099,0.011,0.0145,0.0376,0.0391,0.0375,0.0138,109.9,0.08,0
2025-12-22 11:13:06,0,0,28.38,0,1,1057,17.6167,15,0.25,64,1.06667,96.15,0,0,0,0,0.01,0,0,0,217,160,0.0019,0.0049,0.0054,0.0072,0.018,0.0189,0.0182,0.0072,54.23,0.04,0
2025-12-22 11:14:06,0,0,28.44,0,1,2060,34.3333,35,0.583333,140,2.33333,105.34,0,0,0,0,0.01,0,0,0,211,153,0.0021,0.0053,0.0059,0.0079,0.0197,0.0207,0.02,0.0079,59.02,0.04,0
2025-12-22 11:15:06,0,0,28.56,0,1,1984,33.0667,41,0.683333,113,1.88333,160.72,0,0,0,0,0.01,0,0,0,188,129,0.0033,0.0082,0.0091,0.0121,0.03,0.0314,0.0303,0.012,91.35,0.06,0
2025-12-22 11:16:06,0,0,28.38,0,1,1183,19.7167,39,0.65,78,1.3,265.97,0,0,0,0,0.01,0,0,0,205,151,0.0056,0.0133,0.0149,0.0193,0.05,0.0521,0.0499,0.0183,148.88,0.1,0
2025-12-22 11:17:06,0,0,28.38,0,1,1654,27.5667,20,0.333333,105,1.75,143.2,0,0,0,0,0.01,0,0,0,194,147,0.0029,0.0071,0.0079,0.0104,0.0269,0.0282,0.027,0.01,79.03,0.05,0
2025-12-22 11:18:06,0,0,28.44,0,16,1154,19.2333,25,0.416667,74,1.23333,267.69,0,0,0,0,0.01,0,0,0,176,113,0.0054,0.0128,0.0143,0.0186,0.0507,0.0528,0.0503,0.0172,142.14,0.1,0
2025-12-22 11:19:06,0,0,28.44,0,1,1003,16.7167,15,0.25,80,1.33333,160.24,0,0,0,0,0.01,0,0,0,175,109,0.0033,0.0079,0.0089,0.0117,0.0301,0.0316,0.0303,0.0115,88.3,0.06,0
2025-12-22 11:20:06,0,0,28.25,0,16,0,0,0,0,0,0,127.08,0,0,0,0,0.01,0,0,0,175,109,0.0027,0.0066,0.0075,0.0099,0.0237,0.0249,0.0242,0.0106,73.82,0.05,0
2025-12-22 11:21:06,0,0,28.19,0,16,17,0.283333,0,0,0,0,122.97,0,0,0,0,0.01,0,0,0,177,107,0.0027,0.0064,0.0073,0.0097,0.0229,0.0241,0.0234,0.0106,71.92,0.05,0
2025-12-22 11:22:06,0,0,28.19,0,1,449,7.48333,2,0.0333333,32,0.533333,122.19,0,0,0,0,0.01,0,0,0,222,161,0.0026,0.0063,0.0072,0.0096,0.0227,0.024,0.0234,0.0104,70.71,0.05,0
2025-12-22 11:23:06,0,0,28.38,0,4,942,15.7,6,0.1,77,1.28333,233.17,0,0,0,0,0.01,0,0,0,181,112,0.0047,0.0112,0.0126,0.0164,0.044,0.0461,0.0439,0.0151,125.19,0.09,0
2025-12-22 11:24:06,0,0,28.38,0,16,954,15.9,5,0.0833333,79,1.31667,253.23,0,0,0,0,0.01,0,0,0,175,110,0.0051,0.0121,0.0135,0.0175,0.0479,0.0502,0.0477,0.0163,134.06,0.09,0
2025-12-22 11:25:06,0,0,28.44,0,16,854,14.2333,1,0.0166667,65,1.08333,264.18,0,0,0,0,0.01,0,0,0,177,107,0.0054,0.0127,0.0142,0.0184,0.0499,0.0524,0.0497,0.017,141.52,0.1,0
2025-12-22 11:26:06,0,0,28.31,0,4,1437,23.95,22,0.366667,114,1.9,199.1,0,0,0,0,0.01,0,0,0,201,147,0.0041,0.0099,0.0111,0.0145,0.0374,0.0392,0.0376,0.0142,110.12,0.08,0
2025-12-22 11:27:06,0,0,28.31,0,4,1418,23.6333,13,0.216667,127,2.11667,211.16,0,0,0,0,0.01,0,0,0,189,129,0.0044,0.0104,0.0117,0.0152,0.0397,0.0417,0.0399,0.0148,115.84,0.08,0
2025-12-22 11:28:06,0,0,28.19,0,1,3102,51.7,50,0.833333,305,5.08333,146.64,0,0,0,0,0.01,0,0,0,222,161,0.003,0.0075,0.0084,0.011,0.0274,0.0287,0.0277,0.0112,83.41,0.06,0
2025-12-22 11:29:06,0,0,28.12,0,1,2825,47.0833,46,0.766667,258,4.3,143.57,0,0,0,0,0.01,0,0,0,203,150,0.003,0.0075,0.0084,0.011,0.0268,0.0279,0.027,0.0113,83.96,0.06,0
2025-12-22 11:30:06,0,0,27.94,0,1,3228,53.8,63,1.05,253,4.21667,172.92,0,0,0,0,0.01,0,0,0,215,159,0.0037,0.0092,0.0103,0.0135,0.0322,0.0335,0.0325,0.014,102.41,0.07,0
2025-12-22 11:31:06,0,0,27.94,0,1,2934,48.9,56,0.933333,201,3.35,216.49,0,0,0,0,0.01,0,0,0,192,125,0.0047,0.0114,0.0128,0.0167,0.0404,0.042,0.0405,0.0166,127.64,0.08,0
2025-12-22 11:32:06,0,0,27.88,0,1,2713,45.2167,28,0.466667,271,4.51667,181.61,0,0,0,0,0.01,0,0,0,227,163,0.0042,0.0101,0.0114,0.015,0.0336,0.0349,0.0343,0.0165,112.8,0.08,0
2025-12-22 11:33:06,0,0,28,0,4,3104,51.7333,86,1.43333,187,3.11667,168.99,0,0,0,0,0.01,0,0,0,192,143,0.0038,0.0091,0.0103,0.0136,0.0314,0.0328,0.0321,0.0147,101.59,0.07,0
2025-12-22 11:34:06,0,0,27.94,0,4,5131,85.5167,146,2.43333,330,5.5,229.98,0,0,0,0,0.02,0,0,0,167,112,0.0054,0.0127,0.0144,0.0188,0.0425,0.0443,0.0432,0.0195,142.64,0.09,0
2025-12-22 11:35:06,0,0,27.94,0,4,4698,78.3,109,1.81667,319,5.31667,231.29,0,0,0,0,0.01,0,0,0,164,113,0.0051,0.0122,0.0136,0.0177,0.0432,0.045,0.0434,0.0178,135.37,0.09,0
2025-12-22 11:36:06,0,0,28.12,0,1,2988,49.8,73,1.21667,217,3.61667,146.73,0,0,0,0,0.01,0,0,0,219,160,0.0038,0.0088,0.0101,0.0132,0.0267,0.0279,0.0272,0.0129,100.27,0.06,0
2025-12-22 11:37:06,0,0,27.88,0,4,3897,64.95,109,1.81667,235,3.91667,235.61,0,0,0,0,0.02,0,0,0,219,160,0.0055,0.013,0.0146,0.0192,0.0437,0.0454,0.0444,0.0206,145.07,0.1,0
2025-12-22 11:38:06,0,0,28.06,0,4,2915,48.5833,78,1.3,169,2.81667,272.4,0,0,0,0,0.01,0,0,0,204,157,0.0065,0.0152,0.0169,0.0219,0.0504,0.0525,0.0505,0.0201,169.63,0.11,0
2025-12-22 11:39:06,0,0,28,0,1,4098,68.3,111,1.85,253,4.21667,166.65,0,0,0,0,0.01,0,0,0,226,173,0.0035,0.0086,0.0097,0.0128,0.0311,0.0324,0.0315,0.0135,96.3,0.07,0
2025-12-22 11:40:06,0,0,28,0,1,1582,26.3667,45,0.75,108,1.8,58.7,0,0,0,0,0,0,0,0,209,151,0.0013,0.0033,0.0036,0.0046,0.011,0.0112,0.0107,0.0047,35.65,0.02,0
2025-12-22 11:41:06,0,0,27.88,0,1,2913,48.55,72,1.2,207,3.45,181.51,0,0,0,0,0.01,0,0,0,215,160,0.004,0.0097,0.0109,0.0142,0.0338,0.0352,0.0343,0.0152,107.59,0.07,0
2025-12-22 11:42:06,0,0,27.88,0,4,2727,45.45,62,1.03333,184,3.06667,250.73,0,0,0,0,0.02,0,0,0,208,153,0.0061,0.014,0.0159,0.0209,0.0463,0.0482,0.0474,0.0233,157.42,0.11,0
2025-12-22 11:43:06,0,0,27.94,0,1,4986,83.1,136,2.26667,263,4.38333,297.33,0,0,0,0,0.01,0,0,0,206,150,0.0063,0.0149,0.0166,0.0215,0.0559,0.0583,0.0559,0.0209,165.82,0.11,0
2025-12-22 11:44:06,0,0,27.62,0,1,2471,41.1833,42,0.7,149,2.48333,71.72,0,0,0,0,0.01,0,0,0,219,151,0.0017,0.0041,0.0046,0.006,0.0133,0.0136,0.0133,0.0064,46.01,0.03,0
2025-12-22 11:45:06,0,0,27.56,0,1,2145,35.75,58,0.966667,138,2.3,166.95,0,0,0,0,0.01,0,0,0,225,159,0.0037,0.0087,0.0096,0.0124,0.0314,0.0325,0.031,0.0118,96.17,0.06,0
2025-12-22 11:46:06,0,0,27.62,0,1,2005,33.4167,73,1.21667,88,1.46667,174.91,0,0,0,0,0.01,0,0,0,202,145,0.0037,0.0087,0.0097,0.0125,0.0331,0.0342,0.0327,0.0124,96.34,0.07,0
2025-12-22 11:47:06,0,0,27.56,0,1,2225,37.0833,52,0.866667,140,2.33333,296.8,0,0,0,0,0.02,0,0,0,226,147,0.0066,0.0153,0.0171,0.0221,0.0557,0.0579,0.0556,0.0215,170.43,0.11,0
2025-12-22 11:48:06,0,0,27.56,0,4,2968,49.4667,82,1.36667,170,2.83333,358.52,0,0,0,0,0.02,0,0,0,215,141,0.0076,0.0179,0.02,0.0259,0.0676,0.0702,0.0676,0.0266,198.82,0.14,0
2025-12-22 11:49:06,0,0,27.5,0,1,3950,65.8333,108,1.8,215,3.58333,125.27,0,0,0,0,0.01,0,0,0,215,157,0.0032,0.0076,0.0086,0.0111,0.0228,0.0236,0.0229,0.0102,85.92,0.05,0
2025-12-22 11:50:06,0,0,27.38,0,4,1569,26.15,24,0.4,109,1.81667,276.07,0,0,0,0,0.02,0,0,0,186,141,0.0066,0.015,0.0171,0.0224,0.0513,0.0532,0.0521,0.0247,169.01,0.11,0
2025-12-22 11:51:06,0,0,27.38,0,1,2675,44.5833,86,1.43333,129,2.15,107.9,0,0,0,0,0.01,0,0,0,239,161,0.0029,0.0066,0.0075,0.0097,0.0198,0.0203,0.0201,0.0111,73.38,0.05,0
2025-12-22 11:52:06,0,0,27.5,0,1,3511,58.5167,109,1.81667,199,3.31667,217,0,0,0,0,0.01,0,0,0,234,161,0.0051,0.0116,0.0132,0.017,0.0405,0.042,0.0407,0.0182,130.52,0.09,0
2025-12-22 11:53:06,0,0,27.38,0,1,4350,72.5,143,2.38333,194,3.23333,191.25,0,0,0,0,0.01,0,0,0,202,149,0.0044,0.0102,0.0116,0.0149,0.0356,0.037,0.0357,0.0151,114.89,0.08,0
2025-12-22 11:54:06,0,0,27.44,0,1,950,15.8333,25,0.416667,56,0.933333,217.45,0,0,0,0,0.01,0,0,0,172,120,0.0049,0.0112,0.0127,0.0163,0.0408,0.0423,0.0406,0.0159,125.92,0.08,0
2025-12-22 11:55:06,0,0,27.44,0,1,911,15.1833,20,0.333333,58,0.966667,267.78,0,0,0,0,0.02,0,0,0,212,144,0.0062,0.0143,0.0162,0.0211,0.0499,0.0518,0.0505,0.0227,160.51,0.11,0
2025-12-22 11:56:06,0,0,27.44,0,16,1582,26.3667,20,0.333333,121,2.01667,367.81,0,0,0,0,0.02,0,0,0,183,115,0.0082,0.0188,0.0212,0.0274,0.069,0.0718,0.069,0.0271,210.45,0.14,0
2025-12-22 11:57:06,0,0,27.5,0,16,2830,47.1667,42,0.7,219,3.65,377.78,0,0,0,0,0.02,0,0,0,202,129,0.0083,0.0191,0.0215,0.0278,0.071,0.074,0.0709,0.0272,213.24,0.14,0
2025-12-22 11:58:06,0,0,27.12,0,1,1138,18.9667,24,0.4,83,1.38333,143.19,0,0,0,0,0.01,0,0,0,225,150,0.0037,0.0083,0.0097,0.0128,0.0262,0.0272,0.0273,0.0158,95.1,0.06,0
2025-12-22 11:59:06,0,0,26.88,0,1,28,0.466667,0,0,4,0.0666667,96.67,0,0,0,0,0.01,0,0,0,227,160,0.0028,0.0059,0.0071,0.0093,0.0174,0.0182,0.0184,0.012,68.85,0.05,0
2025-12-22 12:00:06,0,0,26.81,0,4,480,8,8,0.133333,36,0.6,154.79,0,0,0,0,0.02,0,0,0,233,161,0.0043,0.0091,0.011,0.0142,0.0281,0.0294,0.0295,0.0178,106.22,0.07,0
2025-12-22 12:01:06,0,0,26.62,0,1,335,5.58333,8,0.133333,23,0.383333,109.06,0,0,0,0,0.01,0,0,0,227,161,0.003,0.0065,0.0078,0.0101,0.0197,0.0206,0.0206,0.0122,75.95,0.05,0
2025-12-22 12:02:06,0,0,26.38,0,1,32,0.533333,0,0,0,0,104.68,0,0,0,0,0.01,0,0,0,231,163,0.0028,0.0061,0.0073,0.0095,0.019,0.0198,0.0199,0.0116,71.06,0.05,0
2025-12-22 12:03:06,0,0,26.31,0,1,194,3.23333,5,0.0833333,12,0.2,166.61,0,0,0,0,0.01,0,0,0,198,145,0.004,0.0091,0.0104,0.0135,0.0308,0.032,0.0313,0.0146,103.29,0.07,0
2025-12-22 12:04:06,0,0,26.44,0,16,388,6.46667,8,0.133333,27,0.45,456.77,0,0,0,0,0.02,0,0,0,170,129,0.0097,0.0225,0.0252,0.0324,0.0863,0.0896,0.0853,0.0297,250.96,0.17,0
2025-12-22 12:05:06,0,0,26.44,0,16,535,8.91667,6,0.1,29,0.483333,402.15,0,0,0,0,0.02,0,0,0,233,167,0.0086,0.0199,0.0223,0.0287,0.0759,0.0789,0.0753,0.027,221.58,0.15,0
2025-12-22 12:06:06,0,0,26.38,0,1,903,15.05,23,0.383333,65,1.08333,147.82,0,0,0,0,0.01,0,0,0,231,163,0.0036,0.0083,0.0095,0.0124,0.0272,0.0283,0.0277,0.0135,94.01,0.06,0
2025-12-22 12:07:06,0,0,26.31,0,1,1089,18.15,29,0.483333,70,1.16667,100.32,0,0,0,0,0.01,0,0,0,227,163,0.0026,0.006,0.0069,0.0091,0.0182,0.019,0.0189,0.011,68.39,0.04,0
2025-12-22 12:08:06,0,0,26.38,0,1,770,12.8333,15,0.25,47,0.783333,125.21,0,0,0,0,0.01,0,0,0,227,159,0.0032,0.0073,0.0085,0.0111,0.0228,0.0237,0.0235,0.0128,83.66,0.05,0
2025-12-22 12:09:06,0,0,26.31,0,1,2268,37.8,81,1.35,134,2.23333,210.53,0,0,0,0,0.01,0,0,0,221,153,0.0048,0.0109,0.0123,0.016,0.0394,0.0409,0.0395,0.0169,122.34,0.08,0
2025-12-22 12:10:06,0,0,26.5,0,1,3672,61.2,94,1.56667,253,4.21667,282.49,0,0,0,0,0.01,0,0,0,219,156,0.0064,0.0148,0.0166,0.0214,0.0528,0.0549,0.0526,0.0204,165.93,0.11,0
2025-12-22 12:11:06,0,0,26.31,0,1,2873,47.8833,81,1.35,175,2.91667,109.2,0,0,0,0,0.01,0,0,0,227,168,0.0028,0.0063,0.0071,0.0092,0.0202,0.0207,0.0203,0.0099,70.81,0.05,0
2025-12-22 12:12:06,0,0,26.25,0,32,4735,78.9167,134,2.23333,245,4.08333,128.04,0,0,0,0,0.01,0,0,0,229,161,0.0029,0.0068,0.0077,0.01,0.024,0.0247,0.024,0.0105,76.15,0.05,0
2025-12-22 12:13:06,0,0,26.19,0,1,782,13.0333,10,0.166667,59,0.983333,314.59,0,0,0,0,0.02,0,0,0,223,160,0.0077,0.0171,0.0197,0.0256,0.0583,0.0605,0.0591,0.0278,195.1,0.13,0
2025-12-22 12:14:06,0,0,26.06,0,4,431,7.18333,1,0.0166667,46,0.766667,493.93,0,0,0,0,0.03,0,0,0,176,135,0.0115,0.0258,0.0294,0.038,0.0925,0.0959,0.0929,0.0392,290.09,0.2,0
2025-12-22 12:15:06,0,0,26.06,0,1,2054,34.2333,49,0.816667,155,2.58333,503.5,0,0,0,0,0.03,0,0,0,229,161,0.0116,0.0261,0.0297,0.0383,0.0943,0.098,0.0947,0.0392,292.8,0.2,0
2025-12-22 12:16:06,0,0,25.94,0,1,1656,27.6,45,0.75,87,1.45,197.14,0,0,0,0,0.02,0,0,0,230,162,0.0049,0.0108,0.0126,0.0162,0.0365,0.0378,0.0372,0.0186,123.45,0.08,0
2025-12-22 12:17:06,0,0,26.06,0,1,4185,69.75,118,1.96667,250,4.16667,256.43,0,0,0,0,0.02,0,0,0,196,141,0.006,0.0132,0.0153,0.0197,0.0481,0.0498,0.0486,0.0229,149.25,0.1,0
2025-12-22 12:18:06,0,0,26.19,0,1,3362,56.0333,106,1.76667,179,2.98333,241.58,0,0,0,0,0.02,0,0,0,215,165,0.0061,0.0138,0.0159,0.0208,0.0443,0.0462,0.0453,0.0218,157.28,0.1,0
2025-12-22 12:19:06,0,0,25.81,0,1,1545,25.75,38,0.633333,83,1.38333,79.42,0,0,0,0,0.01,0,0,0,236,178,0.002,0.0047,0.0054,0.007,0.0146,0.0152,0.0151,0.0086,52.3,0.04,0
2025-12-22 12:20:06,0,0,25.88,0,1,332,5.53333,1,0.0166667,24,0.4,202.84,0,0,0,0,0.02,0,0,0,219,161,0.0051,0.0112,0.0132,0.0172,0.0373,0.0389,0.0384,0.0199,129.38,0.09,0
2025-12-22 12:21:06,0,0,25.88,0,1,788,13.1333,12,0.2,50,0.833333,126.73,0,0,0,0,0.01,0,0,0,218,158,0.003,0.0069,0.0079,0.0103,0.0236,0.0245,0.0238,0.0109,77.8,0.05,0
2025-12-22 12:22:06,0,0,26,0,16,299,4.98333,3,0.05,21,0.35,281.38,0,0,0,0,0.01,0,0,0,210,150,0.0058,0.0135,0.0151,0.0196,0.0533,0.0558,0.0532,0.0184,149.58,0.11,0
2025-12-22 12:23:06,0,0,26.31,0,1,3292,54.8667,92,1.53333,225,3.75,296.66,0,0,0,0,0.02,0,0,0,220,159,0.0065,0.015,0.0169,0.022,0.0557,0.0582,0.056,0.0223,167.31,0.12,0
2025-12-22 12:24:06,0,0,26.25,0,4,977,16.2833,21,0.35,74,1.23333,386.89,0,0,0,0,0.03,0,0,0,204,128,0.0092,0.0205,0.0235,0.0305,0.0721,0.075,0.0729,0.0325,231.52,0.16,0
2025-12-22 12:25:06,0,0,26.38,0,1,4796,79.9333,150,2.5,213,3.55,223.55,0,0,0,0,0.01,0,0,0,220,162,0.0047,0.0111,0.0125,0.0163,0.042,0.0442,0.0424,0.0162,123.67,0.09,0
2025-12-22 12:26:06,0,0,26.38,0,16,4860,81,108,1.8,276,4.6,369.46,0,0,0,0,0.02,0,0,0,183,115,0.008,0.0183,0.0206,0.0267,0.0696,0.0726,0.0695,0.0258,204.57,0.14,0
2025-12-22 12:27:06,0,0,26.44,0,16,2579,42.9833,54,0.9,166,2.76667,411.28,0,0,0,0,0.02,0,0,0,192,108,0.0089,0.0204,0.023,0.0298,0.0775,0.0807,0.0773,0.0289,227.99,0.16,0
2025-12-22 12:28:06,0,0,26.56,0,16,2089,34.8167,33,0.55,186,3.1,431.16,0,0,0,0,0.02,0,0,0,192,117,0.0093,0.0214,0.0241,0.0311,0.0812,0.0846,0.0809,0.0298,239.45,0.16,0
2025-12-22 12:29:06,0,0,26.25,0,4,394,6.56667,0,0,25,0.416667,401.81,0,0,0,0,0.03,0,0,0,231,168,0.0093,0.0211,0.024,0.031,0.0751,0.078,0.0754,0.0318,237.24,0.16,0
2025-12-22 12:30:06,0,0,26.19,0,16,5052,84.2,140,2.33333,259,4.31667,382.92,0,0,0,0,0.02,0,0,0,227,181,0.0083,0.0194,0.0217,0.028,0.072,0.0747,0.0717,0.0262,216.4,0.14,0
2025-12-22 12:31:06,0,0,26.38,0,16,383,6.38333,6,0.1,29,0.483333,438.69,0,0,0,0,0.02,0,0,0,215,153,0.0094,0.022,0.0244,0.0317,0.0826,0.0857,0.0821,0.0297,244.74,0.16,0
2025-12-22 12:32:06,0,0,26.31,0,4,1997,33.2833,58,0.966667,110,1.83333,342.06,0,0,0,0,0.02,0,0,0,212,151,0.0076,0.018,0.02,0.0262,0.0639,0.0663,0.0645,0.0261,199.79,0.13,0
2025-12-22 12:33:06,0,0,26.5,0,16,1316,21.9333,13,0.216667,108,1.8,493.95,0,0,0,0,0.03,0,0,0,168,119,0.0109,0.0247,0.028,0.0362,0.0928,0.0967,0.0932,0.0358,277.51,0.19,0
2025-12-22 12:34:06,0,0,26.56,0,16,470,7.83333,4,0.0666667,34,0.566667,486.63,0,0,0,0,0.02,0,0,0,211,153,0.0106,0.0245,0.0275,0.0357,0.0914,0.0951,0.0921,0.0344,273.84,0.19,0
2025-12-22 12:35:06,0,0,26.44,0,16,588,9.8,0,0,54,0.9,523.27,0,0,0,0,0.02,0,0,0,211,152,0.0114,0.0263,0.0293,0.0381,0.0984,0.1022,0.0987,0.036,293.3,0.2,0
2025-12-22 12:36:06,0,0,26.44,0,16,273,4.55,0,0,23,0.383333,533.84,0,0,0,0,0.02,0,0,0,208,149,0.0115,0.0266,0.0295,0.0382,0.1006,0.1044,0.1007,0.0353,295.82,0.2,0
2025-12-22 12:37:06,0,0,26.5,0,16,909,15.15,4,0.0666667,73,1.21667,529.34,0,0,0,0,0.02,0,0,0,213,157,0.0112,0.0261,0.029,0.0376,0.0998,0.1036,0.0997,0.0342,291.03,0.2,0
2025-12-22 12:38:06,0,0,26.56,0,16,1062,17.7,0,0,95,1.58333,521.11,0,0,0,0,0.02,0,0,0,195,134,0.0112,0.026,0.029,0.0373,0.0982,0.1019,0.0977,0.0335,290.09,0.19,0
2025-12-22 12:39:06,0,0,26.56,0,16,638,10.6333,0,0,58,0.966667,523.18,0,0,0,0,0.03,0,0,0,203,143,0.0115,0.0262,0.0295,0.038,0.0983,0.1024,0.0984,0.0362,293.55,0.2,0
2025-12-22 12:40:06,0,0,26.38,0,4,2188,36.4667,46,0.766667,110,1.83333,225.28,0,0,0,0,0.02,0,0,0,236,176,0.0057,0.0126,0.0147,0.0192,0.0414,0.0434,0.0427,0.0217,143.9,0.1,0
2025-12-22 12:41:06,0,0,26.62,0,4,2035,33.9167,46,0.766667,147,2.45,228.77,0,0,0,0,0.02,0,0,0,174,113,0.0056,0.0126,0.0146,0.019,0.0421,0.0443,0.0431,0.0195,143.41,0.1,0
2025-12-22 12:42:06,0,0,26.62,0,1,1574,26.2333,23,0.383333,114,1.9,97.98,0,0,0,0,0.01,0,0,0,184,129,0.0023,0.0055,0.0062,0.0086,0.0178,0.019,0.0187,0.0099,62.43,0.04,0
2025-12-22 12:43:06,0,0,26.44,0,4,2893,48.2167,78,1.3,183,3.05,363.87,0,0,0,0,0.02,0,0,0,203,146,0.0076,0.0177,0.0199,0.0259,0.0685,0.0718,0.0684,0.0244,198.83,0.14,0
2025-12-22 12:44:06,0,0,26.5,0,1,2525,42.0833,55,0.916667,188,3.13333,320.97,0,0,0,0,0.02,0,0,0,203,129,0.0072,0.0164,0.0186,0.0243,0.06,0.063,0.0606,0.0245,184.49,0.13,0
2025-12-22 12:45:06,0,0,26.31,0,1,701,11.6833,1,0.0166667,65,1.08333,105.13,0,0,0,0,0.01,0,0,0,182,136,0.0023,0.0056,0.0063,0.0085,0.0195,0.0205,0.0201,0.0096,62.52,0.04,0
2025-12-22 12:46:06,0,0,26.56,0,8,6676,111.267,203,3.38333,435,7.25,217.11,0,0,0,0,0.02,0,0,0,223,159,0.0047,0.0105,0.0123,0.016,0.0409,0.0429,0.0418,0.0193,119.08,0.09,0
2025-12-22 12:47:06,0,0,26.5,0,1,6300,105,147,2.45,479,7.98333,163.47,0,0,0,0,0.01,0,0,0,221,159,0.0035,0.0084,0.0094,0.0124,0.0306,0.0319,0.0309,0.0131,93.66,0.06,0
2025-12-22 12:48:06,0,0,26.56,0,1,4768,79.4667,147,2.45,260,4.33333,144.67,0,0,0,0,0.01,0,0,0,202,121,0.0032,0.0072,0.0083,0.0107,0.0272,0.0285,0.0275,0.0117,80.82,0.06,0
2025-12-22 12:49:06,0,0,26.69,0,8,133,2.21667,0,0,13,0.216667,52,0,0,0,0,0,0,0,0,208,128,0.0011,0.0028,0.0031,0.0041,0.0097,0.0102,0.0099,0.0045,30.18,0.02,0
2025-12-22 12:50:06,0,0,26.62,0,4,1670,27.8333,50,0.833333,100,1.66667,308.52,0,0,0,0,0.01,0,0,0,225,153,0.0062,0.0146,0.0164,0.0212,0.0584,0.0612,0.0581,0.0195,162.73,0.11,0
2025-12-22 12:51:06,0,0,26.62,0,4,1697,28.2833,24,0.4,137,2.28333,359.22,0,0,0,0,0.01,0,0,0,225,160,0.0072,0.017,0.0191,0.0248,0.068,0.0712,0.0675,0.0222,190.02,0.13,0
2025-12-22 12:52:06,0,0,26.69,0,4,3236,53.9333,73,1.21667,236,3.93333,323.55,0,0,0,0,0.01,0,0,0,219,159,0.0065,0.0153,0.0172,0.0223,0.0613,0.0642,0.0608,0.0202,170.62,0.12,0
2025-12-22 12:53:06,0,0,26.69,0,8,7819,130.317,223,3.71667,497,8.28333,0,0,0,0,0,0,0,0,0,177,128,0,0,0,0,0,0,0,0,0,0,0
2025-12-22 12:54:06,0,0,26.69,0,1,12973,216.217,489,8.15,545,9.08333,0,0,0,0,0,0,0,0,0,238,179,0,0,0,0,0,0,0,0,0,0,0
2025-12-22 12:55:06,0,0,26.69,0,1,9951,165.85,363,6.05,419,6.98333,0,0,0,0,0,0,0,0,0,192,163,0,0,0,1e-04,0,1e-04,0,1e-04,0,0,0
2025-12-22 12:56:06,0,0,26.5,0,1,14571,242.85,656,10.9333,458,7.63333,0,0,0,0,0,0.01,0,0,0,228,160,2e-04,3e-04,2e-04,3e-04,2e-04,3e-04,2e-04,2e-04,0,0.01,0
2025-12-22 12:57:06,0,0,26.44,0,1,12725,212.083,503,8.38333,412,6.86667,0,0,0,0,0,0.01,0,0,0,225,154,2e-04,2e-04,1e-04,2e-04,1e-04,2e-04,1e-04,1e-04,0,0,0
2025-12-22 12:58:06,0,0,25.5,0,1,20441,340.683,1009,16.8167,683,11.3833,0.04,0,0,0,0,0.01,0,0,0,216,176,2e-04,3e-04,2e-04,4e-04,2e-04,4e-04,3e-04,4e-04,0,0.01,0
2025-12-22 12:59:06,0,0,24.75,0,1,21556,359.267,1081,18.0167,653,10.8833,0,0,0,0,0,0.01,0,0,0,223,173,2e-04,2e-04,2e-04,2e-04,2e-04,3e-04,2e-04,3e-04,0,0.01,0
2025-12-22 13:00:06,0,0,24.62,0,8,24377,406.283,1110,18.5,640,10.6667,0,0,0,0,0,0.01,0,0,0,167,160,2e-04,2e-04,2e-04,2e-04,2e-04,3e-04,2e-04,2e-04,0,0.01,0
2025-12-22 13:01:06,0,0,24.06,0,8,17523,292.05,783,13.05,596,9.93333,0,0,0,0,0,0.01,0,0,0,235,176,1e-04,1e-04,1e-04,1e-04,1e-04,1e-04,1e-04,1e-04,0,0,0
2025-12-22 13:02:06,0,0,23.94,0,8,20140,335.667,962,16.0333,601,10.0167,0,0,0,0,0,0,0,0,0,210,157,1e-04,1e-04,0,1e-04,1e-04,1e-04,0,1e-04,0,0,0
2025-12-22 13:03:06,0,0,24.19,0,1,5832,97.2,144,2.4,253,4.21667,0,0,0,0,0,0.01,0,0,0,216,142,1e-04,1e-04,1e-04,2e-04,1e-04,1e-04,1e-04,1e-04,0,0,0
2025-12-22 13:04:06,0,0,24.31,0,1,11455,190.917,344,5.73333,418,6.96667,0,0,0,0,0,0.01,0,0,0,175,141,1e-04,1e-04,0,1e-04,1e-04,1e-04,1e-04,1e-04,0,0,0
2025-12-22 13:05:06,0,0,23.75,0,1,18949,315.817,935,15.5833,621,10.35,0,0,0,0,0,0,0,0,0,193,172,1e-04,1e-04,0,1e-04,1e-04,1e-04,0,0,0,0,0
2025-12-22 13:06:06,0,0,23.38,0,8,19593,326.55,889,14.8167,476,7.93333,248.08,0,0,0,0,0.11,0,0,0,222,172,0.0151,0.026,0.0331,0.043,0.039,0.0434,0.0524,0.067,300.44,0.21,0
2025-12-22 13:07:06,0,0,21.81,0,8,13086,218.1,644,10.7333,281,4.68333,1619.59,0,0,0,0,0.54,0,0,0,219,175,0.0871,0.1505,0.1934,0.2498,0.2622,0.2863,0.3419,0.4299,1771.12,1.24,0
2025-12-22 13:08:06,0,0,21,0,1,15035,250.583,656,10.9333,371,6.18333,950.16,0,0,0,0,0.29,0,0,0,213,165,0.0458,0.0802,0.1023,0.1339,0.1578,0.1741,0.2062,0.2535,933.17,0.69,0
2025-12-22 13:09:06,0,0,20.12,0,1,10941,182.35,428,7.13333,289,4.81667,80.73,0,0,0,0,0,0,0,0,224,175,9e-04,0.0033,0.0033,0.0072,0.0135,0.017,0.0161,0.0077,42.71,0.03,0
2025-12-22 13:10:06,0,0,19.94,0,1,194,3.23333,0,0,8,0.133333,11.92,0,0,0,0,0,0,0,0,225,176,1e-04,3e-04,4e-04,7e-04,0.0023,0.0024,0.0025,7e-04,4.27,0,0
2025-12-22 13:11:06,0,0,20.12,0,1,121,2.01667,0,0,6,0.1,7.4,0,0,0,0,0,0,0,0,214,171,1e-04,2e-04,3e-04,5e-04,0.0014,0.0015,0.0015,5e-04,2.44,0,0
2025-12-22 13:12:06,0,0,20.31,0,1,987,16.45,24,0.4,55,0.916667,49.49,0,0,0,0,0.01,0,0,0,232,168,0.0018,0.0032,0.0044,0.0062,0.0085,0.0098,0.0117,0.0125,38.34,0.04,0
2025-12-22 13:13:06,0,0,20.94,0,1,2291,38.1833,59,0.983333,111,1.85,61.27,0,0,0,0,0.02,0,0,0,207,156,0.0022,0.004,0.0053,0.0075,0.0105,0.0119,0.014,0.0139,48.05,0.04,0
2025-12-22 13:14:06,0,0,21.06,0,1,13118,218.633,582,9.7,418,6.96667,35.07,0,0,0,0,0,0,0,0,179,152,8e-04,0.0018,0.0022,0.003,0.0064,0.0068,0.0073,0.0038,20.87,0.02,0
2025-12-22 13:15:06,0,0,21.19,0,1,10351,172.517,388,6.46667,403,6.71667,161.07,0,0,0,0,0.05,0,0,0,196,139,0.0085,0.0148,0.0191,0.0248,0.0261,0.0287,0.0345,0.0435,173.8,0.13,0
2025-12-22 13:16:06,0,0,21.06,0,1,12510,208.5,487,8.11667,511,8.51667,166.53,0,0,0,0,0.01,0,0,0,229,175,0.0026,0.0106,0.0082,0.0176,0.0264,0.0354,0.0355,0.0218,109.47,0.07,0
2025-12-22 13:17:06,0,0,21.56,0,8,11594,193.233,465,7.75,430,7.16667,125.36,0,0,0,0,0.01,0,0,0,213,159,0.0017,0.0081,0.0059,0.0124,0.0202,0.0264,0.0261,0.0155,81,0.05,0
2025-12-22 13:18:06,0,0,22,0,1,3578,59.6333,57,0.95,258,4.3,117.88,0,0,0,0,0,0,0,0,182,111,0.0016,0.005,0.0051,0.0102,0.0188,0.0265,0.0299,0.023,60.72,0.05,0
2025-12-22 13:19:06,0,0,22.19,0,1,4567,76.1167,111,1.85,273,4.55,0,0,0,0,0,0,0,0,0,187,134,0,0,0,0,0,0,0,0,0,0,0
2025-12-22 13:20:06,0,0,22.81,0,1,7995,133.25,289,4.81667,406,6.76667,115.51,0,0,0,0,0.01,0,0,0,224,158,0.0016,0.0063,0.0063,0.0115,0.0179,0.0254,0.028,0.0161,73.05,0.05,0
2025-12-22 13:21:06,0,0,23,0,1,14167,236.117,619,10.3167,388,6.46667,57.55,0,0,0,0,0,0,0,0,192,128,7e-04,0.0029,0.0024,0.0055,0.0091,0.0126,0.0144,0.0078,32.12,0.02,0
2025-12-22 13:22:06,0,0,23.25,0,1,4500,75,96,1.6,244,4.06667,0.75,0,0,0,0,0,0,0,0,195,100,0,0,0,1e-04,1e-04,2e-04,2e-04,2e-04,0.06,0,0
2025-12-22 13:23:06,0,0,23.44,0,1,4526,75.4333,49,0.816667,272,4.53333,2.86,0,0,0,0,0,0,0,0,188,97,0,2e-04,1e-04,4e-04,5e-04,6e-04,5e-04,5e-04,2.02,0,0
2025-12-22 13:24:06,0,0,23.62,0,1,6745,112.417,239,3.98333,299,4.98333,0.99,0,0,0,0,0,0,0,0,185,97,0,0,0,1e-04,2e-04,2e-04,2e-04,3e-04,0.44,0,0
2025-12-22 13:25:06,0,0,23.75,0,8,12625,210.417,531,8.85,431,7.18333,0,0,0,0,0,0,0,0,0,185,97,0,0,0,0,0,0,0,0,0,0,0
2025-12-22 13:26:06,0,0,23.5,0,8,6098,101.633,260,4.33333,199,3.31667,0,0,0,0,0,0,0,0,0,199,98,0,0,0,0,0,0,0,0,0,0,0
2025-12-22 13:27:06,0,0,23.12,0,8,5607,93.45,212,3.53333,236,3.93333,0,0,0,0,0,0,0,0,0,216,164,0,0,0,0,0,0,0,0,0,0,0
2025-12-22 13:28:06,0,0,22.5,0,1,21012,350.2,732,12.2,528,8.8,1.52,0,0,0,0,0,0,0,0,223,159,0,1e-04,1e-04,1e-04,3e-04,3e-04,3e-04,2e-04,0.75,0,0
2025-12-22 13:29:06,0,0,22.31,0,1,10835,180.583,390,6.5,560,9.33333,0,0,0,0,0,0,0,0,0,207,140,0,0,0,0,0,0,0,0,0,0,0
2025-12-22 13:30:06,0,0,22.19,0,1,4943,82.3833,110,1.83333,376,6.26667,0,0,0,0,0,0,0,0,0,196,148,0,0,0,0,0,0,0,0,0,0,0
2025-12-22 13:31:06,0,0,22.62,0,1,4187,69.7833,117,1.95,278,4.63333,203.82,0,0,0,0,0.03,0,0,0,193,144,0.0083,0.0159,0.0225,0.0297,0.0327,0.033,0.0357,0.0391,218.29,0.12,0
2025-12-22 13:32:06,0,0,22.94,0,1,1229,20.4833,0,0,115,1.91667,6.26,0,0,0,0,0,0,0,0,208,118,4e-04,8e-04,0.001,0.0012,0.0011,0.0011,0.001,0.0014,8.2,0.01,0
2025-12-22 13:33:06,0,0,23.25,0,1,1488,24.8,0,0,126,2.1,16.02,0,0,0,0,0.01,0,0,0,205,109,0.001,0.0019,0.0023,0.0028,0.0028,0.0028,0.0027,0.0035,19.67,0.02,0
2025-12-22 13:34:06,0,0,23.81,0,1,807,13.45,0,0,36,0.6,14.89,0,0,0,0,0.01,0,0,0,207,106,0.001,0.0018,0.0022,0.0026,0.0026,0.0026,0.0026,0.0033,18.24,0.01,0
2025-12-22 13:35:06,0,0,24.5,0,1,672,11.2,0,0,51,0.85,22.71,0,0,0,0,0.01,0,0,0,205,128,0.0015,0.0027,0.0033,0.004,0.0039,0.004,0.0039,0.005,28.23,0.02,0
2025-12-22 13:36:06,0,0,25.19,0,1,944,15.7333,0,0,57,0.95,20.37,0,0,0,0,0.01,0,0,0,200,106,0.0013,0.0024,0.003,0.0036,0.0035,0.0035,0.0035,0.0045,25.41,0.02,0
2025-12-22 13:37:06,0,0,25.75,0,1,1146,19.1,20,0.333333,89,1.48333,83.55,0,0,0,0,0.01,0,0,0,204,151,0.003,0.0058,0.0081,0.0106,0.0143,0.0142,0.0149,0.0161,76.78,0.05,0
2025-12-22 13:38:06,0,0,26.19,0,1,2606,43.4333,25,0.416667,327,5.45,118.52,0,0,0,0,0.02,0,0,0,214,151,0.0048,0.0094,0.0132,0.0173,0.0189,0.0191,0.0207,0.0226,128.3,0.07,0
2025-12-22 13:39:06,0,0,26.5,0,1,2005,33.4167,25,0.416667,205,3.41667,84.14,0,0,0,0,0.01,0,0,0,216,157,0.0034,0.0066,0.0093,0.0123,0.0135,0.0137,0.0149,0.0164,89.88,0.05,0
2025-12-22 13:40:06,0,0,27.19,0,2,4010,66.8333,52,0.866667,382,6.36667,164.49,0,0,0,0,0.02,0,0,0,189,131,0.0068,0.013,0.0184,0.0241,0.0264,0.0264,0.0282,0.0303,178.46,0.09,0
2025-12-22 13:41:06,0,0,27.88,0,2,2831,47.1833,41,0.683333,265,4.41667,182.54,0,0,0,0,0.02,0,0,0,215,156,0.0069,0.0133,0.0193,0.0259,0.0294,0.0294,0.0314,0.0332,189.14,0.1,0
2025-12-22 13:42:06,0,0,27.75,0,1,1676,27.9333,37,0.616667,89,1.48333,100.15,0,0,0,0,0.03,0,0,0,237,185,0.0046,0.0085,0.0117,0.0152,0.0164,0.0167,0.0174,0.0193,109.61,0.06,0
2025-12-22 13:43:06,0,0,27.69,0,1,168,2.8,0,0,5,0.0833333,36.22,0,0,0,0,0.03,0,0,0,235,183,0.0025,0.0043,0.0053,0.0066,0.0064,0.0067,0.0068,0.0086,43.29,0.04,0
2025-12-22 13:44:06,0,0,28,0,32,941,15.6833,2,0.0333333,75,1.25,28.25,0,0,0,0,0.03,0,0,0,234,183,0.002,0.0035,0.0042,0.0052,0.0051,0.0054,0.0055,0.0071,33.41,0.03,0
2025-12-22 13:45:06,0,0,28.5,0,32,1829,30.4833,2,0.0333333,169,2.81667,16.86,0,0,0,0,0.02,0,0,0,232,182,0.0013,0.0022,0.0026,0.0032,0.0031,0.0032,0.0032,0.0043,20.8,0.02,0
2025-12-22 13:46:06,0,0,29.25,0,32,740,12.3333,0,0,73,1.21667,11.5,0,0,0,0,0.01,0,0,0,235,180,8e-04,0.0015,0.0018,0.0022,0.002,0.0021,0.0021,0.0029,14.44,0.01,0
2025-12-22 13:47:06,0,0,30,0,32,414,6.9,0,0,27,0.45,12.78,0,0,0,0,0.01,0,0,0,216,134,0.001,0.0017,0.002,0.0025,0.0023,0.0024,0.0024,0.0032,15.98,0.02,0
2025-12-22 13:48:06,0,0,31,0,32,270,4.5,3,0.05,23,0.383333,6.84,0,0,0,0,0,0,0,0,221,137,3e-04,6e-04,8e-04,0.0012,0.001,0.0011,0.0012,0.0014,8.42,0,0
2025-12-22 13:49:06,0,0,31.62,0,32,442,7.36667,6,0.1,33,0.55,8.42,0,0,0,0,0,0,0,0,216,128,4e-04,8e-04,0.001,0.0013,0.0014,0.0014,0.0015,0.002,9.17,0.01,0
2025-12-22 13:50:06,0,0,31.38,0,32,1755,29.25,12,0.2,149,2.48333,21.14,0,0,0,0,0.02,0,0,0,236,183,0.0015,0.0026,0.0031,0.0039,0.0038,0.004,0.0042,0.0054,24.8,0.02,0
2025-12-22 13:51:06,0,0,31.56,0,32,1205,20.0833,4,0.0666667,96,1.6,22.05,0,0,0,0,0.02,0,0,0,229,176,0.0017,0.003,0.0035,0.0043,0.0041,0.0043,0.0043,0.0059,26.92,0.03,0
2025-12-22 13:52:06,0,0,31.75,0,32,678,11.3,0,0,29,0.483333,18.39,0,0,0,0,0.02,0,0,0,223,173,0.0015,0.0025,0.003,0.0036,0.0034,0.0036,0.0036,0.0049,22.63,0.02,0
2025-12-22 13:53:06,0,0,31.75,0,32,842,14.0333,0,0,39,0.65,18.83,0,0,0,0,0.02,0,0,0,222,174,0.0014,0.0025,0.0029,0.0036,0.0035,0.0037,0.0037,0.005,22.45,0.02,0
2025-12-22 13:54:06,0,0,32.12,0,32,859,14.3167,0,0,44,0.733333,16.02,0,0,0,0,0.02,0,0,0,206,151,0.0012,0.0021,0.0025,0.0031,0.0029,0.003,0.003,0.0042,19.96,0.02,0
2025-12-22 13:55:06,0,0,31.94,0,32,1892,31.5333,3,0.05,184,3.06667,13.18,0,0,0,0,0.01,0,0,0,235,181,0.001,0.0017,0.0021,0.0026,0.0024,0.0025,0.0025,0.0034,16.59,0.02,0
2025-12-22 13:56:06,0,0,31.81,0,32,1727,28.7833,1,0.0166667,171,2.85,12.16,0,0,0,0,0.01,0,0,0,229,176,0.001,0.0016,0.0019,0.0024,0.0023,0.0024,0.0024,0.0033,14.61,0.02,0
2025-12-22 13:57:06,0,0,32.06,0,32,2653,44.2167,12,0.2,270,4.5,8.09,0,0,0,0,0.01,0,0,0,229,179,6e-04,0.0011,0.0013,0.0017,0.0015,0.0015,0.0015,0.0022,10.3,0.01,0
2025-12-22 13:58:06,0,0,31.94,0,32,2354,39.2333,4,0.0666667,246,4.1,6.02,0,0,0,0,0.01,0,0,0,230,177,5e-04,9e-04,0.001,0.0013,0.0012,0.0013,0.0013,0.0018,7.01,0.01,0
2025-12-22 13:59:06,0,0,32.5,0,32,1716,28.6,4,0.0666667,165,2.75,12.91,0,0,0,0,0.02,0,0,0,223,163,0.0011,0.0018,0.0021,0.0026,0.0025,0.0026,0.0027,0.004,15.28,0.02,0
2025-12-22 14:00:06,0,0,32.75,0,1,2104,35.0667,36,0.6,149,2.48333,238.54,0,0,0,0,0.03,0,0,0,193,143,0.0098,0.019,0.0268,0.035,0.038,0.0381,0.0416,0.0461,260.97,0.13,0
2025-12-22 14:01:06,0,0,32.44,0,1,11615,193.583,437,7.28333,555,9.25,350.06,0,0,0,0,0.12,0,0,0,219,150,0.0179,0.0314,0.0403,0.0518,0.0579,0.0623,0.0745,0.0943,365.35,0.27,0
2025-12-22 14:02:06,0,0,31.44,0,1,10960,182.667,342,5.7,590,9.83333,10.41,0,0,0,0,0,0,0,0,204,156,5e-04,9e-04,0.0012,0.0016,0.0017,0.0018,0.0021,0.0028,10.96,0.01,0
2025-12-22 14:03:06,0,0,30.69,0,1,7349,122.483,265,4.41667,347,5.78333,41.79,0,0,0,0,0,0,0,0,224,175,5e-04,0.0014,0.0014,0.0035,0.0065,0.0101,0.011,0.0069,18.01,0.02,0
2025-12-22 14:04:06,0,0,30.69,0,1,20336,338.933,791,13.1833,726,12.1,14.87,0,0,0,0,0,0,0,0,226,158,1e-04,3e-04,4e-04,0.0011,0.0023,0.0038,0.0042,0.0026,4.76,0.01,0
2025-12-22 14:05:06,0,0,30.56,0,1,6466,107.767,197,3.28333,365,6.08333,14.24,0,0,0,0,0,0,0,0,206,154,2e-04,5e-04,6e-04,0.0014,0.0022,0.0034,0.004,0.0029,6.91,0.01,0
2025-12-22 14:06:06,0,0,30.38,0,1,12336,205.6,401,6.68333,582,9.7,144.07,0,0,0,0,0.01,0,0,0,205,135,0.0013,0.0027,0.0033,0.0081,0.0219,0.0388,0.0497,0.0306,37.03,0.06,0
2025-12-22 14:07:06,0,0,30.06,0,1,9163,152.717,249,4.15,568,9.46667,46.85,0,0,0,0,0.01,0,0,0,204,145,0.0012,0.0022,0.0029,0.0052,0.007,0.0106,0.0137,0.0108,29.22,0.03,0
2025-12-22 14:08:06,0,0,30.06,0,1,6316,105.267,162,2.7,376,6.26667,28.71,0,0,0,0,0,0,0,0,171,124,5e-04,0.001,0.0013,0.0029,0.0042,0.0071,0.0094,0.0069,13.98,0.02,0
2025-12-22 14:09:06,0,0,30.19,0,1,5892,98.2,133,2.21667,399,6.65,49.81,0,0,0,0,0,0,0,0,203,123,8e-04,0.0016,0.002,0.0047,0.0072,0.0125,0.0165,0.0111,22.07,0.03,0
2025-12-22 14:10:06,0,0,30.44,0,1,4640,77.3333,70,1.16667,343,5.71667,68.9,0,0,0,0,0.01,0,0,0,182,118,0.0011,0.0022,0.0027,0.0068,0.0098,0.0172,0.023,0.015,31.52,0.04,0
2025-12-22 14:11:06,0,0,30.62,0,1,5444,90.7333,132,2.2,425,7.08333,61.05,0,0,0,0,0.01,0,0,0,217,153,0.0011,0.0022,0.0027,0.0063,0.0087,0.0149,0.0199,0.0133,30.33,0.03,0
2025-12-22 14:12:06,0,0,30.44,0,1,4128,68.8,77,1.28333,289,4.81667,26.29,0,0,0,0,0,0,0,0,158,122,6e-04,0.0011,0.0015,0.003,0.0039,0.0062,0.0082,0.0063,14.94,0.02,0
2025-12-22 14:13:06,0,0,30.62,0,1,7308,121.8,206,3.43333,520,8.66667,174.41,0,0,0,0,0.01,0,0,0,188,142,0.0025,0.0051,0.0061,0.0162,0.0246,0.0438,0.0584,0.0349,75.54,0.08,0
2025-12-22 14:14:06,0,0,30.75,0,1,5187,86.45,96,1.6,408,6.8,84.42,0,0,0,0,0.01,0,0,0,206,130,0.0013,0.0025,0.0031,0.008,0.0118,0.0213,0.0295,0.0186,36.77,0.04,0
2025-12-22 14:15:06,0,0,30.94,0,1,4265,71.0833,88,1.46667,315,5.25,65.9,0,0,0,0,0,0,0,0,202,132,0.001,0.0021,0.0026,0.0064,0.0094,0.0163,0.0221,0.014,30.25,0.03,0
2025-12-22 14:16:06,0,0,30.88,0,16,3529,58.8167,36,0.6,307,5.11667,71.17,0,0,0,0,0,0,0,0,185,132,0.0011,0.0022,0.0027,0.0069,0.0101,0.0177,0.0239,0.0148,32.22,0.04,0
2025-12-22 14:17:06,0,0,30.94,0,16,5457,90.95,92,1.53333,496,8.26667,98.85,0,0,0,0,0.01,0,0,0,185,146,0.0014,0.003,0.0037,0.0095,0.014,0.0245,0.033,0.0196,44.52,0.05,0
2025-12-22 14:18:06,0,0,31.12,0,4,3414,56.9,41,0.683333,269,4.48333,53.88,0,0,0,0,0,0,0,0,207,114,9e-04,0.0018,0.0022,0.0053,0.0077,0.0133,0.0184,0.0119,25.33,0.03,0
2025-12-22 14:19:06,0,0,31.25,0,1,3396,56.6,57,0.95,264,4.4,59.71,0,0,0,0,0,0,0,0,221,155,0.001,0.002,0.0024,0.0059,0.0085,0.0148,0.0204,0.0129,27.6,0.03,0
2025-12-22 14:20:06,0,0,31.31,0,1,3963,66.05,62,1.03333,344,5.73333,26.57,0,0,0,0,0,0,0,0,206,150,5e-04,0.001,0.0012,0.0026,0.0039,0.0065,0.0094,0.0069,12.53,0.02,0
2025-12-22 14:21:06,0,0,31.25,0,1,3552,59.2,65,1.08333,297,4.95,31.71,0,0,0,0,0,0,0,0,180,128,6e-04,0.0011,0.0014,0.0032,0.0046,0.0078,0.011,0.0077,14.95,0.02,0
2025-12-22 14:22:06,0,0,31.38,0,1,3264,54.4,54,0.9,299,4.98333,37.31,0,0,0,0,0,0,0,0,227,170,7e-04,0.0013,0.0017,0.0038,0.0053,0.0091,0.0128,0.0086,18.15,0.02,0
2025-12-22 14:23:06,0,0,31.38,0,4,3543,59.05,50,0.833333,316,5.26667,44.12,0,0,0,0,0,0,0,0,212,158,7e-04,0.0015,0.0019,0.0044,0.0063,0.0108,0.0152,0.0097,20.75,0.02,0
2025-12-22 14:24:06,0,0,31.5,0,1,2706,45.1,16,0.266667,245,4.08333,66.6,0,0,0,0,0,0,0,0,204,150,0.001,0.002,0.0025,0.0063,0.0094,0.0166,0.0235,0.0144,28.98,0.03,0
2025-12-22 14:25:06,0,0,31.56,0,1,11684,194.733,371,6.18333,564,9.4,89.17,0,0,0,0,0,0,0,0,208,153,0.0012,0.0025,0.003,0.0082,0.0127,0.0222,0.029,0.0164,37.88,0.04,0
2025-12-22 14:26:06,0,0,31.5,0,1,5601,93.35,113,1.88333,369,6.15,6.18,0,0,0,0,0,0,0,0,156,110,1e-04,3e-04,3e-04,7e-04,0.001,0.0013,0.0015,0.0013,3.65,0,0
2025-12-22 14:27:06,0,1,30.62,0,1,7924,132.067,234,3.9,373,6.21667,34.19,0,0,0,0,0,0,0,0,195,138,4e-04,0.0012,0.0012,0.003,0.0054,0.0081,0.0088,0.0056,15.46,0.01,0
2025-12-22 14:28:06,0,0,30.19,0,8,9341,155.683,258,4.3,500,8.33333,32.36,0,0,0,0,0,0,0,0,214,160,4e-04,0.0012,0.0012,0.0029,0.0051,0.0076,0.0083,0.0054,15.13,0.01,0
2025-12-22 14:29:06,0,0,29.94,0,1,7939,132.317,225,3.75,475,7.91667,10.7,0,0,0,0,0,0,0,0,212,164,1e-04,3e-04,3e-04,9e-04,0.0017,0.0025,0.0031,0.0018,4.3,0,0
2025-12-22 14:30:06,0,0,30.06,0,16,733,12.2167,4,0.0666667,85,1.41667,20.77,0,0,0,0,0,0,0,0,195,144,2e-04,7e-04,7e-04,0.0019,0.0031,0.0048,0.0063,0.0033,9.2,0.01,0
2025-12-22 14:31:06,0,0,30.25,0,16,1225,20.4167,6,0.1,124,2.06667,22.01,0,0,0,0,0,0,0,0,175,122,2e-04,7e-04,7e-04,0.002,0.0033,0.0053,0.0065,0.0036,9.66,0.01,0
2025-12-22 14:32:06,0,0,29.81,0,16,1221,20.35,11,0.183333,129,2.15,20.37,0,0,0,0,0,0,0,0,207,162,2e-04,7e-04,7e-04,0.0019,0.003,0.0048,0.0061,0.0033,9.01,0.01,0
2025-12-22 14:33:06,0,0,29.94,0,16,1268,21.1333,7,0.116667,159,2.65,20.82,0,0,0,0,0,0,0,0,214,167,2e-04,7e-04,7e-04,0.0019,0.0031,0.005,0.0063,0.0034,9.08,0.01,0
2025-12-22 14:34:06,0,0,29.88,0,16,589,9.81667,2,0.0333333,68,1.13333,20.38,0,0,0,0,0,0,0,0,211,164,2e-04,7e-04,7e-04,0.0019,0.003,0.0048,0.0061,0.0034,9.15,0.01,0
2025-12-22 14:35:06,0,0,29.81,0,16,87,1.45,0,0,12,0.2,20.71,0,0,0,0,0,0,0,0,213,163,2e-04,7e-04,7e-04,0.0019,0.0031,0.0049,0.0062,0.0034,9.11,0.01,0
2025-12-22 14:36:06,0,0,29.88,0,16,706,11.7667,0,0,84,1.4,21.04,0,0,0,0,0,0,0,0,206,160,2e-04,7e-04,7e-04,0.0019,0.0031,0.005,0.0064,0.0035,9.24,0.01,0
2025-12-22 14:37:06,0,0,30.88,0,1,3015,50.25,42,0.7,242,4.03333,17.12,0,0,0,0,0,0,0,0,178,111,2e-04,5e-04,6e-04,0.0016,0.0025,0.0042,0.0052,0.003,7.63,0.01,0
2025-12-22 14:38:06,0,0,31.06,0,1,2021,33.6833,33,0.55,132,2.2,17.07,0,0,0,0,0,0,0,0,178,133,2e-04,5e-04,5e-04,0.0015,0.0025,0.0043,0.0053,0.0032,6.73,0.01,0
2025-12-22 14:39:06,0,0,31.44,0,1,2531,42.1833,36,0.6,188,3.13333,20.04,0,0,0,0,0,0,0,0,163,130,2e-04,6e-04,7e-04,0.0018,0.003,0.005,0.0061,0.0036,8.11,0.01,0
2025-12-22 14:40:06,0,0,31.06,0,1,2742,45.7,61,1.01667,163,2.71667,19.28,0,0,0,0,0,0,0,0,205,168,2e-04,5e-04,6e-04,0.0017,0.0029,0.0048,0.0059,0.0035,7.73,0.01,0
2025-12-22 14:41:06,0,0,31.81,0,8,513,8.55,6,0.1,29,0.483333,6.24,0,0,0,0,0,0,0,0,142,104,1e-04,1e-04,1e-04,4e-04,9e-04,0.0017,0.0022,0.0014,1.72,0,0
2025-12-22 14:42:06,0,0,32.12,0,8,0,0,0,0,0,0,0.63,0,0,0,0,0,0,0,0,141,103,0,0,0,0,1e-04,2e-04,4e-04,3e-04,0,0,0
2025-12-22 14:43:06,0,0,32.12,0,8,3955,65.9167,117,1.95,212,3.53333,5.73,0,0,0,0,0,0,0,0,193,144,1e-04,1e-04,2e-04,5e-04,8e-04,0.0015,0.002,0.0012,1.89,0,0
2025-12-22 14:44:06,0,0,31.75,0,16,3086,51.4333,71,1.18333,211,3.51667,22.55,0,0,0,0,0,0,0,0,199,158,2e-04,7e-04,8e-04,0.0021,0.0033,0.0054,0.0069,0.0038,9.78,0.01,0
2025-12-22 14:45:06,0,0,31.5,0,16,1266,21.1,17,0.283333,87,1.45,18.81,0,0,0,0,0,0,0,0,193,150,2e-04,6e-04,7e-04,0.0018,0.0028,0.0043,0.0059,0.003,8.66,0.01,0
2025-12-22 14:46:06,0,0,31.38,0,16,1382,23.0333,31,0.516667,107,1.78333,23.21,0,0,0,0,0,0,0,0,207,158,2e-04,8e-04,8e-04,0.0022,0.0034,0.0055,0.0072,0.0037,10.58,0.01,0
2025-12-22 14:47:06,0,0,31.62,0,1,1187,19.7833,19,0.316667,86,1.43333,12.06,0,0,0,0,0,0,0,0,208,150,1e-04,4e-04,4e-04,0.0012,0.0018,0.0028,0.0038,0.0018,5.26,0.01,0
2025-12-22 14:48:06,0,0,31.25,0,16,473,7.88333,2,0.0333333,48,0.8,1.25,0,0,0,0,0,0,0,0,212,153,0,0,0,2e-04,2e-04,1e-04,4e-04,0,0.49,0,0
2025-12-22 14:49:06,0,0,31.31,0,16,935,15.5833,1,0.0166667,114,1.9,3.74,0,0,0,0,0,0,0,0,212,153,0,2e-04,2e-04,5e-04,6e-04,4e-04,0.0012,2e-04,2.64,0,0
2025-12-22 14:50:06,0,0,31.62,0,16,1506,25.1,14,0.233333,173,2.88333,5.45,0,0,0,0,0,0,0,0,204,147,0,3e-04,3e-04,8e-04,9e-04,6e-04,0.0017,2e-04,4.14,0,0
2025-12-22 14:51:06,0,0,31.31,0,16,1510,25.1667,8,0.133333,199,3.31667,5.74,0,0,0,0,0,0,0,0,218,159,0,4e-04,3e-04,8e-04,0.001,7e-04,0.0018,2e-04,4.29,0,0
2025-12-22 14:52:06,0,0,31.56,0,16,1548,25.8,9,0.15,199,3.31667,6.15,0,0,0,0,0,0,0,0,213,157,0,4e-04,4e-04,8e-04,0.001,7e-04,0.002,2e-04,4.58,0,0
2025-12-22 14:53:06,0,0,31.62,0,16,1584,26.4,7,0.116667,212,3.53333,4.11,0,0,0,0,0,0,0,0,214,157,0,2e-04,2e-04,6e-04,7e-04,5e-04,0.0013,1e-04,3.08,0,0
2025-12-22 14:54:06,0,0,31.38,0,16,2390,39.8333,43,0.716667,246,4.1,1.34,0,0,0,0,0,0,0,0,207,149,0,0,0,2e-04,2e-04,1e-04,5e-04,1e-04,0.68,0,0
2025-12-22 14:55:06,0,0,31.25,0,16,751,12.5167,0,0,76,1.26667,1.45,0,0,0,0,0,0,0,0,190,132,0,0,0,2e-04,2e-04,2e-04,5e-04,0,0.65,0,0
2025-12-22 14:56:06,0,0,31.38,0,16,932,15.5333,3,0.05,113,1.88333,1.57,0,0,0,0,0,0,0,0,212,156,0,1e-04,0,2e-04,3e-04,2e-04,6e-04,1e-04,0.71,0,0
2025-12-22 14:57:06,0,0,31.88,0,16,619,10.3167,4,0.0666667,61,1.01667,1.08,0,0,0,0,0,0,0,0,204,145,0,0,0,1e-04,2e-04,1e-04,4e-04,1e-04,0.4,0,0
2025-12-22 14:58:06,0,0,31.94,0,16,93,1.55,0,0,1,0.0166667,1.43,0,0,0,0,0,0,0,0,199,140,0,0,0,2e-04,2e-04,2e-04,5e-04,1e-04,0.66,0,0
2025-12-22 14:59:06,0,0,31.44,0,16,618,10.3,5,0.0833333,61,1.01667,1.16,0,0,0,0,0,0,0,0,203,144,0,0,0,1e-04,2e-04,1e-04,4e-04,1e-04,0.28,0,0
2025-12-22 15:00:06,0,0,31.5,0,1,664,11.0667,3,0.05,59,0.983333,1.47,0,0,0,0,0,0,0,0,174,117,0,1e-04,0,2e-04,2e-04,2e-04,6e-04,0,0.68,0,0
2025-12-22 15:01:06,0,0,31.81,0,16,452,7.53333,4,0.0666667,42,0.7,1.39,0,0,0,0,0,0,0,0,194,136,0,1e-04,0,2e-04,2e-04,2e-04,5e-04,1e-04,0.59,0,0
2025-12-22 15:02:06,0,0,31.69,0,16,466,7.76667,0,0,38,0.633333,1.35,0,0,0,0,0,0,0,0,204,152,0,0,0,2e-04,2e-04,1e-04,5e-04,0,0.6,0,0
2025-12-22 15:03:06,0,0,31.44,0,16,956,15.9333,2,0.0333333,87,1.45,1.55,0,0,0,0,0,0,0,0,199,143,0,0,0,2e-04,3e-04,2e-04,6e-04,0,0.64,0,0
2025-12-22 15:04:06,0,0,31.69,0,16,455,7.58333,0,0,44,0.733333,1.46,0,0,0,0,0,0,0,0,208,147,0,1e-04,0,2e-04,3e-04,2e-04,6e-04,0,0.61,0,0
2025-12-22 15:05:06,0,0,31.62,0,16,2109,35.15,19,0.316667,252,4.2,1.9,0,0,0,0,0,0,0,0,209,145,0,1e-04,1e-04,3e-04,3e-04,2e-04,7e-04,0,0.99,0,0
2025-12-22 15:06:06,0,0,31.44,0,16,2644,44.0667,45,0.75,208,3.46667,2.35,0,0,0,0,0,0,0,0,175,128,0,1e-04,0,4e-04,4e-04,2e-04,9e-04,1e-04,1.43,0,0
2025-12-22 15:07:06,0,0,31.19,0,16,2243,37.3833,23,0.383333,213,3.55,25.79,0,0,0,0,0,0,0,0,212,155,3e-04,9e-04,9e-04,0.0023,0.0038,0.0062,0.0077,0.0043,11.35,0.01,0
2025-12-22 15:08:06,0,0,31.19,0,16,2214,36.9,10,0.166667,251,4.18333,26.36,0,0,0,0,0,0,0,0,190,133,3e-04,9e-04,9e-04,0.0025,0.004,0.0061,0.008,0.0042,12.2,0.01,0
2025-12-22 15:09:06,0,0,31,0,16,1332,22.2,4,0.0666667,139,2.31667,26.39,0,0,0,0,0,0,0,0,211,153,3e-04,9e-04,0.001,0.0025,0.0039,0.0061,0.008,0.0041,12.52,0.01,0
2025-12-22 15:10:06,0,0,30.62,0,4,2013,33.55,32,0.533333,171,2.85,18.94,0,0,0,0,0,0,0,0,227,164,2e-04,0.001,7e-04,0.0021,0.0029,0.0036,0.006,0.0023,10.6,0.01,0
2025-12-22 15:11:06,0,0,30.75,0,16,2004,33.4,55,0.916667,128,2.13333,23.41,0,0,0,0,0,0,0,0,181,121,3e-04,9e-04,8e-04,0.0024,0.0035,0.0051,0.0072,0.0034,11.73,0.01,0
2025-12-22 15:12:06,0,0,30.56,0,16,1462,24.3667,2,0.0333333,158,2.63333,25.79,0,0,0,0,0,0,0,0,175,117,3e-04,9e-04,9e-04,0.0025,0.0038,0.006,0.0078,0.0041,11.91,0.01,0
2025-12-22 15:13:06,0,0,30.44,0,16,1698,28.3,3,0.05,219,3.65,26.79,0,0,0,0,0,0,0,0,167,111,3e-04,0.001,9e-04,0.0026,0.004,0.0062,0.0082,0.0042,12.68,0.01,0
2025-12-22 15:14:06,0,0,30.12,0,1,2033,33.8833,53,0.883333,134,2.23333,20.5,0,0,0,0,0,0,0,0,174,115,2e-04,0.001,8e-04,0.0022,0.0031,0.0042,0.0064,0.0028,11.14,0.01,0
2025-12-22 15:15:06,0,0,30,0,1,625,10.4167,11,0.183333,40,0.666667,14.99,0,0,0,0,0,0,0,0,218,160,1e-04,7e-04,5e-04,0.0016,0.0023,0.0031,0.0047,0.002,7.81,0.01,0
2025-12-22 15:16:06,0,0,29.88,0,1,4289,71.4833,151,2.51667,233,3.88333,16.03,0,0,0,0,0,0,0,0,233,165,1e-04,9e-04,6e-04,0.0018,0.0025,0.0029,0.0051,0.0018,9.63,0.01,0
2025-12-22 15:17:06,0,0,29.5,0,16,3311,55.1833,103,1.71667,178,2.96667,22.36,0,0,0,0,0,0,0,0,221,166,2e-04,9e-04,8e-04,0.0022,0.0033,0.0051,0.0069,0.0034,10.81,0.01,0
2025-12-22 15:18:06,0,0,30.06,0,16,4648,77.4667,100,1.66667,371,6.18333,27.02,0,0,0,0,0,0,0,0,194,130,3e-04,9e-04,9e-04,0.0025,0.004,0.0063,0.0083,0.0043,12.39,0.01,0
2025-12-22 15:19:06,0,0,29.5,0,16,306,5.1,1,0.0166667,16,0.266667,25.24,0,0,0,0,0,0,0,0,171,122,3e-04,0.001,9e-04,0.0025,0.0038,0.0057,0.0078,0.0038,12.34,0.01,0
2025-12-22 15:20:06,0,0,29.5,0,16,2039,33.9833,51,0.85,110,1.83333,17.34,0,0,0,0,0,0,0,0,202,151,2e-04,9e-04,6e-04,0.0019,0.0026,0.0034,0.0055,0.0022,9.71,0.01,0
2025-12-22 15:21:06,0,0,29.88,0,16,3979,66.3167,112,1.86667,245,4.08333,23.14,0,0,0,0,0,0,0,0,174,105,2e-04,9e-04,8e-04,0.0023,0.0035,0.0052,0.0072,0.0035,11.08,0.01,0
2025-12-22 15:22:06,0,0,29.88,0,1,4485,74.75,113,1.88333,301,5.01667,9.08,0,0,0,0,0,0,0,0,222,106,1e-04,5e-04,3e-04,0.0011,0.0014,0.0015,0.003,9e-04,5.45,0,0
2025-12-22 15:23:06,0,0,29.81,0,1,6281,104.683,194,3.23333,353,5.88333,14.58,0,0,0,0,0,0,0,0,201,107,2e-04,4e-04,5e-04,0.0012,0.0022,0.0035,0.0045,0.0025,5.8,0.01,0
2025-12-22 15:24:06,0,0,29.81,0,8,5571,92.85,142,2.36667,322,5.36667,8.26,0,0,0,0,0,0,0,0,150,106,1e-04,3e-04,3e-04,8e-04,0.0012,0.0019,0.0025,0.0013,3.93,0,0
2025-12-22 15:25:06,0,0,29.62,0,1,1108,18.4667,9,0.15,81,1.35,17.37,0,0,0,0,0,0,0,0,202,128,2e-04,7e-04,6e-04,0.0017,0.0026,0.0039,0.0054,0.0026,8.37,0.01,0
2025-12-22 15:26:06,0,0,29.75,0,1,7855,130.917,234,3.9,447,7.45,5.57,0,0,0,0,0,0,0,0,230,164,0,2e-04,1e-04,5e-04,9e-04,0.0012,0.0014,9e-04,2.21,0,0
2025-12-22 15:27:06,0,0,29.69,0,8,6511,108.517,205,3.41667,396,6.6,8.33,0,0,0,0,0,0,0,0,216,160,1e-04,3e-04,3e-04,8e-04,0.0012,0.002,0.0025,0.0015,3.87,0,0
2025-12-22 15:28:06,0,0,29.81,0,16,1387,23.1167,14,0.233333,139,2.31667,26,0,0,0,0,0,0,0,0,210,153,3e-04,9e-04,9e-04,0.0025,0.0039,0.006,0.008,0.004,12.38,0.01,0
2025-12-22 15:29:06,0,0,29.94,0,16,1567,26.1167,14,0.233333,163,2.71667,25,0,0,0,0,0,0,0,0,195,139,3e-04,9e-04,9e-04,0.0025,0.0037,0.0057,0.0077,0.0038,12.06,0.01,0
2025-12-22 15:30:06,0,0,30.25,0,16,1196,19.9333,2,0.0333333,143,2.38333,25.52,0,0,0,0,0,0,0,0,189,134,3e-04,9e-04,9e-04,0.0025,0.0038,0.0058,0.0079,0.0039,12.36,0.01,0
2025-12-22 15:31:06,0,0,30.38,0,16,1429,23.8167,7,0.116667,174,2.9,25.78,0,0,0,0,0,0,0,0,211,156,3e-04,0.001,9e-04,0.0025,0.0038,0.0058,0.008,0.0039,12.38,0.01,0
2025-12-22 15:32:06,0,0,30.5,0,16,1389,23.15,3,0.05,148,2.46667,26.16,0,0,0,0,0,0,0,0,216,164,3e-04,9e-04,9e-04,0.0025,0.0039,0.006,0.0082,0.0041,12.41,0.01,0
2025-12-22 15:33:06,0,0,30.88,0,16,1581,26.35,11,0.183333,196,3.26667,26.46,0,0,0,0,0,0,0,0,187,132,3e-04,0.001,9e-04,0.0026,0.0039,0.0061,0.0083,0.0041,12.51,0.01,0
2025-12-22 15:34:06,0,0,31.12,0,16,2585,43.0833,24,0.4,307,5.11667,26.7,0,0,0,0,0,0,0,0,180,121,3e-04,0.001,0.001,0.0026,0.0039,0.0061,0.0083,0.0042,12.84,0.01,0
2025-12-22 15:35:06,0,0,31,0,16,1060,17.6667,10,0.166667,121,2.01667,26.19,0,0,0,0,0,0,0,0,181,128,3e-04,9e-04,9e-04,0.0025,0.0039,0.006,0.0081,0.0041,12.35,0.01,0
2025-12-22 15:36:06,0,0,31.31,0,16,2626,43.7667,29,0.483333,304,5.06667,26.74,0,0,0,0,0,0,0,0,200,145,3e-04,9e-04,0.001,0.0026,0.0039,0.0061,0.0083,0.0041,12.8,0.01,0
2025-12-22 15:37:06,0,0,30.94,0,16,1124,18.7333,1,0.0166667,149,2.48333,26.3,0,0,0,0,0,0,0,0,216,164,3e-04,9e-04,9e-04,0.0025,0.0039,0.0061,0.0082,0.0041,12.32,0.01,0
2025-12-22 15:38:06,0,0,31,0,16,946,15.7667,4,0.0666667,114,1.9,26.53,0,0,0,0,0,0,0,0,212,164,3e-04,9e-04,9e-04,0.0026,0.0039,0.0061,0.0083,0.0042,12.5,0.01,0
2025-12-22 15:39:06,0,0,31,0,16,1263,21.05,4,0.0666667,150,2.5,25.63,0,0,0,0,0,0,0,0,219,165,3e-04,8e-04,9e-04,0.0025,0.0038,0.0059,0.008,0.004,12.05,0.01,0
2025-12-22 15:40:06,0,0,31,0,16,990,16.5,4,0.0666667,94,1.56667,25.57,0,0,0,0,0,0,0,0,212,153,3e-04,9e-04,9e-04,0.0025,0.0038,0.0059,0.008,0.004,12.12,0.01,0
2025-12-22 15:41:06,0,0,31,0,16,1138,18.9667,9,0.15,129,2.15,25.13,0,0,0,0,0,0,0,0,216,159,3e-04,9e-04,9e-04,0.0024,0.0037,0.0058,0.0079,0.0039,11.75,0.01,0
2025-12-22 15:42:06,0,0,31.19,0,16,1262,21.0333,3,0.05,157,2.61667,24.96,0,0,0,0,0,0,0,0,204,144,3e-04,9e-04,9e-04,0.0024,0.0037,0.0057,0.0078,0.0039,11.73,0.01,0
2025-12-22 15:43:06,0,0,31,0,16,1184,19.7333,2,0.0333333,125,2.08333,25.58,0,0,0,0,0,0,0,0,214,153,3e-04,9e-04,9e-04,0.0025,0.0038,0.0058,0.008,0.0039,12.05,0.01,0
2025-12-22 15:44:06,0,0,31.19,0,16,1481,24.6833,9,0.15,166,2.76667,24.97,0,0,0,0,0,0,0,0,215,160,3e-04,9e-04,9e-04,0.0024,0.0037,0.0057,0.0078,0.0038,11.72,0.01,0
2025-12-22 15:45:06,0,0,31,0,16,2342,39.0333,44,0.733333,234,3.9,24.45,0,0,0,0,0,0,0,0,213,153,3e-04,8e-04,9e-04,0.0023,0.0036,0.0057,0.0077,0.0039,11.13,0.01,0
2025-12-22 15:46:06,0,0,30.88,0,16,2145,35.75,25,0.416667,236,3.93333,24.63,0,0,0,0,0,0,0,0,216,156,3e-04,8e-04,9e-04,0.0024,0.0036,0.0057,0.0077,0.0039,11.52,0.01,0
2025-12-22 15:47:06,0,0,30.69,0,16,2061,34.35,21,0.35,225,3.75,24.82,0,0,0,0,0,0,0,0,221,159,2e-04,9e-04,9e-04,0.0024,0.0037,0.0057,0.0078,0.0038,11.6,0.01,0
2025-12-22 15:48:06,0,0,30.88,0,16,1663,27.7167,11,0.183333,181,3.01667,25.09,0,0,0,0,0,0,0,0,217,156,3e-04,9e-04,9e-04,0.0025,0.0037,0.0057,0.0079,0.0038,12.07,0.01,0
2025-12-22 15:49:06,0,0,30.75,0,16,1430,23.8333,9,0.15,170,2.83333,24.96,0,0,0,0,0,0,0,0,217,157,3e-04,9e-04,9e-04,0.0025,0.0037,0.0057,0.0078,0.0039,11.86,0.01,0
2025-12-22 15:50:06,0,0,30.75,0,16,2661,44.35,36,0.6,341,5.68333,24.25,0,0,0,0,0,0,0,0,216,156,2e-04,8e-04,9e-04,0.0023,0.0036,0.0056,0.0076,0.0038,11.14,0.01,0
2025-12-22 15:51:06,0,0,30.69,0,16,3145,52.4167,52,0.866667,315,5.25,18.68,0,0,0,0,0,0,0,0,235,167,2e-04,7e-04,7e-04,0.0018,0.0028,0.0042,0.0059,0.0028,8.96,0.01,0
2025-12-22 15:52:06,0,0,30.25,0,16,2328,38.8,53,0.883333,190,3.16667,20.46,0,0,0,0,0,0,0,0,221,162,2e-04,6e-04,7e-04,0.0019,0.003,0.0048,0.0064,0.0033,9.37,0.01,0
2025-12-22 15:53:06,0,0,30.19,0,16,884,14.7333,7,0.116667,90,1.5,25.19,0,0,0,0,0,0,0,0,171,110,3e-04,8e-04,9e-04,0.0024,0.0037,0.006,0.0079,0.0041,11.41,0.01,0
2025-12-22 15:54:06,0,0,30.12,0,1,3667,61.1167,106,1.76667,224,3.73333,12.52,0,0,0,0,0,0,0,0,236,165,1e-04,3e-04,4e-04,0.0011,0.0019,0.003,0.004,0.0021,4.92,0.01,0
2025-12-22 15:55:06,0,0,30,0,16,726,12.1,3,0.05,61,1.01667,16.69,0,0,0,0,0,0,0,0,218,159,2e-04,5e-04,6e-04,0.0016,0.0025,0.0039,0.0052,0.0026,7.49,0.01,0
2025-12-22 15:56:06,0,0,30.19,0,4,3708,61.8,88,1.46667,235,3.91667,13.44,0,0,0,0,0,0,0,0,231,164,1e-04,5e-04,5e-04,0.0014,0.002,0.0029,0.0043,0.0019,6.39,0.01,0
2025-12-22 15:57:06,0,0,30,0,16,856,14.2667,1,0.0166667,85,1.41667,24.98,0,0,0,0,0,0,0,0,192,132,2e-04,9e-04,9e-04,0.0025,0.0037,0.0056,0.0079,0.0037,12.06,0.01,0
2025-12-22 15:58:06,0,0,30.56,0,16,1556,25.9333,38,0.633333,100,1.66667,13.53,0,0,0,0,0,0,0,0,230,164,2e-04,5e-04,5e-04,0.0013,0.002,0.0031,0.0043,0.0021,6.37,0.01,0
2025-12-22 15:59:06,0,0,30.62,0,16,2307,38.45,62,1.03333,164,2.73333,30.55,0,0,0,0,0,0,0,0,180,124,3e-04,0.001,0.0011,0.0029,0.0045,0.0071,0.0096,0.0048,14.4,0.01,0
2025-12-22 16:00:06,0,0,30.38,0,16,936,15.6,24,0.4,51,0.85,26.94,0,0,0,0,0,0,0,0,171,118,3e-04,9e-04,0.001,0.0026,0.004,0.0061,0.0085,0.0041,12.9,0.01,0
2025-12-22 16:01:06,0,0,30.81,0,4,6430,107.167,180,3,256,4.26667,68.11,0,0,0,0,0,0,0,0,183,129,8e-04,0.0021,0.0025,0.0059,0.0104,0.0164,0.019,0.0101,30.31,0.03,0
2025-12-22 16:02:06,0,0,30.75,0,1,23980,399.667,724,12.0667,648,10.8,123.88,0,0,0,0,0,0,0,0,211,156,0.0015,0.0034,0.0044,0.0098,0.0191,0.0311,0.0333,0.0194,50.98,0.05,0
2025-12-22 16:03:06,0,0,30.31,0,16,2779,46.3167,72,1.2,150,2.5,23.24,0,0,0,0,0,0,0,0,213,158,2e-04,7e-04,8e-04,0.0022,0.0034,0.0055,0.0073,0.0038,10.42,0.01,0
2025-12-22 16:04:06,0,0,30.44,0,16,1020,17,3,0.05,101,1.68333,19.73,0,0,0,0,0,0,0,0,210,154,2e-04,6e-04,7e-04,0.0019,0.0029,0.0046,0.0062,0.0031,9.04,0.01,0
2025-12-22 16:05:06,0,0,30.19,0,16,874,14.5667,0,0,90,1.5,21.27,0,0,0,0,0,0,0,0,199,148,2e-04,7e-04,7e-04,0.002,0.0032,0.0049,0.0067,0.0033,9.7,0.01,0
2025-12-22 16:06:06,0,0,30.69,0,16,392,6.53333,1,0.0166667,39,0.65,23.96,0,0,0,0,0,0,0,0,166,119,2e-04,8e-04,8e-04,0.0023,0.0035,0.0056,0.0076,0.0038,10.79,0.01,0
2025-12-22 16:07:06,0,0,30.69,0,16,785,13.0833,27,0.45,37,0.616667,23.6,0,0,0,0,0,0,0,0,166,119,3e-04,8e-04,8e-04,0.0022,0.0035,0.0055,0.0075,0.0037,10.65,0.01,0
2025-12-22 16:08:06,0,0,30.31,0,16,712,11.8667,5,0.0833333,79,1.31667,21.85,0,0,0,0,0,0,0,0,164,120,2e-04,7e-04,8e-04,0.0021,0.0032,0.0051,0.0069,0.0034,10.01,0.01,0
2025-12-22 16:09:06,0,0,30.19,0,16,1273,21.2167,27,0.45,113,1.88333,24.1,0,0,0,0,0,0,0,0,168,124,2e-04,8e-04,8e-04,0.0023,0.0035,0.0057,0.0076,0.0039,10.82,0.01,0
2025-12-22 16:10:06,0,0,30.12,0,16,789,13.15,7,0.116667,77,1.28333,23.43,0,0,0,0,0,0,0,0,169,120,2e-04,7e-04,8e-04,0.0022,0.0034,0.0055,0.0074,0.0037,10.59,0.01,0
2025-12-22 16:11:06,0,0,30.19,0,16,754,12.5667,5,0.0833333,73,1.21667,23.76,0,0,0,0,0,0,0,0,167,111,2e-04,7e-04,8e-04,0.0023,0.0035,0.0056,0.0075,0.0038,10.72,0.01,0
2025-12-22 16:12:06,0,0,30.19,0,16,2941,49.0167,75,1.25,205,3.41667,25.93,0,0,0,0,0,0,0,0,166,130,3e-04,8e-04,9e-04,0.0025,0.0038,0.0061,0.0082,0.0041,11.75,0.01,0
2025-12-22 16:13:06,0,0,29.94,0,16,2911,48.5167,94,1.56667,203,3.38333,21.95,0,0,0,0,0,0,0,0,235,165,2e-04,7e-04,7e-04,0.0022,0.0032,0.005,0.0069,0.0034,10.12,0.01,0
2025-12-22 16:14:06,0,0,30.12,0,16,735,12.25,3,0.05,70,1.16667,8.99,0,0,0,0,0,0,0,0,173,119,1e-04,3e-04,3e-04,8e-04,0.0014,0.002,0.0028,0.0014,4.01,0,0
2025-12-22 16:15:06,0,0,30.31,0,16,884,14.7333,5,0.0833333,91,1.51667,11.95,0,0,0,0,0,0,0,0,211,160,1e-04,4e-04,4e-04,0.0011,0.0018,0.0027,0.0037,0.0019,5.37,0.01,0
2025-12-22 16:16:06,0,0,30.12,0,16,1194,19.9,7,0.116667,121,2.01667,11.56,0,0,0,0,0,0,0,0,171,130,1e-04,4e-04,4e-04,0.001,0.0018,0.0027,0.0035,0.0019,4.78,0.01,0
2025-12-22 16:17:06,0,0,30.06,0,16,427,7.11667,3,0.05,40,0.666667,11.72,0,0,0,0,0,0,0,0,169,128,1e-04,4e-04,4e-04,0.0011,0.0018,0.0028,0.0036,0.002,4.85,0.01,0
2025-12-22 16:18:06,0,0,30.12,0,16,1611,26.85,22,0.366667,145,2.41667,12.74,0,0,0,0,0,0,0,0,166,128,1e-04,4e-04,4e-04,0.0011,0.0019,0.0031,0.0038,0.0022,5.21,0.01,0
2025-12-22 16:19:06,0,0,29.94,0,16,368,6.13333,1,0.0166667,41,0.683333,11.99,0,0,0,0,0,0,0,0,168,119,1e-04,4e-04,4e-04,0.0011,0.0018,0.0029,0.0036,0.002,5.17,0.01,0
2025-12-22 16:20:06,0,0,30,0,16,551,9.18333,9,0.15,54,0.9,12.29,0,0,0,0,0,0,0,0,165,123,1e-04,4e-04,4e-04,0.0011,0.0019,0.003,0.0037,0.0021,5.01,0.01,0
2025-12-22 16:21:06,0,0,30.31,0,4,1167,19.45,16,0.266667,89,1.48333,10.35,0,0,0,0,0,0,0,0,235,164,1e-04,4e-04,4e-04,0.001,0.0016,0.0023,0.0032,0.0015,4.84,0,0
2025-12-22 16:22:06,0,0,30,0,1,99,1.65,0,0,12,0.2,3.04,0,0,0,0,0,0,0,0,218,147,0,2e-04,0,4e-04,5e-04,4e-04,0.001,2e-04,1.7,0,0
2025-12-22 16:23:06,0,0,30.19,0,1,352,5.86667,6,0.1,28,0.466667,5.14,0,0,0,0,0,0,0,0,158,119,0,2e-04,1e-04,6e-04,8e-04,0.001,0.0016,7e-04,2.37,0,0
2025-12-22 16:24:06,0,0,30.25,0,16,192,3.2,0,0,17,0.283333,10.8,0,0,0,0,0,0,0,0,159,119,1e-04,4e-04,4e-04,0.001,0.0016,0.0026,0.0033,0.0018,4.61,0,0
2025-12-22 16:25:06,0,0,30.5,0,16,1862,31.0333,52,0.866667,138,2.3,12.01,0,0,0,0,0,0,0,0,167,108,1e-04,4e-04,4e-04,0.0011,0.0018,0.0028,0.0036,0.002,5.09,0.01,0
2025-12-22 16:26:06,0,0,30.44,0,16,282,4.7,1,0.0166667,24,0.4,8.42,0,0,0,0,0,0,0,0,221,170,1e-04,3e-04,3e-04,8e-04,0.0013,0.0019,0.0026,0.0013,3.68,0,0
2025-12-22 16:27:06,0,0,30.44,0,1,0,0,0,0,0,0,2.93,0,0,0,0,0,0,0,0,215,156,0,2e-04,1e-04,3e-04,5e-04,5e-04,0.0011,3e-04,1.44,0,0
2025-12-22 16:28:06,0,0,30.5,0,16,694,11.5667,4,0.0666667,57,0.95,9.07,0,0,0,0,0,0,0,0,168,110,1e-04,3e-04,3e-04,9e-04,0.0014,0.0021,0.0028,0.0014,3.96,0,0
2025-12-22 16:29:06,0,0,30.38,0,16,928,15.4667,15,0.25,60,1,9.34,0,0,0,0,0,0,0,0,220,141,1e-04,3e-04,3e-04,8e-04,0.0014,0.0023,0.0028,0.0016,3.5,0,0
2025-12-22 16:30:06,0,0,30.44,0,1,111,1.85,0,0,10,0.166667,3.07,0,0,0,0,0,0,0,0,206,131,0,1e-04,0,4e-04,5e-04,6e-04,0.001,4e-04,1.28,0,0
2025-12-22 16:31:06,0,0,30.56,0,1,17,0.283333,0,0,1,0.0166667,3.45,0,0,0,0,0,0,0,0,193,119,0,1e-04,1e-04,4e-04,5e-04,7e-04,0.0011,4e-04,1.42,0,0
2025-12-22 16:32:06,0,0,30.88,0,1,1837,30.6167,51,0.85,118,1.96667,5.59,0,0,0,0,0,0,0,0,207,139,0,2e-04,2e-04,6e-04,9e-04,0.0011,0.0017,8e-04,2.52,0,0
2025-12-22 16:33:06,0,0,30.62,0,1,539,8.98333,3,0.05,52,0.866667,4.61,0,0,0,0,0,0,0,0,225,161,0,2e-04,1e-04,5e-04,7e-04,9e-04,0.0015,6e-04,1.91,0,0
2025-12-22 16:34:06,0,0,30.94,0,1,7817,130.283,264,4.4,378,6.3,15.8,0,0,0,0,0,0,0,0,197,138,2e-04,5e-04,5e-04,0.0014,0.0024,0.0038,0.0044,0.0025,6.55,0.01,0
2025-12-22 16:35:06,0,0,30.38,0,16,2729,45.4833,69,1.15,167,2.78333,11.72,0,0,0,0,0,0,0,0,217,162,1e-04,4e-04,4e-04,0.0011,0.0017,0.0028,0.0035,0.002,4.93,0.01,0
2025-12-22 16:36:06,0,0,30.44,0,4,2582,43.0333,78,1.3,144,2.4,12.05,0,0,0,0,0,0,0,0,199,140,1e-04,4e-04,4e-04,0.0011,0.0018,0.0029,0.0037,0.002,4.86,0.01,0
2025-12-22 16:37:06,0,0,30.5,0,16,1494,24.9,33,0.55,114,1.9,11.27,0,0,0,0,0,0,0,0,197,139,1e-04,4e-04,4e-04,0.001,0.0017,0.0026,0.0034,0.0018,4.84,0,0
2025-12-22 16:38:06,0,0,30.19,0,1,1358,22.6333,19,0.316667,119,1.98333,6.57,0,0,0,0,0,0,0,0,195,144,0,2e-04,2e-04,6e-04,0.001,0.0015,0.002,0.0011,2.65,0,0
2025-12-22 16:39:06,0,0,30.12,0,16,270,4.5,0,0,30,0.5,12.1,0,0,0,0,0,0,0,0,194,134,1e-04,4e-04,4e-04,0.0011,0.0018,0.0029,0.0037,0.002,4.88,0.01,0
2025-12-22 16:40:06,0,0,30.06,0,16,95,1.58333,1,0.0166667,8,0.133333,12.71,0,0,0,0,0,0,0,0,196,132,1e-04,4e-04,4e-04,0.0012,0.0019,0.0031,0.0038,0.0022,5.31,0.01,0
2025-12-22 16:41:06,0,0,30.19,0,16,752,12.5333,6,0.1,59,0.983333,10.22,0,0,0,0,0,0,0,0,210,154,1e-04,3e-04,3e-04,9e-04,0.0016,0.0024,0.0031,0.0017,4.07,0,0
2025-12-22 16:42:06,0,0,30,0,16,1196,19.9333,31,0.516667,52,0.866667,10.82,0,0,0,0,0,0,0,0,236,164,1e-04,3e-04,3e-04,0.001,0.0016,0.0026,0.0033,0.0018,4.31,0,0
2025-12-22 16:43:06,0,0,30.19,0,8,10772,179.533,405,6.75,397,6.61667,10.12,0,0,0,0,0,0,0,0,233,176,1e-04,3e-04,3e-04,8e-04,0.0015,0.0026,0.003,0.0019,3.63,0,0
2025-12-22 16:44:06,0,0,30.38,0,16,1742,29.0333,31,0.516667,118,1.96667,13.39,0,0,0,0,0,0,0,0,236,180,1e-04,4e-04,4e-04,0.0012,0.002,0.0033,0.004,0.0024,5.34,0.01,0
2025-12-22 16:45:06,0,0,30.25,0,16,3446,57.4333,88,1.46667,222,3.7,9.33,0,0,0,0,0,0,0,0,228,162,1e-04,3e-04,3e-04,8e-04,0.0014,0.0023,0.0028,0.0017,3.59,0,0
2025-12-22 16:46:06,0,0,30.25,0,32,2198,36.6333,40,0.666667,155,2.58333,8.99,0,0,0,0,0,0,0,0,229,165,1e-04,3e-04,3e-04,8e-04,0.0013,0.0023,0.0027,0.0017,3.55,0,0
2025-12-22 16:47:06,0,0,30.38,0,16,1639,27.3167,22,0.366667,114,1.9,14.87,0,0,0,0,0,0,0,0,173,115,1e-04,4e-04,5e-04,0.0013,0.0022,0.0036,0.0044,0.0026,6.06,0.01,0
2025-12-22 16:48:06,0,0,30.12,0,16,3890,64.8333,75,1.25,307,5.11667,12.78,0,0,0,0,0,0,0,0,222,151,1e-04,4e-04,4e-04,0.0011,0.0019,0.0032,0.0038,0.0023,5.09,0.01,0
2025-12-22 16:49:06,0,0,29.81,0,1,376,6.26667,5,0.0833333,32,0.533333,4.76,0,0,0,0,0,0,0,0,206,119,0,1e-04,1e-04,4e-04,7e-04,0.0011,0.0015,8e-04,1.62,0,0
2025-12-22 16:50:06,0,0,29.19,0,16,186,3.1,0,0,15,0.25,13.9,0,0,0,0,0,0,0,0,216,164,1e-04,4e-04,4e-04,0.0012,0.0021,0.0034,0.0041,0.0024,5.65,0.01,0
2025-12-22 16:51:06,0,0,29.06,0,16,853,14.2167,19,0.316667,48,0.8,13.73,0,0,0,0,0,0,0,0,215,167,1e-04,4e-04,4e-04,0.0012,0.0021,0.0034,0.0041,0.0024,5.53,0.01,0
2025-12-22 16:52:06,0,0,29.75,0,1,1340,22.3333,14,0.233333,80,1.33333,9.73,0,0,0,0,0,0,0,0,219,158,1e-04,3e-04,3e-04,9e-04,0.0015,0.0023,0.003,0.0016,3.97,0,0
2025-12-22 16:53:06,0,0,29.94,0,1,1664,27.7333,17,0.283333,106,1.76667,7.73,0,0,0,0,0,0,0,0,205,128,1e-04,2e-04,2e-04,7e-04,0.0012,0.0018,0.0024,0.0012,3.21,0,0
2025-12-22 16:54:06,0,0,30.06,0,1,115,1.91667,0,0,9,0.15,3.22,0,0,0,0,0,0,0,0,226,151,0,1e-04,0,3e-04,5e-04,7e-04,0.0011,4e-04,1.22,0,0
2025-12-22 16:55:06,0,0,30.06,0,1,764,12.7333,6,0.1,58,0.966667,6.59,0,0,0,0,0,0,0,0,206,148,0,2e-04,2e-04,6e-04,0.001,0.0016,0.002,0.0011,2.55,0,0
2025-12-22 16:56:06,0,0,29.75,0,16,966,16.1,18,0.3,73,1.21667,12.91,0,0,0,0,0,0,0,0,215,170,1e-04,4e-04,4e-04,0.0011,0.002,0.0032,0.0039,0.0023,5,0.01,0
2025-12-22 16:57:06,0,0,30.12,0,16,1767,29.45,33,0.55,140,2.33333,13.36,0,0,0,0,0,0,0,0,180,136,1e-04,5e-04,4e-04,0.0012,0.002,0.0031,0.0041,0.0022,5.64,0.01,0
2025-12-22 16:58:06,0,0,30.19,0,16,971,16.1833,8,0.133333,101,1.68333,12.88,0,0,0,0,0,0,0,0,206,151,1e-04,5e-04,4e-04,0.0013,0.002,0.0028,0.0039,0.0019,6.1,0.01,0
2025-12-22 16:59:06,0,0,30.38,0,16,2127,35.45,28,0.466667,208,3.46667,14.32,0,0,0,0,0,0,0,0,170,126,1e-04,5e-04,4e-04,0.0013,0.0022,0.0033,0.0044,0.0022,6.4,0.01,0
2025-12-22 17:00:06,0,0,30.25,0,8,6351,105.85,182,3.03333,314,5.23333,9.6,0,0,0,0,0,0,0,0,225,154,1e-04,2e-04,3e-04,7e-04,0.0015,0.0025,0.0028,0.0018,3.11,0,0
2025-12-22 17:01:06,0,0,30.25,0,1,8558,142.633,250,4.16667,465,7.75,17,0,0,0,0,0,0,0,0,235,174,2e-04,4e-04,5e-04,0.0013,0.0026,0.0043,0.0048,0.0029,5.79,0.01,0
2025-12-22 17:02:06,0,0,30.12,0,1,11058,184.3,369,6.15,538,8.96667,0,0,0,0,0,0,0,0,0,217,156,0,0,0,0,0,0,0,0,0,0,0
2025-12-22 17:03:06,0,0,30.19,0,1,5628,93.8,155,2.58333,320,5.33333,0,0,0,0,0,0,0,0,0,160,114,0,0,0,0,0,0,0,0,0,0,0
2025-12-22 17:04:06,0,0,30.62,0,1,9650,160.833,277,4.61667,481,8.01667,0.02,0,0,0,0,0,0,0,0,172,128,0,0,0,0,0,0,0,0,0,0,0
2025-12-22 17:05:06,0,0,30.56,0,1,5778,96.3,184,3.06667,323,5.38333,0,0,0,0,0,0,0,0,0,206,128,0,0,0,0,0,0,0,0,0,0,0
2025-12-22 17:06:06,0,0,30.38,0,1,2584,43.0667,7,0.116667,279,4.65,0,0,0,0,0,0,0,0,0,205,128,0,0,0,0,0,0,0,0,0,0,0
2025-12-22 17:07:06,0,0,30.19,0,1,3091,51.5167,13,0.216667,328,5.46667,0,0,0,0,0,0,0,0,0,210,134,0,0,0,0,0,0,0,0,0,0,0
2025-12-22 17:08:06,0,0,29.81,0,1,3190,53.1667,15,0.25,337,5.61667,0,0,0,0,0,0,0,0,0,203,126,0,0,0,0,0,0,0,0,0,0,0
2025-12-22 17:09:06,0,0,29.62,0,1,2439,40.65,11,0.183333,248,4.13333,0,0,0,0,0,0,0,0,0,226,175,0,0,0,0,0,0,0,0,0,0,0
2025-12-22 17:10:06,0,0,29.88,0,1,1377,22.95,5,0.0833333,141,2.35,0,0,0,0,0,0,0,0,0,195,128,0,0,0,0,0,0,0,0,0,0,0
2025-12-22 17:11:06,0,0,29.38,0,1,1807,30.1167,2,0.0333333,179,2.98333,0,0,0,0,0,0,0,0,0,215,159,0,0,0,0,0,0,0,0,0,0,0
2025-12-22 17:12:06,0,0,29.06,0,1,865,14.4167,3,0.05,52,0.866667,0,0,0,0,0,0,0,0,0,205,154,0,0,0,0,0,0,0,0,0,0,0
2025-12-22 17:13:06,0,0,28.75,0,1,345,5.75,0,0,10,0.166667,0,0,0,0,0,0,0,0,0,219,170,0,0,0,0,0,0,0,0,0,0,0
2025-12-22 17:14:06,0,0,28.31,0,1,450,7.5,0,0,19,0.316667,0,0,0,0,0,0,0,0,0,230,176,0,0,0,0,0,0,0,0,0,0,0
2025-12-22 17:15:06,0,0,28.62,0,1,460,7.66667,0,0,26,0.433333,0,0,0,0,0,0,0,0,0,207,138,0,0,0,0,0,0,0,0,0,0,0
2025-12-22 17:16:06,0,0,28.62,0,1,1255,20.9167,0,0,107,1.78333,0,0,0,0,0,0,0,0,0,215,144,0,0,0,0,0,0,0,0,0,0,0
2025-12-22 17:17:06,0,0,28.38,0,1,1740,29,9,0.15,134,2.23333,0,0,0,0,0,0,0,0,0,234,175,0,0,0,0,0,0,0,0,0,0,0
2025-12-22 17:18:06,0,0,28.44,0,1,3262,54.3667,97,1.61667,179,2.98333,0,0,0,0,0,0,0,0,0,227,163,0,0,0,0,0,0,0,0,0,0,0
2025-12-22 17:19:06,0,0,28.19,0,8,14699,244.983,564,9.4,562,9.36667,0,0,0,0,0,0,0,0,0,209,147,0,0,0,0,0,0,0,0,0,0,0
2025-12-22 17:20:06,0,0,28.62,0,1,2519,41.9833,52,0.866667,166,2.76667,0,0,0,0,0,0,0,0,0,211,155,0,0,0,0,0,0,0,0,0,0,0
2025-12-22 17:21:06,0,0,28.5,0,1,2490,41.5,18,0.3,222,3.7,0,0,0,0,0,0,0,0,0,225,160,0,0,0,0,0,0,0,0,0,0,0
2025-12-22 17:22:06,0,0,28.69,0,1,1393,23.2167,5,0.0833333,90,1.5,0,0,0,0,0,0,0,0,0,211,153,0,0,0,0,0,0,0,0,0,0,0
2025-12-22 17:23:06,0,0,28.69,0,1,1302,21.7,0,0,90,1.5,0,0,0,0,0,0,0,0,0,210,153,0,0,0,0,0,0,0,0,0,0,0
2025-12-22 17:24:06,0,0,28.69,0,1,2194,36.5667,20,0.333333,174,2.9,0,0,0,0,0,0,0,0,0,211,154,0,0,0,0,0,0,0,0,0,0,0
2025-12-22 17:25:06,0,0,28.69,0,1,1597,26.6167,7,0.116667,122,2.03333,0,0,0,0,0,0,0,0,0,203,151,0,0,0,0,0,0,0,0,0,0,0
2025-12-22 17:26:06,0,0,28.88,0,16,4071,67.85,71,1.18333,358,5.96667,0,0,0,0,0,0,0,0,0,187,131,0,0,0,0,0,0,0,0,0,0,0
2025-12-22 17:27:06,0,0,28.81,0,1,2541,42.35,24,0.4,236,3.93333,0,0,0,0,0,0,0,0,0,192,138,0,0,0,0,0,0,0,0,0,0,0
2025-12-22 17:28:06,0,0,28.81,0,1,2376,39.6,18,0.3,229,3.81667,0,0,0,0,0,0,0,0,0,176,125,0,0,0,0,0,0,0,0,0,0,0
2025-12-22 17:29:06,0,0,28.56,0,1,1930,32.1667,8,0.133333,162,2.7,0,0,0,0,0,0,0,0,0,224,161,0,0,0,0,0,0,0,0,0,0,0
2025-12-22 17:30:06,0,0,28.75,0,1,8972,149.533,307,5.11667,401,6.68333,0,0,0,0,0,0,0,0,0,217,155,0,0,0,0,0,0,0,0,0,0,0
2025-12-22 17:31:06,0,0,28.69,0,1,6090,101.5,151,2.51667,379,6.31667,0,0,0,0,0,0,0,0,0,194,145,0,0,0,0,0,0,0,0,0,0,0
2025-12-22 17:32:06,0,0,28.75,0,1,6347,105.783,136,2.26667,433,7.21667,0,0,0,0,0,0,0,0,0,194,142,0,0,0,0,0,0,0,0,0,0,0
2025-12-22 17:33:06,0,0,28.81,0,1,8053,134.217,215,3.58333,510,8.5,0,0,0,0,0,0,0,0,0,179,133,0,0,0,0,0,0,0,0,0,0,0
2025-12-22 17:34:06,0,0,28.44,0,16,4825,80.4167,134,2.23333,261,4.35,18.27,0,0,0,0,0,0,0,0,218,160,2e-04,6e-04,6e-04,0.0016,0.0027,0.0044,0.0054,0.0031,7.74,0.01,0
2025-12-22 17:35:06,0,0,28.12,0,16,2187,36.45,28,0.466667,181,3.01667,19.63,0,0,0,0,0,0,0,0,218,157,2e-04,6e-04,6e-04,0.0018,0.0029,0.0048,0.0058,0.0034,8.27,0.01,0
2025-12-22 17:36:06,0,0,28.12,0,1,10683,178.05,347,5.78333,627,10.45,27.84,0,0,0,0,0,0,0,0,231,163,3e-04,7e-04,7e-04,0.002,0.0042,0.0072,0.0084,0.0051,9.37,0.01,0
2025-12-22 17:37:06,0,0,28.12,0,1,6600,110,177,2.95,462,7.7,35.64,0,0,0,0,0,0,0,0,203,146,3e-04,9e-04,0.001,0.0028,0.0054,0.009,0.0107,0.0064,12.99,0.01,0
2025-12-22 17:38:06,0,0,28.31,0,1,4603,76.7167,85,1.41667,329,5.48333,17.26,0,0,0,0,0,0,0,0,199,135,3e-04,7e-04,7e-04,0.002,0.0024,0.0041,0.0049,0.003,9.64,0.01,0
2025-12-22 17:39:06,0,0,28.38,0,1,6698,111.633,162,2.7,396,6.6,0.62,0,0,0,0,0,0,0,0,199,133,0,0,0,0,1e-04,2e-04,2e-04,1e-04,0,0,0
2025-12-22 17:40:06,0,0,27.94,0,1,9630,160.5,320,5.33333,470,7.83333,2.96,0,0,0,0,0,0,0,0,213,158,0,1e-04,1e-04,1e-04,5e-04,0.0011,7e-04,4e-04,0.29,0,0
2025-12-22 17:41:06,0,0,26.81,0,1,9078,151.3,296,4.93333,621,10.35,0.27,0,0,0,0,0,0,0,0,207,149,0,0,0,0,1e-04,2e-04,2e-04,2e-04,0,0,0
2025-12-22 17:42:06,0,0,25.06,0,1,10013,166.883,310,5.16667,583,9.71667,0.37,0,0,0,0,0,0,0,0,225,153,1e-04,1e-04,0,1e-04,1e-04,3e-04,4e-04,5e-04,0,0,0
2025-12-22 17:43:06,0,0,24.81,0,1,9605,160.083,307,5.11667,572,9.53333,0,0,0,0,0,0,0,0,0,220,165,0,0,0,0,0,0,0,0,0,0,0
2025-12-22 17:44:06,0,0,25.38,0,1,1984,33.0667,8,0.133333,136,2.26667,0,0,0,0,0,0,0,0,0,192,145,0,0,0,0,0,0,0,0,0,0,0
2025-12-22 17:45:06,0,0,25.31,0,1,1557,25.95,0,0,129,2.15,0,0,0,0,0,0,0,0,0,185,141,0,0,0,0,0,0,0,0,0,0,0
2025-12-22 17:46:06,0,0,25.25,0,1,2368,39.4667,2,0.0333333,244,4.06667,0,0,0,0,0,0,0,0,0,186,142,0,0,0,0,0,0,0,0,0,0,0
2025-12-22 17:47:06,0,0,25.31,0,1,2137,35.6167,3,0.05,184,3.06667,0,0,0,0,0,0,0,0,0,179,136,0,0,0,0,0,0,0,0,0,0,0
2025-12-22 17:48:06,0,0,25.31,0,1,2663,44.3833,5,0.0833333,285,4.75,0,0,0,0,0,0,0,0,0,175,131,0,0,0,0,0,0,0,0,0,0,0
2025-12-22 17:49:06,0,0,25.5,0,1,2326,38.7667,21,0.35,215,3.58333,0,0,0,0,0,0,0,0,0,189,144,0,0,0,0,0,0,0,0,0,0,0
2025-12-22 17:50:06,0,0,25.75,0,1,2839,47.3167,5,0.0833333,280,4.66667,0,0,0,0,0,0,0,0,0,195,150,0,0,0,0,0,0,0,0,0,0,0
2025-12-22 17:51:06,0,0,26.06,0,1,1912,31.8667,4,0.0666667,163,2.71667,0,0,0,0,0,0,0,0,0,193,147,0,0,0,0,0,0,0,0,0,0,0
2025-12-22 17:52:06,0,0,26.44,0,1,2551,42.5167,5,0.0833333,278,4.63333,0,0,0,0,0,0,0,0,0,188,143,0,0,0,0,0,0,0,0,0,0,0
2025-12-22 17:53:06,0,0,26.75,0,1,1915,31.9167,6,0.1,166,2.76667,0,0,0,0,0,0,0,0,0,184,139,0,0,0,0,0,0,0,0,0,0,0
2025-12-22 17:54:06,0,0,27.12,0,1,5972,99.5333,198,3.3,301,5.01667,0,0,0,0,0,0,0,0,0,188,143,0,0,0,0,0,0,0,0,0,0,0
2025-12-22 17:55:06,0,0,27.38,0,1,8901,148.35,244,4.06667,474,7.9,0,0,0,0,0,0,0,0,0,195,146,0,0,0,0,0,0,0,0,0,0,0
2025-12-22 17:56:06,0,0,27.75,0,1,11373,189.55,354,5.9,611,10.1833,0,0,0,0,0,0,0,0,0,175,124,0,0,0,0,0,0,0,0,0,0,0
2025-12-22 17:57:06,0,0,28.06,0,1,5165,86.0833,92,1.53333,390,6.5,0,0,0,0,0,0,0,0,0,187,134,0,0,0,0,0,0,0,0,0,0,0
2025-12-22 17:58:06,0,0,28.31,0,16,3401,56.6833,79,1.31667,231,3.85,25.2,0,0,0,0,0,0,0,0,157,111,3e-04,7e-04,8e-04,0.0023,0.0037,0.0061,0.0077,0.0043,10.92,0.01,0
2025-12-22 17:59:06,0,0,28.44,0,16,1044,17.4,1,0.0166667,121,2.01667,25.39,0,0,0,0,0,0,0,0,163,128,3e-04,8e-04,9e-04,0.0023,0.0037,0.0061,0.0078,0.0042,11.11,0.01,0
2025-12-22 18:00:06,0,0,28.75,0,16,1107,18.45,8,0.133333,122,2.03333,23.75,0,0,0,0,0,0,0,0,189,142,3e-04,7e-04,8e-04,0.0022,0.0035,0.0057,0.0073,0.0039,10.32,0.01,0
2025-12-22 18:01:06,0,0,29.06,0,16,374,6.23333,0,0,38,0.633333,22.78,0,0,0,0,0,0,0,0,155,110,2e-04,7e-04,8e-04,0.0021,0.0033,0.0055,0.007,0.0037,10.1,0.01,0
2025-12-22 18:02:06,0,0,29.19,0,16,679,11.3167,11,0.183333,50,0.833333,24.69,0,0,0,0,0,0,0,0,157,114,3e-04,7e-04,9e-04,0.0023,0.0036,0.0059,0.0076,0.004,10.96,0.01,0
2025-12-22 18:03:06,0,0,29.38,0,16,438,7.3,13,0.216667,31,0.516667,25.48,0,0,0,0,0,0,0,0,158,114,3e-04,8e-04,9e-04,0.0023,0.0038,0.0061,0.0079,0.0042,11.14,0.01,0
2025-12-22 18:04:06,0,0,29.75,0,16,1256,20.9333,6,0.1,139,2.31667,23.2,0,0,0,0,0,0,0,0,156,107,2e-04,7e-04,8e-04,0.0022,0.0034,0.0056,0.0072,0.0038,10.17,0.01,0
2025-12-22 18:05:06,0,0,29.81,0,16,829,13.8167,1,0.0166667,108,1.8,22.98,0,0,0,0,0,0,0,0,151,110,2e-04,7e-04,8e-04,0.0021,0.0034,0.0055,0.0071,0.0037,10.13,0.01,0
2025-12-22 18:06:06,0,0,29.94,0,16,526,8.76667,0,0,60,1,24.31,0,0,0,0,0,0,0,0,152,110,2e-04,7e-04,8e-04,0.0022,0.0036,0.0058,0.0076,0.0039,10.64,0.01,0
2025-12-22 18:07:06,0,0,30.06,0,16,149,2.48333,0,0,16,0.266667,24.38,0,0,0,0,0,0,0,0,152,109,2e-04,7e-04,8e-04,0.0022,0.0036,0.0058,0.0076,0.004,10.61,0.01,0
2025-12-22 18:08:06,0,0,30.19,0,16,433,7.21667,3,0.05,53,0.883333,24.12,0,0,0,0,0,0,0,0,151,107,2e-04,7e-04,8e-04,0.0022,0.0035,0.0058,0.0075,0.0039,10.75,0.01,0
2025-12-22 18:09:06,0,0,30.31,0,16,610,10.1667,2,0.0333333,76,1.26667,23.91,0,0,0,0,0,0,0,0,147,114,2e-04,7e-04,8e-04,0.0022,0.0035,0.0057,0.0074,0.0039,10.69,0.01,0
2025-12-22 18:10:06,0,0,30.5,0,16,194,3.23333,0,0,15,0.25,24.45,0,0,0,0,0,0,0,0,153,108,2e-04,7e-04,8e-04,0.0023,0.0036,0.0058,0.0076,0.004,10.86,0.01,0
2025-12-22 18:11:06,0,0,30.56,0,16,614,10.2333,1,0.0166667,68,1.13333,26.2,0,0,0,0,0,0,0,0,151,107,3e-04,9e-04,9e-04,0.0025,0.0038,0.0062,0.0082,0.0042,11.98,0.01,0
2025-12-22 18:12:06,0,0,30.69,0,16,1359,22.65,21,0.35,117,1.95,22.58,0,0,0,0,0,0,0,0,159,109,2e-04,7e-04,8e-04,0.0021,0.0033,0.0054,0.0071,0.0037,10.05,0.01,0
2025-12-22 18:13:06,0,0,30.81,0,8,4392,73.2,110,1.83333,232,3.86667,8.12,0,0,0,0,0,0,0,0,162,108,1e-04,2e-04,3e-04,8e-04,0.0012,0.0019,0.0025,0.0013,3.68,0,0
2025-12-22 18:14:06,0,0,30.62,0,1,2424,40.4,45,0.75,167,2.78333,0,0,0,0,0,0,0,0,0,218,161,0,0,0,0,0,0,0,0,0,0,0
2025-12-22 18:15:06,0,0,30.75,0,1,3738,62.3,53,0.883333,289,4.81667,16.68,0,0,0,0,0,0,0,0,208,154,2e-04,5e-04,6e-04,0.0015,0.0024,0.0041,0.0053,0.0029,6.99,0.01,0
2025-12-22 18:16:06,0,0,31.19,0,1,4936,82.2667,120,2,357,5.95,13.51,0,0,0,0,0,0,0,0,211,154,2e-04,4e-04,4e-04,0.0012,0.002,0.0033,0.0043,0.0024,5.46,0.01,0
2025-12-22 18:17:06,0,0,31.31,0,1,1768,29.4667,29,0.483333,124,2.06667,8.98,0,0,0,0,0,0,0,0,213,158,1e-04,2e-04,3e-04,8e-04,0.0013,0.0022,0.0029,0.0016,3.58,0,0
2025-12-22 18:18:06,0,0,31.44,0,1,4159,69.3167,99,1.65,260,4.33333,8.25,0,0,0,0,0,0,0,0,194,136,1e-04,3e-04,3e-04,8e-04,0.0012,0.002,0.0026,0.0015,3.59,0,0
2025-12-22 18:19:06,0,0,31.31,0,1,1920,32,27,0.45,161,2.68333,21.4,0,0,0,0,0,0,0,0,204,145,2e-04,6e-04,7e-04,0.002,0.0031,0.0052,0.0067,0.0036,9.24,0.01,0
2025-12-22 18:20:06,0,0,31.19,0,16,918,15.3,6,0.1,92,1.53333,19.88,0,0,0,0,0,0,0,0,198,152,2e-04,7e-04,7e-04,0.0019,0.0029,0.0046,0.0063,0.003,9.26,0.01,0
2025-12-22 18:21:06,0,0,31.25,0,16,1069,17.8167,6,0.1,94,1.56667,23.24,0,0,0,0,0,0,0,0,205,156,2e-04,8e-04,8e-04,0.0022,0.0034,0.0053,0.0073,0.0036,10.88,0.01,0
2025-12-22 18:22:06,0,0,31.38,0,16,601,10.0167,0,0,59,0.983333,23.88,0,0,0,0,0,0,0,0,199,153,2e-04,9e-04,9e-04,0.0024,0.0035,0.0054,0.0076,0.0036,11.65,0.01,0
2025-12-22 18:23:06,0,0,31.25,0,16,484,8.06667,0,0,50,0.833333,23.82,0,0,0,0,0,0,0,0,178,152,2e-04,9e-04,8e-04,0.0023,0.0035,0.0054,0.0076,0.0036,11.31,0.01,0
2025-12-22 18:24:06,0,0,31.38,0,16,628,10.4667,2,0.0333333,74,1.23333,23.96,0,0,0,0,0,0,0,0,201,158,2e-04,8e-04,8e-04,0.0023,0.0035,0.0055,0.0076,0.0037,11.24,0.01,0
2025-12-22 18:25:06,0,0,31.69,0,16,1258,20.9667,10,0.166667,119,1.98333,23.7,0,0,0,0,0,0,0,0,189,141,2e-04,8e-04,8e-04,0.0023,0.0035,0.0054,0.0075,0.0036,11.26,0.01,0
2025-12-22 18:26:06,0,0,31.69,0,16,4547,75.7833,81,1.35,359,5.98333,17.1,0,0,0,0,0,0,0,0,212,148,2e-04,7e-04,6e-04,0.0018,0.0025,0.0038,0.0055,0.0025,8.53,0.01,0
2025-12-22 18:27:06,0,0,31.5,0,1,3278,54.6333,60,1,302,5.03333,14.69,0,0,0,0,0,0,0,0,196,141,1e-04,6e-04,5e-04,0.0015,0.0022,0.0031,0.0048,0.0021,7.36,0.01,0
2025-12-22 18:28:06,0,0,31.38,0,16,505,8.41667,3,0.05,46,0.766667,22.32,0,0,0,0,0,0,0,0,204,152,2e-04,8e-04,8e-04,0.0022,0.0033,0.0051,0.0071,0.0034,10.65,0.01,0
2025-12-22 18:29:06,0,0,31.44,0,16,583,9.71667,0,0,55,0.916667,21.29,0,0,0,0,0,0,0,0,191,139,2e-04,7e-04,7e-04,0.002,0.0031,0.005,0.0067,0.0034,9.66,0.01,0
2025-12-22 18:30:06,0,0,31.56,0,16,657,10.95,13,0.216667,61,1.01667,20.53,0,0,0,0,0,0,0,0,174,122,2e-04,7e-04,7e-04,0.0019,0.003,0.0048,0.0064,0.0032,9.32,0.01,0
2025-12-22 18:31:06,0,0,31.62,0,16,246,4.1,0,0,19,0.316667,20.21,0,0,0,0,0,0,0,0,169,119,2e-04,6e-04,7e-04,0.0019,0.003,0.0047,0.0064,0.0032,8.97,0.01,0
2025-12-22 18:32:06,0,0,31.69,0,16,339,5.65,0,0,32,0.533333,20.38,0,0,0,0,0,0,0,0,161,113,2e-04,6e-04,7e-04,0.0019,0.003,0.0048,0.0064,0.0033,9.1,0.01,0
2025-12-22 18:33:06,0,0,31.88,0,16,1390,23.1667,4,0.0666667,157,2.61667,20.79,0,0,0,0,0,0,0,0,170,128,2e-04,7e-04,7e-04,0.002,0.0031,0.0048,0.0065,0.0033,9.45,0.01,0
2025-12-22 18:34:06,0,0,32,0,16,769,12.8167,2,0.0333333,78,1.3,21.33,0,0,0,0,0,0,0,0,153,111,2e-04,6e-04,7e-04,0.002,0.0032,0.005,0.0067,0.0034,9.38,0.01,0
2025-12-22 18:35:06,0,0,31.69,0,16,1065,17.75,5,0.0833333,113,1.88333,20.33,0,0,0,0,0,0,0,0,174,120,2e-04,6e-04,7e-04,0.0019,0.003,0.0048,0.0064,0.0032,9.14,0.01,0
2025-12-22 18:36:06,0,0,31.75,0,16,3959,65.9833,99,1.65,205,3.41667,13.35,0,0,0,0,0,0,0,0,177,113,2e-04,4e-04,4e-04,0.0013,0.002,0.0032,0.0042,0.0021,5.85,0.01,0
2025-12-22 18:37:06,0,0,31.38,0,1,7037,117.283,150,2.5,516,8.6,9.47,0,0,0,0,0,0,0,0,212,145,1e-04,2e-04,3e-04,8e-04,0.0014,0.0024,0.003,0.0017,3.59,0,0
2025-12-22 18:38:06,0,0,31.38,0,1,7465,124.417,238,3.96667,388,6.46667,34.09,0,0,0,0,0,0,0,0,169,113,4e-04,0.001,0.0012,0.0027,0.0053,0.0085,0.0091,0.0055,14.17,0.01,0
2025-12-22 18:39:06,0,0,31.44,0,1,4229,70.4833,107,1.78333,238,3.96667,47.17,0,0,0,0,0,0,0,0,167,121,6e-04,0.0014,0.0019,0.0039,0.0073,0.0116,0.0122,0.0072,21.38,0.02,0
2025-12-22 18:40:06,0,0,31.12,0,16,4336,72.2667,96,1.6,301,5.01667,19.34,0,0,0,0,0,0,0,0,206,154,2e-04,5e-04,6e-04,0.0017,0.0029,0.0046,0.0061,0.0032,8.03,0.01,0
2025-12-22 18:41:06,0,0,31.06,0,16,1117,18.6167,5,0.0833333,109,1.81667,19.49,0,0,0,0,0,0,0,0,183,124,2e-04,6e-04,7e-04,0.0019,0.0029,0.0045,0.0062,0.003,8.85,0.01,0
2025-12-22 18:42:06,0,0,31.19,0,16,1292,21.5333,11,0.183333,134,2.23333,20.9,0,0,0,0,0,0,0,0,155,114,2e-04,6e-04,7e-04,0.0019,0.0031,0.0049,0.0066,0.0033,9.1,0.01,0
2025-12-22 18:43:06,0,0,30.88,0,16,722,12.0333,1,0.0166667,95,1.58333,19.91,0,0,0,0,0,0,0,0,206,152,2e-04,6e-04,7e-04,0.0019,0.0029,0.0047,0.0063,0.0032,8.9,0.01,0
2025-12-22 18:44:06,0,0,31.31,0,16,874,14.5667,9,0.15,105,1.75,19.98,0,0,0,0,0,0,0,0,170,109,2e-04,6e-04,7e-04,0.0019,0.0029,0.0047,0.0063,0.0032,9.18,0.01,0
2025-12-22 18:45:06,0,0,31.38,0,16,210,3.5,1,0.0166667,20,0.333333,19.75,0,0,0,0,0,0,0,0,172,111,2e-04,6e-04,7e-04,0.0019,0.0029,0.0046,0.0062,0.0031,8.83,0.01,0
2025-12-22 18:46:06,0,0,31.5,0,16,1812,30.2,21,0.35,163,2.71667,14.95,0,0,0,0,0,0,0,0,224,153,1e-04,4e-04,5e-04,0.0014,0.0022,0.0035,0.0048,0.0024,6.54,0.01,0
2025-12-22 18:47:06,0,0,31.31,0,1,2037,33.95,14,0.233333,172,2.86667,3.27,0,0,0,0,0,0,0,0,172,116,0,1e-04,1e-04,3e-04,5e-04,8e-04,9e-04,6e-04,1.13,0,0
2025-12-22 18:48:06,0,0,31.38,0,1,47,0.783333,0,0,4,0.0666667,0.94,0,0,0,0,0,0,0,0,167,111,0,0,0,1e-04,1e-04,3e-04,3e-04,2e-04,0.03,0,0
2025-12-22 18:49:06,0,0,31.31,0,1,1694,28.2333,42,0.7,108,1.8,2.43,0,0,0,0,0,0,0,0,223,149,0,1e-04,0,2e-04,4e-04,6e-04,6e-04,4e-04,0.76,0,0
2025-12-22 18:50:06,0,0,31.38,0,1,2328,38.8,55,0.916667,119,1.98333,2.6,0,0,0,0,0,0,0,0,204,105,0,0,0,2e-04,4e-04,7e-04,7e-04,5e-04,0.36,0,0
2025-12-22 18:51:06,0,0,31.19,0,1,1466,24.4333,45,0.75,87,1.45,2.62,0,0,0,0,0,0,0,0,222,158,0,0,0,2e-04,4e-04,7e-04,8e-04,5e-04,0.31,0,0
2025-12-22 18:52:06,0,0,31.62,0,16,380,6.33333,8,0.133333,18,0.3,2.45,0,0,0,0,0,0,0,0,200,105,0,0,1e-04,2e-04,4e-04,7e-04,7e-04,4e-04,0.67,0,0
2025-12-22 18:53:06,0,0,31.81,0,1,351,5.85,7,0.116667,15,0.25,0.19,0,0,0,0,0,0,0,0,207,128,0,0,0,0,0,1e-04,1e-04,1e-04,0,0,0
2025-12-22 18:54:06,0,0,31.88,0,1,304,5.06667,3,0.05,18,0.3,0.65,0,0,0,0,0,0,0,0,179,117,0,0,0,0,1e-04,2e-04,3e-04,2e-04,0,0,0
2025-12-22 18:55:06,0,0,32.12,0,1,3,0.05,0,0,0,0,0.07,0,0,0,0,0,0,0,0,184,112,0,0,0,0,0,0,1e-04,1e-04,0,0,0
2025-12-22 18:56:06,0,0,32,0,1,421,7.01667,8,0.133333,22,0.366667,1.6,0,0,0,0,0,0,0,0,169,107,0,0,0,1e-04,3e-04,4e-04,5e-04,4e-04,0.17,0,0
2025-12-22 18:57:06,0,0,32.06,0,1,106,1.76667,1,0.0166667,4,0.0666667,2.03,0,0,0,0,0,0,0,0,182,107,0,0,0,2e-04,3e-04,5e-04,6e-04,4e-04,0.18,0,0
2025-12-22 18:58:06,0,0,32.25,0,1,0,0,0,0,0,0,0.84,0,0,0,0,0,0,0,0,178,107,0,0,0,0,2e-04,2e-04,3e-04,3e-04,0,0,0
2025-12-22 18:59:06,0,0,32.44,0,1,3,0.05,0,0,0,0,0.81,0,0,0,0,0,0,0,0,176,108,0,0,0,1e-04,1e-04,2e-04,3e-04,3e-04,0.04,0,0
2025-12-22 19:00:06,0,0,32.5,0,1,912,15.2,25,0.416667,47,0.783333,1.29,0,0,0,0,0,0,0,0,147,134,0,0,0,1e-04,2e-04,3e-04,4e-04,3e-04,0.07,0,0
2025-12-22 19:01:06,0,0,32.12,0,8,1627,27.1167,33,0.55,108,1.8,14.13,0,0,0,0,0,0,0,0,232,178,1e-04,4e-04,5e-04,0.0012,0.0022,0.0035,0.0037,0.0022,6.02,0.01,0
2025-12-22 19:02:06,0,0,32.25,0,2,30,0.5,0,0,1,0.0166667,26.14,0,0,0,0,0,0,0,0,178,117,3e-04,7e-04,0.0011,0.0021,0.004,0.0065,0.0068,0.004,11.53,0.01,0
2025-12-22 19:03:06,0,0,31.81,0,16,1239,20.65,30,0.5,77,1.28333,20.79,0,0,0,0,0,0,0,0,176,113,2e-04,6e-04,8e-04,0.0017,0.0032,0.0052,0.0054,0.0032,8.99,0.01,0
2025-12-22 19:04:06,0,0,31.88,0,16,18,0.3,0,0,0,0,13.94,0,0,0,0,0,0,0,0,180,132,1e-04,3e-04,5e-04,0.0011,0.0022,0.0035,0.0036,0.0022,5.61,0.01,0
2025-12-22 19:05:06,0,0,31.56,0,16,34,0.566667,0,0,4,0.0666667,10,0,0,0,0,0,0,0,0,187,128,1e-04,2e-04,3e-04,8e-04,0.0016,0.0026,0.0027,0.0016,3.58,0,0
2025-12-22 19:06:06,0,0,31.56,0,16,0,0,0,0,0,0,9.74,0,0,0,0,0,0,0,0,178,128,1e-04,2e-04,3e-04,8e-04,0.0015,0.0025,0.0026,0.0016,3.63,0,0
2025-12-22 19:07:06,0,0,31.62,0,16,3822,63.7,94,1.56667,232,3.86667,11.75,0,0,0,0,0,0,0,0,193,120,1e-04,3e-04,4e-04,0.001,0.0018,0.003,0.0031,0.0019,4.51,0,0
2025-12-22 19:08:06,0,0,31.56,0,1,4858,80.9667,86,1.43333,323,5.38333,57.59,0,0,0,0,0,0,0,0,206,138,7e-04,0.0018,0.0024,0.0049,0.0089,0.0141,0.0148,0.0086,26.72,0.02,0
2025-12-22 19:09:06,0,0,31.25,0,16,4961,82.6833,101,1.68333,333,5.55,58.26,0,0,0,0,0,0,0,0,195,142,7e-04,0.0018,0.0024,0.0048,0.009,0.0144,0.0151,0.009,25.97,0.02,0
2025-12-22 19:10:06,0,0,31.19,0,1,4033,67.2167,80,1.33333,285,4.75,49.98,0,0,0,0,0,0,0,0,152,108,6e-04,0.0015,0.0018,0.004,0.0078,0.0124,0.0133,0.0082,20.81,0.02,0
2025-12-22 19:11:06,0,0,30.69,0,32,2799,46.65,47,0.783333,185,3.08333,8.33,0,0,0,0,0,0,0,0,216,137,1e-04,2e-04,3e-04,7e-04,0.0013,0.0021,0.0022,0.0014,3.14,0,0
2025-12-22 19:12:06,0,0,30.62,0,1,1212,20.2,26,0.433333,79,1.31667,2.5,0,0,0,0,0,0,0,0,177,128,0,0,0,2e-04,4e-04,7e-04,7e-04,6e-04,0.36,0,0
2025-12-22 19:13:06,0,0,30.62,0,1,5594,93.2333,133,2.21667,339,5.65,55.02,0,0,0,0,0,0,0,0,173,116,6e-04,0.0018,0.0024,0.0046,0.0085,0.0135,0.014,0.0082,25.94,0.02,0
2025-12-22 19:14:06,0,0,30.31,0,1,5587,93.1167,134,2.23333,368,6.13333,36.4,0,0,0,0,0,0,0,0,189,132,4e-04,0.0021,0.0018,0.0034,0.0057,0.0083,0.0083,0.0048,22.29,0.01,0
2025-12-22 19:15:06,0,0,29.69,0,1,4347,72.45,94,1.56667,273,4.55,7.97,0,0,0,0,0,0,0,0,224,162,1e-04,2e-04,3e-04,7e-04,0.0012,0.002,0.0021,0.0013,3.13,0,0
2025-12-22 19:16:06,0,0,29.44,0,1,132,2.2,0,0,10,0.166667,0.55,0,0,0,0,0,0,0,0,210,151,0,0,0,0,1e-04,2e-04,2e-04,2e-04,0,0,0
2025-12-22 19:17:06,0,0,29.69,0,1,1560,26,47,0.783333,124,2.06667,0.83,0,0,0,0,0,0,0,0,179,138,0,0,0,0,1e-04,3e-04,3e-04,2e-04,0,0,0
2025-12-22 19:18:06,0,0,30.25,0,32,2406,40.1,56,0.933333,149,2.48333,1.67,0,0,0,0,0,0,0,0,226,160,0,0,0,1e-04,3e-04,4e-04,6e-04,5e-04,0.27,0,0
2025-12-22 19:19:06,0,0,29.88,0,16,727,12.1167,22,0.366667,29,0.483333,19.6,0,0,0,0,0,0,0,0,208,143,2e-04,4e-04,7e-04,0.0017,0.0029,0.0048,0.0065,0.005,7.93,0.01,0
2025-12-22 19:20:06,0,0,30.19,0,1,3855,64.25,107,1.78333,207,3.45,17.41,0,0,0,0,0,0,0,0,169,110,2e-04,5e-04,7e-04,0.0016,0.0026,0.0042,0.0056,0.0043,7.7,0.01,0
2025-12-22 19:21:06,0,0,30.38,0,32,2853,47.55,66,1.1,172,2.86667,5.4,0,0,0,0,0,0,0,0,188,108,1e-04,1e-04,2e-04,5e-04,8e-04,0.0013,0.0018,0.0014,2.41,0,0
2025-12-22 19:22:06,0,0,30.25,0,1,2408,40.1333,40,0.666667,125,2.08333,4.05,0,0,0,0,0,0,0,0,200,128,0,1e-04,1e-04,3e-04,6e-04,0.001,0.0014,0.0013,1.31,0,0
2025-12-22 19:23:06,0,0,30.5,0,32,1257,20.95,22,0.366667,91,1.51667,2.61,0,0,0,0,0,0,0,0,174,114,0,0,1e-04,2e-04,4e-04,7e-04,9e-04,8e-04,0.84,0,0
2025-12-22 19:24:06,0,0,30.75,0,32,1138,18.9667,30,0.5,78,1.3,0.69,0,0,0,0,0,0,0,0,192,138,0,0,0,1e-04,1e-04,2e-04,2e-04,2e-04,0.22,0,0
2025-12-22 19:25:06,0,0,31,0,16,3562,59.3667,77,1.28333,222,3.7,7.93,0,0,0,0,0,0,0,0,217,118,1e-04,1e-04,3e-04,7e-04,0.0012,0.002,0.0028,0.0023,2.82,0,0
2025-12-22 19:26:06,0,0,30.94,0,1,1656,27.6,21,0.35,114,1.9,4.8,0,0,0,0,0,0,0,0,178,114,0,0,1e-04,4e-04,7e-04,0.0012,0.0017,0.0014,1.25,0,0
2025-12-22 19:27:06,0,0,30.88,0,1,3668,61.1333,73,1.21667,274,4.56667,6.12,0,0,0,0,0,0,0,0,175,118,1e-04,1e-04,2e-04,5e-04,9e-04,0.0016,0.0022,0.0018,1.74,0,0
2025-12-22 19:28:06,0,0,30.69,0,1,1313,21.8833,18,0.3,108,1.8,10.04,0,0,0,0,0,0,0,0,211,116,1e-04,2e-04,4e-04,9e-04,0.0015,0.0025,0.0034,0.0026,3.84,0,0
2025-12-22 19:29:06,0,0,30.38,0,1,273,4.55,1,0.0166667,13,0.216667,3.83,0,0,0,0,0,0,0,0,186,128,0,1e-04,1e-04,3e-04,6e-04,9e-04,0.0015,0.0012,1.06,0,0
2025-12-22 19:30:06,0,0,30.31,0,1,0,0,0,0,0,0,3.45,0,0,0,0,0,0,0,0,184,123,0,1e-04,1e-04,3e-04,5e-04,9e-04,0.0014,0.0012,0.9,0,0
2025-12-22 19:31:06,0,0,30.19,0,1,97,1.61667,0,0,6,0.1,3.32,0,0,0,0,0,0,0,0,203,146,0,1e-04,1e-04,3e-04,5e-04,9e-04,0.0014,0.0011,0.91,0,0
2025-12-22 19:32:06,0,0,30.19,0,1,205,3.41667,0,0,13,0.216667,3.33,0,0,0,0,0,0,0,0,186,132,0,1e-04,1e-04,3e-04,5e-04,9e-04,0.0013,0.0011,0.99,0,0
2025-12-22 19:33:06,0,0,30.12,0,1,605,10.0833,8,0.133333,45,0.75,4.49,0,0,0,0,0,0,0,0,207,144,0,1e-04,1e-04,4e-04,7e-04,0.0011,0.0016,0.0013,1.26,0,0
2025-12-22 19:34:06,0,0,30.06,0,1,3595,59.9167,89,1.48333,225,3.75,10.42,0,0,0,0,0,0,0,0,217,166,1e-04,2e-04,4e-04,9e-04,0.0015,0.0026,0.0034,0.0027,4.1,0.01,0
2025-12-22 19:35:06,0,0,30.5,0,16,2512,41.8667,68,1.13333,151,2.51667,17.17,0,0,0,0,0,0,0,0,167,114,2e-04,4e-04,7e-04,0.0015,0.0025,0.0042,0.0056,0.0043,7.13,0.01,0
2025-12-22 19:36:06,0,0,30.5,0,16,985,16.4167,2,0.0333333,65,1.08333,11.3,0,0,0,0,0,0,0,0,185,128,1e-04,2e-04,4e-04,0.001,0.0017,0.0028,0.0037,0.0029,4.49,0.01,0
2025-12-22 19:37:06,0,0,30.5,0,16,734,12.2333,3,0.05,60,1,13.42,0,0,0,0,0,0,0,0,184,110,1e-04,3e-04,5e-04,0.0012,0.002,0.0033,0.0044,0.0034,5.33,0.01,0
2025-12-22 19:38:06,0,0,30.31,0,8,8494,141.567,261,4.35,455,7.58333,7.88,0,0,0,0,0,0,0,0,179,116,1e-04,2e-04,3e-04,6e-04,0.0012,0.002,0.0025,0.0019,2.73,0,0
2025-12-22 19:39:06,0,0,30,0,1,8903,148.383,256,4.26667,527,8.78333,2.95,0,0,0,0,0,0,0,0,184,128,0,0,1e-04,2e-04,5e-04,8e-04,0.001,9e-04,0.62,0,0
2025-12-22 19:40:06,0,0,30.12,0,1,6573,109.55,216,3.6,354,5.9,10.75,0,0,0,0,0,0,0,0,175,106,1e-04,2e-04,3e-04,8e-04,0.0016,0.0028,0.0032,0.0021,3.65,0,0
2025-12-22 19:41:06,0,0,30,0,1,11965,199.417,423,7.05,536,8.93333,7.05,0,0,0,0,0,0,0,0,211,158,1e-04,1e-04,2e-04,5e-04,0.0011,0.0018,0.002,0.0013,2.14,0,0
2025-12-22 19:42:06,0,0,29.88,0,1,6007,100.117,128,2.13333,380,6.33333,2.66,0,0,0,0,0,0,0,0,167,110,0,0,1e-04,2e-04,4e-04,6e-04,9e-04,7e-04,1.05,0,0
2025-12-22 19:43:06,0,0,30.12,0,1,7683,128.05,201,3.35,416,6.93333,0,0,0,0,0,0,0,0,0,146,108,0,0,0,0,0,0,0,0,0,0,0
2025-12-22 19:44:06,0,0,29.94,0,1,8330,138.833,232,3.86667,406,6.76667,0.32,0,0,0,0,0,0,0,0,196,148,0,0,0,0,1e-04,1e-04,1e-04,0,0,0,0
2025-12-22 19:45:06,0,0,28.5,0,1,12530,208.833,497,8.28333,435,7.25,1.45,0,0,0,0,0,0,0,0,199,144,0,0,0,1e-04,3e-04,5e-04,3e-04,1e-04,0,0,0
2025-12-22 19:46:06,0,0,27.12,0,1,6585,109.75,157,2.61667,439,7.31667,0.92,0,0,0,0,0,0,0,0,220,156,0,0,0,0,2e-04,3e-04,2e-04,1e-04,0,0,0
2025-12-22 19:47:06,0,0,25.81,0,8,11394,189.9,412,6.86667,429,7.15,0.5,0,0,0,0,0,0,0,0,213,155,0,0,0,0,1e-04,2e-04,1e-04,1e-04,0,0,0
2025-12-22 19:48:06,0,0,24.81,0,8,6476,107.933,125,2.08333,305,5.08333,0.26,0,0,0,0,0,0,0,0,213,160,0,0,0,0,0,1e-04,1e-04,0,0,0,0
2025-12-22 19:49:06,0,0,23.75,0,8,6609,110.15,127,2.11667,310,5.16667,0,0,0,0,0,0,0,0,0,218,161,0,0,0,0,0,0,0,0,0,0,0
2025-12-22 19:50:06,0,0,23.62,0,8,6579,109.65,171,2.85,303,5.05,0.01,0,0,0,0,0,0,0,0,204,153,0,0,0,0,0,0,0,0,0,0,0
2025-12-22 19:51:06,0,0,23.56,0,8,3064,51.0667,51,0.85,195,3.25,0.23,0,0,0,0,0,0,0,0,199,161,0,0,0,0,0,1e-04,1e-04,0,0.02,0,0
2025-12-22 19:52:06,0,0,22.75,0,1,6858,114.3,192,3.2,324,5.4,0,0,0,0,0,0,0,0,0,211,152,0,0,0,0,0,0,0,0,0,0,0
2025-12-22 19:53:06,0,0,22.81,0,1,6627,110.45,149,2.48333,325,5.41667,0,0,0,0,0,0,0,0,0,197,144,0,0,0,0,0,0,0,0,0,0,0
2025-12-22 19:54:06,0,0,23.81,0,1,9431,157.183,265,4.41667,430,7.16667,0.33,0,0,0,0,0,0,0,0,196,128,0,0,0,0,1e-04,1e-04,1e-04,1e-04,0,0,0
2025-12-22 19:55:06,0,0,23.19,0,1,11032,183.867,362,6.03333,492,8.2,4.85,0,0,0,0,0,0,0,0,199,155,1e-04,1e-04,1e-04,4e-04,7e-04,0.0013,0.0014,9e-04,1.62,0,0
2025-12-22 19:56:06,0,0,23.38,0,1,11760,196,393,6.55,511,8.51667,32.84,0,0,0,0,0,0,0,0,200,143,5e-04,0.0011,0.0014,0.0035,0.0048,0.0079,0.0086,0.0052,17.18,0.02,0
2025-12-22 19:57:06,0,0,24,0,1,2812,46.8667,81,1.35,123,2.05,6.08,0,0,0,0,0,0,0,0,189,112,0,1e-04,2e-04,5e-04,9e-04,0.0015,0.002,0.0016,2.06,0,0
2025-12-22 19:58:06,0,0,24.38,0,1,4013,66.8833,106,1.76667,199,3.31667,6.15,0,0,0,0,0,0,0,0,155,113,1e-04,1e-04,2e-04,5e-04,9e-04,0.0015,0.002,0.0017,2.11,0,0
2025-12-22 19:59:06,0,0,24.94,0,1,260,4.33333,3,0.05,16,0.266667,5.06,0,0,0,0,0,0,0,0,146,102,1e-04,1e-04,1e-04,4e-04,8e-04,0.0013,0.0017,0.0015,1.68,0,0
2025-12-22 20:00:06,0,0,25.75,0,1,43,0.716667,0,0,2,0.0333333,5.98,0,0,0,0,0,0,0,0,135,99,1e-04,1e-04,2e-04,5e-04,9e-04,0.0015,0.002,0.0017,2.2,0,0
2025-12-22 20:01:06,0,0,26.5,0,1,388,6.46667,8,0.133333,18,0.3,9.92,0,0,0,0,0,0,0,0,174,115,1e-04,2e-04,4e-04,8e-04,0.0015,0.0025,0.0033,0.0026,3.82,0,0
2025-12-22 20:02:06,0,0,27.06,0,16,623,10.3833,7,0.116667,46,0.766667,21.57,0,0,0,0,0,0,0,0,140,99,3e-04,5e-04,9e-04,0.0019,0.0032,0.0052,0.0068,0.0052,9.57,0.01,0
2025-12-22 20:03:06,0,0,27.69,0,16,573,9.55,8,0.133333,30,0.5,17.92,0,0,0,0,0,0,0,0,154,105,2e-04,4e-04,7e-04,0.0016,0.0027,0.0044,0.0057,0.0044,7.64,0.01,0
2025-12-22 20:04:06,0,0,28.12,0,16,94,1.56667,2,0.0333333,4,0.0666667,22.09,0,0,0,0,0,0,0,0,181,146,3e-04,6e-04,0.001,0.002,0.0033,0.0053,0.0068,0.0052,10.2,0.01,0
2025-12-22 20:05:06,0,0,28.81,0,1,160,2.66667,1,0.0166667,12,0.2,3.92,0,0,0,0,0,0,0,0,174,125,0,1e-04,1e-04,3e-04,6e-04,0.001,0.0013,0.0012,1.11,0,0
2025-12-22 20:06:06,0,0,29.06,0,1,249,4.15,0,0,18,0.3,5.3,0,0,0,0,0,0,0,0,184,132,0,1e-04,2e-04,5e-04,8e-04,0.0013,0.0017,0.0015,1.8,0,0
2025-12-22 20:07:06,0,0,29.75,0,1,6,0.1,0,0,0,0,2.85,0,0,0,0,0,0,0,0,183,118,0,1e-04,1e-04,3e-04,4e-04,7e-04,0.001,9e-04,0.88,0,0
2025-12-22 20:08:06,0,0,30.38,0,1,462,7.7,8,0.133333,39,0.65,14.99,0,0,0,0,0,0,0,0,166,105,2e-04,4e-04,6e-04,0.0013,0.0022,0.0036,0.0048,0.0037,6.39,0.01,0
2025-12-22 20:09:06,0,0,30.62,0,16,103,1.71667,2,0.0333333,7,0.116667,26.34,0,0,0,0,0,0,0,0,160,110,3e-04,6e-04,0.0012,0.0024,0.0039,0.0063,0.0083,0.0062,11.87,0.01,0
2025-12-22 20:10:06,0,0,30.56,0,16,637,10.6167,5,0.0833333,65,1.08333,31.84,0,0,0,0,0,0,0,0,173,100,4e-04,7e-04,0.0014,0.0028,0.0047,0.0077,0.0101,0.0075,14.15,0.01,0
2025-12-22 20:11:06,0,0,30.31,0,16,339,5.65,5,0.0833333,9,0.15,34.2,0,0,0,0,0,0,0,0,160,99,4e-04,8e-04,0.0015,0.003,0.0051,0.0083,0.0109,0.0082,15.01,0.02,0
2025-12-22 20:12:06,0,0,30.38,0,16,21,0.35,0,0,0,0,33.24,0,0,0,0,0,0,0,0,154,98,4e-04,7e-04,0.0015,0.003,0.0049,0.0081,0.0106,0.0079,14.56,0.02,0
2025-12-22 20:13:06,0,0,30.38,0,1,555,9.25,2,0.0333333,36,0.6,7.56,0,0,0,0,0,0,0,0,158,108,1e-04,1e-04,3e-04,6e-04,0.0011,0.0019,0.0025,0.0021,2.85,0,0
2025-12-22 20:14:06,0,0,30.62,0,1,1477,24.6167,32,0.533333,95,1.58333,5.57,0,0,0,0,0,0,0,0,158,103,0,1e-04,2e-04,5e-04,8e-04,0.0013,0.0019,0.0017,2.13,0,0
2025-12-22 20:15:06,0,0,30.62,0,16,3077,51.2833,53,0.883333,255,4.25,13.8,0,0,0,0,0,0,0,0,152,100,2e-04,3e-04,6e-04,0.0012,0.002,0.0034,0.0044,0.0035,5.73,0.01,0
2025-12-22 20:16:06,0,0,30.5,0,16,4826,80.4333,87,1.45,331,5.51667,10.03,0,0,0,0,0,0,0,0,159,112,1e-04,2e-04,4e-04,8e-04,0.0015,0.0025,0.0034,0.0027,3.62,0,0
2025-12-22 20:17:06,0,0,30.19,0,16,5448,90.8,97,1.61667,431,7.18333,14.47,0,0,0,0,0,0,0,0,160,100,2e-04,3e-04,6e-04,0.0013,0.0021,0.0035,0.0046,0.0036,6.01,0.01,0
2025-12-22 20:18:06,0,0,30.06,0,16,3539,58.9833,56,0.933333,268,4.46667,16.76,0,0,0,0,0,0,0,0,166,106,2e-04,4e-04,7e-04,0.0014,0.0025,0.0041,0.0054,0.0041,6.95,0.01,0
2025-12-22 20:19:06,0,0,29.75,0,16,4236,70.6,67,1.11667,327,5.45,12.64,0,0,0,0,0,0,0,0,153,115,1e-04,3e-04,5e-04,0.0011,0.0019,0.0031,0.0041,0.0032,5.17,0.01,0
2025-12-22 20:20:06,0,0,29.69,0,16,3287,54.7833,71,1.18333,254,4.23333,8.91,0,0,0,0,0,0,0,0,164,114,1e-04,2e-04,3e-04,8e-04,0.0013,0.0022,0.0029,0.0023,3.17,0,0
2025-12-22 20:21:06,0,0,29.69,0,16,4317,71.95,108,1.8,314,5.23333,12.02,0,0,0,0,0,0,0,0,166,124,1e-04,3e-04,5e-04,0.0011,0.0018,0.003,0.0039,0.003,4.82,0.01,0
2025-12-22 20:22:06,0,0,29.62,0,1,6311,105.183,203,3.38333,402,6.7,8.15,0,0,0,0,0,0,0,0,165,129,1e-04,2e-04,3e-04,7e-04,0.0012,0.002,0.0027,0.0022,3.06,0,0
2025-12-22 20:23:06,0,0,29.81,0,16,4729,78.8167,149,2.48333,294,4.9,11.87,0,0,0,0,0,0,0,0,154,154,1e-04,2e-04,5e-04,0.001,0.0018,0.0029,0.0039,0.003,4.59,0.01,0
2025-12-22 20:24:06,0,0,29.94,0,16,4304,71.7333,124,2.06667,220,3.66667,10.45,0,0,0,0,0,0,0,0,172,108,1e-04,2e-04,4e-04,9e-04,0.0015,0.0026,0.0034,0.0027,4.26,0.01,0
2025-12-22 20:25:06,0,0,30.19,0,16,3229,53.8167,82,1.36667,238,3.96667,13.79,0,0,0,0,0,0,0,0,165,102,2e-04,3e-04,5e-04,0.0012,0.002,0.0034,0.0045,0.0034,5.56,0.01,0
2025-12-22 20:26:06,0,0,30.44,0,32,4806,80.1,131,2.18333,221,3.68333,16.62,0,0,0,0,0,0,0,0,172,106,2e-04,4e-04,7e-04,0.0015,0.0025,0.0041,0.0054,0.0042,6.96,0.01,0
2025-12-22 20:27:06,0,0,30.5,0,16,1343,22.3833,34,0.566667,79,1.31667,24.6,0,0,0,0,0,0,0,0,172,104,3e-04,5e-04,0.0011,0.0022,0.0036,0.006,0.0079,0.006,10.55,0.01,0
2025-12-22 20:28:06,0,0,29.94,0,16,659,10.9833,4,0.0666667,58,0.966667,31.73,0,0,0,0,0,0,0,0,217,174,4e-04,7e-04,0.0014,0.0028,0.0047,0.0077,0.0101,0.0076,14.07,0.01,0
2025-12-22 20:29:06,0,0,30.38,0,8,3979,66.3167,105,1.75,216,3.6,19.46,0,0,0,0,0,0,0,0,159,108,2e-04,4e-04,9e-04,0.0018,0.0029,0.0047,0.0063,0.005,8.5,0.01,0
2025-12-22 20:30:06,0,0,30.38,0,1,111,1.85,1,0.0166667,7,0.116667,4.12,0,0,0,0,0,0,0,0,192,110,0,0,1e-04,3e-04,6e-04,0.0011,0.0015,0.0014,1.02,0,0
2025-12-22 20:31:06,0,0,30.31,0,1,4,0.0666667,0,0,0,0,1.25,0,0,0,0,0,0,0,0,213,150,0,0,0,1e-04,2e-04,4e-04,6e-04,6e-04,0.08,0,0
2025-12-22 20:32:06,0,0,30.44,0,1,3,0.05,0,0,0,0,0.19,0,0,0,0,0,0,0,0,212,149,0,0,0,0,0,1e-04,1e-04,2e-04,0,0,0
2025-12-22 20:33:06,0,0,30.75,0,1,0,0,0,0,0,0,0.11,0,0,0,0,0,0,0,0,207,140,0,0,0,0,0,1e-04,2e-04,3e-04,0,0,0
2025-12-22 20:34:06,0,0,30.88,0,1,7,0.116667,0,0,0,0,0.14,0,0,0,0,0,0,0,0,218,149,0,0,0,0,0,1e-04,1e-04,2e-04,0,0,0
2025-12-22 20:35:06,0,0,31.38,0,1,1778,29.6333,49,0.816667,72,1.2,12.47,0,0,0,0,0,0,0,0,169,108,1e-04,3e-04,5e-04,0.0011,0.0019,0.0031,0.0042,0.0035,4.82,0.01,0
2025-12-22 20:36:06,0,0,31.5,0,16,192,3.2,1,0.0166667,21,0.35,30.08,0,0,0,0,0,0,0,0,168,106,4e-04,7e-04,0.0013,0.0027,0.0045,0.0073,0.0095,0.0071,13.26,0.01,0
2025-12-22 20:37:06,0,0,31.19,0,16,1650,27.5,50,0.833333,76,1.26667,30.67,0,0,0,0,0,0,0,0,152,102,4e-04,7e-04,0.0014,0.0027,0.0046,0.0074,0.0097,0.0072,13.49,0.01,0
2025-12-22 20:38:06,0,0,31.12,0,1,4188,69.8,98,1.63333,291,4.85,8.42,0,0,0,0,0,0,0,0,154,124,1e-04,1e-04,3e-04,7e-04,0.0012,0.0021,0.0028,0.0024,2.92,0,0
2025-12-22 20:39:06,0,0,31,0,1,2791,46.5167,108,1.8,106,1.76667,19.38,0,0,0,0,0,0,0,0,182,140,2e-04,4e-04,8e-04,0.0017,0.0029,0.0047,0.0062,0.0047,8.19,0.01,0
2025-12-22 20:40:06,0,0,30.88,0,1,3537,58.95,96,1.6,171,2.85,12.37,0,0,0,0,0,0,0,0,171,128,1e-04,3e-04,5e-04,0.0011,0.0018,0.003,0.004,0.0033,5.3,0.01,0
2025-12-22 20:41:06,0,0,30.56,0,8,8954,149.233,299,4.98333,353,5.88333,5.39,0,0,0,0,0,0,0,0,198,140,0,1e-04,2e-04,5e-04,8e-04,0.0014,0.0018,0.0015,1.85,0,0
2025-12-22 20:42:06,0,0,30.31,0,1,11578,192.967,400,6.66667,442,7.36667,2.96,0,0,0,0,0,0,0,0,180,110,0,0,1e-04,2e-04,5e-04,7e-04,0.001,9e-04,0.74,0,0
2025-12-22 20:43:06,0,0,30,0,1,7473,124.55,180,3,419,6.98333,15.58,0,0,0,0,0,0,0,0,177,102,2e-04,3e-04,5e-04,0.0012,0.0024,0.0039,0.0046,0.0031,5.32,0.01,0
2025-12-22 20:44:06,0,0,30,0,1,5389,89.8167,89,1.48333,437,7.28333,9.21,0,0,0,0,0,0,0,0,153,100,1e-04,2e-04,3e-04,7e-04,0.0014,0.0024,0.0028,0.0019,2.94,0,0
2025-12-22 20:45:06,0,0,29.5,0,1,4996,83.2667,86,1.43333,339,5.65,7.14,0,0,0,0,0,0,0,0,199,123,1e-04,1e-04,2e-04,6e-04,0.0011,0.0018,0.0022,0.0017,2.5,0,0
2025-12-22 20:46:06,0,0,29.38,0,1,7811,130.183,212,3.53333,389,6.48333,19.65,0,0,0,0,0,0,0,0,230,164,2e-04,5e-04,7e-04,0.0016,0.003,0.0049,0.0058,0.004,7.73,0.01,0
2025-12-22 20:47:06,0,0,29.12,0,1,6137,102.283,157,2.61667,337,5.61667,13.43,0,0,0,0,0,0,0,0,231,164,2e-04,4e-04,4e-04,0.0013,0.002,0.0033,0.0038,0.0024,5.85,0.01,0
2025-12-22 20:48:06,0,0,28.81,0,16,941,15.6833,5,0.0833333,84,1.4,25.34,0,0,0,0,0,0,0,0,215,159,2e-04,9e-04,9e-04,0.0024,0.0038,0.0058,0.0076,0.0039,11.66,0.01,0
2025-12-22 20:49:06,0,0,28.56,0,16,881,14.6833,7,0.116667,84,1.4,24.27,0,0,0,0,0,0,0,0,211,162,2e-04,8e-04,9e-04,0.0023,0.0037,0.0055,0.0073,0.0037,11.3,0.01,0
2025-12-22 20:50:06,0,0,28.81,0,16,901,15.0167,2,0.0333333,97,1.61667,25.11,0,0,0,0,0,0,0,0,174,135,2e-04,9e-04,9e-04,0.0024,0.0038,0.0058,0.0076,0.0039,11.58,0.01,0
2025-12-22 20:51:06,0,0,29.12,0,16,1032,17.2,5,0.0833333,111,1.85,26.21,0,0,0,0,0,0,0,0,204,155,3e-04,9e-04,9e-04,0.0025,0.0039,0.006,0.0079,0.004,12.19,0.01,0
2025-12-22 20:52:06,0,0,29.44,0,16,1200,20,15,0.25,116,1.93333,26.45,0,0,0,0,0,0,0,0,188,136,3e-04,9e-04,9e-04,0.0025,0.004,0.0061,0.008,0.0041,12.23,0.01,0
2025-12-22 20:53:06,0,0,29.5,0,16,975,16.25,7,0.116667,109,1.81667,25.96,0,0,0,0,0,0,0,0,213,166,3e-04,9e-04,9e-04,0.0025,0.0039,0.0058,0.0079,0.0039,12.37,0.01,0
2025-12-22 20:54:06,0,0,29.5,0,16,476,7.93333,4,0.0666667,53,0.883333,25.67,0,0,0,0,0,0,0,0,186,138,3e-04,9e-04,9e-04,0.0025,0.0038,0.0059,0.0078,0.0039,11.93,0.01,0
2025-12-22 20:55:06,0,0,29.62,0,16,380,6.33333,0,0,32,0.533333,25.68,0,0,0,0,0,0,0,0,176,128,3e-04,9e-04,9e-04,0.0025,0.0039,0.0058,0.0079,0.0039,12.13,0.01,0
2025-12-22 20:56:06,0,0,29.75,0,16,176,2.93333,0,0,7,0.116667,26.21,0,0,0,0,0,0,0,0,172,126,3e-04,0.001,9e-04,0.0027,0.0039,0.0057,0.008,0.0038,13.2,0.01,0
2025-12-22 20:57:06,0,0,29.88,0,16,674,11.2333,2,0.0333333,62,1.03333,25.21,0,0,0,0,0,0,0,0,160,130,2e-04,9e-04,9e-04,0.0025,0.0038,0.0056,0.0078,0.0036,12.21,0.01,0
2025-12-22 20:58:06,0,0,29.94,0,16,455,7.58333,0,0,57,0.95,25.3,0,0,0,0,0,0,0,0,155,120,3e-04,9e-04,9e-04,0.0025,0.0038,0.0057,0.0078,0.0038,12.22,0.01,0
2025-12-22 20:59:06,0,0,30.12,0,16,1200,20,3,0.05,153,2.55,24.89,0,0,0,0,0,0,0,0,152,108,3e-04,9e-04,9e-04,0.0025,0.0037,0.0056,0.0077,0.0037,11.88,0.01,0
2025-12-22 21:00:06,0,0,30.31,0,16,1342,22.3667,8,0.133333,136,2.26667,23.49,0,0,0,0,0,0,0,0,153,113,2e-04,8e-04,8e-04,0.0023,0.0035,0.0053,0.0073,0.0035,10.95,0.01,0
2025-12-22 21:01:06,0,0,30.5,0,16,6331,105.517,232,3.86667,302,5.03333,22.47,0,0,0,0,0,0,0,0,168,126,2e-04,7e-04,8e-04,0.0021,0.0034,0.0053,0.007,0.0038,9.84,0.01,0
2025-12-22 21:02:06,0,0,29.94,0,1,1693,28.2167,6,0.1,141,2.35,14.15,0,0,0,0,0,0,0,0,146,110,2e-04,4e-04,5e-04,0.0013,0.0021,0.0034,0.0045,0.0027,5.96,0.01,0
2025-12-22 21:03:06,0,0,29.75,0,16,1247,20.7833,8,0.133333,156,2.6,25.22,0,0,0,0,0,0,0,0,141,108,2e-04,8e-04,9e-04,0.0024,0.0038,0.0057,0.0078,0.0038,11.74,0.01,0
2025-12-22 21:04:06,0,0,30.38,0,16,3655,60.9167,109,1.81667,226,3.76667,27.17,0,0,0,0,0,0,0,0,145,100,3e-04,9e-04,0.001,0.0026,0.004,0.0063,0.0083,0.0043,12.6,0.01,0
2025-12-22 21:05:06,0,0,30.12,0,16,711,11.85,8,0.133333,57,0.95,22.11,0,0,0,0,0,0,0,0,165,101,2e-04,7e-04,8e-04,0.0022,0.0033,0.005,0.0068,0.0033,10.62,0.01,0
2025-12-22 21:06:06,0,0,30.12,0,16,1664,27.7333,27,0.45,136,2.26667,21.84,0,0,0,0,0,0,0,0,137,102,2e-04,8e-04,8e-04,0.0021,0.0033,0.0049,0.0068,0.0032,10.31,0.01,0
2025-12-22 21:07:06,0,0,30.25,0,16,1053,17.55,3,0.05,126,2.1,25.22,0,0,0,0,0,0,0,0,139,100,2e-04,8e-04,9e-04,0.0025,0.0038,0.0057,0.0078,0.0038,11.93,0.01,0
2025-12-22 21:08:06,0,0,30.12,0,16,2664,44.4,46,0.766667,245,4.08333,23.81,0,0,0,0,0,0,0,0,137,100,2e-04,8e-04,9e-04,0.0023,0.0036,0.0054,0.0074,0.0035,11.18,0.01,0
2025-12-22 21:09:06,0,0,30,0,16,562,9.36667,6,0.1,59,0.983333,23.76,0,0,0,0,0,0,0,0,136,101,2e-04,8e-04,9e-04,0.0023,0.0036,0.0053,0.0074,0.0035,11.31,0.01,0
2025-12-22 21:10:06,0,0,30.44,0,16,947,15.7833,1,0.0166667,111,1.85,23.81,0,0,0,0,0,0,0,0,138,100,2e-04,8e-04,9e-04,0.0023,0.0036,0.0053,0.0074,0.0035,11.29,0.01,0
2025-12-22 21:11:06,0,0,30.56,0,16,1225,20.4167,2,0.0333333,148,2.46667,23.42,0,0,0,0,0,0,0,0,138,100,2e-04,8e-04,9e-04,0.0023,0.0035,0.0052,0.0073,0.0034,11.33,0.01,0
2025-12-22 21:12:06,0,0,30.62,0,16,698,11.6333,0,0,77,1.28333,23.44,0,0,0,0,0,0,0,0,138,100,2e-04,8e-04,9e-04,0.0023,0.0035,0.0052,0.0073,0.0034,11.29,0.01,0
2025-12-22 21:13:06,0,0,30.5,0,16,323,5.38333,1,0.0166667,36,0.6,23.3,0,0,0,0,0,0,0,0,138,100,2e-04,8e-04,9e-04,0.0023,0.0035,0.0052,0.0073,0.0034,11.35,0.01,0
2025-12-22 21:14:06,0,0,30.81,0,16,1860,31,50,0.833333,122,2.03333,20.26,0,0,0,0,0,0,0,0,148,99,2e-04,7e-04,7e-04,0.002,0.003,0.0046,0.0064,0.003,9.55,0.01,0
2025-12-22 21:15:06,0,0,30.69,0,16,2233,37.2167,42,0.7,178,2.96667,20.91,0,0,0,0,0,0,0,0,140,100,2e-04,7e-04,8e-04,0.002,0.0031,0.0047,0.0065,0.0031,9.87,0.01,0
2025-12-22 21:16:06,0,0,30.31,0,16,1002,16.7,14,0.233333,94,1.56667,24.72,0,0,0,0,0,0,0,0,141,100,2e-04,8e-04,9e-04,0.0024,0.0037,0.0056,0.0077,0.0037,11.76,0.01,0
2025-12-22 21:17:06,0,0,30.38,0,16,935,15.5833,4,0.0666667,100,1.66667,24.46,0,0,0,0,0,0,0,0,138,99,2e-04,8e-04,9e-04,0.0024,0.0036,0.0057,0.0076,0.0038,11.3,0.01,0
2025-12-22 21:18:06,0,0,30.38,0,1,2436,40.6,19,0.316667,185,3.08333,8.52,0,0,0,0,0,0,0,0,138,100,1e-04,2e-04,3e-04,8e-04,0.0013,0.0021,0.0028,0.002,3.15,0,0
2025-12-22 21:19:06,0,0,30,0,1,1973,32.8833,64,1.06667,99,1.65,4.12,0,0,0,0,0,0,0,0,145,100,0,1e-04,1e-04,4e-04,6e-04,0.001,0.0015,0.0015,1.22,0,0
2025-12-22 21:20:06,0,0,29.94,0,1,119,1.98333,0,0,5,0.0833333,3.07,0,0,0,0,0,0,0,0,143,100,0,0,1e-04,3e-04,5e-04,8e-04,0.0011,0.0012,0.74,0,0
2025-12-22 21:21:06,0,0,30.12,0,1,46,0.766667,0,0,3,0.05,2.93,0,0,0,0,0,0,0,0,143,100,0,0,1e-04,2e-04,4e-04,8e-04,0.0011,0.0011,0.63,0,0
2025-12-22 21:22:06,0,0,30.31,0,1,203,3.38333,0,0,14,0.233333,3.4,0,0,0,0,0,0,0,0,143,100,0,0,1e-04,3e-04,5e-04,9e-04,0.0012,0.0013,0.62,0,0
2025-12-22 21:23:06,0,0,30.5,0,1,78,1.3,0,0,3,0.05,2.7,0,0,0,0,0,0,0,0,143,100,0,0,1e-04,2e-04,4e-04,7e-04,0.001,0.0011,0.37,0,0
2025-12-22 21:24:06,0,0,30.69,0,1,129,2.15,0,0,10,0.166667,2.65,0,0,0,0,0,0,0,0,148,100,0,0,1e-04,2e-04,4e-04,7e-04,0.001,0.0011,0.48,0,0
2025-12-22 21:25:06,0,0,30.94,0,1,38,0.633333,0,0,1,0.0166667,2.61,0,0,0,0,0,0,0,0,146,100,0,0,1e-04,2e-04,4e-04,7e-04,0.001,0.0011,0.42,0,0
2025-12-22 21:26:06,0,0,31.25,0,1,56,0.933333,0,0,2,0.0333333,0.24,0,0,0,0,0,0,0,0,151,100,0,0,0,0,0,1e-04,1e-04,2e-04,0,0,0
2025-12-22 21:27:06,0,0,31.31,0,1,42,0.7,0,0,1,0.0166667,0.67,0,0,0,0,0,0,0,0,155,100,0,0,0,0,1e-04,2e-04,3e-04,3e-04,0,0,0
2025-12-22 21:28:06,0,0,31.44,0,1,1699,28.3167,37,0.616667,103,1.71667,1.95,0,0,0,0,0,0,0,0,164,100,0,0,0,1e-04,3e-04,5e-04,7e-04,7e-04,0.3,0,0
2025-12-22 21:29:06,0,0,31.69,0,8,1550,25.8333,43,0.716667,97,1.61667,11.6,0,0,0,0,0,0,0,0,165,108,1e-04,2e-04,4e-04,0.001,0.0017,0.0029,0.0038,0.003,4.38,0.01,0
2025-12-22 21:30:06,0,0,31.5,0,2,2698,44.9667,79,1.31667,135,2.25,10.48,0,0,0,0,0,0,0,0,162,100,1e-04,2e-04,4e-04,8e-04,0.0016,0.0026,0.0035,0.003,3.57,0.01,0
2025-12-22 21:31:06,0,0,31.5,0,8,2214,36.9,48,0.8,124,2.06667,10.83,0,0,0,0,0,0,0,0,147,99,1e-04,2e-04,4e-04,9e-04,0.0016,0.0027,0.0036,0.003,4.02,0.01,0
2025-12-22 21:32:06,0,0,31.31,0,2,1819,30.3167,28,0.466667,137,2.28333,9.91,0,0,0,0,0,0,0,0,165,141,1e-04,2e-04,4e-04,0.001,0.0015,0.0024,0.0032,0.0028,4.31,0.01,0
2025-12-22 21:33:06,0,0,31.62,0,16,1638,27.3,26,0.433333,119,1.98333,22.37,0,0,0,0,0,0,0,0,158,112,3e-04,5e-04,0.001,0.002,0.0033,0.0055,0.0072,0.0055,9.48,0.01,0
2025-12-22 21:34:06,0,0,31.62,0,8,908,15.1333,4,0.0666667,75,1.25,11.48,0,0,0,0,0,0,0,0,174,109,1e-04,2e-04,4e-04,0.001,0.0017,0.0028,0.0038,0.003,4.23,0.01,0
2025-12-22 21:35:06,0,0,31.38,0,8,2856,47.6,62,1.03333,196,3.26667,11.73,0,0,0,0,0,0,0,0,186,113,1e-04,2e-04,5e-04,0.001,0.0017,0.0029,0.0039,0.0031,4.55,0.01,0
2025-12-22 21:36:06,0,0,31.19,0,8,553,9.21667,5,0.0833333,38,0.633333,15.7,0,0,0,0,0,0,0,0,192,102,2e-04,3e-04,7e-04,0.0014,0.0023,0.0039,0.005,0.0039,6.46,0.01,0
2025-12-22 21:37:06,0,0,31.19,0,8,389,6.48333,4,0.0666667,20,0.333333,14.35,0,0,0,0,0,0,0,0,142,100,2e-04,3e-04,6e-04,0.0013,0.0021,0.0035,0.0046,0.0038,5.79,0.01,0
2025-12-22 21:38:06,0,0,31.25,0,8,821,13.6833,7,0.116667,46,0.766667,22.87,0,0,0,0,0,0,0,0,238,165,3e-04,5e-04,0.001,0.002,0.0034,0.0056,0.0072,0.0054,9.58,0.01,0
2025-12-22 21:39:06,0,0,30.75,0,4,3395,56.5833,53,0.883333,333,5.55,8.4,0,0,0,0,0,0,0,0,225,157,1e-04,1e-04,3e-04,7e-04,0.0013,0.0021,0.0027,0.0023,2.94,0,0
2025-12-22 21:40:06,0,0,31,0,8,1375,22.9167,17,0.283333,99,1.65,17.42,0,0,0,0,0,0,0,0,155,114,2e-04,4e-04,7e-04,0.0015,0.0026,0.0043,0.0055,0.0043,7.28,0.01,0
2025-12-22 21:41:06,0,0,31,0,8,1733,28.8833,14,0.233333,142,2.36667,22.92,0,0,0,0,0,0,0,0,195,142,3e-04,5e-04,0.001,0.002,0.0034,0.0056,0.0073,0.0055,9.79,0.01,0
2025-12-22 21:42:06,0,0,30.69,0,16,2065,34.4167,39,0.65,160,2.66667,24.6,0,0,0,0,0,0,0,0,206,154,3e-04,6e-04,0.0011,0.0022,0.0036,0.006,0.0079,0.006,10.72,0.01,0
2025-12-22 21:43:06,0,0,30.5,0,16,2963,49.3833,80,1.33333,176,2.93333,20.69,0,0,0,0,0,0,0,0,214,165,2e-04,5e-04,9e-04,0.0019,0.0031,0.005,0.0066,0.0051,9.09,0.01,0
2025-12-22 21:44:06,0,0,30.56,0,16,1777,29.6167,44,0.733333,104,1.73333,20.85,0,0,0,0,0,0,0,0,179,152,2e-04,4e-04,9e-04,0.0018,0.0031,0.0051,0.0067,0.0052,8.86,0.01,0
2025-12-22 21:45:06,0,0,30.44,0,1,4,0.0666667,0,0,0,0,7.84,0,0,0,0,0,0,0,0,166,146,1e-04,1e-04,3e-04,7e-04,0.0012,0.002,0.0027,0.0022,2.69,0,0
2025-12-22 21:46:06,0,0,30.31,0,1,1621,27.0167,51,0.85,79,1.31667,15.77,0,0,0,0,0,0,0,0,208,156,2e-04,3e-04,7e-04,0.0014,0.0023,0.0039,0.0051,0.0039,6.6,0.01,0
2025-12-22 21:47:06,0,0,30.56,0,8,371,6.18333,0,0,31,0.516667,15.75,0,0,0,0,0,0,0,0,164,110,2e-04,3e-04,7e-04,0.0014,0.0023,0.0039,0.0051,0.0039,6.39,0.01,0
2025-12-22 21:48:06,0,0,30.62,0,8,745,12.4167,17,0.283333,40,0.666667,19.92,0,0,0,0,0,0,0,0,172,116,2e-04,4e-04,8e-04,0.0017,0.003,0.0049,0.0064,0.0048,8.37,0.01,0
2025-12-22 21:49:06,0,0,30.69,0,8,1422,23.7,27,0.45,107,1.78333,11.06,0,0,0,0,0,0,0,0,158,110,1e-04,2e-04,4e-04,0.001,0.0016,0.0027,0.0036,0.0028,4.5,0.01,0
2025-12-22 21:50:06,0,0,30.62,0,8,142,2.36667,0,0,9,0.15,9.48,0,0,0,0,0,0,0,0,162,120,1e-04,1e-04,4e-04,8e-04,0.0014,0.0024,0.0032,0.0025,3.4,0,0
2025-12-22 21:51:06,0,0,30.31,0,8,148,2.46667,0,0,17,0.283333,12.36,0,0,0,0,0,0,0,0,168,124,1e-04,2e-04,5e-04,0.0011,0.0018,0.003,0.004,0.0031,4.84,0.01,0
2025-12-22 21:52:06,0,0,30.69,0,8,283,4.71667,2,0.0333333,26,0.433333,12.02,0,0,0,0,0,0,0,0,149,128,1e-04,2e-04,5e-04,0.001,0.0018,0.003,0.0039,0.0031,4.6,0.01,0
2025-12-22 21:53:06,0,0,30.75,0,1,0,0,0,0,0,0,12.62,0,0,0,0,0,0,0,0,142,121,1e-04,2e-04,5e-04,0.0011,0.0019,0.0031,0.0041,0.0032,5.02,0.01,0
2025-12-22 21:54:06,0,0,30.69,0,1,2237,37.2833,56,0.933333,134,2.23333,13.29,0,0,0,0,0,0,0,0,176,120,2e-04,2e-04,5e-04,0.0012,0.002,0.0033,0.0043,0.0034,5.25,0.01,0
2025-12-22 21:55:06,0,0,30.44,0,1,7467,124.45,209,3.48333,462,7.7,8.34,0,0,0,0,0,0,0,0,211,163,1e-04,1e-04,3e-04,7e-04,0.0013,0.0021,0.0027,0.0022,2.92,0,0
2025-12-22 21:56:06,0,0,30.06,0,1,6947,115.783,184,3.06667,451,7.51667,8.52,0,0,0,0,0,0,0,0,218,158,1e-04,2e-04,4e-04,8e-04,0.0013,0.0021,0.0028,0.0024,3.34,0,0
2025-12-22 21:57:06,0,0,30.25,0,1,7665,127.75,220,3.66667,419,6.98333,0.95,0,0,0,0,0,0,0,0,158,105,0,0,0,0,2e-04,3e-04,3e-04,2e-04,0,0,0
2025-12-22 21:58:06,0,0,29.62,0,1,5095,84.9167,68,1.13333,295,4.91667,0.14,0,0,0,0,0,0,0,0,178,104,0,0,0,0,0,1e-04,0,0,0,0,0
2025-12-22 21:59:06,0,0,28.06,0,1,3812,63.5333,59,0.983333,257,4.28333,0.3,0,0,0,0,0,0,0,0,226,162,0,0,0,0,1e-04,1e-04,1e-04,1e-04,0,0,0
2025-12-22 22:00:06,0,0,27.38,0,1,6746,112.433,147,2.45,339,5.65,0,0,0,0,0,0,0,0,0,214,159,0,0,0,0,0,0,0,0,0,0,0
2025-12-22 22:01:06,0,0,26.94,0,1,7270,121.167,213,3.55,434,7.23333,2.93,0,0,0,0,0,0,0,0,206,160,0,1e-04,1e-04,2e-04,5e-04,8e-04,8e-04,5e-04,0.92,0,0
2025-12-22 22:02:06,0,0,26.69,0,1,6861,114.35,188,3.13333,349,5.81667,2.87,0,0,0,0,0,0,0,0,229,171,0,0,0,2e-04,4e-04,8e-04,9e-04,7e-04,0.58,0,0
2025-12-22 22:03:06,0,0,26.75,0,1,8154,135.9,211,3.51667,544,9.06667,31,0,0,0,0,0,0,0,0,220,155,4e-04,9e-04,0.0012,0.0026,0.0047,0.0077,0.0083,0.0049,13.54,0.01,0
2025-12-22 22:04:06,0,0,26.88,0,4,36553,609.217,1370,22.8333,903,15.05,51.24,0,0,0,0,0,0,0,0,224,159,6e-04,0.0015,0.0019,0.0042,0.0079,0.0128,0.0137,0.0081,21.66,0.02,0
2025-12-22 22:05:06,0,0,27.19,0,1,15648,260.8,491,8.18333,518,8.63333,63.56,0,0,0,0,0,0,0,0,214,158,7e-04,0.0017,0.0022,0.0048,0.0099,0.016,0.0168,0.0098,25.43,0.02,0
2025-12-22 22:06:06,0,0,27.44,0,1,2782,46.3667,45,0.75,197,3.28333,0,0,0,0,0,0,0,0,0,176,135,0,0,0,0,0,0,0,0,0,0,0
2025-12-22 22:07:06,0,0,27.5,0,16,1237,20.6167,13,0.216667,111,1.85,0,0,0,0,0,0,0,0,0,160,112,0,0,0,0,0,0,0,0,0,0,0
2025-12-22 22:08:06,0,0,27.56,0,16,1059,17.65,16,0.266667,76,1.26667,0,0,0,0,0,0,0,0,0,158,103,0,0,0,0,0,0,0,0,0,0,0
2025-12-22 22:09:06,0,0,27.56,0,1,5396,89.9333,98,1.63333,373,6.21667,0,0,0,0,0,0,0,0,0,174,115,0,0,0,0,0,0,0,0,0,0,0
2025-12-22 22:10:06,0,0,27.31,0,1,2114,35.2333,22,0.366667,157,2.61667,0.02,0,0,0,0,0,0,0,0,145,99,0,0,0,0,0,0,1e-04,0,0,0,0
2025-12-22 22:11:06,0,0,27.56,0,16,792,13.2,1,0.0166667,76,1.26667,0,0,0,0,0,0,0,0,0,143,99,0,0,0,0,0,0,1e-04,0,0,0,0
2025-12-22 22:12:06,0,0,27.75,0,16,258,4.3,0,0,23,0.383333,0,0,0,0,0,0,0,0,0,139,99,0,0,0,0,0,0,1e-04,0,0,0,0
2025-12-22 22:13:06,0,0,28.06,0,1,978,16.3,14,0.233333,64,1.06667,0,0,0,0,0,0,0,0,0,143,98,0,0,0,0,0,0,0,0,0,0,0
2025-12-22 22:14:06,0,0,28.56,0,16,960,16,1,0.0166667,90,1.5,0,0,0,0,0,0,0,0,0,138,98,0,0,0,0,0,0,0,0,0,0,0
2025-12-22 22:15:06,0,0,28.69,0,16,594,9.9,0,0,45,0.75,0,0,0,0,0,0,0,0,0,140,98,0,0,0,0,0,0,0,0,0,0,0
2025-12-22 22:16:06,0,0,29.06,0,16,1024,17.0667,2,0.0333333,108,1.8,0,0,0,0,0,0,0,0,0,144,98,0,0,0,0,0,0,0,0,0,0,0
2025-12-22 22:17:06,0,0,29.19,0,16,816,13.6,1,0.0166667,77,1.28333,0,0,0,0,0,0,0,0,0,141,99,0,0,0,0,0,0,0,0,0,0,0
2025-12-22 22:18:06,0,0,29.5,0,16,764,12.7333,4,0.0666667,78,1.3,0,0,0,0,0,0,0,0,0,138,98,0,0,0,0,0,0,0,0,0,0,0
2025-12-22 22:19:06,0,0,29.38,0,16,398,6.63333,0,0,37,0.616667,0.31,0,0,0,0,0,0,0,0,138,98,0,0,0,1e-04,1e-04,0,1e-04,0,0.11,0,0
2025-12-22 22:20:06,0,0,29.56,0,16,213,3.55,0,0,17,0.283333,0.32,0,0,0,0,0,0,0,0,139,98,0,0,0,0,1e-04,0,2e-04,0,0.03,0,0
2025-12-22 22:21:06,0,0,30,0,16,951,15.85,3,0.05,101,1.68333,0.07,0,0,0,0,0,0,0,0,142,98,0,0,0,0,0,0,0,0,0,0,0
2025-12-22 22:22:06,0,0,30.06,0,16,345,5.75,0,0,24,0.4,0.08,0,0,0,0,0,0,0,0,141,99,0,0,0,0,0,0,0,0,0.03,0,0
2025-12-22 22:23:06,0,0,30,0,16,92,1.53333,0,0,3,0.05,0.24,0,0,0,0,0,0,0,0,141,98,0,0,0,0,1e-04,0,1e-04,0,0,0,0
2025-12-22 22:24:06,0,0,30.12,0,16,211,3.51667,0,0,20,0.333333,0.25,0,0,0,0,0,0,0,0,140,98,0,0,0,0,1e-04,0,2e-04,0,0.03,0,0
2025-12-22 22:25:06,0,0,30.31,0,16,317,5.28333,0,0,25,0.416667,0.37,0,0,0,0,0,0,0,0,141,100,0,0,0,1e-04,1e-04,0,2e-04,0,0.12,0,0
2025-12-22 22:26:06,0,0,30.44,0,16,163,2.71667,0,0,7,0.116667,0.3,0,0,0,0,0,0,0,0,142,100,0,0,0,1e-04,1e-04,0,1e-04,0,0.13,0,0
2025-12-22 22:27:06,0,0,30.5,0,16,413,6.88333,0,0,27,0.45,0.4,0,0,0,0,0,0,0,0,142,99,0,0,0,1e-04,1e-04,0,2e-04,0,0.17,0,0
2025-12-22 22:28:06,0,0,30.62,0,16,188,3.13333,0,0,11,0.183333,0.24,0,0,0,0,0,0,0,0,145,100,0,0,0,0,1e-04,0,1e-04,0,0,0,0
2025-12-22 22:29:06,0,0,30.81,0,16,241,4.01667,0,0,19,0.316667,0.26,0,0,0,0,0,0,0,0,145,100,0,0,0,0,1e-04,0,2e-04,0,0,0,0
2025-12-22 22:30:06,0,0,30.81,0,16,1770,29.5,55,0.916667,102,1.7,0.18,0,0,0,0,0,0,0,0,154,100,0,0,0,0,0,0,1e-04,0,0.01,0,0
2025-12-22 22:31:06,0,0,30.81,0,16,187,3.11667,0,0,2,0.0333333,0.29,0,0,0,0,0,0,0,0,152,100,0,0,0,0,1e-04,0,2e-04,0,0.04,0,0
2025-12-22 22:32:06,0,0,30.81,0,16,73,1.21667,0,0,3,0.05,0.18,0,0,0,0,0,0,0,0,150,100,0,0,0,0,0,0,1e-04,0,0,0,0
2025-12-22 22:33:06,0,0,30.69,0,16,90,1.5,0,0,2,0.0333333,0.25,0,0,0,0,0,0,0,0,155,100,0,0,0,0,1e-04,0,2e-04,0,0.04,0,0
2025-12-22 22:34:06,0,0,30.75,0,16,72,1.2,0,0,3,0.05,0.18,0,0,0,0,0,0,0,0,149,100,0,0,0,1e-04,0,0,1e-04,0,0.09,0,0
2025-12-22 22:35:06,0,0,30.56,0,16,210,3.5,0,0,12,0.2,0.21,0,0,0,0,0,0,0,0,155,100,0,0,0,0,1e-04,0,1e-04,0,0.01,0,0
2025-12-22 22:36:06,0,0,30.62,0,16,53,0.883333,0,0,3,0.05,0.31,0,0,0,0,0,0,0,0,153,100,0,0,0,1e-04,1e-04,0,1e-04,0,0.1,0,0
2025-12-22 22:37:06,0,0,30.12,0,16,1068,17.8,2,0.0333333,110,1.83333,0.1,0,0,0,0,0,0,0,0,162,102,0,0,0,0,0,0,1e-04,0,0.05,0,0
2025-12-22 22:38:06,0,0,30.44,0,16,646,10.7667,1,0.0166667,57,0.95,0,0,0,0,0,0,0,0,0,151,102,0,0,0,0,0,0,0,0,0,0,0
2025-12-22 22:39:06,0,0,30.62,0,1,6774,112.9,176,2.93333,440,7.33333,8.85,0,0,0,0,0,0,0,0,145,100,1e-04,2e-04,3e-04,7e-04,0.0014,0.0023,0.0025,0.0016,3.3,0,0
2025-12-22 22:40:06,0,0,30.75,0,16,3790,63.1667,69,1.15,232,3.86667,21.41,0,0,0,0,0,0,0,0,152,100,3e-04,6e-04,7e-04,0.0018,0.0033,0.0053,0.0057,0.0032,9.05,0.01,0
2025-12-22 22:41:06,0,0,30.38,0,16,1039,17.3167,20,0.333333,75,1.25,0,0,0,0,0,0,0,0,0,158,102,0,0,0,0,0,0,0,0,0,0,0
2025-12-22 22:42:06,0,0,30.25,0,16,67,1.11667,0,0,5,0.0833333,0,0,0,0,0,0,0,0,0,160,101,0,0,0,0,0,0,0,0,0,0,0
2025-12-22 22:43:06,0,0,30.19,0,16,5,0.0833333,0,0,0,0,0,0,0,0,0,0,0,0,0,160,101,0,0,0,0,0,0,0,0,0,0,0
2025-12-22 22:44:06,0,0,30.25,0,16,681,11.35,25,0.416667,45,0.75,0,0,0,0,0,0,0,0,0,155,102,0,0,0,0,0,0,0,0,0,0,0
2025-12-22 22:45:06,0,0,30.19,0,16,3,0.05,0,0,0,0,0,0,0,0,0,0,0,0,0,155,102,0,0,0,0,0,0,0,0,0,0,0
2025-12-22 22:46:06,0,0,30.19,0,16,0,0,0,0,0,0,0,0,0,0,0,0,0,0,0,154,102,0,0,0,0,0,0,0,0,0,0,0
2025-12-22 22:47:06,0,0,30.25,0,16,0,0,0,0,0,0,0,0,0,0,0,0,0,0,0,154,102,0,0,0,0,0,0,0,0,0,0,0
2025-12-22 22:48:06,0,0,30.25,0,16,3,0.05,0,0,0,0,0,0,0,0,0,0,0,0,0,155,102,0,0,0,0,0,0,0,0,0,0,0
2025-12-22 22:49:06,0,0,30.31,0,16,91,1.51667,0,0,9,0.15,0,0,0,0,0,0,0,0,0,154,103,0,0,0,0,0,0,0,0,0,0,0
2025-12-22 22:50:06,0,0,30.31,0,16,94,1.56667,0,0,7,0.116667,0,0,0,0,0,0,0,0,0,155,104,0,0,0,0,0,0,0,0,0,0,0
2025-12-22 22:51:06,0,0,30.31,0,16,0,0,0,0,0,0,0,0,0,0,0,0,0,0,0,154,105,0,0,0,0,0,0,0,0,0,0,0
2025-12-22 22:52:06,0,0,30.38,0,16,3,0.05,0,0,0,0,0,0,0,0,0,0,0,0,0,153,105,0,0,0,0,0,0,0,0,0,0,0
2025-12-22 22:53:06,0,0,30.38,0,16,4,0.0666667,0,0,0,0,0,0,0,0,0,0,0,0,0,154,106,0,0,0,0,0,0,0,0,0,0,0
2025-12-22 22:54:06,0,0,30.38,0,16,6,0.1,0,0,0,0,0,0,0,0,0,0,0,0,0,154,105,0,0,0,0,0,0,0,0,0,0,0
2025-12-22 22:55:06,0,0,30.44,0,16,112,1.86667,2,0.0333333,5,0.0833333,0,0,0,0,0,0,0,0,0,156,105,0,0,0,0,0,0,0,0,0,0,0
2025-12-22 22:56:06,0,0,30.31,0,16,310,5.16667,1,0.0166667,19,0.316667,0,0,0,0,0,0,0,0,0,216,160,0,0,0,0,0,0,0,0,0,0,0
2025-12-22 22:57:06,0,0,30.56,0,1,595,9.91667,1,0.0166667,37,0.616667,0,0,0,0,0,0,0,0,0,151,102,0,0,0,0,0,0,0,0,0,0,0
2025-12-22 22:58:06,0,0,30.69,0,16,108,1.8,0,0,6,0.1,0,0,0,0,0,0,0,0,0,157,103,0,0,0,0,0,0,0,0,0,0,0
2025-12-22 22:59:06,0,0,30.25,0,1,225,3.75,0,0,13,0.216667,0,0,0,0,0,0,0,0,0,207,154,0,0,0,0,0,0,0,0,0,0,0
2025-12-22 23:00:06,0,0,30.88,0,16,125,2.08333,0,0,2,0.0333333,0,0,0,0,0,0,0,0,0,156,103,0,0,0,0,0,0,0,0,0,0,0
2025-12-22 23:01:06,0,0,30.81,0,16,9,0.15,0,0,0,0,0,0,0,0,0,0,0,0,0,152,102,0,0,0,0,0,0,0,0,0,0,0
2025-12-22 23:02:06,0,0,30.81,0,16,11,0.183333,0,0,0,0,0,0,0,0,0,0,0,0,0,153,102,0,0,0,0,0,0,0,0,0,0,0
2025-12-22 23:03:06,0,0,30.75,0,16,29,0.483333,0,0,2,0.0333333,0,0,0,0,0,0,0,0,0,154,102,0,0,0,0,0,0,0,0,0,0,0
2025-12-22 23:04:06,0,0,30.75,0,16,0,0,0,0,0,0,0,0,0,0,0,0,0,0,0,154,102,0,0,0,0,0,0,0,0,0,0,0
2025-12-22 23:05:06,0,0,30.75,0,16,8,0.133333,0,0,0,0,0,0,0,0,0,0,0,0,0,154,103,0,0,0,0,0,0,0,0,0,0,0
2025-12-22 23:06:06,0,0,30.69,0,16,42,0.7,0,0,0,0,0,0,0,0,0,0,0,0,0,158,102,0,0,0,0,0,0,0,0,0,0,0
2025-12-22 23:07:06,0,0,30.69,0,16,229,3.81667,0,0,14,0.233333,0,0,0,0,0,0,0,0,0,156,101,0,0,0,0,0,0,0,0,0,0,0
2025-12-22 23:08:06,0,0,30.62,0,16,163,2.71667,0,0,13,0.216667,0,0,0,0,0,0,0,0,0,161,102,0,0,0,0,0,0,0,0,0,0,0
2025-12-22 23:09:06,0,0,30.56,0,16,184,3.06667,0,0,21,0.35,0,0,0,0,0,0,0,0,0,160,102,0,0,0,0,0,0,0,0,0,0,0
2025-12-22 23:10:06,0,0,30.25,0,1,688,11.4667,3,0.05,60,1,0,0,0,0,0,0,0,0,0,157,103,0,0,0,0,0,0,0,0,0,0,0
2025-12-22 23:11:06,0,0,30.62,0,16,385,6.41667,5,0.0833333,28,0.466667,0,0,0,0,0,0,0,0,0,167,103,0,0,0,0,0,0,0,0,0,0,0
2025-12-22 23:12:06,0,0,30.56,0,16,366,6.1,5,0.0833333,17,0.283333,0,0,0,0,0,0,0,0,0,158,110,0,0,0,0,0,0,0,0,0,0,0
2025-12-22 23:13:06,0,0,30.62,0,16,68,1.13333,0,0,8,0.133333,0,0,0,0,0,0,0,0,0,154,112,0,0,0,0,0,0,0,0,0,0,0
2025-12-22 23:14:06,0,0,30.5,0,16,219,3.65,0,0,22,0.366667,0,0,0,0,0,0,0,0,0,153,106,0,0,0,0,0,0,0,0,0,0,0
2025-12-22 23:15:06,0,0,30.44,0,16,161,2.68333,1,0.0166667,19,0.316667,0,0,0,0,0,0,0,0,0,152,104,0,0,0,0,0,0,0,0,0,0,0
2025-12-22 23:16:06,0,0,30.5,0,16,476,7.93333,13,0.216667,33,0.55,0,0,0,0,0,0,0,0,0,162,102,0,0,0,0,0,0,0,0,0,0,0
2025-12-22 23:17:06,0,0,30.5,0,16,3,0.05,0,0,0,0,0,0,0,0,0,0,0,0,0,155,102,0,0,0,0,0,0,0,0,0,0,0
2025-12-22 23:18:06,0,0,30.5,0,16,85,1.41667,0,0,8,0.133333,0,0,0,0,0,0,0,0,0,155,102,0,0,0,0,0,0,0,0,0,0,0
2025-12-22 23:19:06,0,0,30.56,0,16,96,1.6,1,0.0166667,8,0.133333,0,0,0,0,0,0,0,0,0,152,101,0,0,0,0,0,0,0,0,0,0,0
2025-12-22 23:20:06,0,0,30.5,0,16,19,0.316667,0,0,0,0,0,0,0,0,0,0,0,0,0,152,101,0,0,0,0,0,0,0,0,0,0,0
2025-12-22 23:21:06,0,0,30.44,0,16,0,0,0,0,0,0,0,0,0,0,0,0,0,0,0,151,101,0,0,0,0,0,0,0,0,0,0,0
2025-12-22 23:22:06,0,0,30.44,0,16,4,0.0666667,0,0,0,0,0,0,0,0,0,0,0,0,0,151,101,0,0,0,0,0,0,0,0,0,0,0
2025-12-22 23:23:06,0,0,30.44,0,16,3,0.05,0,0,0,0,0,0,0,0,0,0,0,0,0,154,102,0,0,0,0,0,0,0,0,0,0,0
2025-12-22 23:24:06,0,0,30.5,0,16,3,0.05,0,0,0,0,0,0,0,0,0,0,0,0,0,154,101,0,0,0,0,0,0,0,0,0,0,0
2025-12-22 23:25:06,0,0,30.62,0,16,145,2.41667,0,0,14,0.233333,0,0,0,0,0,0,0,0,0,152,102,0,0,0,0,0,0,0,0,0,0,0
2025-12-22 23:26:06,0,0,30.75,0,16,145,2.41667,2,0.0333333,14,0.233333,0,0,0,0,0,0,0,0,0,155,103,0,0,0,0,0,0,0,0,0,0,0
2025-12-22 23:27:06,0,0,30.81,0,16,12,0.2,0,0,0,0,0,0,0,0,0,0,0,0,0,148,108,0,0,0,0,0,0,0,0,0,0,0
2025-12-22 23:28:06,0,0,30.88,0,16,7,0.116667,0,0,1,0.0166667,0,0,0,0,0,0,0,0,0,146,108,0,0,0,0,0,0,0,0,0,0,0
2025-12-22 23:29:06,0,0,30.94,0,16,15,0.25,0,0,2,0.0333333,0,0,0,0,0,0,0,0,0,145,105,0,0,0,0,0,0,0,0,0,0,0
2025-12-22 23:30:06,0,0,30.94,0,16,24,0.4,0,0,2,0.0333333,0,0,0,0,0,0,0,0,0,147,102,0,0,0,0,0,0,0,0,0,0,0
2025-12-22 23:31:06,0,0,30.94,0,16,57,0.95,0,0,6,0.1,0,0,0,0,0,0,0,0,0,147,102,0,0,0,0,0,0,0,0,0,0,0
2025-12-22 23:32:06,0,0,30.94,0,16,0,0,0,0,0,0,0,0,0,0,0,0,0,0,0,148,101,0,0,0,0,0,0,0,0,0,0,0
2025-12-22 23:33:06,0,0,30.94,0,16,3,0.05,0,0,0,0,0,0,0,0,0,0,0,0,0,148,101,0,0,0,0,0,0,0,0,0,0,0
2025-12-22 23:34:06,0,0,30.94,0,16,19,0.316667,0,0,3,0.05,0,0,0,0,0,0,0,0,0,148,101,0,0,0,0,0,0,0,0,0,0,0
2025-12-22 23:35:06,0,0,30.94,0,16,64,1.06667,0,0,3,0.05,0,0,0,0,0,0,0,0,0,154,101,0,0,0,0,0,0,0,0,0,0,0
2025-12-22 23:36:06,0,0,30.88,0,16,46,0.766667,0,0,3,0.05,0,0,0,0,0,0,0,0,0,153,101,0,0,0,0,0,0,0,0,0,0,0
2025-12-22 23:37:06,0,0,30.88,0,16,3,0.05,0,0,0,0,0,0,0,0,0,0,0,0,0,151,101,0,0,0,0,0,0,0,0,0,0,0
2025-12-22 23:38:06,0,0,30.88,0,16,19,0.316667,0,0,2,0.0333333,0,0,0,0,0,0,0,0,0,150,100,0,0,0,0,0,0,0,0,0,0,0
2025-12-22 23:39:06,0,0,30.88,0,16,402,6.7,6,0.1,34,0.566667,0,0,0,0,0,0,0,0,0,150,100,0,0,0,0,0,0,0,0,0,0,0
2025-12-22 23:40:06,0,0,30.81,0,16,4,0.0666667,0,0,0,0,0,0,0,0,0,0,0,0,0,148,100,0,0,0,0,0,0,0,0,0,0,0
2025-12-22 23:41:06,0,0,30.81,0,16,42,0.7,0,0,2,0.0333333,0,0,0,0,0,0,0,0,0,149,100,0,0,0,0,0,0,0,0,0,0,0
2025-12-22 23:42:06,0,0,30.81,0,16,73,1.21667,0,0,6,0.1,0,0,0,0,0,0,0,0,0,152,100,0,0,0,0,0,0,0,0,0,0,0
2025-12-22 23:43:06,0,0,30.81,0,16,112,1.86667,0,0,5,0.0833333,0,0,0,0,0,0,0,0,0,171,107,0,0,0,0,0,0,0,0,0,0,0
2025-12-22 23:44:06,0,0,31.12,0,1,182,3.03333,2,0.0333333,15,0.25,0,0,0,0,0,0,0,0,0,153,100,0,0,0,0,0,0,0,0,0,0,0
2025-12-22 23:45:06,0,0,31.12,0,16,69,1.15,0,0,9,0.15,0,0,0,0,0,0,0,0,0,153,100,0,0,0,0,0,0,0,0,0,0,0
2025-12-22 23:46:06,0,0,31.06,0,16,34,0.566667,0,0,4,0.0666667,0,0,0,0,0,0,0,0,0,153,100,0,0,0,0,0,0,0,0,0,0,0
2025-12-22 23:47:06,0,0,31,0,16,79,1.31667,0,0,8,0.133333,0,0,0,0,0,0,0,0,0,149,100,0,0,0,0,0,0,0,0,0,0,0
2025-12-22 23:48:06,0,0,31,0,16,161,2.68333,0,0,16,0.266667,0,0,0,0,0,0,0,0,0,149,100,0,0,0,0,0,0,0,0,0,0,0
2025-12-22 23:49:06,0,0,31,0,16,29,0.483333,0,0,4,0.0666667,0,0,0,0,0,0,0,0,0,148,100,0,0,0,0,0,0,0,0,0,0,0
2025-12-22 23:50:06,0,0,31,0,16,55,0.916667,0,0,6,0.1,0,0,0,0,0,0,0,0,0,149,100,0,0,0,0,0,0,0,0,0,0,0
2025-12-22 23:51:06,0,0,30.94,0,16,32,0.533333,0,0,6,0.1,0,0,0,0,0,0,0,0,0,151,100,0,0,0,0,0,0,0,0,0,0,0
2025-12-22 23:52:06,0,0,30.94,0,16,0,0,0,0,0,0,0,0,0,0,0,0,0,0,0,151,100,0,0,0,0,0,0,0,0,0,0,0
2025-12-22 23:53:06,0,0,30.88,0,16,3407,56.7833,75,1.25,202,3.36667,0,0,0,0,0,0,0,0,0,166,105,0,0,0,0,0,0,0,0,0,0,0
2025-12-22 23:54:06,0,0,31,0,1,5007,83.45,119,1.98333,322,5.36667,0.77,0,0,0,0,0,0,0,0,151,103,0,1e-04,0,1e-04,1e-04,1e-04,1e-04,1e-04,0.55,0,0
2025-12-22 23:55:06,0,0,30.75,0,4,4748,79.1333,80,1.33333,315,5.25,108.01,0,0,0,0,0,0,0,0,181,132,0.0014,0.0031,0.0039,0.0094,0.0164,0.0267,0.0288,0.0167,47.12,0.05,0
2025-12-22 23:56:06,0,0,30.75,0,1,3370,56.1667,74,1.23333,215,3.58333,111.13,0,0,0,0,0,0,0,0,161,110,0.0014,0.0031,0.0039,0.009,0.0171,0.0278,0.0299,0.0174,45.98,0.04,0
2025-12-22 23:57:06,0,0,30.69,0,1,2604,43.4,20,0.333333,204,3.4,151.83,0,0,0,0,0,0,0,0,209,152,0.0018,0.0042,0.0053,0.0121,0.0234,0.0379,0.0405,0.0232,62.52,0.06,0
2025-12-22 23:58:06,0,0,30.75,0,8,5074,84.5667,81,1.35,358,5.96667,12.76,0,0,0,0,0,0,0,0,166,106,2e-04,3e-04,4e-04,0.001,0.002,0.0032,0.0034,0.002,5.11,0.01,0
2025-12-22 23:59:06,0,0,30.31,0,1,7224,120.4,180,3,395,6.58333,0,0,0,0,0,0,0,0,0,229,162,0,0,0,0,0,0,0,0,0,0,0
2025-12-23 00:00:06,0,0,30.12,0,4,6548,109.133,230,3.83333,309,5.15,0,0,0,0,0,0,0,0,0,187,139,0,0,0,0,0,0,0,0,0,0,0
2025-12-23 00:01:06,0,0,30.12,0,4,1461,24.35,46,0.766667,46,0.766667,0,0,0,0,0,0,0,0,0,180,116,0,0,0,0,0,0,0,0,0,0,0
2025-12-23 00:02:06,0,0,29.62,0,4,2011,33.5167,17,0.283333,161,2.68333,0,0,0,0,0,0,0,0,0,164,124,0,0,0,0,0,0,0,0,0,0,0
2025-12-23 00:03:06,0,0,29.75,0,1,4854,80.9,108,1.8,326,5.43333,0,0,0,0,0,0,0,0,0,201,167,0,0,0,0,0,0,0,0,0,0,0
2025-12-23 00:04:06,0,0,29.75,0,2,3147,52.45,114,1.9,149,2.48333,0,0,0,0,0,0,0,0,0,141,102,0,0,0,0,0,0,0,0,0,0,0
2025-12-23 00:05:06,0,0,29.94,0,4,10,0.166667,0,0,2,0.0333333,0,0,0,0,0,0,0,0,0,140,101,0,0,0,0,0,0,0,0,0,0,0
2025-12-23 00:06:06,0,0,30.06,0,4,20,0.333333,0,0,3,0.05,0,0,0,0,0,0,0,0,0,140,100,0,0,0,0,0,0,0,0,0,0,0
2025-12-23 00:07:06,0,0,30.06,0,4,337,5.61667,6,0.1,25,0.416667,0,0,0,0,0,0,0,0,0,212,164,0,0,0,0,0,0,0,0,0,0,0
2025-12-23 00:08:06,0,0,29.94,0,16,10,0.166667,0,0,0,0,0,0,0,0,0,0,0,0,0,218,158,0,0,0,0,0,0,0,0,0,0,0
2025-12-23 00:09:06,0,0,29.75,0,16,38,0.633333,0,0,0,0,0,0,0,0,0,0,0,0,0,220,160,0,0,0,0,0,0,0,0,0,0,0
2025-12-23 00:10:06,0,0,29.62,0,16,0,0,0,0,0,0,0,0,0,0,0,0,0,0,0,204,143,0,0,0,0,0,0,0,0,0,0,0
2025-12-23 00:11:06,0,0,29.5,0,16,123,2.05,1,0.0166667,10,0.166667,0,0,0,0,0,0,0,0,0,217,160,0,0,0,0,0,0,0,0,0,0,0
2025-12-23 00:12:06,0,0,29.38,0,16,13,0.216667,0,0,0,0,0,0,0,0,0,0,0,0,0,221,163,0,0,0,0,0,0,0,0,0,0,0
2025-12-23 00:13:06,0,0,29.25,0,16,240,4,0,0,13,0.216667,0,0,0,0,0,0,0,0,0,223,163,0,0,0,0,0,0,0,0,0,0,0
2025-12-23 00:14:06,0,0,29.06,0,16,582,9.7,12,0.2,41,0.683333,0,0,0,0,0,0,0,0,0,220,163,0,0,0,0,0,0,0,0,0,0,0
2025-12-23 00:15:06,0,0,29,0,16,281,4.68333,0,0,20,0.333333,0,0,0,0,0,0,0,0,0,215,154,0,0,0,0,0,0,0,0,0,0,0
2025-12-23 00:16:06,0,0,29,0,16,68,1.13333,1,0.0166667,3,0.05,0,0,0,0,0,0,0,0,0,207,151,0,0,0,0,0,0,0,0,0,0,0
2025-12-23 00:17:06,0,0,29.06,0,16,877,14.6167,30,0.5,53,0.883333,0,0,0,0,0,0,0,0,0,180,136,0,0,0,0,0,0,0,0,0,0,0
2025-12-23 00:18:06,0,1,29.06,0,16,3307,55.1167,107,1.78333,178,2.96667,0,0,0,0,0,0,0,0,11,222,157,0,0,0,0,0,0,0,0,0,0,0
2025-12-23 00:19:06,0,0,29.19,0,16,0,0,0,0,0,0,0,0,0,0,0,0,0,0,11,220,155,0,0,0,0,0,0,0,0,0,0,0
2025-12-23 00:20:06,0,0,29.31,0,16,0,0,0,0,0,0,0,0,0,0,0,0,0,0,11,224,158,0,0,0,0,0,0,0,0,0,0,0
2025-12-23 00:21:06,0,0,29.5,0,16,109,1.81667,0,0,12,0.2,0,0,0,0,0,0,0,0,11,230,165,0,0,0,0,0,0,0,0,0,0,0
2025-12-23 00:22:06,0,0,29.62,0,16,0,0,0,0,0,0,0,0,0,0,0,0,0,0,11,230,164,0,0,0,0,0,0,0,0,0,0,0
2025-12-23 00:23:06,0,0,29.81,0,16,4,0.0666667,0,0,1,0.0166667,0,0,0,0,0,0,0,0,1,231,164,0,0,0,0,0,0,0,0,0,0,1
2025-12-23 00:24:06,0,0,30,0,16,61,1.01667,0,0,5,0.0833333,0,0,0,0,0,0,0,0,1,231,166,0,0,0,0,0,0,0,0,0,0,1
2025-12-23 00:25:06,0,0,30.25,0,16,0,0,0,0,0,0,0,0,0,0,0,0,0,0,1,227,161,0,0,0,0,0,0,0,0,0,0,1
2025-12-23 00:26:06,0,0,30.44,0,16,5,0.0833333,0,0,0,0,0,0,0,0,0,0,0,0,1,226,160,0,0,0,0,0,0,0,0,0,0,1
2025-12-23 00:27:06,0,0,30.5,0,16,0,0,0,0,0,0,0,0,0,0,0,0,0,0,1,227,162,0,0,0,0,0,0,0,0,0,0,1
2025-12-23 00:28:06,0,0,30.69,0,16,0,0,0,0,0,0,0,0,0,0,0,0,0,0,1,227,161,0,0,0,0,0,0,0,0,0,0,1
2025-12-23 00:29:06,0,0,30.88,0,16,31,0.516667,0,0,3,0.05,0,0,0,0,0,0,0,0,1,226,161,0,0,0,0,0,0,0,0,0,0,1
2025-12-23 00:30:06,0,0,31,0,16,0,0,0,0,0,0,0,0,0,0,0,0,0,0,1,227,162,0,0,0,0,0,0,0,0,0,0,1
2025-12-23 00:31:06,0,0,31.19,0,16,4,0.0666667,0,0,0,0,0,0,0,0,0,0,0,0,1,225,161,0,0,0,0,0,0,0,0,0,0,1
2025-12-23 00:32:06,0,0,31.31,0,16,6,0.1,0,0,0,0,0,0,0,0,0,0,0,0,1,222,159,0,0,0,0,0,0,0,0,0,0,1
2025-12-23 00:33:06,0,0,31.44,0,16,0,0,0,0,0,0,0,0,0,0,0,0,0,0,1,224,159,0,0,0,0,0,0,0,0,0,0,1
2025-12-23 00:34:06,0,0,31.56,0,16,0,0,0,0,0,0,0,0,0,0,0,0,0,0,1,222,159,0,0,0,0,0,0,0,0,0,0,1
2025-12-23 00:35:06,0,0,31.69,0,16,0,0,0,0,0,0,0,0,0,0,0,0,0,0,1,223,159,0,0,0,0,0,0,0,0,0,0,1
2025-12-23 00:36:06,0,0,31.81,0,16,0,0,0,0,0,0,0,0,0,0,0,0,0,0,1,223,159,0,0,0,0,0,0,0,0,0,0,1
2025-12-23 00:37:06,0,0,31.88,0,16,4,0.0666667,0,0,1,0.0166667,0,0,0,0,0,0,0,0,1,226,160,0,0,0,0,0,0,0,0,0,0,1
2025-12-23 00:38:06,0,0,32,0,16,885,14.75,32,0.533333,60,1,0,0,0,0,0,0,0,0,1,226,161,0,0,0,0,0,0,0,0,0,0,1
2025-12-23 00:39:06,0,0,32.31,0,16,350,5.83333,7,0.116667,34,0.566667,0,0,0,0,0,0,0,0,1,199,134,0,0,0,0,0,0,0,0,0,0,1
2025-12-23 00:40:06,0,0,32.44,0,16,0,0,0,0,0,0,0,0,0,0,0,0,0,0,1,192,126,0,0,0,0,0,0,0,0,0,0,1
2025-12-23 00:41:06,0,0,32.56,0,16,0,0,0,0,0,0,0,0,0,0,0,0,0,0,1,190,122,0,0,0,0,0,0,0,0,0,0,1
2025-12-23 00:42:06,0,0,32.69,0,16,908,15.1333,27,0.45,68,1.13333,0,0,0,0,0,0,0,0,2,188,118,0,0,0,0,0,0,0,0,0,0,1
2025-12-23 00:43:06,0,0,32.81,0,16,351,5.85,13,0.216667,27,0.45,0,0,0,0,0,0,0,0,1,192,148,0,0,0,0,0,0,0,0,0,0,1
2025-12-23 00:44:06,0,0,32.81,0,16,0,0,0,0,0,0,0,0,0,0,0,0,0,0,1,192,145,0,0,0,0,0,0,0,0,0,0,1
2025-12-23 00:45:06,0,0,32.81,0,16,0,0,0,0,0,0,0,0,0,0,0,0,0,0,1,192,145,0,0,0,0,0,0,0,0,0,0,1
2025-12-23 00:46:06,0,0,32.81,0,16,0,0,0,0,0,0,0,0,0,0,0,0,0,0,1,192,144,0,0,0,0,0,0,0,0,0,0,1
2025-12-23 00:47:06,0,0,32.75,0,16,0,0,0,0,0,0,0,0,0,0,0,0,0,0,1,192,144,0,0,0,0,0,0,0,0,0,0,1
2025-12-23 00:48:06,0,0,32.75,0,16,0,0,0,0,0,0,0,0,0,0,0,0,0,0,1,192,145,0,0,0,0,0,0,0,0,0,0,1
2025-12-23 00:49:06,0,0,32.75,0,16,0,0,0,0,0,0,0,0,0,0,0,0,0,0,1,193,144,0,0,0,0,0,0,0,0,0,0,1
2025-12-23 00:50:06,0,0,32.75,0,16,0,0,0,0,0,0,0,0,0,0,0,0,0,0,1,193,144,0,0,0,0,0,0,0,0,0,0,1
2025-12-23 00:51:06,0,0,32.75,0,16,0,0,0,0,0,0,0,0,0,0,0,0,0,0,1,193,144,0,0,0,0,0,0,0,0,0,0,1
2025-12-23 00:52:06,0,0,32.75,0,16,0,0,0,0,0,0,0,0,0,0,0,0,0,0,1,195,143,0,0,0,0,0,0,0,0,0,0,1
2025-12-23 00:53:06,0,0,32.69,0,16,0,0,0,0,0,0,0,0,0,0,0,0,0,0,1,195,144,0,0,0,0,0,0,0,0,0,0,1
2025-12-23 00:54:06,0,0,32.69,0,16,0,0,0,0,0,0,0,0,0,0,0,0,0,0,1,193,143,0,0,0,0,0,0,0,0,0,0,1
2025-12-23 00:55:06,0,0,32.69,0,16,0,0,0,0,0,0,0,0,0,0,0,0,0,0,1,195,143,0,0,0,0,0,0,0,0,0,0,1
2025-12-23 00:56:06,0,0,32.75,0,16,1898,31.6333,72,1.2,93,1.55,0,0,0,0,0,0,0,0,2,203,152,0,0,0,0,0,0,0,0,0,0,1
2025-12-23 00:57:06,0,0,32.75,0,16,0,0,0,0,0,0,0,0,0,0,0,0,0,0,1,199,150,0,0,0,0,0,0,0,0,0,0,1
2025-12-23 00:58:06,0,0,32.75,0,16,0,0,0,0,0,0,0,0,0,0,0,0,0,0,1,197,150,0,0,0,0,0,0,0,0,0,0,1
2025-12-23 00:59:06,0,0,32.81,0,16,0,0,0,0,0,0,0,0,0,0,0,0,0,0,1,196,148,0,0,0,0,0,0,0,0,0,0,1
2025-12-23 01:00:06,0,0,32.94,0,16,7,0.116667,0,0,2,0.0333333,0,0,0,0,0,0,0,0,1,195,148,0,0,0,0,0,0,0,0,0,0,1
2025-12-23 01:01:06,0,0,33,0,16,0,0,0,0,0,0,0,0,0,0,0,0,0,0,1,195,146,0,0,0,0,0,0,0,0,0,0,1
2025-12-23 01:02:06,0,0,33.06,0,16,0,0,0,0,0,0,0,0,0,0,0,0,0,0,1,194,146,0,0,0,0,0,0,0,0,0,0,1
2025-12-23 01:03:06,0,0,33.12,0,16,0,0,0,0,0,0,0,0,0,0,0,0,0,0,1,194,145,0,0,0,0,0,0,0,0,0,0,1
2025-12-23 01:04:06,0,0,33.19,0,16,0,0,0,0,0,0,0,0,0,0,0,0,0,0,1,193,144,0,0,0,0,0,0,0,0,0,0,1
2025-12-23 01:05:06,0,0,33.19,0,16,0,0,0,0,0,0,0,0,0,0,0,0,0,0,1,190,142,0,0,0,0,0,0,0,0,0,0,1
2025-12-23 01:06:06,0,0,33.25,0,16,0,0,0,0,0,0,0,0,0,0,0,0,0,0,1,189,140,0,0,0,0,0,0,0,0,0,0,1
2025-12-23 01:07:06,0,0,33.25,0,16,0,0,0,0,0,0,0,0,0,0,0,0,0,0,1,185,136,0,0,0,0,0,0,0,0,0,0,1
2025-12-23 01:08:06,0,0,33.31,0,16,0,0,0,0,0,0,0,0,0,0,0,0,0,0,1,181,132,0,0,0,0,0,0,0,0,0,0,1
2025-12-23 01:09:06,0,0,33.31,0,16,0,0,0,0,0,0,0,0,0,0,0,0,0,0,1,178,129,0,0,0,0,0,0,0,0,0,0,1
2025-12-23 01:10:06,0,0,33.38,0,16,0,0,0,0,0,0,0,0,0,0,0,0,0,0,1,178,129,0,0,0,0,0,0,0,0,0,0,1
2025-12-23 01:11:06,0,0,33.38,0,16,0,0,0,0,0,0,0,0,0,0,0,0,0,0,1,175,125,0,0,0,0,0,0,0,0,0,0,1
2025-12-23 01:12:06,0,0,33.44,0,16,0,0,0,0,0,0,0,0,0,0,0,0,0,0,1,173,124,0,0,0,0,0,0,0,0,0,0,1
2025-12-23 01:13:06,0,0,33.44,0,16,0,0,0,0,0,0,0,0,0,0,0,0,0,0,1,173,122,0,0,0,0,0,0,0,0,0,0,1
2025-12-23 01:14:06,0,0,33.5,0,16,0,0,0,0,0,0,0,0,0,0,0,0,0,0,1,172,122,0,0,0,0,0,0,0,0,0,0,1
2025-12-23 01:15:06,0,0,33.5,0,16,0,0,0,0,0,0,0,0,0,0,0,0,0,0,1,169,118,0,0,0,0,0,0,0,0,0,0,1
2025-12-23 01:16:06,0,0,33.5,0,16,0,0,0,0,0,0,0,0,0,0,0,0,0,0,1,168,117,0,0,0,0,0,0,0,0,0,0,1
2025-12-23 01:17:06,0,0,33.5,0,16,0,0,0,0,0,0,0,0,0,0,0,0,0,0,1,166,116,0,0,0,0,0,0,0,0,0,0,1
2025-12-23 01:18:06,0,0,33.5,0,16,0,0,0,0,0,0,0,0,0,0,0,0,0,0,1,166,116,0,0,0,0,0,0,0,0,0,0,1
2025-12-23 01:19:06,0,0,33.56,0,16,0,0,0,0,0,0,0,0,0,0,0,0,0,0,1,166,115,0,0,0,0,0,0,0,0,0,0,1
2025-12-23 01:20:06,0,0,33.56,0,16,0,0,0,0,0,0,0,0,0,0,0,0,0,0,1,165,115,0,0,0,0,0,0,0,0,0,0,1
2025-12-23 01:21:06,0,0,33.56,0,16,0,0,0,0,0,0,0,0,0,0,0,0,0,0,1,165,114,0,0,0,0,0,0,0,0,0,0,1
2025-12-23 01:22:06,0,0,33.56,0,16,1017,16.95,36,0.6,48,0.8,0,0,0,0,0,0,0,0,2,165,121,0,0,0,0,0,0,0,0,0,0,1
2025-12-23 01:23:06,0,0,33.31,0,1,0,0,0,0,0,0,0,0,0,0,0,0,0,0,1,152,115,0,0,0,0,0,0,0,0,0,0,1
2025-12-23 01:24:06,0,0,33,0,1,1193,19.8833,33,0.55,70,1.16667,0,0,0,0,0,0,0,0,2,186,136,0,0,0,0,0,0,0,0,0,0,1
2025-12-23 01:25:06,0,0,32.81,0,1,0,0,0,0,0,0,0,0,0,0,0,0,0,0,1,183,130,0,0,0,0,0,0,0,0,0,0,1
2025-12-23 01:26:06,0,0,32.81,0,1,0,0,0,0,0,0,0,0,0,0,0,0,0,0,1,179,128,0,0,0,0,0,0,0,0,0,0,1
2025-12-23 01:27:06,0,0,32.94,0,1,0,0,0,0,0,0,0,0,0,0,0,0,0,0,1,176,124,0,0,0,0,0,0,0,0,0,0,1
2025-12-23 01:28:06,0,0,33.06,0,1,0,0,0,0,0,0,0,0,0,0,0,0,0,0,1,177,122,0,0,0,0,0,0,0,0,0,0,1
2025-12-23 01:29:06,0,0,33.25,0,1,0,0,0,0,0,0,0,0,0,0,0,0,0,0,1,176,122,0,0,0,0,0,0,0,0,0,0,1
2025-12-23 01:30:06,0,0,33.38,0,1,0,0,0,0,0,0,0,0,0,0,0,0,0,0,1,176,121,0,0,0,0,0,0,0,0,0,0,1
2025-12-23 01:31:06,0,0,33.5,0,1,0,0,0,0,0,0,0,0,0,0,0,0,0,0,2,177,121,0,0,0,0,0,0,0,0,0,0,1
2025-12-23 01:32:06,0,0,33.62,0,1,1477,24.6167,52,0.866667,109,1.81667,0,0,0,0,0,0,0,0,2,154,109,0,0,0,0,0,0,0,0,0,0,1
2025-12-23 01:33:06,0,0,33.69,0,16,1973,32.8833,66,1.1,137,2.28333,0,0,0,0,0,0,0,0,2,172,105,0,0,0,0,0,0,0,0,0,0,1
2025-12-23 01:34:06,0,0,33.69,0,16,0,0,0,0,0,0,0,0,0,0,0,0,0,0,1,170,103,0,0,0,0,0,0,0,0,0,0,1
2025-12-23 01:35:06,0,0,33.69,0,16,0,0,0,0,0,0,0,0,0,0,0,0,0,0,1,172,104,0,0,0,0,0,0,0,0,0,0,1
2025-12-23 01:36:06,0,0,33.75,0,16,0,0,0,0,0,0,0,0,0,0,0,0,0,0,2,171,103,0,0,0,0,0,0,0,0,0,0,1
2025-12-23 01:37:06,0,0,33.75,0,16,0,0,0,0,0,0,0,0,0,0,0,0,0,0,1,172,104,0,0,0,0,0,0,0,0,0,0,1
2025-12-23 01:38:06,0,0,33.81,0,16,0,0,0,0,0,0,0,0,0,0,0,0,0,0,1,174,104,0,0,0,0,0,0,0,0,0,0,1
2025-12-23 01:39:06,0,0,33.81,0,16,146,2.43333,2,0.0333333,9,0.15,0,0,0,0,0,0,0,0,1,157,103,0,0,0,0,0,0,0,0,0,0,1
2025-12-23 01:40:06,0,0,33.88,0,16,0,0,0,0,0,0,0,0,0,0,0,0,0,0,1,155,102,0,0,0,0,0,0,0,0,0,0,1
2025-12-23 01:41:06,0,0,33.88,0,16,0,0,0,0,0,0,0,0,0,0,0,0,0,0,1,153,102,0,0,0,0,0,0,0,0,0,0,1
2025-12-23 01:42:06,0,0,33.5,0,16,2775,46.25,83,1.38333,183,3.05,0,0,0,0,0,0,0,0,2,196,139,0,0,0,0,0,0,0,0,0,0,1
2025-12-23 01:43:06,0,0,33.06,0,1,0,0,0,0,0,0,0,0,0,0,0,0,0,0,2,180,118,0,0,0,0,0,0,0,0,0,0,1
2025-12-23 01:44:06,0,0,32.62,0,1,0,0,0,0,0,0,0,0,0,0,0,0,0,0,2,178,116,0,0,0,0,0,0,0,0,0,0,1
2025-12-23 01:45:06,0,0,32.25,0,16,1465,24.4167,59,0.983333,53,0.883333,0,0,0,0,0,0,0,0,2,181,134,0,0,0,0,0,0,0,0,0,0,1
2025-12-23 01:46:06,0,0,32.06,0,16,9,0.15,0,0,2,0.0333333,0,0,0,0,0,0,0,0,2,212,153,0,0,0,0,0,0,0,0,0,0,1
2025-12-23 01:47:06,0,0,31.94,0,16,0,0,0,0,0,0,0,0,0,0,0,0,0,0,1,211,151,0,0,0,0,0,0,0,0,0,0,1
2025-12-23 01:48:06,0,0,31.88,0,16,79,1.31667,0,0,8,0.133333,0,0,0,0,0,0,0,0,1,211,151,0,0,0,0,0,0,0,0,0,0,1
2025-12-23 01:49:06,0,0,31.81,0,16,0,0,0,0,0,0,0,0,0,0,0,0,0,0,1,213,153,0,0,0,0,0,0,0,0,0,0,1
2025-12-23 01:50:06,0,0,31.69,0,16,0,0,0,0,0,0,0,0,0,0,0,0,0,0,1,213,153,0,0,0,0,0,0,0,0,0,0,1
2025-12-23 01:51:06,0,0,31.62,0,16,0,0,0,0,0,0,0,0,0,0,0,0,0,0,1,214,153,0,0,0,0,0,0,0,0,0,0,1
2025-12-23 01:52:06,0,0,31.5,0,16,9,0.15,0,0,0,0,0,0,0,0,0,0,0,0,1,216,155,0,0,0,0,0,0,0,0,0,0,1
2025-12-23 01:53:06,0,0,31.5,0,16,0,0,0,0,0,0,0,0,0,0,0,0,0,0,1,215,153,0,0,0,0,0,0,0,0,0,0,1
2025-12-23 01:54:06,0,0,31.38,0,16,20,0.333333,0,0,4,0.0666667,0,0,0,0,0,0,0,0,1,218,157,0,0,0,0,0,0,0,0,0,0,1
2025-12-23 01:55:06,0,0,31.38,0,16,0,0,0,0,0,0,0,0,0,0,0,0,0,0,1,217,155,0,0,0,0,0,0,0,0,0,0,1
2025-12-23 01:56:06,0,0,31.25,0,16,14,0.233333,0,0,1,0.0166667,0,0,0,0,0,0,0,0,1,218,157,0,0,0,0,0,0,0,0,0,0,1
2025-12-23 01:57:06,0,0,31.38,0,16,327,5.45,13,0.216667,18,0.3,0,0,0,0,0,0,0,0,1,187,133,0,0,0,0,0,0,0,0,0,0,1
2025-12-23 01:58:06,0,0,31.31,0,16,0,0,0,0,0,0,0,0,0,0,0,0,0,0,1,182,128,0,0,0,0,0,0,0,0,0,0,1
2025-12-23 01:59:06,0,0,31.19,0,16,0,0,0,0,0,0,0,0,0,0,0,0,0,0,1,181,125,0,0,0,0,0,0,0,0,0,0,1
2025-12-23 02:00:06,0,0,31.06,0,16,0,0,0,0,0,0,0,0,0,0,0,0,0,0,1,179,121,0,0,0,0,0,0,0,0,0,0,1
2025-12-23 02:01:06,0,0,30.88,0,16,4,0.0666667,0,0,0,0,0,0,0,0,0,0,0,0,1,177,119,0,0,0,0,0,0,0,0,0,0,1
2025-12-23 02:02:06,0,0,30.75,0,16,0,0,0,0,0,0,0,0,0,0,0,0,0,0,1,176,117,0,0,0,0,0,0,0,0,0,0,1
2025-12-23 02:03:06,0,0,30.62,0,16,292,4.86667,9,0.15,13,0.216667,0,0,0,0,0,0,0,0,1,175,115,0,0,0,0,0,0,0,0,0,0,1
2025-12-23 02:04:06,0,0,30.12,0,16,823,13.7167,16,0.266667,58,0.966667,0,0,0,0,0,0,0,0,1,219,159,0,0,0,0,0,0,0,0,0,0,1
2025-12-23 02:05:06,0,0,29.88,0,16,0,0,0,0,0,0,0,0,0,0,0,0,0,0,2,217,158,0,0,0,0,0,0,0,0,0,0,1
2025-12-23 02:06:06,0,0,29.75,0,16,0,0,0,0,0,0,0,0,0,0,0,0,0,0,2,216,158,0,0,0,0,0,0,0,0,0,0,1
2025-12-23 02:07:06,0,0,29.69,0,16,3401,56.6833,127,2.11667,192,3.2,0,0,0,0,0,0,0,0,2,193,137,0,0,0,0,0,0,0,0,0,0,1
2025-12-23 02:08:06,0,0,29.56,0,16,0,0,0,0,0,0,0,0,0,0,0,0,0,0,2,177,121,0,0,0,0,0,0,0,0,0,0,1
2025-12-23 02:09:06,0,0,29.94,0,16,3346,55.7667,96,1.6,219,3.65,0,0,0,0,0,0,0,0,2,163,108,0,0,0,0,0,0,0,0,0,0,1
2025-12-23 02:10:06,0,0,30.12,0,16,0,0,0,0,0,0,0,0,0,0,0,0,0,0,2,147,102,0,0,0,0,0,0,0,0,0,0,1
2025-12-23 02:11:06,0,0,30.19,0,8,0,0,0,0,0,0,0,0,0,0,0,0,0,0,2,146,101,0,0,0,0,0,0,0,0,0,0,1
2025-12-23 02:12:06,0,0,30.25,0,8,1218,20.3,42,0.7,93,1.55,0,0,0,0,0,0,0,0,2,162,103,0,0,0,0,0,0,0,0,0,0,1
2025-12-23 02:13:06,0,0,30.44,0,16,2001,33.35,44,0.733333,140,2.33333,0,0,0,0,0,0,0,0,2,161,117,0,0,0,0,0,0,0,0,0,0,1
2025-12-23 02:14:06,0,0,30.5,0,16,0,0,0,0,0,0,0,0,0,0,0,0,0,0,1,155,111,0,0,0,0,0,0,0,0,0,0,1
2025-12-23 02:15:06,0,0,30.5,0,16,0,0,0,0,0,0,0,0,0,0,0,0,0,0,1,152,109,0,0,0,0,0,0,0,0,0,0,1
2025-12-23 02:16:06,0,0,30.5,0,16,0,0,0,0,0,0,0,0,0,0,0,0,0,0,1,151,107,0,0,0,0,0,0,0,0,0,0,1
2025-12-23 02:17:06,0,0,30.5,0,16,0,0,0,0,0,0,0,0,0,0,0,0,0,0,1,150,106,0,0,0,0,0,0,0,0,0,0,1
2025-12-23 02:18:06,0,0,30.44,0,16,0,0,0,0,0,0,0,0,0,0,0,0,0,0,1,149,105,0,0,0,0,0,0,0,0,0,0,1
2025-12-23 02:19:06,0,0,30.44,0,16,0,0,0,0,0,0,0,0,0,0,0,0,0,0,1,148,105,0,0,0,0,0,0,0,0,0,0,1
2025-12-23 02:20:06,0,0,30.5,0,16,0,0,0,0,0,0,0,0,0,0,0,0,0,0,1,147,105,0,0,0,0,0,0,0,0,0,0,1
2025-12-23 02:21:06,0,0,30.5,0,16,0,0,0,0,0,0,0,0,0,0,0,0,0,0,1,147,105,0,0,0,0,0,0,0,0,0,0,1
2025-12-23 02:22:06,0,0,30.5,0,16,0,0,0,0,0,0,0,0,0,0,0,0,0,0,1,146,105,0,0,0,0,0,0,0,0,0,0,1
2025-12-23 02:23:06,0,0,30.5,0,16,0,0,0,0,0,0,0,0,0,0,0,0,0,0,1,146,105,0,0,0,0,0,0,0,0,0,0,1
2025-12-23 02:24:06,0,0,30.5,0,16,0,0,0,0,0,0,0,0,0,0,0,0,0,0,1,146,104,0,0,0,0,0,0,0,0,0,0,1
2025-12-23 02:25:06,0,0,30.56,0,16,0,0,0,0,0,0,0,0,0,0,0,0,0,0,1,145,104,0,0,0,0,0,0,0,0,0,0,1
2025-12-23 02:26:06,0,0,30.56,0,16,0,0,0,0,0,0,0,0,0,0,0,0,0,0,1,145,104,0,0,0,0,0,0,0,0,0,0,1
2025-12-23 02:27:06,0,0,30.56,0,16,0,0,0,0,0,0,0,0,0,0,0,0,0,0,1,145,104,0,0,0,0,0,0,0,0,0,0,1
2025-12-23 02:28:06,0,0,30.62,0,16,0,0,0,0,0,0,0,0,0,0,0,0,0,0,1,145,104,0,0,0,0,0,0,0,0,0,0,1
2025-12-23 02:29:06,0,0,30.62,0,16,0,0,0,0,0,0,0,0,0,0,0,0,0,0,1,145,104,0,0,0,0,0,0,0,0,0,0,1
2025-12-23 02:30:06,0,0,30.62,0,16,0,0,0,0,0,0,0,0,0,0,0,0,0,0,1,145,103,0,0,0,0,0,0,0,0,0,0,1
2025-12-23 02:31:06,0,0,30.62,0,16,0,0,0,0,0,0,0,0,0,0,0,0,0,0,1,144,104,0,0,0,0,0,0,0,0,0,0,1
2025-12-23 02:32:06,0,0,30.62,0,16,0,0,0,0,0,0,0,0,0,0,0,0,0,0,1,144,103,0,0,0,0,0,0,0,0,0,0,1
2025-12-23 02:33:06,0,0,30.62,0,16,0,0,0,0,0,0,0,0,0,0,0,0,0,0,1,144,103,0,0,0,0,0,0,0,0,0,0,1
2025-12-23 02:34:06,0,0,30.62,0,16,0,0,0,0,0,0,0,0,0,0,0,0,0,0,2,144,103,0,0,0,0,0,0,0,0,0,0,1
2025-12-23 02:35:06,0,0,30.56,0,16,1763,29.3833,56,0.933333,115,1.91667,0,0,0,0,0,0,0,0,2,207,152,0,0,0,0,0,0,0,0,0,0,1
2025-12-23 02:36:06,0,0,30.56,0,16,1859,30.9833,70,1.16667,86,1.43333,0,0,0,0,0,0,0,0,2,160,112,0,0,0,0,0,0,0,0,0,0,1
2025-12-23 02:37:06,0,0,30.62,0,16,3657,60.95,99,1.65,245,4.08333,0,0,0,0,0,0,0,0,2,151,109,0,0,0,0,0,0,0,0,0,0,1
2025-12-23 02:38:06,0,0,31,0,16,182,3.03333,1,0.0166667,21,0.35,0,0,0,0,0,0,0,0,2,140,103,0,0,0,0,0,0,0,0,0,0,1
2025-12-23 02:39:06,0,0,31.25,0,16,886,14.7667,23,0.383333,55,0.916667,0,0,0,0,0,0,0,0,2,143,101,0,0,0,0,0,0,0,0,0,0,1
2025-12-23 02:40:06,0,0,31.5,0,16,46,0.766667,0,0,5,0.0833333,0,0,0,0,0,0,0,0,2,142,100,0,0,0,0,0,0,0,0,0,0,1
2025-12-23 02:41:06,0,0,31.75,0,16,0,0,0,0,0,0,0,0,0,0,0,0,0,0,2,142,100,0,0,0,0,0,0,0,0,0,0,1
2025-12-23 02:42:06,0,0,32,0,16,1027,17.1167,25,0.416667,63,1.05,0,0,0,0,0,0,0,0,1,161,100,0,0,0,0,0,0,0,0,0,0,1
2025-12-23 02:43:06,0,0,32.19,0,16,0,0,0,0,0,0,0,0,0,0,0,0,0,0,1,155,101,0,0,0,0,0,0,0,0,0,0,1
2025-12-23 02:44:06,0,0,32.38,0,1,0,0,0,0,0,0,0,0,0,0,0,0,0,0,1,152,100,0,0,0,0,0,0,0,0,0,0,1
2025-12-23 02:45:06,0,0,32.5,0,1,0,0,0,0,0,0,0,0,0,0,0,0,0,0,1,153,100,0,0,0,0,0,0,0,0,0,0,1
2025-12-23 02:46:06,0,0,32.62,0,1,0,0,0,0,0,0,0,0,0,0,0,0,0,0,1,152,101,0,0,0,0,0,0,0,0,0,0,1
2025-12-23 02:47:06,0,0,32.75,0,1,0,0,0,0,0,0,0,0,0,0,0,0,0,0,1,152,101,0,0,0,0,0,0,0,0,0,0,1
2025-12-23 02:48:06,0,0,32.81,0,1,0,0,0,0,0,0,0,0,0,0,0,0,0,0,1,152,100,0,0,0,0,0,0,0,0,0,0,1
2025-12-23 02:49:06,0,0,32.94,0,1,0,0,0,0,0,0,0,0,0,0,0,0,0,0,1,153,101,0,0,0,0,0,0,0,0,0,0,1
2025-12-23 02:50:06,0,0,33,0,1,0,0,0,0,0,0,0,0,0,0,0,0,0,0,1,152,101,0,0,0,0,0,0,0,0,0,0,1
2025-12-23 02:51:06,0,0,33.12,0,1,0,0,0,0,0,0,0,0,0,0,0,0,0,0,1,152,101,0,0,0,0,0,0,0,0,0,0,1
2025-12-23 02:52:06,0,0,33.19,0,1,0,0,0,0,0,0,0,0,0,0,0,0,0,0,1,152,101,0,0,0,0,0,0,0,0,0,0,1
2025-12-23 02:53:06,0,0,33.25,0,1,0,0,0,0,0,0,0,0,0,0,0,0,0,0,1,152,101,0,0,0,0,0,0,0,0,0,0,1
2025-12-23 02:54:06,0,0,33.31,0,1,0,0,0,0,0,0,0,0,0,0,0,0,0,0,1,151,101,0,0,0,0,0,0,0,0,0,0,1
2025-12-23 02:55:06,0,0,33.44,0,1,0,0,0,0,0,0,0,0,0,0,0,0,0,0,1,150,101,0,0,0,0,0,0,0,0,0,0,1
2025-12-23 02:56:06,0,0,33.5,0,1,0,0,0,0,0,0,0,0,0,0,0,0,0,0,1,150,101,0,0,0,0,0,0,0,0,0,0,1
2025-12-23 02:57:06,0,0,33.56,0,1,0,0,0,0,0,0,0,0,0,0,0,0,0,0,1,149,101,0,0,0,0,0,0,0,0,0,0,1
2025-12-23 02:58:06,0,0,33.62,0,1,0,0,0,0,0,0,0,0,0,0,0,0,0,0,1,148,101,0,0,0,0,0,0,0,0,0,0,1
2025-12-23 02:59:06,0,0,33.69,0,1,0,0,0,0,0,0,0,0,0,0,0,0,0,0,1,147,100,0,0,0,0,0,0,0,0,0,0,1
2025-12-23 03:00:06,0,0,33.75,0,1,0,0,0,0,0,0,0,0,0,0,0,0,0,0,1,146,100,0,0,0,0,0,0,0,0,0,0,1
2025-12-23 03:01:06,0,0,33.81,0,1,0,0,0,0,0,0,0,0,0,0,0,0,0,0,1,146,100,0,0,0,0,0,0,0,0,0,0,1
2025-12-23 03:02:06,0,0,33.88,0,1,0,0,0,0,0,0,0,0,0,0,0,0,0,0,1,145,99,0,0,0,0,0,0,0,0,0,0,1
2025-12-23 03:03:06,0,0,33.94,0,1,0,0,0,0,0,0,0,0,0,0,0,0,0,0,1,146,100,0,0,0,0,0,0,0,0,0,0,1
2025-12-23 03:04:06,0,0,33.94,0,1,0,0,0,0,0,0,0,0,0,0,0,0,0,0,1,145,99,0,0,0,0,0,0,0,0,0,0,1
2025-12-23 03:05:06,0,0,34,0,1,0,0,0,0,0,0,0,0,0,0,0,0,0,0,1,144,100,0,0,0,0,0,0,0,0,0,0,1
2025-12-23 03:06:06,0,0,34,0,1,0,0,0,0,0,0,0,0,0,0,0,0,0,0,1,144,100,0,0,0,0,0,0,0,0,0,0,1
2025-12-23 03:07:06,0,0,34.06,0,1,0,0,0,0,0,0,0,0,0,0,0,0,0,0,1,144,100,0,0,0,0,0,0,0,0,0,0,1
2025-12-23 03:08:06,0,0,34.12,0,1,0,0,0,0,0,0,0,0,0,0,0,0,0,0,2,144,100,0,0,0,0,0,0,0,0,0,0,1
2025-12-23 03:09:06,0,0,34.06,0,16,2901,48.35,113,1.88333,157,2.61667,0,0,0,0,0,0,0,0,2,139,100,0,0,0,0,0,0,0,0,0,0,1
2025-12-23 03:10:06,0,0,33.94,0,16,2011,33.5167,50,0.833333,114,1.9,0,0,0,0,0,0,0,0,2,161,130,0,0,0,0,0,0,0,0,0,0,1
2025-12-23 03:11:06,0,0,33.62,0,16,0,0,0,0,0,0,0,0,0,0,0,0,0,0,2,161,129,0,0,0,0,0,0,0,0,0,0,1
2025-12-23 03:12:06,0,0,33.31,0,16,0,0,0,0,0,0,0,0,0,0,0,0,0,0,2,163,128,0,0,0,0,0,0,0,0,0,0,1
2025-12-23 03:13:06,0,0,32.94,0,16,0,0,0,0,0,0,0,0,0,0,0,0,0,0,2,165,128,0,0,0,0,0,0,0,0,0,0,1
2025-12-23 03:14:06,0,0,32.62,0,16,36,0.6,0,0,3,0.05,0,0,0,0,0,0,0,0,1,166,125,0,0,0,0,0,0,0,0,0,0,1
2025-12-23 03:15:06,0,0,32.31,0,16,53,0.883333,0,0,3,0.05,0,0,0,0,0,0,0,0,1,167,122,0,0,0,0,0,0,0,0,0,0,1
2025-12-23 03:16:06,0,0,32,0,16,0,0,0,0,0,0,0,0,0,0,0,0,0,0,1,171,128,0,0,0,0,0,0,0,0,0,0,1
2025-12-23 03:17:06,0,0,31.75,0,16,9,0.15,0,0,2,0.0333333,0,0,0,0,0,0,0,0,1,172,128,0,0,0,0,0,0,0,0,0,0,1
2025-12-23 03:18:06,0,0,31.5,0,16,417,6.95,13,0.216667,27,0.45,0,0,0,0,0,0,0,0,1,177,135,0,0,0,0,0,0,0,0,0,0,1
2025-12-23 03:19:06,0,0,31.31,0,16,0,0,0,0,0,0,0,0,0,0,0,0,0,0,1,175,134,0,0,0,0,0,0,0,0,0,0,1
2025-12-23 03:20:06,0,0,31.12,0,16,0,0,0,0,0,0,0,0,0,0,0,0,0,0,1,177,134,0,0,0,0,0,0,0,0,0,0,1
2025-12-23 03:21:06,0,0,31,0,16,0,0,0,0,0,0,0,0,0,0,0,0,0,0,1,181,134,0,0,0,0,0,0,0,0,0,0,1
2025-12-23 03:22:06,0,0,30.81,0,16,0,0,0,0,0,0,0,0,0,0,0,0,0,0,1,185,136,0,0,0,0,0,0,0,0,0,0,1
2025-12-23 03:23:06,0,0,30.62,0,16,18,0.3,0,0,1,0.0166667,0,0,0,0,0,0,0,0,1,184,136,0,0,0,0,0,0,0,0,0,0,1
2025-12-23 03:24:06,0,0,30.56,0,16,3,0.05,0,0,0,0,0,0,0,0,0,0,0,0,1,183,130,0,0,0,0,0,0,0,0,0,0,1
2025-12-23 03:25:06,0,0,30.44,0,16,17,0.283333,0,0,0,0,0,0,0,0,0,0,0,0,1,185,134,0,0,0,0,0,0,0,0,0,0,1
2025-12-23 03:26:06,0,0,30.31,0,16,0,0,0,0,0,0,0,0,0,0,0,0,0,0,1,183,133,0,0,0,0,0,0,0,0,0,0,1
2025-12-23 03:27:06,0,0,30.19,0,16,0,0,0,0,0,0,0,0,0,0,0,0,0,0,1,185,133,0,0,0,0,0,0,0,0,0,0,1
2025-12-23 03:28:06,0,0,30.12,0,16,0,0,0,0,0,0,0,0,0,0,0,0,0,0,1,184,131,0,0,0,0,0,0,0,0,0,0,1
2025-12-23 03:29:06,0,0,30,0,16,0,0,0,0,0,0,0,0,0,0,0,0,0,0,1,186,133,0,0,0,0,0,0,0,0,0,0,1
2025-12-23 03:30:06,0,0,29.94,0,16,0,0,0,0,0,0,0,0,0,0,0,0,0,0,1,186,132,0,0,0,0,0,0,0,0,0,0,1
2025-12-23 03:31:06,0,0,29.88,0,16,0,0,0,0,0,0,0,0,0,0,0,0,0,0,1,185,131,0,0,0,0,0,0,0,0,0,0,1
2025-12-23 03:32:06,0,0,29.81,0,16,0,0,0,0,0,0,0,0,0,0,0,0,0,0,1,186,132,0,0,0,0,0,0,0,0,0,0,1
2025-12-23 03:33:06,0,0,29.75,0,16,3,0.05,0,0,0,0,0,0,0,0,0,0,0,0,1,187,132,0,0,0,0,0,0,0,0,0,0,1
2025-12-23 03:34:06,0,0,29.69,0,16,0,0,0,0,0,0,0,0,0,0,0,0,0,0,1,187,130,0,0,0,0,0,0,0,0,0,0,1
2025-12-23 03:35:06,0,0,29.62,0,16,0,0,0,0,0,0,0,0,0,0,0,0,0,0,1,188,131,0,0,0,0,0,0,0,0,0,0,1
2025-12-23 03:36:06,0,0,29.56,0,16,0,0,0,0,0,0,0,0,0,0,0,0,0,0,1,188,131,0,0,0,0,0,0,0,0,0,0,1
2025-12-23 03:37:06,0,0,29.5,0,16,0,0,0,0,0,0,0,0,0,0,0,0,0,0,1,186,129,0,0,0,0,0,0,0,0,0,0,1
2025-12-23 03:38:06,0,0,29.44,0,16,0,0,0,0,0,0,0,0,0,0,0,0,0,0,1,188,129,0,0,0,0,0,0,0,0,0,0,1
2025-12-23 03:39:06,0,0,29.38,0,16,0,0,0,0,0,0,0,0,0,0,0,0,0,0,1,188,130,0,0,0,0,0,0,0,0,0,0,1
2025-12-23 03:40:06,0,0,29.31,0,16,0,0,0,0,0,0,0,0,0,0,0,0,0,0,1,187,129,0,0,0,0,0,0,0,0,0,0,1
2025-12-23 03:41:06,0,0,29.25,0,16,0,0,0,0,0,0,0,0,0,0,0,0,0,0,1,186,129,0,0,0,0,0,0,0,0,0,0,1
2025-12-23 03:42:06,0,0,29.19,0,16,0,0,0,0,0,0,0,0,0,0,0,0,0,0,1,184,128,0,0,0,0,0,0,0,0,0,0,1
2025-12-23 03:43:06,0,0,29.12,0,16,0,0,0,0,0,0,0,0,0,0,0,0,0,0,1,188,130,0,0,0,0,0,0,0,0,0,0,1
2025-12-23 03:44:06,0,0,29.06,0,16,0,0,0,0,0,0,0,0,0,0,0,0,0,0,1,188,130,0,0,0,0,0,0,0,0,0,0,1
2025-12-23 03:45:06,0,0,29.06,0,16,0,0,0,0,0,0,0,0,0,0,0,0,0,0,1,190,131,0,0,0,0,0,0,0,0,0,0,1
2025-12-23 03:46:06,0,0,29,0,16,0,0,0,0,0,0,0,0,0,0,0,0,0,0,1,187,130,0,0,0,0,0,0,0,0,0,0,1
2025-12-23 03:47:06,0,0,28.94,0,16,0,0,0,0,0,0,0,0,0,0,0,0,0,0,1,188,130,0,0,0,0,0,0,0,0,0,0,1
2025-12-23 03:48:06,0,0,28.88,0,16,0,0,0,0,0,0,0,0,0,0,0,0,0,0,1,187,129,0,0,0,0,0,0,0,0,0,0,1
2025-12-23 03:49:06,0,0,28.88,0,16,0,0,0,0,0,0,0,0,0,0,0,0,0,0,1,186,128,0,0,0,0,0,0,0,0,0,0,1
2025-12-23 03:50:06,0,0,28.81,0,16,0,0,0,0,0,0,0,0,0,0,0,0,0,0,1,188,129,0,0,0,0,0,0,0,0,0,0,1
2025-12-23 03:51:06,0,0,28.81,0,16,0,0,0,0,0,0,0,0,0,0,0,0,0,0,1,190,130,0,0,0,0,0,0,0,0,0,0,1
2025-12-23 03:52:06,0,0,28.75,0,16,0,0,0,0,0,0,0,0,0,0,0,0,0,0,1,188,130,0,0,0,0,0,0,0,0,0,0,1
2025-12-23 03:53:06,0,0,28.69,0,16,0,0,0,0,0,0,0,0,0,0,0,0,0,0,1,193,134,0,0,0,0,0,0,0,0,0,0,1
2025-12-23 03:54:06,0,0,28.62,0,16,0,0,0,0,0,0,0,0,0,0,0,0,0,0,1,190,130,0,0,0,0,0,0,0,0,0,0,1
2025-12-23 03:55:06,0,0,28.62,0,16,0,0,0,0,0,0,0,0,0,0,0,0,0,0,1,190,129,0,0,0,0,0,0,0,0,0,0,1
2025-12-23 03:56:06,0,0,28.56,0,16,0,0,0,0,0,0,0,0,0,0,0,0,0,0,1,192,132,0,0,0,0,0,0,0,0,0,0,1
2025-12-23 03:57:06,0,0,28.5,0,16,0,0,0,0,0,0,0,0,0,0,0,0,0,0,1,192,131,0,0,0,0,0,0,0,0,0,0,1
2025-12-23 03:58:06,0,0,28.5,0,16,0,0,0,0,0,0,0,0,0,0,0,0,0,0,2,194,132,0,0,0,0,0,0,0,0,0,0,1
2025-12-23 03:59:06,0,0,28.44,0,16,3786,63.1,120,2,223,3.71667,0,0,0,0,0,0,0,0,2,196,144,0,0,0,0,0,0,0,0,0,0,1
2025-12-23 04:00:06,0,0,28.5,0,16,9,0.15,0,0,2,0.0333333,0,0,0,0,0,0,0,0,2,187,130,0,0,0,0,0,0,0,0,0,0,1
2025-12-23 04:01:06,0,0,28.75,0,16,0,0,0,0,0,0,0,0,0,0,0,0,0,0,1,166,112,0,0,0,0,0,0,0,0,0,0,1
2025-12-23 04:02:06,0,0,29,0,16,0,0,0,0,0,0,0,0,0,0,0,0,0,0,2,172,110,0,0,0,0,0,0,0,0,0,0,1
2025-12-23 04:03:06,0,0,29.44,0,16,547,9.11667,9,0.15,32,0.533333,0,0,0,0,0,0,0,0,2,161,106,0,0,0,0,0,0,0,0,0,0,1
2025-12-23 04:04:06,0,0,29.69,0,16,1167,19.45,31,0.516667,95,1.58333,0,0,0,0,0,0,0,0,1,191,140,0,0,0,0,0,0,0,0,0,0,1
2025-12-23 04:05:06,0,0,29.88,0,16,6,0.1,0,0,0,0,0,0,0,0,0,0,0,0,1,170,103,0,0,0,0,0,0,0,0,0,0,1
2025-12-23 04:06:06,0,0,30,0,16,0,0,0,0,0,0,0,0,0,0,0,0,0,0,1,169,103,0,0,0,0,0,0,0,0,0,0,1
2025-12-23 04:07:06,0,0,30.12,0,16,0,0,0,0,0,0,0,0,0,0,0,0,0,0,2,169,103,0,0,0,0,0,0,0,0,0,0,1
2025-12-23 04:08:06,0,0,30.31,0,16,0,0,0,0,0,0,0,0,0,0,0,0,0,0,2,169,103,0,0,0,0,0,0,0,0,0,0,1
2025-12-23 04:09:06,0,0,30.62,0,16,3442,57.3667,125,2.08333,184,3.06667,0,0,0,0,0,0,0,0,2,143,102,0,0,0,0,0,0,0,0,0,0,1
2025-12-23 04:10:06,0,0,30.94,0,16,0,0,0,0,0,0,0,0,0,0,0,0,0,0,2,141,101,0,0,0,0,0,0,0,0,0,0,1
2025-12-23 04:11:06,0,0,31.25,0,16,0,0,0,0,0,0,0,0,0,0,0,0,0,0,1,141,100,0,0,0,0,0,0,0,0,0,0,1
2025-12-23 04:12:06,0,0,31.5,0,16,0,0,0,0,0,0,0,0,0,0,0,0,0,0,1,141,100,0,0,0,0,0,0,0,0,0,0,1
2025-12-23 04:13:06,0,0,31.81,0,16,0,0,0,0,0,0,0,0,0,0,0,0,0,0,2,140,100,0,0,0,0,0,0,0,0,0,0,1
2025-12-23 04:14:06,0,0,32.06,0,16,0,0,0,0,0,0,0,0,0,0,0,0,0,0,1,140,100,0,0,0,0,0,0,0,0,0,0,1
2025-12-23 04:15:06,0,0,32.25,0,16,0,0,0,0,0,0,0,0,0,0,0,0,0,0,1,140,101,0,0,0,0,0,0,0,0,0,0,1
2025-12-23 04:16:06,0,0,32.5,0,16,0,0,0,0,0,0,0,0,0,0,0,0,0,0,1,140,101,0,0,0,0,0,0,0,0,0,0,1
2025-12-23 04:17:06,0,0,32.69,0,16,0,0,0,0,0,0,0,0,0,0,0,0,0,0,1,140,100,0,0,0,0,0,0,0,0,0,0,1
2025-12-23 04:18:06,0,0,32.81,0,16,0,0,0,0,0,0,0,0,0,0,0,0,0,0,1,139,101,0,0,0,0,0,0,0,0,0,0,1
2025-12-23 04:19:06,0,0,33,0,16,0,0,0,0,0,0,0,0,0,0,0,0,0,0,1,140,101,0,0,0,0,0,0,0,0,0,0,1
2025-12-23 04:20:06,0,0,33.12,0,16,0,0,0,0,0,0,0,0,0,0,0,0,0,0,1,139,101,0,0,0,0,0,0,0,0,0,0,1
2025-12-23 04:21:06,0,0,33.31,0,16,0,0,0,0,0,0,0,0,0,0,0,0,0,0,1,139,101,0,0,0,0,0,0,0,0,0,0,1
2025-12-23 04:22:06,0,0,33.44,0,16,0,0,0,0,0,0,0,0,0,0,0,0,0,0,1,139,100,0,0,0,0,0,0,0,0,0,0,1
2025-12-23 04:23:06,0,0,33.5,0,16,0,0,0,0,0,0,0,0,0,0,0,0,0,0,1,139,100,0,0,0,0,0,0,0,0,0,0,1
2025-12-23 04:24:06,0,0,33.62,0,16,623,10.3833,19,0.316667,42,0.7,0,0,0,0,0,0,0,0,1,152,100,0,0,0,0,0,0,0,0,0,0,1
2025-12-23 04:25:06,0,0,33.69,0,16,0,0,0,0,0,0,0,0,0,0,0,0,0,0,1,141,101,0,0,0,0,0,0,0,0,0,0,1
2025-12-23 04:26:06,0,0,33.75,0,16,0,0,0,0,0,0,0,0,0,0,0,0,0,0,1,140,100,0,0,0,0,0,0,0,0,0,0,1
2025-12-23 04:27:06,0,0,33.81,0,16,780,13,23,0.383333,39,0.65,0,0,0,0,0,0,0,0,1,145,100,0,0,0,0,0,0,0,0,0,0,1
2025-12-23 04:28:06,0,0,33.81,0,8,0,0,0,0,0,0,0,0,0,0,0,0,0,0,1,139,100,0,0,0,0,0,0,0,0,0,0,1
2025-12-23 04:29:06,0,0,33.81,0,8,0,0,0,0,0,0,0,0,0,0,0,0,0,0,1,139,100,0,0,0,0,0,0,0,0,0,0,1
2025-12-23 04:30:06,0,0,33.81,0,8,0,0,0,0,0,0,0,0,0,0,0,0,0,0,1,139,100,0,0,0,0,0,0,0,0,0,0,1
2025-12-23 04:31:06,0,0,33.88,0,8,0,0,0,0,0,0,0,0,0,0,0,0,0,0,1,139,100,0,0,0,0,0,0,0,0,0,0,1
2025-12-23 04:32:06,0,0,33.88,0,8,0,0,0,0,0,0,0,0,0,0,0,0,0,0,1,138,99,0,0,0,0,0,0,0,0,0,0,1
2025-12-23 04:33:06,0,0,33.94,0,8,0,0,0,0,0,0,0,0,0,0,0,0,0,0,1,138,100,0,0,0,0,0,0,0,0,0,0,1
2025-12-23 04:34:06,0,0,34,0,8,0,0,0,0,0,0,0,0,0,0,0,0,0,0,1,138,99,0,0,0,0,0,0,0,0,0,0,1
2025-12-23 04:35:06,0,0,34.06,0,8,0,0,0,0,0,0,0,0,0,0,0,0,0,0,1,138,100,0,0,0,0,0,0,0,0,0,0,1
2025-12-23 04:36:06,0,0,34.06,0,8,0,0,0,0,0,0,0,0,0,0,0,0,0,0,1,138,100,0,0,0,0,0,0,0,0,0,0,1
2025-12-23 04:37:06,0,0,34.12,0,8,0,0,0,0,0,0,0,0,0,0,0,0,0,0,1,138,100,0,0,0,0,0,0,0,0,0,0,1
2025-12-23 04:38:06,0,0,34.12,0,8,0,0,0,0,0,0,0,0,0,0,0,0,0,0,1,138,100,0,0,0,0,0,0,0,0,0,0,1
2025-12-23 04:39:06,0,0,34.19,0,8,0,0,0,0,0,0,0,0,0,0,0,0,0,0,1,138,100,0,0,0,0,0,0,0,0,0,0,1
2025-12-23 04:40:06,0,0,34.19,0,8,0,0,0,0,0,0,0,0,0,0,0,0,0,0,1,137,100,0,0,0,0,0,0,0,0,0,0,1
2025-12-23 04:41:06,0,0,34.19,0,8,0,0,0,0,0,0,0,0,0,0,0,0,0,0,1,137,99,0,0,0,0,0,0,0,0,0,0,1
2025-12-23 04:42:06,0,0,34.25,0,8,0,0,0,0,0,0,0,0,0,0,0,0,0,0,1,137,99,0,0,0,0,0,0,0,0,0,0,1
2025-12-23 04:43:06,0,0,34.25,0,8,0,0,0,0,0,0,0,0,0,0,0,0,0,0,1,137,99,0,0,0,0,0,0,0,0,0,0,1
2025-12-23 04:44:06,0,0,34.25,0,8,0,0,0,0,0,0,0,0,0,0,0,0,0,0,1,137,99,0,0,0,0,0,0,0,0,0,0,1
2025-12-23 04:45:06,0,0,34.25,0,8,0,0,0,0,0,0,0,0,0,0,0,0,0,0,1,137,100,0,0,0,0,0,0,0,0,0,0,1
2025-12-23 04:46:06,0,0,34.25,0,8,0,0,0,0,0,0,0,0,0,0,0,0,0,0,1,137,100,0,0,0,0,0,0,0,0,0,0,1
2025-12-23 04:47:06,0,0,34.25,0,8,0,0,0,0,0,0,0,0,0,0,0,0,0,0,1,137,99,0,0,0,0,0,0,0,0,0,0,1
2025-12-23 04:48:06,0,0,34.31,0,8,0,0,0,0,0,0,0,0,0,0,0,0,0,0,1,137,99,0,0,0,0,0,0,0,0,0,0,1
2025-12-23 04:49:06,0,0,34.31,0,8,0,0,0,0,0,0,0,0,0,0,0,0,0,0,1,137,100,0,0,0,0,0,0,0,0,0,0,1
2025-12-23 04:50:06,0,0,34.31,0,8,0,0,0,0,0,0,0,0,0,0,0,0,0,0,1,137,99,0,0,0,0,0,0,0,0,0,0,1
2025-12-23 04:51:06,0,0,34.31,0,8,4,0.0666667,0,0,0,0,0,0,0,0,0,0,0,0,1,137,99,0,0,0,0,0,0,0,0,0,0,1
2025-12-23 04:52:06,0,0,34.31,0,1,1821,30.35,69,1.15,102,1.7,0,0,0,0,0,0,0,0,2,151,100,0,0,0,0,0,0,0,0,0,0,1
2025-12-23 04:53:06,0,0,34.25,0,1,0,0,0,0,0,0,0,0,0,0,0,0,0,0,1,148,100,0,0,0,0,0,0,0,0,0,0,1
2025-12-23 04:54:06,0,0,34.12,0,1,4,0.0666667,0,0,0,0,0,0,0,0,0,0,0,0,1,144,99,0,0,0,0,0,0,0,0,0,0,1
2025-12-23 04:55:06,0,0,34.06,0,1,0,0,0,0,0,0,0,0,0,0,0,0,0,0,1,144,100,0,0,0,0,0,0,0,0,0,0,1
2025-12-23 04:56:06,0,0,34,0,1,959,15.9833,23,0.383333,70,1.16667,0,0,0,0,0,0,0,0,2,139,100,0,0,0,0,0,0,0,0,0,0,1
2025-12-23 04:57:06,0,0,33.88,0,1,17,0.283333,0,0,1,0.0166667,0,0,0,0,0,0,0,0,1,138,99,0,0,0,0,0,0,0,0,0,0,1
2025-12-23 04:58:06,0,0,33.81,0,1,0,0,0,0,0,0,0,0,0,0,0,0,0,0,1,138,100,0,0,0,0,0,0,0,0,0,0,1
2025-12-23 04:59:06,0,0,33.75,0,1,3,0.05,0,0,0,0,0,0,0,0,0,0,0,0,1,138,99,0,0,0,0,0,0,0,0,0,0,1
2025-12-23 05:00:06,0,0,33.69,0,1,0,0,0,0,0,0,0,0,0,0,0,0,0,0,2,138,99,0,0,0,0,0,0,0,0,0,0,1
2025-12-23 05:01:06,0,0,33.69,0,1,1242,20.7,41,0.683333,85,1.41667,0,0,0,0,0,0,0,0,2,143,100,0,0,0,0,0,0,0,0,0,0,1
2025-12-23 05:02:06,0,0,33.62,0,1,1879,31.3167,67,1.11667,109,1.81667,0,0,0,0,0,0,0,0,2,144,100,0,0,0,0,0,0,0,0,0,0,1
2025-12-23 05:03:06,0,0,33.5,0,16,196,3.26667,1,0.0166667,23,0.383333,0,0,0,0,0,0,0,0,1,136,100,0,0,0,0,0,0,0,0,0,0,1
2025-12-23 05:04:06,0,0,33.31,0,16,0,0,0,0,0,0,0,0,0,0,0,0,0,0,1,136,99,0,0,0,0,0,0,0,0,0,0,1
2025-12-23 05:05:06,0,0,33.19,0,16,0,0,0,0,0,0,0,0,0,0,0,0,0,0,1,136,100,0,0,0,0,0,0,0,0,0,0,1
2025-12-23 05:06:06,0,0,33.12,0,16,0,0,0,0,0,0,0,0,0,0,0,0,0,0,1,136,100,0,0,0,0,0,0,0,0,0,0,1
2025-12-23 05:07:06,0,0,33.06,0,16,0,0,0,0,0,0,0,0,0,0,0,0,0,0,1,136,100,0,0,0,0,0,0,0,0,0,0,1
2025-12-23 05:08:06,0,0,33,0,16,0,0,0,0,0,0,0,0,0,0,0,0,0,0,1,136,100,0,0,0,0,0,0,0,0,0,0,1
2025-12-23 05:09:06,0,0,32.94,0,16,0,0,0,0,0,0,0,0,0,0,0,0,0,0,1,136,100,0,0,0,0,0,0,0,0,0,0,1
2025-12-23 05:10:06,0,0,32.94,0,16,0,0,0,0,0,0,0,0,0,0,0,0,0,0,1,136,99,0,0,0,0,0,0,0,0,0,0,1
2025-12-23 05:11:06,0,0,32.94,0,16,0,0,0,0,0,0,0,0,0,0,0,0,0,0,1,136,100,0,0,0,0,0,0,0,0,0,0,1
2025-12-23 05:12:06,0,0,32.94,0,16,0,0,0,0,0,0,0,0,0,0,0,0,0,0,1,136,100,0,0,0,0,0,0,0,0,0,0,1
2025-12-23 05:13:06,0,0,32.94,0,16,0,0,0,0,0,0,0,0,0,0,0,0,0,0,1,136,100,0,0,0,0,0,0,0,0,0,0,1
2025-12-23 05:14:06,0,0,32.94,0,16,0,0,0,0,0,0,0,0,0,0,0,0,0,0,1,136,99,0,0,0,0,0,0,0,0,0,0,1
2025-12-23 05:15:06,0,0,32.94,0,16,8,0.133333,0,0,2,0.0333333,0,0,0,0,0,0,0,0,1,136,100,0,0,0,0,0,0,0,0,0,0,1
2025-12-23 05:16:06,0,0,33,0,16,0,0,0,0,0,0,0,0,0,0,0,0,0,0,1,136,100,0,0,0,0,0,0,0,0,0,0,1
2025-12-23 05:17:06,0,0,33,0,16,0,0,0,0,0,0,0,0,0,0,0,0,0,0,1,136,100,0,0,0,0,0,0,0,0,0,0,1
2025-12-23 05:18:06,0,0,33,0,16,0,0,0,0,0,0,0,0,0,0,0,0,0,0,1,136,100,0,0,0,0,0,0,0,0,0,0,1
2025-12-23 05:19:06,0,0,33,0,16,0,0,0,0,0,0,0,0,0,0,0,0,0,0,1,136,100,0,0,0,0,0,0,0,0,0,0,1
2025-12-23 05:20:06,0,0,33.06,0,16,0,0,0,0,0,0,0,0,0,0,0,0,0,0,1,136,100,0,0,0,0,0,0,0,0,0,0,1
2025-12-23 05:21:06,0,0,33.06,0,16,0,0,0,0,0,0,0,0,0,0,0,0,0,0,1,136,100,0,0,0,0,0,0,0,0,0,0,1
2025-12-23 05:22:06,0,0,33.06,0,16,0,0,0,0,0,0,0,0,0,0,0,0,0,0,1,136,100,0,0,0,0,0,0,0,0,0,0,1
2025-12-23 05:23:06,0,0,33,0,16,0,0,0,0,0,0,0,0,0,0,0,0,0,0,1,136,99,0,0,0,0,0,0,0,0,0,0,1
2025-12-23 05:24:06,0,0,33,0,16,0,0,0,0,0,0,0,0,0,0,0,0,0,0,1,136,99,0,0,0,0,0,0,0,0,0,0,1
2025-12-23 05:25:06,0,0,33,0,16,0,0,0,0,0,0,0,0,0,0,0,0,0,0,1,136,100,0,0,0,0,0,0,0,0,0,0,1
2025-12-23 05:26:06,0,0,33,0,16,0,0,0,0,0,0,0,0,0,0,0,0,0,0,1,136,99,0,0,0,0,0,0,0,0,0,0,1
2025-12-23 05:27:06,0,0,33,0,16,11,0.183333,0,0,1,0.0166667,0,0,0,0,0,0,0,0,1,136,100,0,0,0,0,0,0,0,0,0,0,1
2025-12-23 05:28:06,0,0,33,0,16,0,0,0,0,0,0,0,0,0,0,0,0,0,0,1,136,100,0,0,0,0,0,0,0,0,0,0,1
2025-12-23 05:29:06,0,0,33,0,16,0,0,0,0,0,0,0,0,0,0,0,0,0,0,1,136,100,0,0,0,0,0,0,0,0,0,0,1
2025-12-23 05:30:06,0,0,33,0,16,247,4.11667,4,0.0666667,15,0.25,0,0,0,0,0,0,0,0,1,145,100,0,0,0,0,0,0,0,0,0,0,1
2025-12-23 05:31:06,0,0,32.81,0,16,0,0,0,0,0,0,0,0,0,0,0,0,0,0,1,143,100,0,0,0,0,0,0,0,0,0,0,1
2025-12-23 05:32:06,0,0,32.62,0,16,0,0,0,0,0,0,0,0,0,0,0,0,0,0,1,142,100,0,0,0,0,0,0,0,0,0,0,1
2025-12-23 05:33:06,0,0,32.44,0,16,0,0,0,0,0,0,0,0,0,0,0,0,0,0,1,142,100,0,0,0,0,0,0,0,0,0,0,1
2025-12-23 05:34:06,0,0,32.25,0,16,4,0.0666667,0,0,0,0,0,0,0,0,0,0,0,0,1,142,100,0,0,0,0,0,0,0,0,0,0,1
2025-12-23 05:35:06,0,0,32.06,0,16,0,0,0,0,0,0,0,0,0,0,0,0,0,0,1,142,100,0,0,0,0,0,0,0,0,0,0,1
2025-12-23 05:36:06,0,0,31.88,0,16,408,6.8,5,0.0833333,30,0.5,0,0,0,0,0,0,0,0,2,150,100,0,0,0,0,0,0,0,0,0,0,1
2025-12-23 05:37:06,0,0,31.62,0,1,4926,82.1,110,1.83333,338,5.63333,0,0,0,0,0,0,0,0,2,144,100,0,0,0,0,0,0,0,0,0,0,1
2025-12-23 05:38:06,0,0,31.44,0,1,4361,72.6833,100,1.66667,272,4.53333,0,0,0,0,0,0,0,0,2,138,99,0,0,0,0,0,0,0,0,0,0,1
2025-12-23 05:39:06,0,0,31.25,0,16,5440,90.6667,197,3.28333,277,4.61667,0,0,0,0,0,0,0,0,2,141,99,0,0,0,0,0,0,0,0,0,0,1
2025-12-23 05:40:06,0,0,31.25,0,16,1215,20.25,46,0.766667,64,1.06667,0,0,0,0,0,0,0,0,2,149,99,0,0,0,0,0,0,0,0,0,0,1
2025-12-23 05:41:06,0,0,31.38,0,16,15,0.25,0,0,0,0,0,0,0,0,0,0,0,0,2,145,99,0,0,0,0,0,0,0,0,0,0,1
2025-12-23 05:42:06,0,0,31.5,0,16,1241,20.6833,45,0.75,70,1.16667,0,0,0,0,0,0,0,0,2,152,100,0,0,0,0,0,0,0,0,0,0,1
2025-12-23 05:43:06,0,0,31.62,0,16,0,0,0,0,0,0,0,0,0,0,0,0,0,0,2,152,100,0,0,0,0,0,0,0,0,0,0,1
2025-12-23 05:44:06,0,0,31.75,0,16,1217,20.2833,25,0.416667,119,1.98333,0,0,0,0,0,0,0,0,2,140,100,0,0,0,0,0,0,0,0,0,0,1
2025-12-23 05:45:06,0,0,31.88,0,16,0,0,0,0,0,0,0,0,0,0,0,0,0,0,1,140,100,0,0,0,0,0,0,0,0,0,0,1
2025-12-23 05:46:06,0,0,32,0,1,663,11.05,14,0.233333,37,0.616667,0,0,0,0,0,0,0,0,2,145,100,0,0,0,0,0,0,0,0,0,0,1
2025-12-23 05:47:06,0,0,32.12,0,1,0,0,0,0,0,0,0,0,0,0,0,0,0,0,1,145,100,0,0,0,0,0,0,0,0,0,0,1
2025-12-23 05:48:06,0,0,32.25,0,1,5,0.0833333,0,0,2,0.0333333,0,0,0,0,0,0,0,0,1,144,100,0,0,0,0,0,0,0,0,0,0,1
2025-12-23 05:49:06,0,0,32.38,0,1,0,0,0,0,0,0,0,0,0,0,0,0,0,0,1,145,100,0,0,0,0,0,0,0,0,0,0,1
2025-12-23 05:50:06,0,0,32.5,0,1,0,0,0,0,0,0,0,0,0,0,0,0,0,0,1,144,100,0,0,0,0,0,0,0,0,0,0,1
2025-12-23 05:51:06,0,0,32.62,0,1,0,0,0,0,0,0,0,0,0,0,0,0,0,0,1,145,100,0,0,0,0,0,0,0,0,0,0,1
2025-12-23 05:52:06,0,0,32.81,0,1,0,0,0,0,0,0,0,0,0,0,0,0,0,0,1,145,100,0,0,0,0,0,0,0,0,0,0,1
2025-12-23 05:53:06,0,0,32.88,0,1,0,0,0,0,0,0,0,0,0,0,0,0,0,0,1,144,100,0,0,0,0,0,0,0,0,0,0,1
2025-12-23 05:54:06,0,0,33,0,1,0,0,0,0,0,0,0,0,0,0,0,0,0,0,1,144,100,0,0,0,0,0,0,0,0,0,0,1
2025-12-23 05:55:06,0,0,33.12,0,1,0,0,0,0,0,0,0,0,0,0,0,0,0,0,1,145,100,0,0,0,0,0,0,0,0,0,0,1
2025-12-23 05:56:06,0,0,33.25,0,1,0,0,0,0,0,0,0,0,0,0,0,0,0,0,1,144,100,0,0,0,0,0,0,0,0,0,0,1
2025-12-23 05:57:06,0,0,33.31,0,1,0,0,0,0,0,0,0,0,0,0,0,0,0,0,1,144,100,0,0,0,0,0,0,0,0,0,0,1
2025-12-23 05:58:06,0,0,33.44,0,1,0,0,0,0,0,0,0,0,0,0,0,0,0,0,1,144,100,0,0,0,0,0,0,0,0,0,0,1
2025-12-23 05:59:06,0,0,33.5,0,1,0,0,0,0,0,0,0,0,0,0,0,0,0,0,1,144,100,0,0,0,0,0,0,0,0,0,0,1
2025-12-23 06:00:06,0,0,33.56,0,1,0,0,0,0,0,0,0,0,0,0,0,0,0,0,1,144,100,0,0,0,0,0,0,0,0,0,0,1
2025-12-23 06:01:06,0,0,33.62,0,1,1162,19.3667,18,0.3,102,1.7,0,0,0,0,0,0,0,0,1,144,100,0,0,0,0,0,0,0,0,0,0,1
2025-12-23 06:02:06,0,0,33.5,0,16,6,0.1,0,0,0,0,0,0,0,0,0,0,0,0,1,150,101,0,0,0,0,0,0,0,0,0,0,1
2025-12-23 06:03:06,0,0,33.38,0,16,0,0,0,0,0,0,0,0,0,0,0,0,0,0,1,150,101,0,0,0,0,0,0,0,0,0,0,1
2025-12-23 06:04:06,0,0,33.19,0,16,0,0,0,0,0,0,0,0,0,0,0,0,0,0,1,151,101,0,0,0,0,0,0,0,0,0,0,1
2025-12-23 06:05:06,0,0,32.94,0,16,771,12.85,18,0.3,57,0.95,0,0,0,0,0,0,0,0,1,147,102,0,0,0,0,0,0,0,0,0,0,1
2025-12-23 06:06:06,0,0,32.75,0,16,91,1.51667,3,0.05,6,0.1,0,0,0,0,0,0,0,0,1,148,101,0,0,0,0,0,0,0,0,0,0,1
2025-12-23 06:07:06,0,0,32.56,0,16,0,0,0,0,0,0,0,0,0,0,0,0,0,0,1,147,101,0,0,0,0,0,0,0,0,0,0,1
2025-12-23 06:08:06,0,0,32.5,0,16,0,0,0,0,0,0,0,0,0,0,0,0,0,0,1,147,102,0,0,0,0,0,0,0,0,0,0,1
2025-12-23 06:09:06,0,0,32.5,0,16,0,0,0,0,0,0,0,0,0,0,0,0,0,0,1,146,101,0,0,0,0,0,0,0,0,0,0,1
2025-12-23 06:10:06,0,0,32.5,0,16,0,0,0,0,0,0,0,0,0,0,0,0,0,0,1,147,101,0,0,0,0,0,0,0,0,0,0,1
2025-12-23 06:11:06,0,0,32.5,0,16,0,0,0,0,0,0,0,0,0,0,0,0,0,0,1,146,100,0,0,0,0,0,0,0,0,0,0,1
2025-12-23 06:12:06,0,0,32.5,0,16,282,4.7,3,0.05,37,0.616667,0,0,0,0,0,0,0,0,1,146,100,0,0,0,0,0,0,0,0,0,0,1
2025-12-23 06:13:06,0,0,32.5,0,16,76,1.26667,0,0,5,0.0833333,0,0,0,0,0,0,0,0,1,160,100,0,0,0,0,0,0,0,0,0,0,1
2025-12-23 06:14:06,0,0,32.5,0,16,0,0,0,0,0,0,0,0,0,0,0,0,0,0,1,157,100,0,0,0,0,0,0,0,0,0,0,1
2025-12-23 06:15:06,0,0,32.44,0,16,0,0,0,0,0,0,0,0,0,0,0,0,0,0,1,156,100,0,0,0,0,0,0,0,0,0,0,1
2025-12-23 06:16:06,0,0,32.44,0,16,0,0,0,0,0,0,0,0,0,0,0,0,0,0,1,157,100,0,0,0,0,0,0,0,0,0,0,1
2025-12-23 06:17:06,0,0,32.38,0,16,6,0.1,0,0,0,0,0,0,0,0,0,0,0,0,1,158,100,0,0,0,0,0,0,0,0,0,0,1
2025-12-23 06:18:06,0,0,32.31,0,16,0,0,0,0,0,0,0,0,0,0,0,0,0,0,1,157,100,0,0,0,0,0,0,0,0,0,0,1
2025-12-23 06:19:06,0,0,32.31,0,16,0,0,0,0,0,0,0,0,0,0,0,0,0,0,1,157,100,0,0,0,0,0,0,0,0,0,0,1
2025-12-23 06:20:06,0,0,32.25,0,16,0,0,0,0,0,0,0,0,0,0,0,0,0,0,1,158,100,0,0,0,0,0,0,0,0,0,0,1
2025-12-23 06:21:06,0,0,32.25,0,16,35,0.583333,0,0,4,0.0666667,0,0,0,0,0,0,0,0,1,160,101,0,0,0,0,0,0,0,0,0,0,1
2025-12-23 06:22:06,0,0,32.19,0,16,0,0,0,0,0,0,0,0,0,0,0,0,0,0,1,157,100,0,0,0,0,0,0,0,0,0,0,1
2025-12-23 06:23:06,0,0,32.12,0,16,0,0,0,0,0,0,0,0,0,0,0,0,0,0,1,160,100,0,0,0,0,0,0,0,0,0,0,1
2025-12-23 06:24:06,0,0,32.12,0,16,0,0,0,0,0,0,0,0,0,0,0,0,0,0,1,158,100,0,0,0,0,0,0,0,0,0,0,1
2025-12-23 06:25:06,0,0,32.12,0,16,0,0,0,0,0,0,0,0,0,0,0,0,0,0,1,158,101,0,0,0,0,0,0,0,0,0,0,1
2025-12-23 06:26:06,0,0,32.06,0,16,0,0,0,0,0,0,0,0,0,0,0,0,0,0,1,158,100,0,0,0,0,0,0,0,0,0,0,1
2025-12-23 06:27:06,0,0,32,0,16,0,0,0,0,0,0,0,0,0,0,0,0,0,0,1,159,100,0,0,0,0,0,0,0,0,0,0,1
2025-12-23 06:28:06,0,0,32,0,16,0,0,0,0,0,0,0,0,0,0,0,0,0,0,1,157,101,0,0,0,0,0,0,0,0,0,0,1
2025-12-23 06:29:06,0,0,32,0,16,0,0,0,0,0,0,0,0,0,0,0,0,0,0,1,156,100,0,0,0,0,0,0,0,0,0,0,1
2025-12-23 06:30:06,0,0,32,0,16,0,0,0,0,0,0,0,0,0,0,0,0,0,0,1,157,100,0,0,0,0,0,0,0,0,0,0,1
2025-12-23 06:31:06,0,0,32,0,16,7,0.116667,0,0,1,0.0166667,0,0,0,0,0,0,0,0,1,161,100,0,0,0,0,0,0,0,0,0,0,1
2025-12-23 06:32:06,0,0,31.94,0,16,24,0.4,0,0,3,0.05,0,0,0,0,0,0,0,0,1,158,100,0,0,0,0,0,0,0,0,0,0,1
2025-12-23 06:33:06,0,0,31.94,0,16,0,0,0,0,0,0,0,0,0,0,0,0,0,0,1,159,100,0,0,0,0,0,0,0,0,0,0,1
2025-12-23 06:34:06,0,0,31.88,0,16,0,0,0,0,0,0,0,0,0,0,0,0,0,0,1,157,100,0,0,0,0,0,0,0,0,0,0,1
2025-12-23 06:35:06,0,0,31.81,0,16,0,0,0,0,0,0,0,0,0,0,0,0,0,0,1,159,100,0,0,0,0,0,0,0,0,0,0,1
2025-12-23 06:36:06,0,0,31.81,0,16,5,0.0833333,0,0,0,0,0,0,0,0,0,0,0,0,1,158,101,0,0,0,0,0,0,0,0,0,0,1
2025-12-23 06:37:06,0,0,31.81,0,16,10,0.166667,0,0,1,0.0166667,0,0,0,0,0,0,0,0,1,155,101,0,0,0,0,0,0,0,0,0,0,1
2025-12-23 06:38:06,0,0,31.81,0,16,0,0,0,0,0,0,0,0,0,0,0,0,0,0,1,157,100,0,0,0,0,0,0,0,0,0,0,1
2025-12-23 06:39:06,0,0,31.81,0,16,0,0,0,0,0,0,0,0,0,0,0,0,0,0,1,163,100,0,0,0,0,0,0,0,0,0,0,1
2025-12-23 06:40:06,0,0,31.81,0,16,0,0,0,0,0,0,0,0,0,0,0,0,0,0,1,160,101,0,0,0,0,0,0,0,0,0,0,1
2025-12-23 06:41:06,0,0,31.81,0,16,0,0,0,0,0,0,0,0,0,0,0,0,0,0,1,159,100,0,0,0,0,0,0,0,0,0,0,1
2025-12-23 06:42:06,0,0,31.81,0,16,0,0,0,0,0,0,0,0,0,0,0,0,0,0,1,159,100,0,0,0,0,0,0,0,0,0,0,1
2025-12-23 06:43:06,0,0,31.81,0,16,0,0,0,0,0,0,0,0,0,0,0,0,0,0,1,169,100,0,0,0,0,0,0,0,0,0,0,1
2025-12-23 06:44:06,0,0,31.75,0,16,0,0,0,0,0,0,0,0,0,0,0,0,0,0,1,163,100,0,0,0,0,0,0,0,0,0,0,1
2025-12-23 06:45:06,0,0,31.75,0,16,0,0,0,0,0,0,0,0,0,0,0,0,0,0,1,162,100,0,0,0,0,0,0,0,0,0,0,1
2025-12-23 06:46:06,0,0,31.69,0,16,0,0,0,0,0,0,0,0,0,0,0,0,0,0,1,166,100,0,0,0,0,0,0,0,0,0,0,1
2025-12-23 06:47:06,0,0,31.69,0,16,0,0,0,0,0,0,0,0,0,0,0,0,0,0,1,162,100,0,0,0,0,0,0,0,0,0,0,1
2025-12-23 06:48:06,0,0,31.62,0,16,0,0,0,0,0,0,0,0,0,0,0,0,0,0,1,160,100,0,0,0,0,0,0,0,0,0,0,1
2025-12-23 06:49:06,0,0,31.62,0,16,21,0.35,0,0,1,0.0166667,0,0,0,0,0,0,0,0,1,161,100,0,0,0,0,0,0,0,0,0,0,1
2025-12-23 06:50:06,0,0,31.56,0,16,0,0,0,0,0,0,0,0,0,0,0,0,0,0,1,161,100,0,0,0,0,0,0,0,0,0,0,1
2025-12-23 06:51:06,0,0,31.5,0,16,0,0,0,0,0,0,0,0,0,0,0,0,0,0,1,161,100,0,0,0,0,0,0,0,0,0,0,1
2025-12-23 06:52:06,0,0,31.5,0,16,0,0,0,0,0,0,0,0,0,0,0,0,0,0,1,160,100,0,0,0,0,0,0,0,0,0,0,1
2025-12-23 06:53:06,0,0,31.44,0,16,0,0,0,0,0,0,0,0,0,0,0,0,0,0,1,161,101,0,0,0,0,0,0,0,0,0,0,1
2025-12-23 06:54:06,0,0,31.38,0,16,0,0,0,0,0,0,0,0,0,0,0,0,0,0,1,164,100,0,0,0,0,0,0,0,0,0,0,1
2025-12-23 06:55:06,0,0,31.31,0,16,200,3.33333,0,0,22,0.366667,0,0,0,0,0,0,0,0,1,163,101,0,0,0,0,0,0,0,0,0,0,1
2025-12-23 06:56:06,0,0,31.19,0,16,0,0,0,0,0,0,0,0,0,0,0,0,0,0,1,159,99,0,0,0,0,0,0,0,0,0,0,1
2025-12-23 06:57:06,0,0,31.12,0,16,51,0.85,0,0,2,0.0333333,0,0,0,0,0,0,0,0,1,162,101,0,0,0,0,0,0,0,0,0,0,1
2025-12-23 06:58:06,0,0,31,0,16,0,0,0,0,0,0,0,0,0,0,0,0,0,0,1,162,100,0,0,0,0,0,0,0,0,0,0,1
2025-12-23 06:59:06,0,0,30.88,0,16,0,0,0,0,0,0,0,0,0,0,0,0,0,0,1,159,99,0,0,0,0,0,0,0,0,0,0,1
2025-12-23 07:00:06,0,0,30.81,0,16,0,0,0,0,0,0,0,0,0,0,0,0,0,0,1,167,101,0,0,0,0,0,0,0,0,0,0,1
2025-12-23 07:01:06,0,0,30.69,0,16,0,0,0,0,0,0,0,0,0,0,0,0,0,0,1,162,99,0,0,0,0,0,0,0,0,0,0,1
2025-12-23 07:02:06,0,0,30.62,0,16,2581,43.0167,91,1.51667,142,2.36667,0,0,0,0,0,0,0,0,2,151,99,0,0,0,0,0,0,0,0,0,0,1
2025-12-23 07:03:06,0,0,30.69,0,16,0,0,0,0,0,0,0,0,0,0,0,0,0,0,2,145,100,0,0,0,0,0,0,0,0,0,0,1
2025-12-23 07:04:06,0,0,30.81,0,16,62,1.03333,0,0,6,0.1,0,0,0,0,0,0,0,0,2,147,100,0,0,0,0,0,0,0,0,0,0,1
2025-12-23 07:05:06,0,0,31,0,16,1329,22.15,41,0.683333,82,1.36667,0,0,0,0,0,0,0,0,2,156,103,0,0,0,0,0,0,0,0,0,0,1
2025-12-23 07:06:06,0,0,31.06,0,16,313,5.21667,10,0.166667,25,0.416667,0,0,0,0,0,0,0,0,2,164,103,0,0,0,0,0,0,0,0,0,0,1
2025-12-23 07:07:06,0,0,31.19,0,16,1141,19.0167,30,0.5,72,1.2,0,0,0,0,0,0,0,0,2,145,103,0,0,0,0,0,0,0,0,0,0,1
2025-12-23 07:08:06,0,0,31.12,0,1,56,0.933333,1,0.0166667,2,0.0333333,0,0,0,0,0,0,0,0,2,142,103,0,0,0,0,0,0,0,0,0,0,1
2025-12-23 07:09:06,0,0,31,0,16,1187,19.7833,44,0.733333,57,0.95,0,0,0,0,0,0,0,0,2,141,103,0,0,0,0,0,0,0,0,0,0,1
2025-12-23 07:10:06,0,1,30.81,0,16,5800,96.6667,141,2.35,406,6.76667,0,0,0,0,0,0,0,0,2,151,101,0,0,0,0,0,0,0,0,0,0,1
2025-12-23 07:11:06,0,0,30.69,0,16,1219,20.3167,25,0.416667,84,1.4,0,0,0,0,0,0,0,0,2,184,102,0,0,0,0,0,0,0,0,0,0,1
2025-12-23 07:12:06,0,0,30.25,0,1,444,7.4,6,0.1,31,0.516667,0,0,0,0,0,0,0,0,2,151,105,0,0,0,0,0,0,0,0,0,0,1
2025-12-23 07:13:06,0,0,30.19,0,16,1079,17.9833,30,0.5,75,1.25,0,0,0,0,0,0,0,0,2,152,103,0,0,0,0,0,0,0,0,0,0,1
2025-12-23 07:14:06,0,0,30,0,16,4,0.0666667,0,0,0,0,0,0,0,0,0,0,0,0,2,150,102,0,0,0,0,0,0,0,0,0,0,1
2025-12-23 07:15:06,0,0,29.94,0,16,94,1.56667,1,0.0166667,8,0.133333,0,0,0,0,0,0,0,0,1,150,101,0,0,0,0,0,0,0,0,0,0,1
2025-12-23 07:16:06,0,0,29.88,0,16,0,0,0,0,0,0,0,0,0,0,0,0,0,0,1,149,101,0,0,0,0,0,0,0,0,0,0,1
2025-12-23 07:17:06,0,0,29.88,0,16,926,15.4333,24,0.4,35,0.583333,0,0,0,0,0,0,0,0,2,154,101,0,0,0,0,0,0,0,0,0,0,1
2025-12-23 07:18:06,0,0,29.88,0,16,1595,26.5833,25,0.416667,125,2.08333,0,0,0,0,0,0,0,0,1,206,163,0,0,0,0,0,0,0,0,0,0,1
2025-12-23 07:19:06,0,0,29.75,0,1,5,0.0833333,0,0,0,0,0,0,0,0,0,0,0,0,2,157,102,0,0,0,0,0,0,0,0,0,0,1
2025-12-23 07:20:06,0,0,29.75,0,1,3,0.05,0,0,0,0,0,0,0,0,0,0,0,0,2,155,102,0,0,0,0,0,0,0,0,0,0,1
2025-12-23 07:21:06,0,0,29.88,0,1,4518,75.3,146,2.43333,240,4,0,0,0,0,0,0,0,0,2,153,100,0,0,0,0,0,0,0,0,0,0,1
2025-12-23 07:22:06,0,0,29.81,0,2,2047,34.1167,31,0.516667,126,2.1,0,0,0,0,0,0,0,0,2,214,152,0,0,0,0,0,0,0,0,0,0,1
2025-12-23 07:23:06,0,0,29.69,0,2,221,3.68333,0,0,13,0.216667,0,0,0,0,0,0,0,0,2,194,109,0,0,0,0,0,0,0,0,0,0,1
2025-12-23 07:24:06,0,0,29.56,0,2,44,0.733333,0,0,2,0.0333333,0,0,0,0,0,0,0,0,2,190,109,0,0,0,0,0,0,0,0,0,0,1
2025-12-23 07:25:06,0,0,29.5,0,2,2761,46.0167,80,1.33333,172,2.86667,0,0,0,0,0,0,0,0,2,141,100,0,0,0,0,0,0,0,0,0,0,1
2025-12-23 07:26:06,0,0,29.44,0,4,0,0,0,0,0,0,0,0,0,0,0,0,0,0,2,140,100,0,0,0,0,0,0,0,0,0,0,1
2025-12-23 07:27:06,0,0,29.44,0,4,0,0,0,0,0,0,0,0,0,0,0,0,0,0,1,140,100,0,0,0,0,0,0,0,0,0,0,1
2025-12-23 07:28:06,0,0,29.5,0,4,945,15.75,23,0.383333,80,1.33333,0,0,0,0,0,0,0,0,2,149,102,0,0,0,0,0,0,0,0,0,0,1
2025-12-23 07:29:06,0,0,29.5,0,1,472,7.86667,0,0,44,0.733333,0,0,0,0,0,0,0,0,2,145,100,0,0,0,0,0,0,0,0,0,0,1
2025-12-23 07:30:06,0,0,29.5,0,1,643,10.7167,0,0,69,1.15,0,0,0,0,0,0,0,0,1,147,102,0,0,0,0,0,0,0,0,0,0,1
2025-12-23 07:31:06,0,0,29.5,0,1,234,3.9,1,0.0166667,14,0.233333,0,0,0,0,0,0,0,0,1,147,108,0,0,0,0,0,0,0,0,0,0,1
2025-12-23 07:32:06,0,0,29.56,0,1,263,4.38333,2,0.0333333,11,0.183333,0,0,0,0,0,0,0,0,1,164,101,0,0,0,0,0,0,0,0,0,0,1
2025-12-23 07:33:06,0,0,29.5,0,16,25,0.416667,0,0,0,0,0,0,0,0,0,0,0,0,1,165,100,0,0,0,0,0,0,0,0,0,0,1
2025-12-23 07:34:06,0,0,29.38,0,16,0,0,0,0,0,0,0,0,0,0,0,0,0,0,1,162,100,0,0,0,0,0,0,0,0,0,0,1
2025-12-23 07:35:06,0,0,29.31,0,16,21,0.35,0,0,1,0.0166667,0,0,0,0,0,0,0,0,1,163,100,0,0,0,0,0,0,0,0,0,0,1
2025-12-23 07:36:06,0,0,29.19,0,16,21,0.35,0,0,0,0,0,0,0,0,0,0,0,0,1,162,100,0,0,0,0,0,0,0,0,0,0,1
2025-12-23 07:37:06,0,0,29.12,0,16,258,4.3,3,0.05,19,0.316667,0,0,0,0,0,0,0,0,1,144,100,0,0,0,0,0,0,0,0,0,0,1
2025-12-23 07:38:06,0,0,29.19,0,16,0,0,0,0,0,0,0,0,0,0,0,0,0,0,1,143,100,0,0,0,0,0,0,0,0,0,0,1
2025-12-23 07:39:06,0,0,29.31,0,16,318,5.3,2,0.0333333,31,0.516667,0,0,0,0,0,0,0,0,12,144,100,0,0,0,0,0,0,0,0,0,0,0
2025-12-23 07:40:06,0,0,29.5,0,4,74,1.23333,1,0.0166667,3,0.05,0,0,0,0,0,0,0,0,12,147,100,0,0,0,0,0,0,0,0,0,0,0
2025-12-23 07:41:06,0,0,29.5,0,4,8700,145,312,5.2,257,4.28333,0,0,0,0,0,0,0,0,0,147,100,0,0,0,0,0,0,0,0,0,0,0
2025-12-23 07:42:06,0,0,29.56,0,16,3991,66.5167,67,1.11667,334,5.56667,0,0,0,0,0,0,0,0,0,154,100,0,0,0,0,0,0,0,0,0,0,0
2025-12-23 07:43:06,0,0,29.56,0,16,1723,28.7167,0,0,136,2.26667,0,0,0,0,0,0,0,0,0,152,100,0,0,0,0,0,0,0,0,0,0,0
2025-12-23 07:44:06,0,0,29.56,0,16,1836,30.6,5,0.0833333,156,2.6,0,0,0,0,0,0,0,0,0,150,100,0,0,0,0,0,0,0,0,0,0,0
2025-12-23 07:45:06,0,0,29.62,0,16,1486,24.7667,1,0.0166667,124,2.06667,0,0,0,0,0,0,0,0,0,149,100,0,0,0,0,0,0,0,0,0,0,0
2025-12-23 07:46:06,0,0,29.69,0,16,1517,25.2833,5,0.0833333,142,2.36667,0,0,0,0,0,0,0,0,0,144,100,0,0,0,0,0,0,0,0,0,0,0
2025-12-23 07:47:06,0,0,29.75,0,16,1056,17.6,0,0,94,1.56667,0,0,0,0,0,0,0,0,0,151,100,0,0,0,0,0,0,0,0,0,0,0
2025-12-23 07:48:06,0,0,29.94,0,1,2052,34.2,15,0.25,176,2.93333,0,0,0,0,0,0,0,0,0,169,100,0,0,0,0,0,0,0,0,0,0,0
2025-12-23 07:49:06,0,0,29.94,0,16,3446,57.4333,24,0.4,292,4.86667,0,0,0,0,0,0,0,0,0,144,100,0,0,0,0,0,0,0,0,0,0,0
2025-12-23 07:50:06,0,0,30.06,0,16,3937,65.6167,53,0.883333,256,4.26667,0,0,0,0,0,0,0,0,0,143,100,0,0,0,0,0,0,0,0,0,0,0
2025-12-23 07:51:06,0,0,30.12,0,16,2662,44.3667,10,0.166667,211,3.51667,0,0,0,0,0,0,0,0,0,144,100,0,0,0,0,0,0,0,0,0,0,0
2025-12-23 07:52:06,0,0,30.06,0,1,5048,84.1333,99,1.65,356,5.93333,0,0,0,0,0,0,0,0,0,171,102,0,0,0,0,0,0,0,0,0,0,0
2025-12-23 07:53:06,0,0,29.75,0,1,4141,69.0167,107,1.78333,233,3.88333,11.91,0,0,0,0,0,0,0,0,170,104,1e-04,3e-04,3e-04,9e-04,0.0018,0.0031,0.0035,0.0022,3.92,0.01,0
2025-12-23 07:54:06,0,0,29.75,0,1,11148,185.8,409,6.81667,507,8.45,69.21,0,0,0,0,0,0,0,0,154,102,8e-04,0.0018,0.0023,0.0053,0.0107,0.0175,0.0193,0.0115,26.77,0.03,0
2025-12-23 07:55:06,0,0,29.75,0,16,10230,170.5,337,5.61667,593,9.88333,48.18,0,0,0,0,0,0,0,0,160,122,6e-04,0.0016,0.0019,0.0045,0.0075,0.0112,0.0113,0.0064,23.92,0.02,0
2025-12-23 07:56:06,0,0,29.56,0,8,14054,234.233,501,8.35,629,10.4833,6.8,0,0,0,0,0,0,0,0,211,156,1e-04,1e-04,2e-04,6e-04,0.0011,0.0017,0.0018,0.0011,2.59,0,0
2025-12-23 07:57:06,0,0,29.38,0,1,12394,206.567,433,7.21667,636,10.6,1.15,0,0,0,0,0,0,0,0,179,114,0,0,0,1e-04,2e-04,3e-04,3e-04,2e-04,0.15,0,0
2025-12-23 07:58:06,0,0,29.56,0,16,8849,147.483,248,4.13333,538,8.96667,9.23,0,0,0,0,0,0,0,0,185,142,1e-04,3e-04,3e-04,7e-04,0.0014,0.0023,0.0026,0.0016,3.74,0,0
2025-12-23 07:59:06,0,0,29.5,0,1,7796,129.933,196,3.26667,477,7.95,1.82,0,0,0,0,0,0,0,0,196,142,1e-04,2e-04,2e-04,3e-04,3e-04,4e-04,5e-04,8e-04,1.65,0,0
2025-12-23 08:00:06,0,0,28.31,0,1,6533,108.883,146,2.43333,393,6.55,4.73,0,0,0,0,0,0,0,0,217,156,4e-04,7e-04,8e-04,9e-04,8e-04,8e-04,0.0012,0.0022,6.77,0.01,0
2025-12-23 08:01:06,0,0,26.88,0,1,8449,140.817,218,3.63333,454,7.56667,6.64,0,0,0,0,0,0,0,0,212,155,5e-04,9e-04,0.0011,0.0012,0.0011,0.0013,0.0016,0.0028,8.84,0.01,0
2025-12-23 08:02:06,0,0,25.88,0,1,6439,107.317,182,3.03333,344,5.73333,5.48,0,0,0,0,0,0,0,0,223,160,5e-04,8e-04,9e-04,0.001,0.001,0.001,0.0014,0.0024,7.61,0.01,0
2025-12-23 08:03:06,0,0,23.62,0,1,8375,139.583,238,3.96667,400,6.66667,6.86,0,0,0,0,0,0,0,0,225,162,6e-04,0.001,0.0011,0.0013,0.0011,0.0012,0.0016,0.0028,9.43,0.01,0
2025-12-23 08:04:06,0,0,23.19,0,1,14175,236.25,538,8.96667,498,8.3,0,0,0,0,0,0,0,0,0,223,158,0,0,0,0,0,0,0,0,0,0,0
2025-12-23 08:05:06,0,0,22.81,0,1,9291,154.85,274,4.56667,511,8.51667,10.72,0,0,0,0,0.01,0,0,0,221,153,8e-04,0.0015,0.0018,0.0019,0.0018,0.0018,0.0026,0.0045,14.71,0.01,0
2025-12-23 08:06:06,0,0,22.19,0,1,5524,92.0667,101,1.68333,428,7.13333,7.63,0,0,0,0,0.01,0,0,0,209,155,6e-04,0.0011,0.0013,0.0015,0.0013,0.0014,0.0019,0.0033,10.25,0.01,0
2025-12-23 08:07:06,0,0,21.06,0,8,3045,50.75,58,0.966667,209,3.48333,5.65,0,0,0,0,0,0,0,0,224,163,5e-04,8e-04,9e-04,0.0011,0.001,0.001,0.0014,0.0025,7.38,0.01,0
2025-12-23 08:08:06,0,0,20.75,0,1,4670,77.8333,75,1.25,271,4.51667,0,0,0,0,0,0,0,0,0,221,164,0,0,0,0,0,0,0,0,0,0,0
2025-12-23 08:09:06,0,0,21.06,0,1,2617,43.6167,36,0.6,185,3.08333,1.55,0,0,0,0,0,0,0,0,185,138,1e-04,2e-04,3e-04,3e-04,3e-04,3e-04,4e-04,6e-04,2.28,0,0
2025-12-23 08:10:06,0,0,20.75,0,1,5746,95.7667,109,1.81667,367,6.11667,9.34,0,0,0,0,0,0,0,0,207,159,7e-04,0.0013,0.0015,0.0017,0.0015,0.0015,0.0021,0.0036,13.08,0.01,0
2025-12-23 08:11:06,0,0,20.62,0,8,4428,73.8,86,1.43333,265,4.41667,0,0,0,0,0,0,0,0,0,213,152,0,0,0,0,0,0,0,0,0,0,0
2025-12-23 08:12:06,0,0,20.38,0,1,8840,147.333,303,5.05,464,7.73333,22.87,0,0,0,0,0.01,0,0,0,208,148,0.0017,0.0031,0.0037,0.0042,0.0038,0.0037,0.0052,0.0085,31.79,0.02,0
2025-12-23 08:13:06,0,0,19.81,0,1,5047,84.1167,97,1.61667,305,5.08333,13.69,0,0,0,0,0.01,0,0,0,204,147,0.0011,0.0019,0.0022,0.0025,0.0023,0.0023,0.0032,0.0054,18.53,0.02,0
2025-12-23 08:14:06,0,0,19.5,0,1,5156,85.9333,85,1.41667,316,5.26667,16.46,0,0,0,0,0.01,0,0,0,216,158,0.0012,0.0022,0.0026,0.0029,0.0027,0.0027,0.0037,0.006,22.5,0.02,0
2025-12-23 08:15:06,0,0,19.38,0,1,6521,108.683,136,2.26667,371,6.18333,7.27,0,0,0,0,0,0,0,0,207,151,5e-04,0.001,0.0012,0.0013,0.0012,0.0012,0.0016,0.0025,10.16,0.01,0
2025-12-23 08:16:06,0,0,19.88,0,1,6790,113.167,132,2.2,411,6.85,4.03,0,0,0,0,0,0,0,0,200,165,3e-04,5e-04,6e-04,7e-04,8e-04,8e-04,0.001,0.0017,4.52,0.01,0
2025-12-23 08:17:06,0,0,19.06,0,1,7866,131.1,183,3.05,463,7.71667,17.1,0,0,0,0,0.01,0,0,0,192,141,0.0013,0.0023,0.0028,0.0032,0.0028,0.0028,0.0039,0.0063,23.62,0.02,0
2025-12-23 08:18:06,0,0,19.38,0,1,9582,159.7,290,4.83333,513,8.55,32.49,0,0,0,0,0.01,0,0,0,179,135,0.0023,0.0041,0.005,0.0058,0.0052,0.0052,0.007,0.0111,44.24,0.03,0
2025-12-23 08:19:06,0,0,19.06,0,1,10614,176.9,335,5.58333,478,7.96667,27.68,0,0,0,0,0.01,0,0,0,181,136,0.0019,0.0035,0.0042,0.0049,0.0045,0.0045,0.006,0.0094,37.15,0.03,0
2025-12-23 08:20:06,0,0,18.75,0,1,10178,169.633,312,5.2,454,7.56667,18.05,0,0,0,0,0.01,0,0,0,178,134,0.0011,0.0021,0.0026,0.003,0.003,0.003,0.004,0.006,22.4,0.02,0
2025-12-23 08:21:06,0,0,18.5,0,1,9813,163.55,242,4.03333,422,7.03333,18.53,0,0,0,0,0.01,0,0,0,181,136,0.0012,0.0022,0.0028,0.0032,0.003,0.0029,0.0039,0.0059,24.85,0.02,0
2025-12-23 08:22:06,0,0,18.31,0,1,8974,149.567,217,3.61667,433,7.21667,22.24,0,0,0,0,0.01,0,0,0,174,130,0.0014,0.0026,0.0032,0.0037,0.0036,0.0035,0.0047,0.0071,28.93,0.02,0
2025-12-23 08:23:06,0,0,17.94,0,1,9891,164.85,327,5.45,461,7.68333,42.13,0,0,0,0,0,0,0,0,190,125,5e-04,0.0012,0.0016,0.0032,0.0065,0.0106,0.0114,0.0068,17.28,0.02,0
2025-12-23 08:24:06,0,0,18.44,0,8,9793,163.217,318,5.3,470,7.83333,15.63,0,0,0,0,0,0,0,0,196,139,2e-04,4e-04,5e-04,0.0011,0.0024,0.004,0.0043,0.0028,5.5,0.01,0
2025-12-23 08:25:06,0,0,18.94,0,1,13073,217.883,451,7.51667,609,10.15,23.39,0,0,0,0,0,0,0,0,207,152,2e-04,6e-04,7e-04,0.0016,0.0037,0.006,0.0064,0.0039,8.34,0.01,0
2025-12-23 08:26:06,0,0,19.69,0,1,9822,163.7,301,5.01667,521,8.68333,9.2,0,0,0,0,0,0,0,0,218,150,1e-04,2e-04,2e-04,5e-04,0.0015,0.0024,0.0024,0.0014,2.59,0,0
2025-12-23 08:27:06,0,0,20.19,0,8,8076,134.6,257,4.28333,392,6.53333,4.79,0,0,0,0,0,0,0,0,192,129,0,1e-04,1e-04,3e-04,8e-04,0.0012,0.0012,8e-04,1.56,0,0
2025-12-23 08:28:06,0,0,20.62,0,1,6435,107.25,164,2.73333,339,5.65,8.27,0,0,0,0,0,0,0,0,173,108,1e-04,3e-04,3e-04,7e-04,0.0014,0.0019,0.0019,0.0012,3.64,0,0
2025-12-23 08:29:06,0,0,20.75,0,1,6187,103.117,132,2.2,369,6.15,31.97,0,0,0,0,0,0,0,0,225,160,4e-04,0.001,0.0015,0.0027,0.005,0.0077,0.008,0.0048,15.57,0.01,0
2025-12-23 08:30:06,0,0,21.12,0,1,6366,106.1,155,2.58333,360,6,3.45,0,0,0,0,0,0,0,0,228,173,0,1e-04,1e-04,3e-04,6e-04,8e-04,8e-04,5e-04,1.51,0,0
2025-12-23 08:31:06,0,0,21.62,0,1,5817,96.95,163,2.71667,375,6.25,10.84,0,0,0,0,0,0,0,0,145,101,1e-04,4e-04,4e-04,9e-04,0.0018,0.0025,0.0025,0.0016,4.78,0,0
2025-12-23 08:32:06,0,0,21.94,0,1,4940,82.3333,127,2.11667,286,4.76667,7.61,0,0,0,0,0,0,0,0,216,152,1e-04,3e-04,3e-04,7e-04,0.0013,0.0017,0.0017,0.0012,3.75,0,0
2025-12-23 08:33:06,0,0,22.56,0,1,4487,74.7833,107,1.78333,320,5.33333,10.19,0,0,0,0,0,0,0,0,181,98,1e-04,5e-04,5e-04,8e-04,0.0017,0.0024,0.0025,0.0017,5.03,0,0
2025-12-23 08:34:06,0,0,22.88,0,1,5262,87.7,101,1.68333,372,6.2,6.21,0,0,0,0,0,0,0,0,220,155,1e-04,4e-04,3e-04,7e-04,0.001,0.0013,0.0012,8e-04,4.26,0,0
2025-12-23 08:35:06,0,0,23.5,0,1,7322,122.033,206,3.43333,478,7.96667,7.18,0,0,0,0,0,0,0,0,212,143,1e-04,7e-04,3e-04,9e-04,0.0011,0.0013,0.0012,6e-04,5.83,0,0
2025-12-23 08:36:06,0,0,24,0,16,1327,22.1167,14,0.233333,139,2.31667,15.62,0,0,0,0,0,0,0,0,163,107,2e-04,0.0015,9e-04,0.0021,0.0024,0.0026,0.0027,0.0013,13.93,0.01,0
2025-12-23 08:37:06,0,0,24.62,0,16,18,0.3,0,0,1,0.0166667,17.91,0,0,0,0,0,0,0,0,158,105,2e-04,0.0016,0.001,0.0024,0.0029,0.0028,0.0035,0.0013,15.58,0.01,0
2025-12-23 08:38:06,0,0,25.25,0,16,164,2.73333,0,0,10,0.166667,17.73,0,0,0,0,0,0,0,0,153,105,2e-04,0.0016,0.001,0.0024,0.0028,0.0027,0.0035,0.0013,15.4,0.01,0
2025-12-23 08:39:06,0,0,25.88,0,1,191,3.18333,6,0.1,10,0.166667,17.1,0,0,0,0,0,0,0,0,150,101,2e-04,0.0015,9e-04,0.0023,0.0027,0.0027,0.0032,0.0013,14.88,0.01,0
2025-12-23 08:40:06,0,0,26.5,0,1,691,11.5167,12,0.2,54,0.9,16.06,0,0,0,0,0,0,0,0,155,102,2e-04,0.0015,9e-04,0.0022,0.0025,0.0025,0.003,0.0012,14.21,0.01,0
2025-12-23 08:41:06,0,0,27.12,0,16,205,3.41667,5,0.0833333,20,0.333333,15.84,0,0,0,0,0,0,0,0,148,100,2e-04,0.0015,9e-04,0.0021,0.0025,0.0026,0.0029,0.0012,13.75,0.01,0
2025-12-23 08:42:06,0,0,27.56,0,16,151,2.51667,0,0,15,0.25,15.77,0,0,0,0,0,0,0,0,152,100,2e-04,0.0014,9e-04,0.0022,0.0025,0.0025,0.0029,0.0012,13.85,0.01,0
2025-12-23 08:43:06,0,0,27.81,0,16,5565,92.75,150,2.5,320,5.33333,23.86,0,0,0,0,0,0,0,0,166,114,3e-04,0.0027,0.0016,0.0038,0.0035,0.0037,0.0037,0.0019,25.21,0.01,0
2025-12-23 08:44:06,0,0,27.75,0,16,722,12.0333,1,0.0166667,69,1.15,16.08,0,0,0,0,0,0,0,0,167,118,2e-04,0.0015,9e-04,0.0022,0.0025,0.0026,0.0029,0.0013,14.09,0.01,0
2025-12-23 08:45:06,0,0,28.06,0,16,657,10.95,3,0.05,60,1,18.14,0,0,0,0,0,0,0,0,153,110,2e-04,0.0017,0.0011,0.0025,0.0029,0.0029,0.0033,0.0014,16.31,0.01,0
2025-12-23 08:46:06,0,0,28.25,0,16,340,5.66667,2,0.0333333,24,0.4,20.2,0,0,0,0,0,0,0,0,157,104,2e-04,0.0019,0.0012,0.0028,0.0032,0.0031,0.0038,0.0015,18.37,0.01,0
2025-12-23 08:47:06,0,0,28.38,0,1,190,3.16667,3,0.05,12,0.2,18.21,0,0,0,0,0,0,0,0,154,102,2e-04,0.0017,0.0011,0.0025,0.0029,0.0028,0.0035,0.0013,16.43,0.01,0
2025-12-23 08:48:06,0,0,28.31,0,16,428,7.13333,0,0,54,0.9,19.46,0,0,0,0,0,0,0,0,155,106,2e-04,0.0018,0.0012,0.0026,0.0031,0.003,0.0037,0.0014,17.54,0.01,0
2025-12-23 08:49:06,0,0,28.56,0,16,72,1.2,0,0,10,0.166667,19.47,0,0,0,0,0,0,0,0,148,106,2e-04,0.0018,0.0012,0.0027,0.0031,0.003,0.0038,0.0014,17.67,0.01,0
2025-12-23 08:50:06,0,0,28.56,0,16,133,2.21667,0,0,12,0.2,19.73,0,0,0,0,0,0,0,0,167,120,2e-04,0.0019,0.0012,0.0027,0.0031,0.003,0.0038,0.0014,17.9,0.01,0
2025-12-23 08:51:06,0,0,28.88,0,16,499,8.31667,1,0.0166667,59,0.983333,19.79,0,0,0,0,0,0,0,0,204,153,2e-04,0.0018,0.0012,0.0027,0.0031,0.003,0.0038,0.0014,17.94,0.01,0
2025-12-23 08:52:06,0,0,28.94,0,1,360,6,5,0.0833333,33,0.55,14.44,0,0,0,0,0,0,0,0,196,124,1e-04,0.0013,9e-04,0.002,0.0023,0.0021,0.0031,9e-04,13,0.01,0
2025-12-23 08:53:06,0,0,29,0,1,0,0,0,0,0,0,12.91,0,0,0,0,0,0,0,0,209,148,1e-04,0.0012,8e-04,0.0018,0.0021,0.0018,0.0028,8e-04,11.62,0,0
2025-12-23 08:54:06,0,0,29.38,0,1,234,3.9,3,0.05,19,0.316667,14.22,0,0,0,0,0,0,0,0,167,108,1e-04,0.0013,9e-04,0.002,0.0023,0.002,0.003,9e-04,12.86,0.01,0
2025-12-23 08:55:06,0,0,29.5,0,16,904,15.0667,2,0.0333333,89,1.48333,17.75,0,0,0,0,0,0,0,0,191,132,2e-04,0.0017,0.0011,0.0024,0.0028,0.0028,0.0034,0.0013,16,0.01,0
2025-12-23 08:56:06,0,0,29.5,0,16,151,2.51667,0,0,13,0.216667,18.99,0,0,0,0,0,0,0,0,163,112,2e-04,0.0017,0.0011,0.0026,0.003,0.0029,0.0037,0.0014,17.14,0.01,0
2025-12-23 08:57:06,0,0,29.69,0,16,1555,25.9167,33,0.55,132,2.2,15.5,0,0,0,0,0,0,0,0,168,108,1e-04,0.0014,9e-04,0.0021,0.0025,0.0025,0.0029,0.0012,13.64,0.01,0
2025-12-23 08:58:06,0,0,29.81,0,16,543,9.05,0,0,52,0.866667,17.21,0,0,0,0,0,0,0,0,160,105,2e-04,0.0016,0.001,0.0023,0.0027,0.0028,0.0032,0.0013,15.27,0.01,0
2025-12-23 08:59:06,0,0,29.75,0,16,261,4.35,0,0,21,0.35,17.62,0,0,0,0,0,0,0,0,179,110,2e-04,0.0016,0.001,0.0024,0.0028,0.0028,0.0033,0.0014,15.64,0.01,0
2025-12-23 09:00:06,0,0,29.69,0,16,387,6.45,0,0,14,0.233333,17.75,0,0,0,0,0,0,0,0,170,103,2e-04,0.0016,0.001,0.0024,0.0028,0.0028,0.0033,0.0014,15.65,0.01,0
2025-12-23 09:01:06,0,0,29.69,0,16,887,14.7833,1,0.0166667,74,1.23333,17.43,0,0,0,0,0,0,0,0,205,148,2e-04,0.0016,0.001,0.0023,0.0028,0.0028,0.0032,0.0014,15.37,0.01,0
2025-12-23 09:02:06,0,0,29.56,0,1,1275,21.25,15,0.25,100,1.66667,9.91,0,0,0,0,0,0,0,0,175,106,1e-04,9e-04,5e-04,0.0014,0.0016,0.0015,0.002,7e-04,8.48,0,0
2025-12-23 09:03:06,0,0,29.62,0,16,922,15.3667,0,0,97,1.61667,17.65,0,0,0,0,0,0,0,0,174,106,2e-04,0.0016,0.001,0.0024,0.0028,0.0029,0.0031,0.0015,15.53,0.01,0
2025-12-23 09:04:06,0,0,29.38,0,16,223,3.71667,0,0,17,0.283333,17.68,0,0,0,0,0,0,0,0,168,103,2e-04,0.0016,0.001,0.0024,0.0028,0.0028,0.0032,0.0014,15.71,0.01,0
2025-12-23 09:05:06,0,0,29.44,0,16,386,6.43333,0,0,30,0.5,17.66,0,0,0,0,0,0,0,0,175,103,2e-04,0.0016,0.001,0.0024,0.0028,0.0029,0.0032,0.0014,15.75,0.01,0
2025-12-23 09:06:06,0,0,29.44,0,16,948,15.8,0,0,106,1.76667,17.7,0,0,0,0,0,0,0,0,174,102,2e-04,0.0016,0.001,0.0024,0.0028,0.0028,0.0032,0.0014,15.64,0.01,0
2025-12-23 09:07:06,0,0,29.31,0,16,346,5.76667,0,0,27,0.45,17.28,0,0,0,0,0,0,0,0,178,103,2e-04,0.0016,0.001,0.0023,0.0027,0.0028,0.0032,0.0014,15.17,0.01,0
2025-12-23 09:08:06,0,0,29.5,0,16,210,3.5,0,0,13,0.216667,17.44,0,0,0,0,0,0,0,0,166,102,2e-04,0.0016,0.001,0.0024,0.0027,0.0028,0.0032,0.0014,15.41,0.01,0
2025-12-23 09:09:06,0,0,29.5,0,16,322,5.36667,0,0,24,0.4,17.65,0,0,0,0,0,0,0,0,169,102,2e-04,0.0016,0.001,0.0024,0.0028,0.0029,0.0032,0.0014,15.54,0.01,0
2025-12-23 09:10:06,0,0,29.44,0,16,637,10.6167,0,0,67,1.11667,17.68,0,0,0,0,0,0,0,0,180,102,2e-04,0.0016,0.001,0.0024,0.0028,0.0028,0.0033,0.0014,15.65,0.01,0
2025-12-23 09:11:06,0,0,29.44,0,16,150,2.5,0,0,15,0.25,17.41,0,0,0,0,0,0,0,0,175,102,2e-04,0.0016,0.001,0.0023,0.0027,0.0028,0.0032,0.0014,15.48,0.01,0
2025-12-23 09:12:06,0,0,29.62,0,16,398,6.63333,0,0,54,0.9,17.69,0,0,0,0,0,0,0,0,168,102,2e-04,0.0016,0.001,0.0024,0.0028,0.0028,0.0033,0.0014,15.61,0.01,0
2025-12-23 09:13:06,0,0,29.81,0,16,316,5.26667,0,0,26,0.433333,17.73,0,0,0,0,0,0,0,0,169,102,2e-04,0.0016,0.001,0.0024,0.0028,0.0029,0.0032,0.0014,15.55,0.01,0
2025-12-23 09:14:06,0,0,29.94,0,16,435,7.25,0,0,43,0.716667,18.03,0,0,0,0,0,0,0,0,165,102,2e-04,0.0016,0.0011,0.0024,0.0029,0.0029,0.0033,0.0015,15.95,0.01,0
2025-12-23 09:15:06,0,0,30.06,0,16,1616,26.9333,9,0.15,184,3.06667,19.02,0,0,0,0,0,0,0,0,173,103,2e-04,0.0017,0.0011,0.0026,0.003,0.0031,0.0035,0.0015,16.89,0.01,0
2025-12-23 09:16:06,0,0,30.06,0,8,7994,133.233,248,4.13333,475,7.91667,17.16,0,0,0,0,0,0,0,0,225,160,2e-04,0.0012,8e-04,0.0019,0.0027,0.0035,0.0036,0.0021,11.71,0.01,0
2025-12-23 09:17:06,0,0,30,0,8,6047,100.783,185,3.08333,296,4.93333,9.71,0,0,0,0,0,0,0,0,213,121,2e-04,7e-04,6e-04,0.0012,0.0016,0.0018,0.0018,0.0014,7.4,0,0
2025-12-23 09:18:06,0,0,30,0,1,6307,105.117,167,2.78333,382,6.36667,16.68,0,0,0,0,0,0,0,0,195,145,7e-04,0.0014,0.0017,0.0023,0.0028,0.003,0.0034,0.0042,15.77,0.01,0
2025-12-23 09:19:06,0,0,29.88,0,1,14969,249.483,562,9.36667,648,10.8,10.76,0,0,0,0,0,0,0,0,225,162,1e-04,3e-04,4e-04,9e-04,0.0017,0.0026,0.0027,0.0016,4.37,0,0
2025-12-23 09:20:06,0,0,29.44,0,1,6527,108.783,170,2.83333,380,6.33333,0.03,0,0,0,0,0,0,0,0,208,156,0,0,0,0,0,0,0,0,0,0,0
2025-12-23 09:21:06,0,0,29.31,0,8,13016,216.933,506,8.43333,450,7.5,0,0,0,0,0,0,0,0,0,205,156,1e-04,1e-04,1e-04,1e-04,1e-04,1e-04,1e-04,1e-04,0,0,0
2025-12-23 09:22:06,0,0,29.44,0,1,10065,167.75,309,5.15,584,9.73333,0,0,0,0,0,0,0,0,0,193,145,0,0,0,1e-04,0,1e-04,0,0,0,0,0
2025-12-23 09:23:06,0,0,29.25,0,1,6342,105.7,179,2.98333,452,7.53333,0,0,0,0,0,0,0,0,0,175,128,0,0,0,1e-04,0,1e-04,1e-04,1e-04,0,0,0
2025-12-23 09:24:06,0,0,29.12,0,1,9534,158.9,331,5.51667,644,10.7333,21.56,0,0,0,0,0.01,0,0,0,199,130,0.0013,0.0024,0.0029,0.0036,0.0036,0.0039,0.0047,0.0063,24.63,0.02,0
2025-12-23 09:25:06,0,0,27.75,0,1,8344,139.067,255,4.25,489,8.15,148.45,0,0,0,0,0.06,0,0,0,233,170,0.0088,0.0155,0.0193,0.0239,0.0241,0.0258,0.0316,0.0422,173.72,0.12,0
2025-12-23 09:26:06,0,0,26.31,0,1,6968,116.133,168,2.8,425,7.08333,19.68,0,0,0,0,0.01,0,0,0,203,148,0.0012,0.002,0.0025,0.0032,0.0034,0.0038,0.0045,0.0063,20.49,0.02,0
2025-12-23 09:27:06,0,0,26.25,0,1,16531,275.517,626,10.4333,788,13.1333,0,0,0,0,0,0.01,0,0,0,195,144,1e-04,2e-04,2e-04,2e-04,1e-04,2e-04,2e-04,2e-04,0,0,0
2025-12-23 09:28:06,0,0,26.19,0,16,10989,183.15,353,5.88333,583,9.71667,0.04,0,0,0,0,0.01,0,0,0,198,131,2e-04,2e-04,1e-04,2e-04,2e-04,2e-04,2e-04,2e-04,0,0,0
2025-12-23 09:29:06,0,0,26.5,0,1,9794,163.233,331,5.51667,610,10.1667,0,0,0,0,0,0,0,0,0,184,137,1e-04,1e-04,0,1e-04,1e-04,1e-04,1e-04,1e-04,0,0,0
2025-12-23 09:30:06,0,0,26.69,0,16,12653,210.883,464,7.73333,552,9.2,0,0,0,0,0,0,0,0,0,187,128,1e-04,0,0,1e-04,0,1e-04,0,1e-04,0,0,0
2025-12-23 09:31:06,0,0,27.12,0,1,6862,114.367,158,2.63333,397,6.61667,0,0,0,0,0,0,0,0,0,170,129,0,0,0,0,0,0,0,0,0,0,0
2025-12-23 09:32:06,0,0,27.44,0,1,9963,166.05,296,4.93333,609,10.15,0,0,0,0,0,0.01,0,0,0,184,140,2e-04,2e-04,1e-04,2e-04,1e-04,2e-04,1e-04,1e-04,0,0,0
2025-12-23 09:33:06,0,0,27.62,0,8,7898,131.633,234,3.9,514,8.56667,0,0,0,0,0,0.01,0,0,0,171,128,2e-04,2e-04,1e-04,2e-04,1e-04,3e-04,2e-04,2e-04,0,0,0
2025-12-23 09:34:06,0,0,27.69,0,1,8193,136.55,276,4.6,447,7.45,0,0,0,0,0,0,0,0,0,205,151,0,0,0,0,0,0,0,0,0,0,0
2025-12-23 09:35:06,0,0,27.69,0,1,3527,58.7833,62,1.03333,292,4.86667,0,0,0,0,0,0,0,0,0,193,146,0,1e-04,0,1e-04,0,1e-04,0,0,0,0,0
2025-12-23 09:36:06,0,0,27.81,0,16,3383,56.3833,38,0.633333,295,4.91667,0,0,0,0,0,0,0,0,0,160,119,0,0,0,1e-04,0,0,0,1e-04,0,0,0
2025-12-23 09:37:06,0,0,27.94,0,1,4625,77.0833,92,1.53333,377,6.28333,0,0,0,0,0,0,0,0,0,176,131,0,0,0,0,0,0,0,0,0,0,0
2025-12-23 09:38:06,0,0,27.94,0,1,1394,23.2333,0,0,129,2.15,0,0,0,0,0,0,0,0,0,173,130,0,0,0,1e-04,0,1e-04,0,0,0,0,0
2025-12-23 09:39:06,0,0,27.38,0,1,4860,81,100,1.66667,412,6.86667,55.46,0,0,0,0,0.01,0,0,0,205,150,0.0026,0.0048,0.0064,0.0083,0.0091,0.0092,0.0104,0.0125,60.17,0.04,0
2025-12-23 09:40:06,0,0,26.88,0,1,2711,45.1833,12,0.2,360,6,0,0,0,0,0,0,0,0,0,190,141,0,0,0,0,0,0,0,0,0,0,0
2025-12-23 09:41:06,0,0,26.69,0,1,3039,50.65,17,0.283333,417,6.95,152.6,0,0,0,0,0.03,0,0,0,206,145,0.0071,0.0134,0.0181,0.0231,0.0246,0.0251,0.0285,0.0344,170.31,0.1,0
2025-12-23 09:42:06,0,0,26.62,0,1,1938,32.3,5,0.0833333,213,3.55,294.73,0,0,0,0,0.06,0,0,0,190,137,0.0137,0.026,0.0352,0.0445,0.0471,0.0478,0.0542,0.0654,333.92,0.19,0
2025-12-23 09:43:06,0,0,26.44,0,16,993,16.55,12,0.2,60,1,10.49,0,0,0,0,0,0,0,0,202,148,5e-04,9e-04,0.0012,0.0015,0.0017,0.0018,0.002,0.0027,11.12,0.01,0
2025-12-23 09:44:06,0,0,26.31,0,16,3710,61.8333,76,1.26667,286,4.76667,240.31,0,0,0,0,0.05,0,0,0,203,155,0.0113,0.0212,0.0286,0.0363,0.0386,0.0393,0.0445,0.0535,270.6,0.15,0
2025-12-23 09:45:06,0,0,26.12,0,16,1638,27.3,0,0,171,2.85,0,0,0,0,0,0,0,0,0,195,148,1e-04,1e-04,0,1e-04,1e-04,1e-04,0,1e-04,0,0,0
2025-12-23 09:46:06,0,0,26.19,0,16,1860,31,24,0.4,196,3.26667,126.37,0,0,0,0,0.03,0,0,0,205,149,0.0061,0.0114,0.0154,0.0197,0.0201,0.0205,0.0233,0.0279,145.84,0.08,0
2025-12-23 09:47:06,0,0,26.38,0,16,2635,43.9167,12,0.2,341,5.68333,374.19,0,0,0,0,0.08,0,0,0,203,147,0.0175,0.033,0.0446,0.0565,0.0599,0.0611,0.0693,0.0831,422.52,0.24,0
2025-12-23 09:48:06,0,0,26.44,0,16,2329,38.8167,4,0.0666667,299,4.98333,358.35,0,0,0,0,0.07,0,0,0,198,147,0.0168,0.0316,0.0427,0.0541,0.0574,0.0584,0.0661,0.0791,404.78,0.23,0
2025-12-23 09:49:06,0,0,26.38,0,16,2212,36.8667,9,0.15,246,4.1,363.36,0,0,0,0,0.08,0,0,0,203,147,0.017,0.032,0.0432,0.0549,0.0583,0.0594,0.0672,0.0804,409.3,0.23,0
2025-12-23 09:50:06,0,0,26.56,0,16,3918,65.3,76,1.26667,408,6.8,381.06,0,0,0,0,0.08,0,0,0,193,123,0.0177,0.0333,0.0451,0.0575,0.0611,0.0623,0.0704,0.084,427.32,0.24,0
2025-12-23 09:51:06,0,0,27.19,0,16,3962,66.0333,39,0.65,476,7.93333,442.78,0,0,0,0,0.09,0,0,0,197,142,0.0204,0.0385,0.0524,0.0668,0.071,0.0722,0.0815,0.0972,496.8,0.28,0
2025-12-23 09:52:06,0,0,27.44,0,16,2399,39.9833,30,0.5,178,2.96667,368.98,0,0,0,0,0.08,0,0,0,200,139,0.017,0.0321,0.0434,0.0553,0.0594,0.0607,0.0686,0.0821,410.07,0.24,0
2025-12-23 09:53:06,0,0,27.88,0,16,2849,47.4833,6,0.1,370,6.16667,385.64,0,0,0,0,0.09,0,0,0,190,137,0.0181,0.0342,0.0461,0.0585,0.0619,0.0631,0.0712,0.0851,435.35,0.25,0
2025-12-23 09:54:06,0,0,28,0,16,4039,67.3167,68,1.13333,329,5.48333,261.04,0,0,0,0,0.06,0,0,0,197,149,0.0122,0.023,0.0311,0.0396,0.0419,0.0429,0.0484,0.058,293.68,0.17,0
2025-12-23 09:55:06,0,0,28.12,0,16,2838,47.3,9,0.15,307,5.11667,437.32,0,0,0,0,0.09,0,0,0,193,138,0.0201,0.0379,0.0514,0.0656,0.0703,0.072,0.0814,0.0973,485.57,0.28,0
2025-12-23 09:56:06,0,0,28.44,0,1,4862,81.0333,105,1.75,344,5.73333,180.66,0,0,0,0,0.04,0,0,0,180,136,0.0082,0.0155,0.0211,0.0271,0.0291,0.0299,0.0338,0.0404,198.83,0.12,0
2025-12-23 09:57:06,0,0,28,0,1,12476,207.933,443,7.38333,599,9.98333,0,0,0,0,0,0.01,0,0,0,224,176,1e-04,1e-04,1e-04,1e-04,1e-04,1e-04,1e-04,2e-04,0,0,0
2025-12-23 09:58:06,0,0,28,0,8,11035,183.917,315,5.25,544,9.06667,0,0,0,0,0,0,0,0,0,173,118,1e-04,1e-04,0,1e-04,0,1e-04,1e-04,1e-04,0,0,0
2025-12-23 09:59:06,0,0,28.06,0,8,14886,248.1,550,9.16667,613,10.2167,2.66,0,0,0,0,0,0,0,0,205,148,0,0,1e-04,2e-04,4e-04,7e-04,7e-04,5e-04,0.64,0,0
2025-12-23 10:00:06,0,0,27.75,0,16,1109,18.4833,16,0.266667,92,1.53333,18.82,0,0,0,0,0,0,0,0,212,156,2e-04,0.0016,0.0011,0.0026,0.003,0.003,0.0035,0.0014,16.42,0.01,0
2025-12-23 10:01:06,0,0,27.75,0,16,188,3.13333,1,0.0166667,12,0.2,18.41,0,0,0,0,0,0,0,0,203,147,2e-04,0.0016,0.0011,0.0025,0.0029,0.0029,0.0036,0.0014,16.01,0.01,0
2025-12-23 10:02:06,0,0,27.94,0,16,26,0.433333,0,0,1,0.0166667,18.56,0,0,0,0,0,0,0,0,199,143,2e-04,0.0016,0.0011,0.0025,0.003,0.0029,0.0036,0.0014,16.2,0.01,0
2025-12-23 10:03:06,0,0,28.38,0,16,1672,27.8667,47,0.783333,118,1.96667,18.56,0,0,0,0,0,0,0,0,194,143,2e-04,0.0016,0.0011,0.0025,0.003,0.0029,0.0036,0.0014,16.17,0.01,0
2025-12-23 10:04:06,0,0,28.75,0,16,2372,39.5333,45,0.75,187,3.11667,19.6,0,0,0,0,0,0,0,0,229,158,2e-04,0.0017,0.0012,0.0026,0.0031,0.003,0.0038,0.0015,17.28,0.01,0
2025-12-23 10:05:06,0,0,28.62,0,1,4505,75.0833,93,1.55,332,5.53333,14.72,0,0,0,0,0,0,0,0,196,140,1e-04,8e-04,7e-04,0.0016,0.0024,0.0029,0.0033,0.0016,9.34,0.01,0
2025-12-23 10:06:06,0,0,28.75,0,16,1317,21.95,4,0.0666667,139,2.31667,21.03,0,0,0,0,0,0,0,0,180,128,2e-04,0.0019,0.0013,0.0028,0.0034,0.0033,0.004,0.0016,18.66,0.01,0
2025-12-23 10:07:06,0,0,28.88,0,16,698,11.6333,3,0.05,70,1.16667,20.91,0,0,0,0,0,0,0,0,175,120,2e-04,0.0019,0.0013,0.0028,0.0033,0.0032,0.0041,0.0015,18.5,0.01,0
2025-12-23 10:08:06,0,0,29.19,0,1,2383,39.7167,22,0.366667,223,3.71667,16.32,0,0,0,0,0,0,0,0,164,118,2e-04,0.0014,0.001,0.0022,0.0026,0.0024,0.0034,0.0011,14.46,0.01,0
2025-12-23 10:09:06,0,0,29.75,0,16,5386,89.7667,142,2.36667,349,5.81667,25.68,0,0,0,0,0,0,0,0,209,148,3e-04,0.0013,0.0011,0.0026,0.004,0.0056,0.0064,0.0034,14.74,0.01,0
2025-12-23 10:10:06,0,0,30,0,1,2536,42.2667,41,0.683333,203,3.38333,30.17,0,0,0,0,0,0,0,0,154,108,3e-04,8e-04,0.001,0.0023,0.0046,0.0077,0.0084,0.0051,11.44,0.01,0
2025-12-23 10:11:06,0,0,29.94,0,1,15618,260.3,522,8.7,630,10.5,21.74,0,0,0,0,0,0,0,0,201,109,3e-04,0.001,0.001,0.0025,0.0032,0.005,0.0055,0.0034,12.88,0.01,0
2025-12-23 10:12:06,0,0,29.62,0,1,1245,20.75,3,0.05,101,1.68333,20.76,0,0,0,0,0,0,0,0,192,100,8e-04,0.0017,0.0021,0.0029,0.0034,0.0038,0.0042,0.0051,19.89,0.01,0
2025-12-23 10:13:06,0,0,29.31,0,1,0,0,0,0,0,0,35.83,0,0,0,0,0.01,0,0,0,185,100,0.0016,0.003,0.0038,0.0052,0.0059,0.0063,0.0072,0.0088,36.24,0.02,0
2025-12-23 10:14:06,0,0,29.25,0,1,256,4.26667,1,0.0166667,16,0.266667,37.11,0,0,0,0,0.01,0,0,0,176,100,0.0016,0.0031,0.004,0.0053,0.0061,0.0066,0.0075,0.009,37.6,0.03,0
2025-12-23 10:15:06,0,0,29.25,0,1,72,1.2,0,0,1,0.0166667,37.39,0,0,0,0,0.01,0,0,0,177,100,0.0016,0.0031,0.004,0.0053,0.0061,0.0066,0.0075,0.0091,37.68,0.03,0
2025-12-23 10:16:06,0,0,29.19,0,1,4380,73,88,1.46667,294,4.9,38.36,0,0,0,0,0.01,0,0,0,166,111,0.0013,0.0028,0.0033,0.0049,0.0063,0.0073,0.0078,0.008,32.87,0.02,0
2025-12-23 10:17:06,0,0,29.12,0,1,6672,111.2,145,2.41667,270,4.5,34.6,0,0,0,0,0,0,0,0,174,114,7e-04,0.0019,0.0018,0.0035,0.0059,0.0074,0.0072,0.0059,20.37,0.02,0
2025-12-23 10:18:06,0,0,29.38,0,8,1425,23.75,30,0.5,95,1.58333,49.75,0,0,0,0,0.01,0,0,0,166,102,0.002,0.0039,0.0048,0.0067,0.0082,0.0092,0.01,0.0112,46.27,0.03,0
2025-12-23 10:19:06,0,0,29.31,0,16,1026,17.1,26,0.433333,74,1.23333,62.82,0,0,0,0,0.01,0,0,0,146,102,0.0023,0.0046,0.0056,0.0081,0.0104,0.0118,0.0127,0.0136,55.06,0.04,0
2025-12-23 10:20:06,0,0,29.19,0,1,4491,74.85,106,1.76667,296,4.93333,90.24,0,0,0,0,0.02,0,0,0,178,147,0.0038,0.0073,0.0093,0.0125,0.0148,0.0163,0.0183,0.0212,87.7,0.06,0
2025-12-23 10:21:06,0,0,29,0,1,5324,88.7333,133,2.21667,376,6.26667,34.63,0,0,0,0,0,0,0,0,175,123,0.0011,0.0036,0.0031,0.0047,0.0056,0.006,0.0061,0.006,35.29,0.02,0
2025-12-23 10:22:06,0,0,28.88,0,1,3564,59.4,60,1,274,4.56667,20.35,0,0,0,0,0,0,0,0,186,112,2e-04,0.0018,0.0012,0.0028,0.0032,0.0031,0.004,0.0015,18.09,0.01,0
2025-12-23 10:23:06,0,0,28.81,0,1,2950,49.1667,48,0.8,231,3.85,21.12,0,0,0,0,0,0,0,0,169,123,2e-04,0.0018,0.0013,0.0028,0.0034,0.0033,0.0041,0.0016,18.55,0.01,0
2025-12-23 10:24:06,0,0,28.62,0,16,2229,37.15,35,0.583333,201,3.35,19.55,0,0,0,0,0,0,0,0,181,132,2e-04,0.0018,0.0011,0.0027,0.0031,0.0032,0.0035,0.0016,17.36,0.01,0
2025-12-23 10:25:06,0,0,28.75,0,16,2093,34.8833,10,0.166667,259,4.31667,18.76,0,0,0,0,0,0,0,0,155,102,2e-04,0.0017,0.0011,0.0025,0.003,0.0031,0.0032,0.0016,16.69,0.01,0
2025-12-23 10:26:06,0,0,28.81,0,16,1811,30.1833,6,0.1,227,3.78333,17.96,0,0,0,0,0,0,0,0,184,130,2e-04,0.0016,0.001,0.0024,0.0028,0.003,0.0031,0.0016,15.81,0.01,0
2025-12-23 10:27:06,0,0,28.94,0,16,1810,30.1667,7,0.116667,230,3.83333,17.39,0,0,0,0,0,0,0,0,172,118,2e-04,0.0016,0.001,0.0023,0.0027,0.0029,0.003,0.0015,15.2,0.01,0
2025-12-23 10:28:06,0,0,29,0,16,902,15.0333,4,0.0666667,122,2.03333,18.32,0,0,0,0,0,0,0,0,168,114,2e-04,0.0017,0.001,0.0025,0.0029,0.0031,0.0031,0.0016,16.17,0.01,0
2025-12-23 10:29:06,0,0,29.19,0,16,971,16.1833,12,0.2,94,1.56667,17.69,0,0,0,0,0,0,0,0,174,111,2e-04,0.0016,0.001,0.0024,0.0028,0.003,0.003,0.0015,15.56,0.01,0
2025-12-23 10:30:06,0,0,29.31,0,16,1183,19.7167,6,0.1,139,2.31667,18.17,0,0,0,0,0,0,0,0,167,110,2e-04,0.0016,0.001,0.0025,0.0029,0.003,0.0031,0.0016,16,0.01,0
2025-12-23 10:31:06,0,0,29.56,0,16,1498,24.9667,15,0.25,167,2.78333,17.73,0,0,0,0,0,0,0,0,157,119,2e-04,0.0016,0.001,0.0024,0.0028,0.003,0.003,0.0015,15.65,0.01,0
2025-12-23 10:32:06,0,0,29.5,0,16,1489,24.8167,10,0.166667,171,2.85,18.23,0,0,0,0,0,0,0,0,160,115,2e-04,0.0017,0.001,0.0024,0.0029,0.0031,0.0031,0.0016,16.05,0.01,0
2025-12-23 10:33:06,0,0,29.44,0,16,2021,33.6833,12,0.2,258,4.3,18.31,0,0,0,0,0,0,0,0,163,110,2e-04,0.0017,0.0011,0.0025,0.0029,0.003,0.0031,0.0016,16.29,0.01,0
2025-12-23 10:34:06,0,0,29.06,0,16,870,14.5,7,0.116667,109,1.81667,18.37,0,0,0,0,0,0,0,0,158,118,2e-04,0.0017,0.0011,0.0025,0.0029,0.0031,0.0032,0.0016,16.36,0.01,0
2025-12-23 10:35:06,0,0,29.12,0,16,125,2.08333,0,0,10,0.166667,18.87,0,0,0,0,0,0,0,0,157,122,2e-04,0.0017,0.0011,0.0026,0.003,0.0032,0.0032,0.0016,16.74,0.01,0
2025-12-23 10:36:06,0,0,29.5,0,16,1540,25.6667,3,0.05,193,3.21667,18.1,0,0,0,0,0,0,0,0,159,114,2e-04,0.0017,0.0011,0.0024,0.0029,0.003,0.003,0.0016,16.12,0.01,0
2025-12-23 10:37:06,0,0,29.44,0,16,1402,23.3667,9,0.15,163,2.71667,18.3,0,0,0,0,0,0,0,0,172,110,2e-04,0.0017,0.0011,0.0025,0.0029,0.0031,0.0031,0.0016,16.23,0.01,0
2025-12-23 10:38:06,0,0,29.5,0,16,1457,24.2833,11,0.183333,160,2.66667,18.66,0,0,0,0,0,0,0,0,168,110,2e-04,0.0017,0.0011,0.0025,0.0029,0.0031,0.0032,0.0016,16.65,0.01,0
2025-12-23 10:39:06,0,0,29.5,0,16,2351,39.1833,28,0.466667,251,4.18333,18.68,0,0,0,0,0,0,0,0,172,108,2e-04,0.0017,0.0011,0.0025,0.0029,0.0031,0.0032,0.0016,16.62,0.01,0
2025-12-23 10:40:06,0,0,29.44,0,16,185,3.08333,0,0,19,0.316667,16.63,0,0,0,0,0,0,0,0,181,124,2e-04,0.0015,0.001,0.0023,0.0026,0.0028,0.0029,0.0014,14.61,0.01,0
2025-12-23 10:41:06,0,0,29.62,0,16,63,1.05,0,0,6,0.1,16.35,0,0,0,0,0,0,0,0,184,124,2e-04,0.0015,9e-04,0.0022,0.0026,0.0027,0.0028,0.0014,14.39,0.01,0
2025-12-23 10:42:06,0,0,29.75,0,16,1316,21.9333,8,0.133333,151,2.51667,17.94,0,0,0,0,0,0,0,0,171,113,2e-04,0.0017,0.0011,0.0024,0.0028,0.003,0.003,0.0016,15.98,0.01,0
2025-12-23 10:43:06,0,0,29.62,0,16,129,2.15,0,0,8,0.133333,18.55,0,0,0,0,0,0,0,0,162,114,2e-04,0.0017,0.0011,0.0025,0.0029,0.0031,0.0032,0.0016,16.52,0.01,0
2025-12-23 10:44:06,0,0,29.81,0,16,949,15.8167,29,0.483333,74,1.23333,19.87,0,0,0,0,0,0,0,0,155,102,2e-04,0.0018,0.0012,0.0027,0.0031,0.0033,0.0033,0.0017,17.8,0.01,0
2025-12-23 10:45:06,0,0,30.12,0,16,703,11.7167,8,0.133333,72,1.2,18.05,0,0,0,0,0,0,0,0,164,114,2e-04,0.0016,0.0011,0.0024,0.0029,0.003,0.0031,0.0015,15.92,0.01,0
2025-12-23 10:46:06,0,0,30,0,16,1298,21.6333,8,0.133333,148,2.46667,17.74,0,0,0,0,0,0,0,0,153,118,2e-04,0.0016,0.001,0.0024,0.0028,0.003,0.0031,0.0015,15.58,0.01,0
2025-12-23 10:47:06,0,0,29.94,0,16,2315,38.5833,36,0.6,191,3.18333,21.43,0,0,0,0,0,0,0,0,167,115,2e-04,0.002,0.0013,0.0029,0.0034,0.0036,0.0036,0.0019,19.2,0.01,0
2025-12-23 10:48:06,0,0,29.81,0,16,1890,31.5,13,0.216667,214,3.56667,18.42,0,0,0,0,0,0,0,0,155,128,2e-04,0.0017,0.0011,0.0025,0.0029,0.0031,0.0031,0.0016,16.36,0.01,0
2025-12-23 10:49:06,0,0,29.88,0,16,1674,27.9,7,0.116667,199,3.31667,17.98,0,0,0,0,0,0,0,0,151,108,2e-04,0.0016,0.0011,0.0024,0.0029,0.003,0.003,0.0015,15.88,0.01,0
2025-12-23 10:50:06,0,0,29.69,0,16,1221,20.35,3,0.05,151,2.51667,18.1,0,0,0,0,0,0,0,0,160,118,2e-04,0.0016,0.0011,0.0024,0.0029,0.003,0.0031,0.0015,16.08,0.01,0
2025-12-23 10:51:06,0,0,29.62,0,16,84,1.4,0,0,4,0.0666667,19.24,0,0,0,0,0,0,0,0,158,114,2e-04,0.0018,0.0012,0.0026,0.003,0.0031,0.0034,0.0016,17.41,0.01,0
2025-12-23 10:52:06,0,0,29.88,0,16,61,1.01667,0,0,4,0.0666667,18.72,0,0,0,0,0,0,0,0,162,109,2e-04,0.0017,0.0011,0.0025,0.003,0.0031,0.0033,0.0016,16.82,0.01,0
2025-12-23 10:53:06,0,0,30,0,16,73,1.21667,0,0,5,0.0833333,18.85,0,0,0,0,0,0,0,0,160,108,2e-04,0.0017,0.0012,0.0026,0.003,0.0031,0.0033,0.0015,17.08,0.01,0
2025-12-23 10:54:06,0,0,29.88,0,16,1860,31,45,0.75,147,2.45,20.02,0,0,0,0,0,0,0,0,172,114,2e-04,0.0019,0.0012,0.0027,0.0032,0.0033,0.0035,0.0017,17.99,0.01,0
2025-12-23 10:55:06,0,0,30,0,16,813,13.55,3,0.05,99,1.65,20.2,0,0,0,0,0,0,0,0,161,119,2e-04,0.0019,0.0012,0.0027,0.0032,0.0033,0.0035,0.0017,18.22,0.01,0
2025-12-23 10:56:06,0,0,29.75,0,16,1091,18.1833,5,0.0833333,129,2.15,20.71,0,0,0,0,0,0,0,0,171,110,2e-04,0.0019,0.0013,0.0028,0.0033,0.0034,0.0036,0.0017,18.65,0.01,0
2025-12-23 10:57:06,0,0,29.69,0,16,22,0.366667,0,0,0,0,20.1,0,0,0,0,0,0,0,0,169,110,2e-04,0.0019,0.0012,0.0027,0.0032,0.0033,0.0035,0.0017,18.06,0.01,0
2025-12-23 10:58:06,0,0,29.81,0,16,457,7.61667,0,0,45,0.75,19.74,0,0,0,0,0,0,0,0,163,106,2e-04,0.0018,0.0012,0.0027,0.0031,0.0032,0.0035,0.0016,17.87,0.01,0
2025-12-23 10:59:06,0,0,30.12,0,16,1307,21.7833,8,0.133333,133,2.21667,20.75,0,0,0,0,0,0,0,0,172,111,2e-04,0.0019,0.0013,0.0028,0.0033,0.0034,0.0036,0.0017,18.77,0.01,0
2025-12-23 11:00:06,0,0,29.81,0,16,759,12.65,0,0,80,1.33333,20.76,0,0,0,0,0,0,0,0,176,114,2e-04,0.002,0.0012,0.0028,0.0033,0.0034,0.0036,0.0017,18.72,0.01,0
2025-12-23 11:01:06,0,0,29.75,0,16,418,6.96667,0,0,46,0.766667,20.29,0,0,0,0,0,0,0,0,170,110,2e-04,0.0019,0.0012,0.0027,0.0032,0.0033,0.0036,0.0017,18.14,0.01,0
2025-12-23 11:02:06,0,0,29.94,0,16,158,2.63333,0,0,10,0.166667,20.7,0,0,0,0,0,0,0,0,167,108,2e-04,0.0019,0.0012,0.0028,0.0033,0.0034,0.0036,0.0017,18.6,0.01,0
2025-12-23 11:03:06,0,0,30.19,0,16,491,8.18333,1,0.0166667,59,0.983333,20.59,0,0,0,0,0,0,0,0,156,124,2e-04,0.0019,0.0013,0.0028,0.0032,0.0034,0.0036,0.0017,18.74,0.01,0
2025-12-23 11:04:06,0,0,29.94,0,16,761,12.6833,2,0.0333333,89,1.48333,19.51,0,0,0,0,0,0,0,0,168,108,2e-04,0.0018,0.0012,0.0026,0.0031,0.0033,0.0033,0.0017,17.7,0.01,0
2025-12-23 11:05:06,0,0,29.94,0,16,775,12.9167,17,0.283333,49,0.816667,17.67,0,0,0,0,0,0,0,0,163,106,2e-04,0.0016,0.001,0.0024,0.0028,0.003,0.0029,0.0015,15.79,0.01,0
2025-12-23 11:06:06,0,0,30,0,16,900,15,4,0.0666667,79,1.31667,20.1,0,0,0,0,0,0,0,0,173,110,2e-04,0.0019,0.0012,0.0027,0.0032,0.0033,0.0035,0.0017,18.05,0.01,0
2025-12-23 11:07:06,0,0,29.94,0,16,394,6.56667,0,0,54,0.9,21.94,0,0,0,0,0,0,0,0,166,106,2e-04,0.002,0.0013,0.0029,0.0035,0.0035,0.0041,0.0018,19.69,0.01,0
2025-12-23 11:08:06,0,0,30.12,0,16,2194,36.5667,50,0.833333,128,2.13333,21.46,0,0,0,0,0,0,0,0,183,110,2e-04,0.0021,0.0014,0.003,0.0033,0.0034,0.0039,0.0017,20.04,0.01,0
2025-12-23 11:09:06,0,0,29.81,0,16,432,7.2,0,0,39,0.65,20.12,0,0,0,0,0,0,0,0,185,108,2e-04,0.0019,0.0012,0.0027,0.0032,0.0034,0.0034,0.0018,17.8,0.01,0
2025-12-23 11:10:06,0,0,29.69,0,16,596,9.93333,0,0,72,1.2,20.71,0,0,0,0,0,0,0,0,185,110,2e-04,0.0019,0.0012,0.0028,0.0033,0.0035,0.0037,0.0018,18.32,0.01,0
2025-12-23 11:11:06,0,0,29.69,0,16,683,11.3833,0,0,66,1.1,21.64,0,0,0,0,0,0,0,0,188,110,2e-04,0.002,0.0013,0.0029,0.0034,0.0036,0.0039,0.0019,19.17,0.01,0
2025-12-23 11:12:06,0,0,29.62,0,16,432,7.2,1,0.0166667,36,0.6,21.07,0,0,0,0,0,0,0,0,178,108,2e-04,0.0019,0.0012,0.0028,0.0033,0.0035,0.0037,0.0018,18.69,0.01,0
2025-12-23 11:13:06,0,0,29.69,0,16,180,3,0,0,19,0.316667,20.55,0,0,0,0,0,0,0,0,176,106,2e-04,0.0019,0.0012,0.0028,0.0032,0.0034,0.0035,0.0018,18.35,0.01,0
2025-12-23 11:14:06,0,0,29.69,0,16,925,15.4167,11,0.183333,91,1.51667,20.02,0,0,0,0,0,0,0,0,169,109,2e-04,0.0018,0.0012,0.0027,0.0031,0.0034,0.0034,0.0017,17.88,0.01,0
2025-12-23 11:15:06,0,0,29.75,0,16,1761,29.35,7,0.116667,199,3.31667,19.12,0,0,0,0,0,0,0,0,163,104,2e-04,0.0018,0.0011,0.0026,0.003,0.0032,0.0033,0.0017,17,0.01,0
2025-12-23 11:16:06,0,0,30,0,16,1734,28.9,18,0.3,162,2.7,19.31,0,0,0,0,0,0,0,0,168,108,2e-04,0.0018,0.0011,0.0026,0.003,0.0032,0.0034,0.0017,17.21,0.01,0
2025-12-23 11:17:06,0,0,30.25,0,1,8992,149.867,312,5.2,504,8.4,7.77,0,0,0,0,0,0,0,0,175,114,1e-04,3e-04,3e-04,7e-04,0.0012,0.0018,0.0021,0.0012,3.44,0,0
2025-12-23 11:18:06,0,0,29.62,0,16,261,4.35,0,0,21,0.35,6.15,0,0,0,0,0,0,0,0,204,150,0,4e-04,4e-04,8e-04,0.001,7e-04,0.002,3e-04,4.58,0,0
2025-12-23 11:19:06,0,0,29.75,0,16,455,7.58333,0,0,58,0.966667,5.59,0,0,0,0,0,0,0,0,174,116,0,4e-04,3e-04,8e-04,9e-04,7e-04,0.0018,3e-04,4.06,0,0
2025-12-23 11:20:06,0,0,30,0,16,444,7.4,0,0,44,0.733333,6.36,0,0,0,0,0,0,0,0,168,110,0,4e-04,4e-04,9e-04,0.0011,8e-04,0.002,3e-04,4.78,0,0
2025-12-23 11:21:06,0,0,29.88,0,16,883,14.7167,4,0.0666667,92,1.53333,3.94,0,0,0,0,0,0,0,0,190,136,0,2e-04,2e-04,6e-04,7e-04,5e-04,0.0013,2e-04,2.85,0,0
2025-12-23 11:22:06,0,0,29.94,0,16,608,10.1333,5,0.0833333,49,0.816667,6.4,0,0,0,0,0,0,0,0,185,138,0,4e-04,4e-04,9e-04,0.0011,8e-04,0.002,3e-04,4.76,0,0
2025-12-23 11:23:06,0,0,30.06,0,16,787,13.1167,1,0.0166667,83,1.38333,4.5,0,0,0,0,0,0,0,0,192,142,0,3e-04,3e-04,6e-04,8e-04,5e-04,0.0013,2e-04,3.48,0,0
2025-12-23 11:24:06,0,0,30.19,0,16,724,12.0667,2,0.0333333,76,1.26667,6.03,0,0,0,0,0,0,0,0,192,142,0,4e-04,4e-04,8e-04,0.001,7e-04,0.0018,3e-04,4.53,0,0
2025-12-23 11:25:06,0,0,30.38,0,16,680,11.3333,6,0.1,70,1.16667,4.18,0,0,0,0,0,0,0,0,175,124,0,3e-04,2e-04,6e-04,7e-04,5e-04,0.0013,2e-04,3.09,0,0
2025-12-23 11:26:06,0,0,30.12,0,16,130,2.16667,0,0,10,0.166667,1.92,0,0,0,0,0,0,0,0,170,121,0,1e-04,1e-04,2e-04,4e-04,2e-04,6e-04,1e-04,1.04,0,0
2025-12-23 11:27:06,0,0,29.94,0,1,581,9.68333,8,0.133333,57,0.95,1.06,0,0,0,0,0,0,0,0,228,162,0,0,0,1e-04,2e-04,1e-04,4e-04,1e-04,0.32,0,0
2025-12-23 11:28:06,0,0,29.62,0,1,0,0,0,0,0,0,1.21,0,0,0,0,0,0,0,0,224,157,0,0,0,2e-04,2e-04,2e-04,5e-04,0,0.31,0,0
2025-12-23 11:29:06,0,0,29.5,0,1,0,0,0,0,0,0,0.94,0,0,0,0,0,0,0,0,223,156,0,0,0,1e-04,2e-04,1e-04,4e-04,0,0.11,0,0
2025-12-23 11:30:06,0,0,29.44,0,1,15,0.25,0,0,0,0,0.94,0,0,0,0,0,0,0,0,223,155,0,0,0,1e-04,2e-04,1e-04,4e-04,0,0.14,0,0
2025-12-23 11:31:06,0,0,29.94,0,1,566,9.43333,5,0.0833333,51,0.85,0.88,0,0,0,0,0,0,0,0,206,114,0,0,0,1e-04,2e-04,1e-04,4e-04,1e-04,0.19,0,0
2025-12-23 11:32:06,0,0,30.06,0,1,0,0,0,0,0,0,0.92,0,0,0,0,0,0,0,0,203,112,0,0,0,1e-04,2e-04,1e-04,4e-04,1e-04,0.21,0,0
2025-12-23 11:33:06,0,0,30.19,0,1,377,6.28333,6,0.1,25,0.416667,0.94,0,0,0,0,0,0,0,0,226,156,0,0,0,1e-04,2e-04,1e-04,4e-04,1e-04,0.08,0,0
2025-12-23 11:34:06,0,0,30.12,0,1,3,0.05,0,0,1,0.0166667,1.27,0,0,0,0,0,0,0,0,218,147,0,0,0,2e-04,2e-04,2e-04,5e-04,0,0.45,0,0
2025-12-23 11:35:06,0,0,30,0,1,1003,16.7167,19,0.316667,82,1.36667,1.4,0,0,0,0,0,0,0,0,171,122,0,0,0,2e-04,2e-04,2e-04,5e-04,0,0.56,0,0
2025-12-23 11:36:06,0,0,30.25,0,16,2062,34.3667,25,0.416667,217,3.61667,1.52,0,0,0,0,0,0,0,0,185,124,0,1e-04,0,2e-04,3e-04,2e-04,5e-04,1e-04,0.78,0,0
2025-12-23 11:37:06,0,0,30.12,0,16,1876,31.2667,17,0.283333,207,3.45,1.74,0,0,0,0,0,0,0,0,186,121,0,1e-04,1e-04,3e-04,3e-04,2e-04,6e-04,1e-04,1,0,0
2025-12-23 11:38:06,0,0,30.31,0,16,1578,26.3,18,0.3,149,2.48333,1.65,0,0,0,0,0,0,0,0,177,114,0,1e-04,1e-04,2e-04,3e-04,2e-04,6e-04,1e-04,0.77,0,0
2025-12-23 11:39:06,0,0,30.12,0,16,2105,35.0833,32,0.533333,227,3.78333,1.49,0,0,0,0,0,0,0,0,176,119,0,1e-04,0,2e-04,3e-04,1e-04,6e-04,1e-04,0.58,0,0
2025-12-23 11:40:06,0,0,29.88,0,16,1447,24.1167,20,0.333333,129,2.15,1.92,0,0,0,0,0,0,0,0,216,160,0,1e-04,1e-04,2e-04,4e-04,2e-04,7e-04,1e-04,0.95,0,0
2025-12-23 11:41:06,0,0,29.88,0,1,257,4.28333,5,0.0833333,24,0.4,0.59,0,0,0,0,0,0,0,0,207,107,0,0,0,1e-04,1e-04,1e-04,2e-04,1e-04,0.1,0,0
2025-12-23 11:42:06,0,0,29.88,0,1,1414,23.5667,46,0.766667,78,1.3,1.05,0,0,0,0,0,0,0,0,215,114,0,0,0,1e-04,2e-04,1e-04,4e-04,0,0.3,0,0
2025-12-23 11:43:06,0,0,29.75,0,1,3,0.05,0,0,0,0,1.17,0,0,0,0,0,0,0,0,213,113,0,0,0,2e-04,2e-04,1e-04,4e-04,1e-04,0.28,0,0
2025-12-23 11:44:06,0,0,29.44,0,1,667,11.1167,12,0.2,44,0.733333,1.34,0,0,0,0,0,0,0,0,214,158,0,0,0,2e-04,2e-04,2e-04,5e-04,1e-04,0.5,0,0
2025-12-23 11:45:06,0,0,29.44,0,16,551,9.18333,2,0.0333333,59,0.983333,4.45,0,0,0,0,0,0,0,0,211,155,0,3e-04,2e-04,6e-04,8e-04,5e-04,0.0015,2e-04,3.03,0,0
2025-12-23 11:46:06,0,0,30,0,8,7769,129.483,251,4.18333,437,7.28333,9.25,0,0,0,0,0,0,0,0,184,124,2e-04,6e-04,6e-04,0.0011,0.0016,0.0017,0.0022,0.0017,6.15,0.01,0
2025-12-23 11:47:06,0,0,30,0,1,5761,96.0167,115,1.91667,429,7.15,48.55,0,0,0,0,0.01,0,0,0,186,128,0.0021,0.0039,0.0051,0.007,0.0081,0.009,0.0103,0.0128,46.17,0.04,0
2025-12-23 11:48:06,0,0,30.12,0,1,6694,111.567,151,2.51667,402,6.7,8.55,0,0,0,0,0,0,0,0,220,154,4e-04,7e-04,9e-04,0.0013,0.0014,0.0016,0.002,0.0025,7.94,0.01,0
2025-12-23 11:49:06,0,0,29.69,0,16,328,5.46667,0,0,32,0.533333,2.38,0,0,0,0,0,0,0,0,203,152,0,1e-04,1e-04,3e-04,4e-04,3e-04,8e-04,1e-04,1.3,0,0
2025-12-23 11:50:06,0,0,29.88,0,16,215,3.58333,3,0.05,22,0.366667,1.63,0,0,0,0,0,0,0,0,201,147,0,1e-04,0,2e-04,3e-04,2e-04,6e-04,1e-04,0.81,0,0
2025-12-23 11:51:06,0,0,29.69,0,16,113,1.88333,1,0.0166667,14,0.233333,1.58,0,0,0,0,0,0,0,0,202,152,0,1e-04,1e-04,2e-04,3e-04,2e-04,6e-04,1e-04,0.81,0,0
2025-12-23 11:52:06,0,0,29.75,0,16,46,0.766667,0,0,2,0.0333333,1.48,0,0,0,0,0,0,0,0,198,150,0,1e-04,0,2e-04,3e-04,2e-04,5e-04,1e-04,0.68,0,0
2025-12-23 11:53:06,0,0,29.81,0,16,1828,30.4667,24,0.4,161,2.68333,1.8,0,0,0,0,0,0,0,0,214,156,0,1e-04,0,3e-04,3e-04,2e-04,6e-04,1e-04,0.89,0,0
2025-12-23 11:54:06,0,0,29.56,0,16,36,0.6,0,0,6,0.1,2.67,0,0,0,0,0,0,0,0,204,151,0,1e-04,1e-04,3e-04,5e-04,3e-04,9e-04,1e-04,1.47,0,0
2025-12-23 11:55:06,0,0,29.75,0,16,851,14.1833,9,0.15,82,1.36667,1.47,0,0,0,0,0,0,0,0,206,154,0,1e-04,0,2e-04,3e-04,2e-04,6e-04,1e-04,0.65,0,0
2025-12-23 11:56:06,0,0,29.56,0,16,277,4.61667,2,0.0333333,26,0.433333,2.19,0,0,0,0,0,0,0,0,205,152,0,1e-04,1e-04,3e-04,4e-04,3e-04,7e-04,1e-04,1.31,0,0
2025-12-23 11:57:06,0,0,29.56,0,16,82,1.36667,0,0,7,0.116667,2.04,0,0,0,0,0,0,0,0,200,150,0,1e-04,1e-04,3e-04,4e-04,3e-04,7e-04,1e-04,1.05,0,0
2025-12-23 11:58:06,0,0,29.69,0,16,68,1.13333,0,0,6,0.1,1.7,0,0,0,0,0,0,0,0,199,148,0,1e-04,1e-04,2e-04,3e-04,2e-04,6e-04,1e-04,0.88,0,0
2025-12-23 11:59:06,0,0,29.56,0,16,109,1.81667,1,0.0166667,17,0.283333,1.5,0,0,0,0,0,0,0,0,208,158,0,1e-04,0,2e-04,3e-04,2e-04,5e-04,1e-04,0.74,0,0
2025-12-23 12:00:06,0,0,29.62,0,16,388,6.46667,1,0.0166667,31,0.516667,1.39,0,0,0,0,0,0,0,0,205,158,0,1e-04,0,2e-04,3e-04,2e-04,6e-04,1e-04,0.56,0,0
2025-12-23 12:01:06,0,0,29.75,0,16,500,8.33333,1,0.0166667,37,0.616667,2.1,0,0,0,0,0,0,0,0,198,148,0,1e-04,1e-04,3e-04,4e-04,3e-04,8e-04,1e-04,1.22,0,0
2025-12-23 12:02:06,0,0,29.88,0,16,33,0.55,0,0,3,0.05,2.32,0,0,0,0,0,0,0,0,192,145,0,1e-04,1e-04,3e-04,4e-04,3e-04,8e-04,1e-04,1.37,0,0
2025-12-23 12:03:06,0,0,30.06,0,16,3491,58.1833,113,1.88333,122,2.03333,1.71,0,0,0,0,0,0,0,0,220,161,0,1e-04,1e-04,2e-04,3e-04,2e-04,6e-04,1e-04,0.97,0,0
2025-12-23 12:04:06,0,0,30.19,0,1,8209,136.817,221,3.68333,422,7.03333,2.78,0,0,0,0,0,0,0,0,177,132,1e-04,2e-04,3e-04,5e-04,5e-04,6e-04,7e-04,0.0012,2.13,0,0
2025-12-23 12:05:06,0,0,30,0,1,3801,63.35,99,1.65,278,4.63333,0.11,0,0,0,0,0,0,0,0,209,148,0,0,0,0,0,0,0,0,0.06,0,0
2025-12-23 12:06:06,0,0,30.06,0,1,3251,54.1833,40,0.666667,238,3.96667,3.95,0,0,0,0,0,0,0,0,216,146,2e-04,3e-04,4e-04,6e-04,7e-04,9e-04,0.001,0.0016,3.06,0,0
2025-12-23 12:07:06,0,0,29.88,0,1,1102,18.3667,25,0.416667,77,1.28333,2.39,0,0,0,0,0,0,0,0,181,119,1e-04,2e-04,2e-04,4e-04,5e-04,6e-04,7e-04,0.0012,1.4,0,0
2025-12-23 12:08:06,0,0,29.81,0,1,4078,67.9667,119,1.98333,247,4.11667,4.32,0,0,0,0,0,0,0,0,213,148,2e-04,4e-04,4e-04,6e-04,8e-04,0.001,0.0012,0.0019,2.85,0.01,0
2025-12-23 12:09:06,0,0,30,0,1,9881,164.683,307,5.11667,584,9.73333,11.22,0,0,0,0,0.01,0,0,0,188,131,5e-04,9e-04,0.0012,0.0017,0.002,0.0023,0.0028,0.0039,9.32,0.01,0
2025-12-23 12:10:06,0,0,29.81,0,1,14491,241.517,548,9.13333,635,10.5833,12.4,0,0,0,0,0,0,0,0,224,162,4e-04,9e-04,0.0011,0.0017,0.0021,0.0025,0.0029,0.0034,10.07,0.01,0
2025-12-23 12:11:06,0,0,29.75,0,8,8590,143.167,272,4.53333,469,7.81667,0,0,0,0,0,0,0,0,0,227,158,0,0,0,0,0,0,0,1e-04,0,0,0
2025-12-23 12:12:06,0,0,30,0,1,7666,127.767,199,3.31667,427,7.11667,0,0,0,0,0,0.02,0,0,0,234,172,4e-04,5e-04,4e-04,6e-04,4e-04,6e-04,5e-04,5e-04,0,0.01,0
2025-12-23 12:13:06,0,0,29.69,0,1,5017,83.6167,91,1.51667,350,5.83333,1687.05,0,0,0,0,0.79,0,0,0,227,163,0.0925,0.1575,0.1985,0.2555,0.2825,0.3123,0.3686,0.4761,1748.83,1.4,0
2025-12-23 12:14:06,0,0,28.44,0,1,5603,93.3833,112,1.86667,392,6.53333,2221.74,0,0,0,0,1.07,0,0,0,220,152,0.1225,0.2076,0.2621,0.3395,0.3728,0.4126,0.4871,0.6336,2297.65,1.87,0
2025-12-23 12:15:06,0,0,26.25,0,1,4891,81.5167,80,1.33333,326,5.43333,862.85,0,0,0,0,0.56,0,0,0,208,148,0.0469,0.0762,0.0941,0.1266,0.1526,0.1752,0.2065,0.2735,764.63,0.82,0
2025-12-23 12:16:06,0,0,24.81,0,8,3902,65.0333,42,0.7,231,3.85,757.62,0,0,0,0,0.44,0,0,0,210,149,0.0412,0.0679,0.0847,0.1127,0.1311,0.1502,0.1781,0.2347,707.22,0.7,0
2025-12-23 12:17:06,0,0,24.12,0,1,4555,75.9167,104,1.73333,278,4.63333,17.88,0,0,0,0,0.04,0,0,0,219,147,0.0017,0.0025,0.0028,0.0036,0.0038,0.0047,0.0052,0.0071,15.46,0.03,0
2025-12-23 12:18:06,0,0,22.5,0,1,6248,104.133,168,2.8,352,5.86667,735.33,0,0,0,0,0.41,0,0,0,221,156,0.0426,0.0714,0.0893,0.1158,0.1236,0.1389,0.1635,0.2138,770.99,0.66,0
2025-12-23 12:19:06,0,0,22.62,0,1,3457,57.6167,62,1.03333,254,4.23333,248.04,0,0,0,0,0.15,0,0,0,190,137,0.0152,0.0255,0.0317,0.041,0.0412,0.0461,0.0543,0.0705,275.4,0.23,0
2025-12-23 12:20:06,0,0,23.25,0,1,8722,145.367,233,3.88333,435,7.25,1149.6,0,0,0,0,0.58,0,0,0,193,147,0.0648,0.1095,0.1379,0.1787,0.1922,0.2147,0.2539,0.3301,1203.84,0.99,0
2025-12-23 12:21:06,0,0,21.75,0,1,7110,118.5,184,3.06667,460,7.66667,820.43,0,0,0,0,0.46,0,0,0,202,149,0.0466,0.078,0.0976,0.1266,0.1391,0.1569,0.1857,0.2438,834.61,0.74,0
2025-12-23 12:22:06,0,0,21.12,0,1,7742,129.033,189,3.15,428,7.13333,1584.01,0,0,0,0,0.8,0,0,0,220,158,0.0916,0.1546,0.1943,0.2511,0.2636,0.2924,0.3445,0.4477,1704.9,1.37,0
2025-12-23 12:23:06,0,0,20.19,0,1,1516,25.2667,9,0.15,103,1.71667,24.26,0,0,0,0,0.04,0,0,0,213,152,0.002,0.0029,0.0032,0.0044,0.0048,0.0057,0.0064,0.0091,21.71,0.04,0
2025-12-23 12:24:06,0,0,20,0,1,5225,87.0833,111,1.85,266,4.43333,24.05,0,0,0,0,0.04,0,0,0,212,150,0.0017,0.0026,0.003,0.0039,0.0048,0.0056,0.0063,0.0084,19.53,0.03,0
2025-12-23 12:25:06,0,0,19.56,0,1,8219,136.983,239,3.98333,406,6.76667,916.33,0,0,0,0,0.52,0,0,0,211,152,0.0522,0.0877,0.1097,0.1421,0.1556,0.1737,0.204,0.2655,940.96,0.82,0
2025-12-23 12:26:06,0,0,19.12,0,1,7128,118.8,168,2.8,372,6.2,1448.01,0,0,0,0,0.83,0,0,0,211,147,0.0802,0.1335,0.1665,0.2188,0.2512,0.2796,0.3271,0.428,1403.23,1.32,0
2025-12-23 12:27:06,0,0,19.25,0,8,7258,120.967,209,3.48333,344,5.73333,797.11,0,0,0,0,0.5,0,0,0,213,152,0.0464,0.077,0.0955,0.1248,0.1386,0.1534,0.1779,0.2313,799.14,0.75,0
2025-12-23 12:28:06,0,0,19.19,0,1,3749,62.4833,96,1.6,208,3.46667,3638.93,0,0,0,0,1.66,0,0,0,211,149,0.1954,0.3322,0.4225,0.5463,0.6114,0.6741,0.8017,1.0387,3709.43,3.01,0
2025-12-23 12:29:06,0,0,18.69,0,1,2479,41.3167,27,0.45,185,3.08333,2676.34,0,0,0,0,1.33,0,0,0,192,132,0.1477,0.2488,0.3143,0.4088,0.4519,0.5011,0.5936,0.7731,2730.67,2.3,0
2025-12-23 12:30:06,0,0,18.12,0,1,1448,24.1333,15,0.25,106,1.76667,2231.8,0,0,0,0,1.12,0,0,0,202,141,0.1231,0.2069,0.2611,0.3394,0.3766,0.4195,0.4968,0.6474,2268.02,1.91,0
2025-12-23 12:31:06,0,0,17.88,0,1,532,8.86667,3,0.05,40,0.666667,1991.32,0,0,0,0,0.99,0,0,0,192,134,0.1094,0.1838,0.2321,0.3016,0.3357,0.3739,0.4424,0.5758,2021.1,1.69,0
2025-12-23 12:32:06,0,0,16.69,0,1,2424,40.4,55,0.916667,131,2.18333,1495.99,0,0,0,0,0.8,0,0,0,211,149,0.0824,0.1378,0.1736,0.227,0.2551,0.2849,0.3371,0.4408,1487.43,1.32,0
2025-12-23 12:33:06,0,0,17,0,8,7397,123.283,172,2.86667,451,7.51667,1805.16,0,0,0,0,0.92,0,0,0,210,151,0.1044,0.1765,0.2241,0.2913,0.2972,0.3331,0.3992,0.5227,1964.67,1.58,0
2025-12-23 12:34:06,0,0,17.25,0,1,4194,69.9,39,0.65,331,5.51667,801.56,0,0,0,0,0.38,0,0,0,192,145,0.0433,0.0736,0.0935,0.1207,0.1348,0.149,0.1772,0.2293,817.78,0.67,0
2025-12-23 12:35:06,0,0,16.44,0,1,4480,74.6667,86,1.43333,270,4.5,1270.15,0,0,0,0,0.66,0,0,0,220,157,0.0697,0.1171,0.1476,0.1924,0.216,0.2409,0.2863,0.3739,1269.11,1.11,0
2025-12-23 12:36:06,0,0,16.62,0,1,6407,106.783,175,2.91667,340,5.66667,1686.26,0,0,0,0,0.89,0,0,0,182,138,0.0976,0.1641,0.2071,0.2702,0.2814,0.3141,0.3737,0.489,1798.72,1.51,0
2025-12-23 12:37:06,0,0,16.56,0,1,10819,180.317,356,5.93333,505,8.41667,1497.44,0,0,0,0,0.86,0,0,0,186,140,0.0847,0.1407,0.176,0.2319,0.2575,0.2872,0.3375,0.4427,1490.67,1.38,0
2025-12-23 12:38:06,0,0,16.56,0,1,12399,206.65,485,8.08333,568,9.46667,1450.12,0,0,0,0,0.7,0,0,0,181,137,0.0797,0.1351,0.1708,0.2221,0.2434,0.2713,0.3197,0.4152,1491.41,1.24,0
2025-12-23 12:39:06,0,0,16.31,0,1,11546,192.433,423,7.05,539,8.98333,1382.91,0,0,0,0,0.74,0,0,0,178,136,0.0767,0.1284,0.1618,0.213,0.2354,0.2629,0.3086,0.4035,1388.52,1.23,0
2025-12-23 12:40:06,0,0,16.06,0,1,11153,185.883,366,6.1,540,9,1049.5,0,0,0,0,0.62,0,0,0,178,134,0.0594,0.0983,0.1228,0.1625,0.1807,0.2043,0.2404,0.3178,1030.99,0.98,0
2025-12-23 12:41:06,0,0,15.62,0,1,9322,155.367,281,4.68333,449,7.48333,43.63,0,0,0,0,0.02,0,0,0,214,147,0.002,0.0036,0.0048,0.0065,0.0073,0.008,0.0095,0.0125,42.59,0.03,0
2025-12-23 12:42:06,0,0,16.12,0,8,4945,82.4167,137,2.28333,275,4.58333,21.18,0,0,0,0,0,0,0,0,210,159,3e-04,5e-04,7e-04,0.0016,0.0033,0.0054,0.006,0.0038,7.68,0.01,0
2025-12-23 12:43:06,0,0,17,0,1,11189,186.483,409,6.81667,537,8.95,11.03,0,0,0,0,0,0,0,0,210,146,1e-04,2e-04,3e-04,8e-04,0.0017,0.0029,0.0032,0.002,3.63,0,0
2025-12-23 12:44:06,0,0,17.62,0,16,6655,110.917,211,3.51667,331,5.51667,8.73,0,0,0,0,0,0,0,0,211,154,1e-04,3e-04,3e-04,8e-04,0.0014,0.0019,0.0026,0.0012,3.92,0,0
2025-12-23 12:45:06,0,0,18,0,1,538,8.96667,4,0.0666667,43,0.716667,4.4,0,0,0,0,0,0,0,0,226,159,0,3e-04,2e-04,6e-04,7e-04,5e-04,0.0014,2e-04,3.26,0,0
2025-12-23 12:46:06,0,0,18.62,0,1,170,2.83333,0,0,14,0.233333,2.96,0,0,0,0,0,0,0,0,212,142,0,2e-04,1e-04,4e-04,5e-04,3e-04,9e-04,1e-04,1.96,0,0
2025-12-23 12:47:06,0,0,19.25,0,16,1148,19.1333,8,0.133333,121,2.01667,2.54,0,0,0,0,0,0,0,0,208,151,0,1e-04,1e-04,4e-04,4e-04,3e-04,8e-04,1e-04,1.71,0,0
2025-12-23 12:48:06,0,0,20.25,0,16,1581,26.35,4,0.0666667,183,3.05,2.88,0,0,0,0,0,0,0,0,169,119,0,2e-04,1e-04,4e-04,5e-04,3e-04,0.001,1e-04,1.95,0,0
2025-12-23 12:49:06,0,0,20.81,0,16,2275,37.9167,59,0.983333,185,3.08333,6.57,0,0,0,0,0,0,0,0,209,153,0,5e-04,4e-04,9e-04,0.0011,8e-04,0.002,3e-04,5.11,0,0
2025-12-23 12:50:06,0,0,23.31,0,8,7340,122.333,218,3.63333,450,7.5,28.04,0,0,0,0,0,0,0,0,159,118,4e-04,9e-04,0.0011,0.0024,0.0043,0.007,0.0077,0.005,11.9,0.01,0
2025-12-23 12:51:06,0,0,24.44,0,8,2417,40.2833,45,0.75,170,2.83333,19.06,0,0,0,0,0,0,0,0,204,153,2e-04,5e-04,6e-04,0.0015,0.0029,0.0048,0.0053,0.0032,7.5,0.01,0
2025-12-23 12:52:06,0,0,25.12,0,8,11972,199.533,312,5.2,454,7.56667,42.93,0,0,0,0,0,0,0,0,192,139,5e-04,0.0012,0.0016,0.0035,0.0066,0.0107,0.0115,0.0067,18.15,0.02,0
2025-12-23 12:53:06,0,0,25.31,0,1,15786,263.1,499,8.31667,682,11.3667,132.13,0,0,0,0,0,0,0,0,198,143,0.0016,0.0038,0.0048,0.0104,0.0203,0.0332,0.0359,0.0214,55.24,0.05,0
2025-12-23 12:54:06,0,0,25.5,0,1,10454,174.233,369,6.15,477,7.95,15.94,0,0,0,0,0,0,0,0,192,129,3e-04,7e-04,9e-04,0.0016,0.0026,0.0035,0.0042,0.003,8.68,0.01,0
2025-12-23 12:55:06,0,0,25.38,0,16,724,12.0667,4,0.0666667,82,1.36667,1.94,0,0,0,0,0,0,0,0,203,147,0,1e-04,1e-04,3e-04,3e-04,2e-04,6e-04,1e-04,1.26,0,0
2025-12-23 12:56:06,0,0,25.75,0,16,1635,27.25,12,0.2,162,2.7,1.72,0,0,0,0,0,0,0,0,202,146,0,1e-04,0,2e-04,3e-04,2e-04,6e-04,1e-04,0.91,0,0
2025-12-23 12:57:06,0,0,25.88,0,16,1600,26.6667,16,0.266667,178,2.96667,1.23,0,0,0,0,0,0,0,0,169,128,0,1e-04,0,2e-04,2e-04,1e-04,4e-04,0,0.48,0,0
2025-12-23 12:58:06,0,0,26.06,0,16,1918,31.9667,14,0.233333,221,3.68333,1.34,0,0,0,0,0,0,0,0,203,151,0,1e-04,0,2e-04,2e-04,2e-04,4e-04,0,0.68,0,0
2025-12-23 12:59:06,0,0,26,0,16,848,14.1333,4,0.0666667,97,1.61667,1.69,0,0,0,0,0,0,0,0,205,157,0,1e-04,1e-04,2e-04,3e-04,2e-04,6e-04,1e-04,0.94,0,0
2025-12-23 13:00:06,0,0,26.69,0,16,886,14.7667,2,0.0333333,109,1.81667,1.98,0,0,0,0,0,0,0,0,200,150,0,1e-04,1e-04,3e-04,3e-04,2e-04,7e-04,1e-04,1.29,0,0
2025-12-23 13:01:06,0,0,27.31,0,16,2062,34.3667,8,0.133333,258,4.3,4.55,0,0,0,0,0,0,0,0,203,154,0,3e-04,3e-04,6e-04,8e-04,5e-04,0.0014,2e-04,3.41,0,0
2025-12-23 13:02:06,0,0,27.5,0,16,2049,34.15,38,0.633333,218,3.63333,4.19,0,0,0,0,0,0,0,0,156,117,0,3e-04,2e-04,6e-04,7e-04,5e-04,0.0013,2e-04,3.17,0,0
2025-12-23 13:03:06,0,0,28,0,16,2523,42.05,29,0.483333,282,4.7,1.34,0,0,0,0,0,0,0,0,156,110,0,1e-04,0,2e-04,2e-04,2e-04,5e-04,1e-04,0.61,0,0
2025-12-23 13:04:06,0,0,28.44,0,16,1559,25.9833,13,0.216667,165,2.75,1.15,0,0,0,0,0,0,0,0,154,111,0,1e-04,0,2e-04,2e-04,1e-04,4e-04,0,0.49,0,0
2025-12-23 13:05:06,0,0,28.44,0,16,1261,21.0167,7,0.116667,128,2.13333,2.42,0,0,0,0,0,0,0,0,204,150,0,2e-04,1e-04,3e-04,4e-04,3e-04,8e-04,1e-04,1.6,0,0
2025-12-23 13:06:06,0,0,28.56,0,16,419,6.98333,1,0.0166667,42,0.7,4.77,0,0,0,0,0,0,0,0,164,113,0,3e-04,3e-04,7e-04,8e-04,6e-04,0.0015,2e-04,3.69,0,0
2025-12-23 13:07:06,0,0,29.19,0,16,1321,22.0167,5,0.0833333,160,2.66667,4.15,0,0,0,0,0,0,0,0,151,112,0,3e-04,2e-04,5e-04,7e-04,5e-04,0.0013,2e-04,3.07,0,0
2025-12-23 13:08:06,0,0,29.06,0,16,1353,22.55,6,0.1,149,2.48333,4.37,0,0,0,0,0,0,0,0,153,120,0,3e-04,2e-04,6e-04,7e-04,5e-04,0.0014,2e-04,3.12,0,0
2025-12-23 13:09:06,0,0,29.19,0,16,2120,35.3333,12,0.2,267,4.45,4.45,0,0,0,0,0,0,0,0,207,152,0,3e-04,2e-04,6e-04,7e-04,5e-04,0.0014,2e-04,3.35,0,0
2025-12-23 13:10:06,0,0,29.31,0,16,643,10.7167,0,0,71,1.18333,7.12,0,0,0,0,0,0,0,0,168,120,1e-04,5e-04,4e-04,0.001,0.0012,8e-04,0.0022,3e-04,5.62,0,0
2025-12-23 13:11:06,0,0,29.25,0,16,1106,18.4333,19,0.316667,102,1.7,1.44,0,0,0,0,0,0,0,0,201,152,0,1e-04,0,2e-04,3e-04,2e-04,5e-04,1e-04,0.7,0,0
2025-12-23 13:12:06,0,0,29.5,0,16,348,5.8,0,0,36,0.6,1.32,0,0,0,0,0,0,0,0,199,149,0,1e-04,0,2e-04,2e-04,2e-04,5e-04,1e-04,0.58,0,0
2025-12-23 13:13:06,0,0,29.69,0,16,1094,18.2333,4,0.0666667,130,2.16667,1.71,0,0,0,0,0,0,0,0,201,148,0,1e-04,1e-04,2e-04,3e-04,2e-04,6e-04,1e-04,0.97,0,0
2025-12-23 13:14:06,0,0,29.75,0,16,543,9.05,3,0.05,50,0.833333,1.65,0,0,0,0,0,0,0,0,202,149,0,1e-04,1e-04,2e-04,3e-04,2e-04,6e-04,1e-04,0.86,0,0
2025-12-23 13:15:06,0,0,29.62,0,16,1071,17.85,8,0.133333,99,1.65,1.67,0,0,0,0,0,0,0,0,204,150,0,1e-04,1e-04,2e-04,3e-04,2e-04,6e-04,1e-04,0.98,0,0
2025-12-23 13:16:06,0,0,29.88,0,16,1181,19.6833,4,0.0666667,121,2.01667,1.76,0,0,0,0,0,0,0,0,200,148,0,1e-04,1e-04,2e-04,3e-04,2e-04,6e-04,1e-04,1.08,0,0
2025-12-23 13:17:06,0,0,29.94,0,16,556,9.26667,0,0,65,1.08333,1.8,0,0,0,0,0,0,0,0,199,148,0,1e-04,1e-04,2e-04,3e-04,2e-04,6e-04,1e-04,1.09,0,0
2025-12-23 13:18:06,0,0,30.25,0,16,1282,21.3667,8,0.133333,160,2.66667,1.66,0,0,0,0,0,0,0,0,153,106,0,1e-04,1e-04,2e-04,3e-04,2e-04,6e-04,1e-04,0.99,0,0
2025-12-23 13:19:06,0,0,30.19,0,16,1572,26.2,8,0.133333,178,2.96667,1.56,0,0,0,0,0,0,0,0,205,151,0,1e-04,1e-04,2e-04,3e-04,2e-04,6e-04,1e-04,0.83,0,0
2025-12-23 13:20:06,0,0,29.75,0,16,351,5.85,2,0.0333333,26,0.433333,1.91,0,0,0,0,0,0,0,0,208,154,0,1e-04,1e-04,3e-04,3e-04,2e-04,6e-04,1e-04,1.19,0,0
2025-12-23 13:21:06,0,0,29.81,0,16,103,1.71667,0,0,14,0.233333,2.22,0,0,0,0,0,0,0,0,201,149,0,1e-04,1e-04,3e-04,4e-04,2e-04,8e-04,1e-04,1.36,0,0
2025-12-23 13:22:06,0,0,30.06,0,16,848,14.1333,10,0.166667,92,1.53333,2.2,0,0,0,0,0,0,0,0,218,156,0,1e-04,1e-04,3e-04,4e-04,3e-04,8e-04,1e-04,1.3,0,0
2025-12-23 13:23:06,0,0,30.12,0,16,1027,17.1167,18,0.3,77,1.28333,1.55,0,0,0,0,0,0,0,0,206,143,0,1e-04,1e-04,2e-04,3e-04,2e-04,5e-04,1e-04,0.93,0,0
2025-12-23 13:24:06,0,0,30.38,0,16,142,2.36667,1,0.0166667,10,0.166667,1.03,0,0,0,0,0,0,0,0,198,146,0,0,0,2e-04,2e-04,1e-04,3e-04,0,0.59,0,0
2025-12-23 13:25:06,0,0,30.38,0,16,533,8.88333,4,0.0666667,43,0.716667,2.12,0,0,0,0,0,0,0,0,207,156,0,1e-04,1e-04,3e-04,4e-04,2e-04,7e-04,1e-04,1.3,0,0
2025-12-23 13:26:06,0,0,30.25,0,16,885,14.75,10,0.166667,64,1.06667,1.88,0,0,0,0,0,0,0,0,213,156,0,1e-04,0,3e-04,3e-04,2e-04,6e-04,1e-04,1.07,0,0
2025-12-23 13:27:06,0,0,30.31,0,16,1390,23.1667,6,0.1,167,2.78333,1.21,0,0,0,0,0,0,0,0,209,153,0,0,0,2e-04,2e-04,1e-04,4e-04,0,0.42,0,0
2025-12-23 13:28:06,0,0,30.12,0,16,1217,20.2833,2,0.0333333,140,2.33333,2.1,0,0,0,0,0,0,0,0,204,150,0,1e-04,1e-04,3e-04,4e-04,2e-04,7e-04,1e-04,1.17,0,0
2025-12-23 13:29:06,0,0,30.38,0,16,845,14.0833,3,0.05,87,1.45,1.85,0,0,0,0,0,0,0,0,209,152,0,1e-04,1e-04,3e-04,3e-04,2e-04,6e-04,1e-04,1.04,0,0
2025-12-23 13:30:06,0,0,30.06,0,16,1862,31.0333,33,0.55,171,2.85,1.86,0,0,0,0,0,0,0,0,202,150,0,1e-04,1e-04,3e-04,3e-04,2e-04,7e-04,1e-04,1.06,0,0
2025-12-23 13:31:06,0,0,30.12,0,16,1032,17.2,5,0.0833333,114,1.9,1.74,0,0,0,0,0,0,0,0,160,128,0,1e-04,0,2e-04,3e-04,2e-04,6e-04,1e-04,0.9,0,0
2025-12-23 13:32:06,0,0,30.06,0,16,2763,46.05,48,0.8,269,4.48333,1.72,0,0,0,0,0,0,0,0,209,152,0,1e-04,1e-04,2e-04,3e-04,2e-04,6e-04,1e-04,0.91,0,0
2025-12-23 13:33:06,0,0,30.12,0,16,1448,24.1333,10,0.166667,177,2.95,1.85,0,0,0,0,0,0,0,0,162,108,0,1e-04,1e-04,3e-04,3e-04,2e-04,7e-04,1e-04,1.11,0,0
2025-12-23 13:34:06,0,0,30.25,0,16,1623,27.05,21,0.35,156,2.6,2.27,0,0,0,0,0,0,0,0,207,152,0,1e-04,1e-04,3e-04,4e-04,3e-04,8e-04,1e-04,1.27,0,0
2025-12-23 13:35:06,0,0,29.88,0,16,1233,20.55,18,0.3,107,1.78333,1.6,0,0,0,0,0,0,0,0,212,156,0,1e-04,1e-04,2e-04,3e-04,2e-04,6e-04,1e-04,0.91,0,0
2025-12-23 13:36:06,0,0,30.12,0,16,900,15,7,0.116667,80,1.33333,2.26,0,0,0,0,0,0,0,0,160,122,0,1e-04,1e-04,3e-04,4e-04,2e-04,8e-04,1e-04,1.33,0,0
2025-12-23 13:37:06,0,0,29.81,0,16,1528,25.4667,19,0.316667,143,2.38333,1.84,0,0,0,0,0,0,0,0,208,153,0,1e-04,1e-04,3e-04,3e-04,2e-04,6e-04,1e-04,0.96,0,0
2025-12-23 13:38:06,0,0,29.88,0,16,497,8.28333,0,0,55,0.916667,2.52,0,0,0,0,0,0,0,0,209,152,0,1e-04,1e-04,4e-04,4e-04,3e-04,8e-04,1e-04,1.52,0,0
2025-12-23 13:39:06,0,0,29.94,0,16,779,12.9833,2,0.0333333,85,1.41667,2.36,0,0,0,0,0,0,0,0,200,149,0,1e-04,1e-04,3e-04,4e-04,3e-04,8e-04,1e-04,1.51,0,0
2025-12-23 13:40:06,0,0,30,0,16,831,13.85,3,0.05,85,1.41667,2.37,0,0,0,0,0,0,0,0,206,152,0,1e-04,1e-04,3e-04,4e-04,3e-04,8e-04,1e-04,1.5,0,0
2025-12-23 13:41:06,0,0,29.94,0,16,473,7.88333,2,0.0333333,41,0.683333,2.21,0,0,0,0,0,0,0,0,203,149,0,1e-04,1e-04,3e-04,4e-04,2e-04,7e-04,1e-04,1.46,0,0
2025-12-23 13:42:06,0,0,30.19,0,16,1065,17.75,3,0.05,120,2,2.15,0,0,0,0,0,0,0,0,158,128,0,1e-04,1e-04,3e-04,4e-04,3e-04,7e-04,1e-04,1.33,0,0
2025-12-23 13:43:06,0,0,30.12,0,16,1389,23.15,6,0.1,167,2.78333,1.73,0,0,0,0,0,0,0,0,178,128,0,1e-04,0,2e-04,3e-04,2e-04,6e-04,1e-04,0.8,0,0
2025-12-23 13:44:06,0,0,30,0,16,1384,23.0667,12,0.2,153,2.55,1.94,0,0,0,0,0,0,0,0,214,157,0,1e-04,1e-04,3e-04,3e-04,2e-04,7e-04,1e-04,1.14,0,0
2025-12-23 13:45:06,0,0,29.75,0,16,779,12.9833,6,0.1,75,1.25,1.93,0,0,0,0,0,0,0,0,208,153,0,1e-04,1e-04,3e-04,3e-04,2e-04,7e-04,1e-04,1.06,0,0
2025-12-23 13:46:06,0,0,29.75,0,4,879,14.65,12,0.2,97,1.61667,1.79,0,0,0,0,0,0,0,0,206,160,0,1e-04,1e-04,2e-04,3e-04,2e-04,6e-04,1e-04,0.94,0,0
2025-12-23 13:47:06,0,0,29.81,0,16,1247,20.7833,5,0.0833333,130,2.16667,1.77,0,0,0,0,0,0,0,0,200,146,0,1e-04,1e-04,2e-04,3e-04,2e-04,6e-04,1e-04,1.05,0,0
2025-12-23 13:48:06,0,0,30.19,0,16,1840,30.6667,24,0.4,180,3,1.82,0,0,0,0,0,0,0,0,207,152,0,1e-04,0,3e-04,3e-04,2e-04,6e-04,1e-04,0.94,0,0
2025-12-23 13:49:06,0,0,29.81,0,16,399,6.65,0,0,42,0.7,2.02,0,0,0,0,0,0,0,0,202,150,0,1e-04,1e-04,3e-04,3e-04,2e-04,7e-04,1e-04,1.32,0,0
2025-12-23 13:50:06,0,0,30.25,0,16,1616,26.9333,8,0.133333,197,3.28333,2.05,0,0,0,0,0,0,0,0,158,116,0,1e-04,1e-04,3e-04,4e-04,2e-04,7e-04,1e-04,1.06,0,0
2025-12-23 13:51:06,0,0,30.31,0,8,7656,127.6,243,4.05,437,7.28333,0.54,0,0,0,0,0,0,0,0,219,156,0,0,0,1e-04,1e-04,1e-04,2e-04,0,0.29,0,0
2025-12-23 13:52:06,0,0,30.06,0,8,1990,33.1667,19,0.316667,182,3.03333,1.03,0,0,0,0,0,0,0,0,206,148,0,0,0,2e-04,2e-04,1e-04,3e-04,1e-04,0.62,0,0
2025-12-23 13:53:06,0,0,29.94,0,16,1901,31.6833,12,0.2,212,3.53333,1.75,0,0,0,0,0,0,0,0,192,128,0,1e-04,1e-04,2e-04,3e-04,2e-04,6e-04,1e-04,0.91,0,0
2025-12-23 13:54:06,0,0,29.75,0,16,1431,23.85,4,0.0666667,170,2.83333,1.82,0,0,0,0,0,0,0,0,212,154,0,1e-04,1e-04,3e-04,3e-04,2e-04,6e-04,1e-04,1.04,0,0
2025-12-23 13:55:06,0,0,30,0,16,1893,31.55,16,0.266667,227,3.78333,1.79,0,0,0,0,0,0,0,0,157,117,0,1e-04,0,2e-04,3e-04,2e-04,7e-04,1e-04,0.84,0,0
2025-12-23 13:56:06,0,0,29.62,0,16,979,16.3167,5,0.0833333,117,1.95,1.82,0,0,0,0,0,0,0,0,171,128,0,1e-04,1e-04,2e-04,3e-04,2e-04,7e-04,1e-04,0.99,0,0
2025-12-23 13:57:06,0,0,29.38,0,16,315,5.25,0,0,37,0.616667,1.77,0,0,0,0,0,0,0,0,210,155,0,1e-04,1e-04,2e-04,3e-04,2e-04,6e-04,1e-04,1,0,0
2025-12-23 13:58:06,0,0,29.5,0,1,494,8.23333,3,0.05,44,0.733333,1.43,0,0,0,0,0,0,0,0,229,160,0,1e-04,0,2e-04,2e-04,2e-04,5e-04,1e-04,0.74,0,0
2025-12-23 13:59:06,0,0,29.38,0,1,667,11.1167,4,0.0666667,75,1.25,1.47,0,0,0,0,0,0,0,0,206,152,0,1e-04,0,2e-04,2e-04,2e-04,5e-04,1e-04,0.87,0,0
2025-12-23 14:00:06,0,0,29.5,0,16,1225,20.4167,2,0.0333333,161,2.68333,2.46,0,0,0,0,0,0,0,0,212,155,0,1e-04,1e-04,4e-04,4e-04,3e-04,8e-04,1e-04,1.58,0,0
2025-12-23 14:01:06,0,0,29.62,0,16,2002,33.3667,30,0.5,179,2.98333,2.55,0,0,0,0,0,0,0,0,208,121,0,1e-04,1e-04,4e-04,4e-04,3e-04,8e-04,2e-04,1.63,0,0
2025-12-23 14:02:06,0,0,29.62,0,1,1026,17.1,3,0.05,96,1.6,3.38,0,0,0,0,0,0,0,0,182,122,0,2e-04,2e-04,5e-04,6e-04,4e-04,0.0011,2e-04,2.45,0,0
2025-12-23 14:03:06,0,0,29.69,0,16,1575,26.25,3,0.05,171,2.85,2.87,0,0,0,0,0,0,0,0,171,125,0,2e-04,1e-04,4e-04,5e-04,3e-04,0.001,1e-04,1.87,0,0
2025-12-23 14:04:06,0,0,29.38,0,16,471,7.85,1,0.0166667,53,0.883333,2.05,0,0,0,0,0,0,0,0,163,122,0,1e-04,1e-04,3e-04,4e-04,2e-04,6e-04,1e-04,1.19,0,0
2025-12-23 14:05:06,0,0,29.38,0,16,735,12.25,1,0.0166667,85,1.41667,2.06,0,0,0,0,0,0,0,0,162,125,0,1e-04,1e-04,3e-04,4e-04,2e-04,7e-04,1e-04,1.18,0,0
2025-12-23 14:06:06,0,0,29.81,0,16,1167,19.45,3,0.05,127,2.11667,2.27,0,0,0,0,0,0,0,0,152,134,0,1e-04,1e-04,3e-04,4e-04,2e-04,7e-04,1e-04,1.51,0,0
2025-12-23 14:07:06,0,0,29.94,0,16,2035,33.9167,19,0.316667,243,4.05,2.28,0,0,0,0,0,0,0,0,156,120,0,1e-04,1e-04,4e-04,4e-04,3e-04,8e-04,1e-04,1.55,0,0
2025-12-23 14:08:06,0,0,29.69,0,16,822,13.7,1,0.0166667,90,1.5,2.03,0,0,0,0,0,0,0,0,160,118,0,1e-04,1e-04,3e-04,4e-04,3e-04,7e-04,1e-04,1.17,0,0
2025-12-23 14:09:06,0,0,29.75,0,16,629,10.4833,1,0.0166667,80,1.33333,2.08,0,0,0,0,0,0,0,0,158,118,0,1e-04,1e-04,3e-04,4e-04,2e-04,7e-04,1e-04,1.22,0,0
2025-12-23 14:10:06,0,0,30.06,0,16,727,12.1167,3,0.05,77,1.28333,2.74,0,0,0,0,0,0,0,0,166,110,0,1e-04,1e-04,4e-04,5e-04,3e-04,9e-04,2e-04,1.84,0,0
2025-12-23 14:11:06,0,0,30.12,0,16,1402,23.3667,4,0.0666667,182,3.03333,6.62,0,0,0,0,0,0,0,0,156,116,0,4e-04,4e-04,9e-04,0.0011,8e-04,0.0021,3e-04,5.09,0,0
2025-12-23 14:12:06,0,0,30,0,16,3229,53.8167,74,1.23333,260,4.33333,5.68,0,0,0,0,0,0,0,0,173,108,0,4e-04,4e-04,8e-04,9e-04,7e-04,0.0018,3e-04,4.43,0,0
2025-12-23 14:13:06,0,0,30.25,0,1,8015,133.583,222,3.7,581,9.68333,12.11,0,0,0,0,0.01,0,0,0,218,144,5e-04,0.001,0.0013,0.0018,0.0021,0.0023,0.0028,0.0038,10.93,0.01,0
2025-12-23 14:14:06,0,0,30.06,0,1,3949,65.8167,42,0.7,301,5.01667,16.98,0,0,0,0,0.01,0,0,0,211,154,7e-04,0.0014,0.0018,0.0026,0.0029,0.0033,0.0039,0.0054,15.56,0.02,0
2025-12-23 14:15:06,0,0,30.06,0,1,8111,135.183,239,3.98333,488,8.13333,20.63,0,0,0,0,0,0,0,0,211,152,6e-04,0.0026,0.0019,0.0029,0.0035,0.0037,0.0037,0.004,21.93,0.01,0
2025-12-23 14:16:06,0,0,29.94,0,16,8449,140.817,236,3.93333,596,9.93333,28.1,0,0,0,0,0.01,0,0,0,209,147,7e-04,0.0036,0.0024,0.0036,0.0048,0.005,0.0047,0.0046,28.76,0.02,0
2025-12-23 14:17:06,0,0,29.94,0,1,7106,118.433,141,2.35,555,9.25,14.89,0,0,0,0,0.01,0,0,0,208,150,6e-04,0.0012,0.0016,0.0021,0.0026,0.0028,0.0034,0.0046,13.43,0.01,0
2025-12-23 14:18:06,0,0,29.75,0,16,9034,150.567,270,4.5,555,9.25,37.32,0,0,0,0,0.01,0,0,0,195,132,0.0018,0.0035,0.0045,0.0059,0.0061,0.0065,0.0077,0.01,40.43,0.03,0
2025-12-23 14:19:06,0,0,29.69,0,1,5857,97.6167,121,2.01667,452,7.53333,12.37,0,0,0,0,0.01,0,0,0,225,158,6e-04,0.0011,0.0014,0.0019,0.0021,0.0023,0.0028,0.0037,12.27,0.01,0
2025-12-23 14:20:06,0,0,29.38,0,8,10929,182.15,343,5.71667,557,9.28333,9.79,0,0,0,0,0,0,0,0,231,163,5e-04,9e-04,0.0012,0.0016,0.0016,0.0017,0.002,0.0026,11.18,0.01,0
2025-12-23 14:21:06,0,0,29.19,0,1,6373,106.217,162,2.7,365,6.08333,11.81,0,0,0,0,0,0,0,0,218,160,5e-04,0.001,0.0014,0.0018,0.002,0.0022,0.0026,0.0034,11.99,0.01,0
2025-12-23 14:22:06,0,0,29.44,0,1,8454,140.9,239,3.98333,510,8.5,15.24,0,0,0,0,0.01,0,0,0,226,160,7e-04,0.0013,0.0017,0.0022,0.0026,0.0028,0.0033,0.0044,14.73,0.01,0
2025-12-23 14:23:06,0,0,29.38,0,1,6960,116,198,3.3,445,7.41667,28.26,0,0,0,0,0.01,0,0,0,204,150,0.0014,0.0026,0.0034,0.0044,0.0046,0.0049,0.0058,0.0074,30.96,0.02,0
2025-12-23 14:24:06,0,0,28.88,0,1,786,13.1,6,0.1,69,1.15,12.47,0,0,0,0,0.01,0,0,0,220,160,5e-04,0.001,0.0014,0.0019,0.0021,0.0024,0.0029,0.0039,11.42,0.01,0
2025-12-23 14:25:06,0,0,28.5,0,1,0,0,0,0,0,0,11.08,0,0,0,0,0,0,0,0,221,160,5e-04,9e-04,0.0012,0.0016,0.0019,0.0021,0.0025,0.0035,10.02,0.01,0
2025-12-23 14:26:06,0,0,29.06,0,1,3817,63.6167,86,1.43333,244,4.06667,62.39,0,0,0,0,0.02,0,0,0,214,157,0.003,0.0056,0.0073,0.0094,0.0103,0.0108,0.0127,0.0162,66.61,0.05,0
2025-12-23 14:27:06,0,0,29.06,0,1,6883,114.717,147,2.45,389,6.48333,63.17,0,0,0,0,0.02,0,0,0,228,162,0.003,0.0057,0.0075,0.0095,0.0103,0.0108,0.0127,0.0163,68.7,0.05,0
2025-12-23 14:28:06,0,0,28.88,0,16,1661,27.6833,20,0.333333,149,2.48333,1.74,0,0,0,0,0,0,0,0,184,147,0,1e-04,1e-04,2e-04,3e-04,2e-04,6e-04,1e-04,1.01,0,0
2025-12-23 14:29:06,0,0,28.81,0,16,958,15.9667,0,0,115,1.91667,2.02,0,0,0,0,0,0,0,0,188,143,0,1e-04,1e-04,3e-04,4e-04,2e-04,7e-04,1e-04,1.14,0,0
2025-12-23 14:30:06,0,0,29,0,16,1378,22.9667,12,0.2,150,2.5,2.15,0,0,0,0,0,0,0,0,164,130,0,1e-04,1e-04,3e-04,4e-04,2e-04,7e-04,1e-04,1.34,0,0
2025-12-23 14:31:06,0,0,28.88,0,16,1320,22,9,0.15,136,2.26667,2.09,0,0,0,0,0,0,0,0,195,151,0,1e-04,1e-04,3e-04,4e-04,2e-04,7e-04,1e-04,1.15,0,0
2025-12-23 14:32:06,0,0,28.56,0,16,1223,20.3833,3,0.05,168,2.8,2.33,0,0,0,0,0,0,0,0,218,163,0,1e-04,1e-04,3e-04,4e-04,3e-04,8e-04,1e-04,1.41,0,0
2025-12-23 14:33:06,0,0,28.31,0,16,424,7.06667,3,0.05,49,0.816667,2.16,0,0,0,0,0,0,0,0,208,158,0,1e-04,1e-04,3e-04,4e-04,2e-04,7e-04,1e-04,1.29,0,0
2025-12-23 14:34:06,0,0,28.19,0,16,619,10.3167,4,0.0666667,71,1.18333,2.23,0,0,0,0,0,0,0,0,214,162,0,1e-04,1e-04,3e-04,4e-04,2e-04,7e-04,1e-04,1.34,0,0
2025-12-23 14:35:06,0,0,28,0,16,1064,17.7333,1,0.0166667,145,2.41667,2.27,0,0,0,0,0,0,0,0,218,162,0,1e-04,1e-04,3e-04,4e-04,2e-04,7e-04,1e-04,1.52,0,0
2025-12-23 14:36:06,0,0,28.31,0,16,713,11.8833,2,0.0333333,73,1.21667,3.42,0,0,0,0,0,0,0,0,221,163,0,2e-04,2e-04,5e-04,6e-04,4e-04,0.0011,1e-04,2.33,0,0
2025-12-23 14:37:06,0,0,28,0,16,1007,16.7833,3,0.05,136,2.26667,3.79,0,0,0,0,0,0,0,0,217,160,0,3e-04,2e-04,5e-04,6e-04,5e-04,0.0012,2e-04,2.7,0,0
2025-12-23 14:38:06,0,0,28.25,0,16,690,11.5,3,0.05,79,1.31667,4.63,0,0,0,0,0,0,0,0,212,155,0,3e-04,2e-04,6e-04,8e-04,6e-04,0.0015,2e-04,3.19,0,0
2025-12-23 14:39:06,0,0,27.88,0,16,441,7.35,0,0,47,0.783333,4.26,0,0,0,0,0,0,0,0,209,153,0,3e-04,2e-04,6e-04,7e-04,5e-04,0.0014,2e-04,2.91,0,0
2025-12-23 14:40:06,0,0,27.88,0,16,1396,23.2667,27,0.45,99,1.65,6.32,0,0,0,0,0,0,0,0,216,161,0,4e-04,3e-04,9e-04,0.001,7e-04,0.002,3e-04,4.75,0,0
2025-12-23 14:41:06,0,0,28.31,0,1,4928,82.1333,136,2.26667,284,4.73333,13.23,0,0,0,0,0,0,0,0,185,139,7e-04,0.0013,0.0017,0.0023,0.0021,0.0023,0.0027,0.0038,15.4,0.01,0
2025-12-23 14:42:06,0,0,28.12,0,1,4233,70.55,76,1.26667,268,4.46667,14.97,0,0,0,0,0.01,0,0,0,204,149,6e-04,0.0012,0.0016,0.0022,0.0026,0.0028,0.0034,0.0047,14.03,0.01,0
2025-12-23 14:43:06,0,0,28.38,0,16,3979,66.3167,62,1.03333,288,4.8,5.05,0,0,0,0,0,0,0,0,180,125,1e-04,4e-04,4e-04,8e-04,8e-04,8e-04,0.0014,9e-04,4.23,0,0
2025-12-23 14:44:06,0,0,28.06,0,16,2452,40.8667,34,0.566667,205,3.41667,2.46,0,0,0,0,0,0,0,0,205,151,0,1e-04,1e-04,3e-04,4e-04,3e-04,8e-04,1e-04,1.51,0,0
2025-12-23 14:45:06,0,0,28.25,0,16,2300,38.3333,29,0.483333,240,4,2.16,0,0,0,0,0,0,0,0,167,131,0,1e-04,1e-04,3e-04,4e-04,2e-04,7e-04,1e-04,1.17,0,0
2025-12-23 14:46:06,0,0,28.12,0,16,2132,35.5333,13,0.216667,272,4.53333,2.65,0,0,0,0,0,0,0,0,215,157,0,1e-04,1e-04,4e-04,4e-04,3e-04,9e-04,1e-04,1.72,0,0
2025-12-23 14:47:06,0,0,28.19,0,16,2003,33.3833,12,0.2,258,4.3,1.99,0,0,0,0,0,0,0,0,179,125,0,1e-04,1e-04,3e-04,4e-04,2e-04,7e-04,1e-04,1.15,0,0
2025-12-23 14:48:06,0,0,28.19,0,16,3034,50.5667,47,0.783333,265,4.41667,2.24,0,0,0,0,0,0,0,0,214,158,0,1e-04,1e-04,3e-04,4e-04,2e-04,8e-04,1e-04,1.47,0,0
2025-12-23 14:49:06,0,0,28.44,0,16,1946,32.4333,15,0.25,183,3.05,2.01,0,0,0,0,0,0,0,0,167,124,0,1e-04,1e-04,3e-04,4e-04,2e-04,7e-04,1e-04,1.03,0,0
2025-12-23 14:50:06,0,0,28.56,0,16,1795,29.9167,16,0.266667,174,2.9,2.02,0,0,0,0,0,0,0,0,171,122,0,1e-04,1e-04,3e-04,4e-04,2e-04,7e-04,1e-04,1.2,0,0
2025-12-23 14:51:06,0,0,28.69,0,1,9322,155.367,283,4.71667,517,8.61667,3.37,0,0,0,0,0,0,0,0,214,149,1e-04,3e-04,3e-04,5e-04,6e-04,6e-04,8e-04,9e-04,3,0,0
2025-12-23 14:52:06,0,0,28.69,0,1,7460,124.333,192,3.2,427,7.11667,18.32,0,0,0,0,0,0,0,0,233,175,4e-04,0.0027,0.0014,0.0023,0.0031,0.0031,0.0026,0.0019,19.87,0.01,0
2025-12-23 14:53:06,0,0,28.25,0,16,583,9.71667,0,0,52,0.866667,3.31,0,0,0,0,0,0,0,0,192,138,0,2e-04,2e-04,5e-04,5e-04,4e-04,0.0011,2e-04,2.27,0,0
2025-12-23 14:54:06,0,0,28.19,0,16,679,11.3167,1,0.0166667,70,1.16667,3.93,0,0,0,0,0,0,0,0,214,158,0,3e-04,2e-04,5e-04,7e-04,5e-04,0.0013,2e-04,2.92,0,0
2025-12-23 14:55:06,0,0,28.5,0,16,751,12.5167,6,0.1,71,1.18333,4.47,0,0,0,0,0,0,0,0,210,155,0,3e-04,2e-04,6e-04,8e-04,5e-04,0.0014,2e-04,3.19,0,0
2025-12-23 14:56:06,0,0,28.88,0,16,1312,21.8667,16,0.266667,118,1.96667,1.97,0,0,0,0,0,0,0,0,201,147,0,1e-04,1e-04,3e-04,3e-04,2e-04,7e-04,1e-04,1.26,0,0
2025-12-23 14:57:06,0,0,28.62,0,16,424,7.06667,8,0.133333,28,0.466667,1.81,0,0,0,0,0,0,0,0,211,158,0,1e-04,1e-04,3e-04,3e-04,2e-04,6e-04,1e-04,1.08,0,0
2025-12-23 14:58:06,0,0,28.44,0,16,4,0.0666667,0,0,0,0,1.74,0,0,0,0,0,0,0,0,207,154,0,1e-04,1e-04,2e-04,3e-04,2e-04,5e-04,1e-04,0.96,0,0
2025-12-23 14:59:06,0,0,28.69,0,16,952,15.8667,2,0.0333333,100,1.66667,1.59,0,0,0,0,0,0,0,0,216,157,0,1e-04,0,2e-04,3e-04,2e-04,6e-04,1e-04,0.85,0,0
2025-12-23 15:00:06,0,0,28.62,0,16,563,9.38333,5,0.0833333,45,0.75,3.71,0,0,0,0,0,0,0,0,181,131,0,2e-04,2e-04,5e-04,6e-04,5e-04,0.0013,2e-04,2.73,0,0
2025-12-23 15:01:06,0,0,28.69,0,16,602,10.0333,1,0.0166667,61,1.01667,4.66,0,0,0,0,0,0,0,0,209,154,0,3e-04,3e-04,6e-04,8e-04,6e-04,0.0015,2e-04,3.59,0,0
2025-12-23 15:02:06,0,0,28.75,0,16,172,2.86667,0,0,17,0.283333,4.04,0,0,0,0,0,0,0,0,208,156,0,3e-04,2e-04,6e-04,7e-04,5e-04,0.0013,2e-04,3.09,0,0
2025-12-23 15:03:06,0,0,29.19,0,16,341,5.68333,0,0,31,0.516667,3.56,0,0,0,0,0,0,0,0,183,135,0,2e-04,2e-04,5e-04,6e-04,4e-04,0.0012,1e-04,2.56,0,0
2025-12-23 15:04:06,0,0,29.25,0,16,60,1,0,0,2,0.0333333,1.4,0,0,0,0,0,0,0,0,189,138,0,1e-04,0,2e-04,3e-04,2e-04,5e-04,1e-04,0.72,0,0
2025-12-23 15:05:06,0,0,29.31,0,16,255,4.25,0,0,26,0.433333,1.37,0,0,0,0,0,0,0,0,188,138,0,1e-04,0,2e-04,2e-04,2e-04,5e-04,1e-04,0.62,0,0
2025-12-23 15:06:06,0,0,29.38,0,16,379,6.31667,0,0,22,0.366667,1,0,0,0,0,0,0,0,0,198,146,0,0,0,1e-04,2e-04,1e-04,4e-04,1e-04,0.39,0,0
2025-12-23 15:07:06,0,0,29.38,0,16,302,5.03333,0,0,16,0.266667,1.54,0,0,0,0,0,0,0,0,212,155,0,1e-04,1e-04,2e-04,3e-04,2e-04,6e-04,1e-04,0.92,0,0
2025-12-23 15:08:06,0,0,29.69,0,16,737,12.2833,0,0,76,1.26667,1.86,0,0,0,0,0,0,0,0,168,116,0,1e-04,1e-04,3e-04,3e-04,2e-04,6e-04,1e-04,1.09,0,0
2025-12-23 15:09:06,0,0,29.62,0,16,200,3.33333,0,0,19,0.316667,3.94,0,0,0,0,0,0,0,0,195,146,0,2e-04,2e-04,5e-04,7e-04,5e-04,0.0013,2e-04,2.95,0,0
2025-12-23 15:10:06,0,0,29.81,0,16,193,3.21667,0,0,26,0.433333,4.42,0,0,0,0,0,0,0,0,171,118,0,3e-04,3e-04,6e-04,7e-04,5e-04,0.0015,2e-04,3.31,0,0
2025-12-23 15:11:06,0,0,30,0,16,325,5.41667,0,0,19,0.316667,3.84,0,0,0,0,0,0,0,0,166,118,0,2e-04,2e-04,5e-04,6e-04,5e-04,0.0013,2e-04,2.78,0,0
2025-12-23 15:12:06,0,0,30.12,0,16,233,3.88333,0,0,11,0.183333,4.17,0,0,0,0,0,0,0,0,161,112,0,3e-04,2e-04,6e-04,7e-04,5e-04,0.0014,2e-04,3.14,0,0
2025-12-23 15:13:06,0,0,30.25,0,16,125,2.08333,0,0,9,0.15,4.16,0,0,0,0,0,0,0,0,162,114,0,3e-04,2e-04,6e-04,7e-04,5e-04,0.0014,2e-04,3.21,0,0
2025-12-23 15:14:06,0,0,30.56,0,16,140,2.33333,0,0,13,0.216667,4.38,0,0,0,0,0,0,0,0,160,108,0,3e-04,3e-04,6e-04,7e-04,5e-04,0.0014,2e-04,3.37,0,0
2025-12-23 15:15:06,0,0,30.56,0,16,152,2.53333,0,0,16,0.266667,3.12,0,0,0,0,0,0,0,0,163,106,0,2e-04,1e-04,4e-04,5e-04,3e-04,0.001,1e-04,2.11,0,0
2025-12-23 15:16:06,0,0,30.56,0,16,72,1.2,0,0,7,0.116667,1.96,0,0,0,0,0,0,0,0,160,108,0,1e-04,1e-04,3e-04,3e-04,2e-04,7e-04,1e-04,1.18,0,0
2025-12-23 15:17:06,0,0,30.56,0,16,338,5.63333,0,0,24,0.4,1.98,0,0,0,0,0,0,0,0,171,114,0,1e-04,1e-04,2e-04,4e-04,3e-04,8e-04,1e-04,1.04,0,0
2025-12-23 15:18:06,0,0,30.5,0,16,301,5.01667,0,0,31,0.516667,4.24,0,0,0,0,0,0,0,0,164,114,0,3e-04,3e-04,6e-04,7e-04,5e-04,0.0014,2e-04,3.29,0,0
2025-12-23 15:19:06,0,0,30.69,0,16,292,4.86667,0,0,29,0.483333,4.83,0,0,0,0,0,0,0,0,163,112,0,3e-04,3e-04,7e-04,8e-04,6e-04,0.0015,2e-04,3.66,0,0
2025-12-23 15:20:06,0,0,30.94,0,16,265,4.41667,0,0,29,0.483333,3.45,0,0,0,0,0,0,0,0,160,107,0,2e-04,2e-04,5e-04,6e-04,4e-04,0.0011,1e-04,2.46,0,0
2025-12-23 15:21:06,0,0,31.12,0,16,290,4.83333,0,0,22,0.366667,2.01,0,0,0,0,0,0,0,0,157,105,0,1e-04,1e-04,3e-04,4e-04,2e-04,7e-04,1e-04,1.33,0,0
2025-12-23 15:22:06,0,0,31.12,0,16,327,5.45,0,0,23,0.383333,3.47,0,0,0,0,0,0,0,0,161,105,0,2e-04,2e-04,5e-04,6e-04,4e-04,0.0011,1e-04,2.48,0,0
2025-12-23 15:23:06,0,0,31,0,16,139,2.31667,0,0,17,0.283333,0.98,0,0,0,0,0,0,0,0,166,109,0,0,0,1e-04,2e-04,1e-04,4e-04,1e-04,0.35,0,0
2025-12-23 15:24:06,0,0,31.12,0,16,382,6.36667,1,0.0166667,40,0.666667,2.08,0,0,0,0,0,0,0,0,164,110,0,1e-04,1e-04,3e-04,3e-04,2e-04,7e-04,1e-04,1.46,0,0
2025-12-23 15:25:06,0,0,30.94,0,16,411,6.85,1,0.0166667,30,0.5,3.24,0,0,0,0,0,0,0,0,192,133,0,2e-04,1e-04,5e-04,5e-04,4e-04,0.0011,1e-04,2.25,0,0
2025-12-23 15:26:06,0,0,31.12,0,16,887,14.7833,16,0.266667,79,1.31667,3.87,0,0,0,0,0,0,0,0,171,114,0,3e-04,2e-04,5e-04,6e-04,5e-04,0.0013,2e-04,2.9,0,0
2025-12-23 15:27:06,0,0,31.19,0,16,326,5.43333,0,0,36,0.6,4.25,0,0,0,0,0,0,0,0,163,115,0,3e-04,2e-04,6e-04,7e-04,5e-04,0.0014,2e-04,3.21,0,0
2025-12-23 15:28:06,0,0,31.06,0,16,214,3.56667,0,0,19,0.316667,2.77,0,0,0,0,0,0,0,0,174,117,0,2e-04,1e-04,4e-04,5e-04,3e-04,0.001,1e-04,1.83,0,0
2025-12-23 15:29:06,0,0,30.88,0,16,625,10.4167,0,0,99,1.65,2.38,0,0,0,0,0,0,0,0,178,115,0,1e-04,1e-04,4e-04,4e-04,3e-04,9e-04,1e-04,1.5,0,0
2025-12-23 15:30:06,0,0,31.12,0,16,263,4.38333,0,0,29,0.483333,2.07,0,0,0,0,0,0,0,0,175,115,0,1e-04,1e-04,3e-04,4e-04,2e-04,8e-04,1e-04,1.18,0,0
2025-12-23 15:31:06,0,0,31.06,0,16,559,9.31667,4,0.0666667,60,1,2.22,0,0,0,0,0,0,0,0,175,111,0,1e-04,1e-04,3e-04,4e-04,2e-04,8e-04,1e-04,1.36,0,0
2025-12-23 15:32:06,0,0,31,0,16,727,12.1167,2,0.0333333,74,1.23333,3.44,0,0,0,0,0,0,0,0,172,116,0,2e-04,2e-04,5e-04,6e-04,4e-04,0.0011,1e-04,2.28,0,0
2025-12-23 15:33:06,0,0,31.19,0,1,13428,223.8,436,7.26667,524,8.73333,13.27,0,0,0,0,0,0,0,0,206,166,1e-04,4e-04,4e-04,0.0011,0.0021,0.0032,0.0039,0.0021,5.4,0.01,0
2025-12-23 15:34:06,0,0,31.12,0,8,7517,125.283,233,3.88333,379,6.31667,0,0,0,0,0,0,0,0,0,212,149,0,0,0,0,0,0,0,0,0,0,0
2025-12-23 15:35:06,0,0,31.06,0,4,1588,26.4667,57,0.95,69,1.15,0,0,0,0,0,0,0,0,0,230,165,0,0,0,0,0,0,0,0,0,0,0
2025-12-23 15:36:06,0,0,31.19,0,4,879,14.65,23,0.383333,31,0.516667,0,0,0,0,0,0,0,0,0,180,134,0,0,0,0,0,0,0,0,0,0,0
2025-12-23 15:37:06,0,0,31.31,0,4,625,10.4167,15,0.25,29,0.483333,0,0,0,0,0,0,0,0,0,192,145,0,0,0,0,0,0,0,0,0,0,0
2025-12-23 15:38:06,0,0,31.44,0,4,1062,17.7,38,0.633333,59,0.983333,0,0,0,0,0,0,0,0,0,186,141,0,0,0,0,0,0,0,0,0,0,0
2025-12-23 15:39:06,0,0,31.56,0,2,613,10.2167,19,0.316667,29,0.483333,0,0,0,0,0,0,0,0,0,161,116,0,0,0,0,0,0,0,0,0,0,0
2025-12-23 15:40:06,0,0,31.38,0,2,2857,47.6167,66,1.1,166,2.76667,0,0,0,0,0,0,0,0,0,214,168,0,0,0,0,0,0,0,0,0,0,0
2025-12-23 15:41:06,0,0,30.44,0,4,542,9.03333,1,0.0166667,52,0.866667,0,0,0,0,0,0,0,0,0,220,172,0,0,0,0,0,0,0,0,0,0,0
2025-12-23 15:42:06,0,0,30.44,0,4,636,10.6,27,0.45,37,0.616667,0,0,0,0,0,0,0,0,0,213,160,0,0,0,0,0,0,0,0,0,0,0
2025-12-23 15:43:06,0,0,30.69,0,16,38,0.633333,0,0,2,0.0333333,0,0,0,0,0,0,0,0,0,209,157,0,0,0,0,0,0,0,0,0,0,0
2025-12-23 15:44:06,0,0,30.69,0,16,6,0.1,0,0,0,0,0,0,0,0,0,0,0,0,0,212,158,0,0,0,0,0,0,0,0,0,0,0
2025-12-23 15:45:06,0,0,30.69,0,16,5,0.0833333,0,0,0,0,0,0,0,0,0,0,0,0,0,211,156,0,0,0,0,0,0,0,0,0,0,0
2025-12-23 15:46:06,0,0,30.69,0,16,5,0.0833333,0,0,0,0,0,0,0,0,0,0,0,0,0,210,156,0,0,0,0,0,0,0,0,0,0,0
2025-12-23 15:47:06,0,0,30.75,0,16,0,0,0,0,0,0,0,0,0,0,0,0,0,0,0,210,156,0,0,0,0,0,0,0,0,0,0,0
2025-12-23 15:48:06,0,0,30.31,0,4,1513,25.2167,28,0.466667,136,2.26667,0,0,0,0,0,0,0,0,0,221,162,0,0,0,0,0,0,0,0,0,0,0
2025-12-23 15:49:06,0,0,29.88,0,4,245,4.08333,2,0.0333333,25,0.416667,0,0,0,0,0,0,0,0,0,220,164,0,0,0,0,0,0,0,0,0,0,0
2025-12-23 15:50:06,0,0,30,0,4,442,7.36667,2,0.0333333,36,0.6,0,0,0,0,0,0,0,0,0,216,160,0,0,0,0,0,0,0,0,0,0,0
2025-12-23 15:51:06,0,0,29.88,0,4,839,13.9833,14,0.233333,69,1.15,0,0,0,0,0,0,0,0,0,174,129,0,0,0,0,0,0,0,0,0,0,0
2025-12-23 15:52:06,0,0,30.62,0,1,291,4.85,0,0,14,0.233333,0,0,0,0,0,0,0,0,0,153,109,0,0,0,0,0,0,0,0,0,0,0
2025-12-23 15:53:06,0,0,30.56,0,1,4165,69.4167,104,1.73333,253,4.21667,2.27,0,0,0,0,0,0,0,0,212,156,0,0,1e-04,2e-04,4e-04,6e-04,7e-04,4e-04,0.77,0,0
2025-12-23 15:54:06,0,0,30.5,0,1,3534,58.9,88,1.46667,185,3.08333,18.52,0,0,0,0,0,0,0,0,154,111,2e-04,5e-04,5e-04,0.0014,0.0029,0.0047,0.0053,0.0033,6.59,0.01,0
2025-12-23 15:55:06,0,0,30.44,0,8,9128,152.133,248,4.13333,495,8.25,2.24,0,0,0,0,0,0,0,0,172,122,0,4e-04,1e-04,3e-04,4e-04,4e-04,3e-04,1e-04,2.41,0,0
2025-12-23 15:56:06,0,0,30.38,0,1,4267,71.1167,55,0.916667,336,5.6,0.38,0,0,0,0,0,0,0,0,181,130,0,0,0,0,1e-04,1e-04,1e-04,1e-04,0.15,0,0
2025-12-23 15:57:06,0,0,30.5,0,16,3110,51.8333,75,1.25,188,3.13333,2.96,0,0,0,0,0,0,0,0,161,112,0,2e-04,2e-04,4e-04,5e-04,3e-04,9e-04,2e-04,2.27,0,0
2025-12-23 15:58:06,0,0,30.25,0,16,267,4.45,0,0,23,0.383333,6.11,0,0,0,0,0,0,0,0,157,112,0,4e-04,4e-04,8e-04,0.001,7e-04,0.0019,3e-04,4.8,0,0
2025-12-23 15:59:06,0,0,30.12,0,16,633,10.55,0,0,65,1.08333,3.88,0,0,0,0,0,0,0,0,155,110,0,2e-04,2e-04,5e-04,7e-04,4e-04,0.0012,3e-04,2.85,0,0
2025-12-23 16:00:06,0,0,30.12,0,16,448,7.46667,2,0.0333333,41,0.683333,1.84,0,0,0,0,0,0,0,0,150,110,0,1e-04,1e-04,3e-04,3e-04,2e-04,6e-04,1e-04,1.19,0,0
2025-12-23 16:01:06,0,0,30,0,16,1278,21.3,10,0.166667,121,2.01667,1.56,0,0,0,0,0,0,0,0,151,116,0,1e-04,1e-04,2e-04,3e-04,2e-04,5e-04,1e-04,0.9,0,0
2025-12-23 16:02:06,0,0,30.06,0,1,321,5.35,3,0.05,31,0.516667,0.44,0,0,0,0,0,0,0,0,220,156,0,0,0,1e-04,1e-04,0,2e-04,0,0.02,0,0
2025-12-23 16:03:06,0,0,30.12,0,1,7,0.116667,0,0,1,0.0166667,0.3,0,0,0,0,0,0,0,0,216,156,0,0,0,0,1e-04,0,2e-04,0,0,0,0
2025-12-23 16:04:06,0,0,30.19,0,1,358,5.96667,3,0.05,30,0.5,1.57,0,0,0,0,0,0,0,0,211,153,0,1e-04,0,2e-04,3e-04,2e-04,6e-04,1e-04,0.68,0,0
2025-12-23 16:05:06,0,0,30.12,0,1,175,2.91667,1,0.0166667,15,0.25,1.69,0,0,0,0,0,0,0,0,165,108,0,1e-04,1e-04,2e-04,3e-04,2e-04,6e-04,1e-04,0.91,0,0
2025-12-23 16:06:06,0,0,30.06,0,16,471,7.85,5,0.0833333,34,0.566667,1.48,0,0,0,0,0,0,0,0,163,116,0,1e-04,0,2e-04,3e-04,1e-04,5e-04,1e-04,0.78,0,0
2025-12-23 16:07:06,0,0,29.94,0,16,472,7.86667,6,0.1,37,0.616667,1.58,0,0,0,0,0,0,0,0,162,130,0,1e-04,0,2e-04,3e-04,2e-04,5e-04,1e-04,0.79,0,0
2025-12-23 16:08:06,0,0,30,0,16,597,9.95,0,0,61,1.01667,1.73,0,0,0,0,0,0,0,0,160,111,0,1e-04,1e-04,2e-04,3e-04,2e-04,6e-04,1e-04,0.96,0,0
2025-12-23 16:09:06,0,0,30,0,16,566,9.43333,0,0,64,1.06667,1.56,0,0,0,0,0,0,0,0,160,110,0,1e-04,1e-04,2e-04,3e-04,2e-04,6e-04,1e-04,1.08,0,0
2025-12-23 16:10:06,0,0,30.06,0,16,493,8.21667,0,0,45,0.75,1.47,0,0,0,0,0,0,0,0,159,110,0,1e-04,0,2e-04,3e-04,2e-04,5e-04,1e-04,0.79,0,0
2025-12-23 16:11:06,0,0,29.94,0,16,1305,21.75,5,0.0833333,144,2.4,1.42,0,0,0,0,0,0,0,0,150,120,0,1e-04,0,2e-04,3e-04,2e-04,5e-04,1e-04,0.62,0,0
2025-12-23 16:12:06,0,0,30.12,0,16,1630,27.1667,12,0.2,173,2.88333,1.41,0,0,0,0,0,0,0,0,151,112,0,1e-04,0,2e-04,2e-04,2e-04,5e-04,0,0.62,0,0
2025-12-23 16:13:06,0,0,30.06,0,16,1280,21.3333,24,0.4,93,1.55,1.37,0,0,0,0,0,0,0,0,157,111,0,0,0,2e-04,2e-04,1e-04,5e-04,0,0.69,0,0
2025-12-23 16:14:06,0,0,30.06,0,16,604,10.0667,1,0.0166667,57,0.95,1.68,0,0,0,0,0,0,0,0,156,108,0,1e-04,0,2e-04,3e-04,2e-04,6e-04,1e-04,0.95,0,0
2025-12-23 16:15:06,0,0,30.19,0,16,1031,17.1833,2,0.0333333,133,2.21667,1.7,0,0,0,0,0,0,0,0,151,108,0,1e-04,1e-04,2e-04,3e-04,2e-04,6e-04,1e-04,0.99,0,0
2025-12-23 16:16:06,0,0,30.19,0,16,1148,19.1333,5,0.0833333,137,2.28333,1.29,0,0,0,0,0,0,0,0,163,108,0,0,0,2e-04,2e-04,1e-04,5e-04,1e-04,0.53,0,0
2025-12-23 16:17:06,0,0,30.25,0,16,1524,25.4,7,0.116667,177,2.95,1.68,0,0,0,0,0,0,0,0,153,108,0,1e-04,0,2e-04,3e-04,2e-04,6e-04,1e-04,0.83,0,0
2025-12-23 16:18:06,0,0,30.25,0,16,1458,24.3,7,0.116667,167,2.78333,1.56,0,0,0,0,0,0,0,0,151,106,0,1e-04,0,2e-04,3e-04,2e-04,6e-04,0,0.71,0,0
2025-12-23 16:19:06,0,0,30.31,0,16,1552,25.8667,7,0.116667,166,2.76667,1.76,0,0,0,0,0,0,0,0,150,108,0,1e-04,0,2e-04,3e-04,2e-04,6e-04,0,0.88,0,0
2025-12-23 16:20:06,0,0,30.25,0,16,803,13.3833,3,0.05,86,1.43333,1.7,0,0,0,0,0,0,0,0,152,114,0,1e-04,1e-04,2e-04,3e-04,2e-04,6e-04,0,0.95,0,0
2025-12-23 16:21:06,0,0,30.25,0,16,677,11.2833,4,0.0666667,71,1.18333,1.57,0,0,0,0,0,0,0,0,151,111,0,1e-04,0,2e-04,3e-04,2e-04,6e-04,0,0.83,0,0
2025-12-23 16:22:06,0,0,30.25,0,16,592,9.86667,5,0.0833333,63,1.05,1.45,0,0,0,0,0,0,0,0,150,112,0,1e-04,0,2e-04,3e-04,2e-04,5e-04,1e-04,0.62,0,0
2025-12-23 16:23:06,0,0,30.25,0,16,246,4.1,1,0.0166667,23,0.383333,1.37,0,0,0,0,0,0,0,0,150,109,0,0,0,2e-04,2e-04,2e-04,5e-04,0,0.53,0,0
2025-12-23 16:24:06,0,0,30.19,0,16,478,7.96667,8,0.133333,48,0.8,1.35,0,0,0,0,0,0,0,0,150,112,0,0,0,2e-04,2e-04,2e-04,5e-04,0,0.53,0,0
2025-12-23 16:25:06,0,0,30.19,0,16,135,2.25,0,0,15,0.25,1.4,0,0,0,0,0,0,0,0,150,108,0,1e-04,0,2e-04,2e-04,2e-04,5e-04,0,0.65,0,0
2025-12-23 16:26:06,0,0,30.19,0,16,619,10.3167,2,0.0333333,60,1,1.57,0,0,0,0,0,0,0,0,148,111,0,1e-04,0,2e-04,3e-04,2e-04,6e-04,0,0.68,0,0
2025-12-23 16:27:06,0,0,30.19,0,16,964,16.0667,0,0,96,1.6,1.91,0,0,0,0,0,0,0,0,148,113,0,1e-04,1e-04,3e-04,3e-04,2e-04,6e-04,1e-04,1.32,0,0
2025-12-23 16:28:06,0,0,30.19,0,16,751,12.5167,0,0,52,0.866667,1.76,0,0,0,0,0,0,0,0,147,112,0,1e-04,0,2e-04,3e-04,2e-04,6e-04,0,0.82,0,0
2025-12-23 16:29:06,0,0,30.25,0,16,847,14.1167,0,0,72,1.2,1.75,0,0,0,0,0,0,0,0,147,110,0,1e-04,0,2e-04,3e-04,2e-04,6e-04,1e-04,0.89,0,0
2025-12-23 16:30:06,0,0,30.31,0,16,1031,17.1833,4,0.0666667,137,2.28333,1.78,0,0,0,0,0,0,0,0,146,110,0,1e-04,0,2e-04,3e-04,2e-04,6e-04,0,0.99,0,0
2025-12-23 16:31:06,0,0,30.44,0,16,4643,77.3833,125,2.08333,298,4.96667,0.97,0,0,0,0,0,0,0,0,211,154,0,0,0,1e-04,2e-04,1e-04,3e-04,0,0.51,0,0
2025-12-23 16:32:06,0,0,30.5,0,8,14055,234.25,502,8.36667,616,10.2667,2.93,0,0,0,0,0,0,0,0,231,166,0,1e-04,1e-04,3e-04,4e-04,7e-04,8e-04,5e-04,1.25,0,0
2025-12-23 16:33:06,0,0,30.31,0,8,10118,168.633,320,5.33333,498,8.3,8.99,0,0,0,0,0,0,0,0,182,132,1e-04,2e-04,3e-04,8e-04,0.0013,0.0023,0.0027,0.0017,3.36,0,0
2025-12-23 16:34:06,0,0,30.06,0,1,11868,197.8,397,6.61667,664,11.0667,2.12,0,0,0,0,0,0,0,0,203,130,0,0,0,1e-04,3e-04,6e-04,8e-04,7e-04,0.05,0,0
2025-12-23 16:35:06,0,0,30.19,0,16,7248,120.8,241,4.01667,412,6.86667,20.63,0,0,0,0,0,0,0,0,172,116,2e-04,6e-04,7e-04,0.0018,0.0031,0.0051,0.0061,0.0035,8.59,0.01,0
2025-12-23 16:36:06,0,0,30.06,0,16,2052,34.2,11,0.183333,250,4.16667,27.12,0,0,0,0,0,0,0,0,163,115,3e-04,9e-04,9e-04,0.0024,0.004,0.0066,0.0081,0.0045,11.74,0.01,0
2025-12-23 16:37:06,0,0,29.88,0,16,629,10.4833,4,0.0666667,63,1.05,26.9,0,0,0,0,0,0,0,0,164,113,3e-04,9e-04,9e-04,0.0025,0.004,0.0065,0.008,0.0044,11.91,0.01,0
2025-12-23 16:38:06,0,0,29.81,0,8,10280,171.333,357,5.95,514,8.56667,6.11,0,0,0,0,0,0,0,0,232,168,1e-04,2e-04,2e-04,5e-04,9e-04,0.0015,0.0019,0.0011,2.44,0,0
2025-12-23 16:39:06,0,0,29.81,0,1,9676,161.267,330,5.5,470,7.83333,0,0,0,0,0,0,0,0,0,216,154,0,0,0,0,0,0,0,0,0,0,0
2025-12-23 16:40:06,0,0,29.94,0,1,9667,161.117,322,5.36667,497,8.28333,0,0,0,0,0,0,0,0,0,214,167,0,0,0,0,0,0,0,0,0,0,0
2025-12-23 16:41:06,0,0,29,0,1,11360,189.333,395,6.58333,542,9.03333,1.92,0,0,0,0,0,0,0,0,214,158,0,0,1e-04,1e-04,3e-04,5e-04,5e-04,3e-04,0.57,0,0
2025-12-23 16:42:06,0,0,27.5,0,1,7117,118.617,185,3.08333,359,5.98333,0.13,0,0,0,0,0,0,0,0,233,178,0,0,0,0,0,0,0,1e-04,0,0,0
2025-12-23 16:43:06,0,0,26.5,0,8,5011,83.5167,91,1.51667,306,5.1,0.16,0,0,0,0,0,0,0,0,205,148,0,0,0,0,0,0,0,1e-04,0.03,0,0
2025-12-23 16:44:06,0,0,26.19,0,1,6593,109.883,138,2.3,411,6.85,0.15,0,0,0,0,0,0,0,0,180,130,0,0,0,0,0,1e-04,0,0,0,0,0
2025-12-23 16:45:06,0,0,25.06,0,1,6260,104.333,111,1.85,457,7.61667,0.37,0,0,0,0,0,0,0,0,176,133,0,0,0,0,1e-04,2e-04,1e-04,1e-04,0,0,0
2025-12-23 16:46:06,0,0,23.56,0,1,5372,89.5333,92,1.53333,390,6.5,0.69,0,0,0,0,0,0,0,0,183,154,0,0,0,0,1e-04,3e-04,2e-04,1e-04,0,0,0
2025-12-23 16:47:06,0,0,22.81,0,1,10891,181.517,369,6.15,546,9.1,1.94,0,0,0,0,0,0,0,0,189,139,0,0,0,1e-04,4e-04,5e-04,4e-04,1e-04,0.09,0,0
2025-12-23 16:48:06,0,0,22.62,0,1,9590,159.833,266,4.43333,468,7.8,0,0,0,0,0,0,0,0,0,173,119,0,0,0,0,0,0,0,0,0,0,0
2025-12-23 16:49:06,0,0,22.75,0,1,8971,149.517,263,4.38333,469,7.81667,0,0,0,0,0,0,0,0,0,223,160,0,0,0,0,0,0,0,0,0,0,0
2025-12-23 16:50:06,0,0,22.94,0,1,11625,193.75,367,6.11667,588,9.8,16.99,0,0,0,0,0,0,0,0,209,144,2e-04,4e-04,6e-04,0.0015,0.0025,0.0042,0.0051,0.003,7.18,0.01,0
2025-12-23 16:51:06,0,0,23.19,0,16,9379,156.317,318,5.3,454,7.56667,20.76,0,0,0,0,0,0,0,0,220,156,2e-04,6e-04,7e-04,0.0018,0.0031,0.005,0.0065,0.0036,8.53,0.01,0
2025-12-23 16:52:06,0,0,23.5,0,16,5591,93.1833,154,2.56667,352,5.86667,31.63,0,0,0,0,0,0,0,0,208,154,3e-04,0.001,0.0011,0.0029,0.0046,0.0076,0.0098,0.0052,13.93,0.01,0
2025-12-23 16:53:06,0,0,23.94,0,16,828,13.8,1,0.0166667,98,1.63333,26.85,0,0,0,0,0,0,0,0,207,158,3e-04,0.0011,0.0011,0.0027,0.004,0.0057,0.0083,0.0036,14.37,0.01,0
2025-12-23 16:54:06,0,0,24.44,0,16,1240,20.6667,3,0.05,140,2.33333,26.83,0,0,0,0,0,0,0,0,201,149,3e-04,0.0011,0.0011,0.0028,0.004,0.0057,0.0084,0.0036,14.54,0.01,0
2025-12-23 16:55:06,0,0,25.12,0,16,1513,25.2167,7,0.116667,186,3.1,26.76,0,0,0,0,0,0,0,0,149,104,3e-04,0.0011,0.0011,0.0028,0.004,0.0057,0.0083,0.0036,14.42,0.01,0
2025-12-23 16:56:06,0,0,25.62,0,16,1784,29.7333,6,0.1,237,3.95,27,0,0,0,0,0,0,0,0,151,110,3e-04,0.0011,0.0011,0.0028,0.004,0.0057,0.0084,0.0037,14.37,0.01,0
2025-12-23 16:57:06,0,0,26.38,0,16,1816,30.2667,14,0.233333,202,3.36667,25.69,0,0,0,0,0,0,0,0,150,107,3e-04,0.001,0.001,0.0026,0.0039,0.0055,0.008,0.0035,13.56,0.01,0
2025-12-23 16:58:06,0,0,27,0,16,1047,17.45,0,0,124,2.06667,24.92,0,0,0,0,0,0,0,0,202,150,3e-04,9e-04,0.001,0.0025,0.0037,0.0055,0.0078,0.0035,12.65,0.01,0
2025-12-23 16:59:06,0,0,27.31,0,16,2552,42.5333,25,0.416667,273,4.55,24.47,0,0,0,0,0,0,0,0,150,116,3e-04,0.0011,0.001,0.0026,0.0037,0.0051,0.0077,0.0032,13.63,0.01,0
2025-12-23 17:00:06,0,0,28,0,16,1638,27.3,18,0.3,190,3.16667,22.07,0,0,0,0,0,0,0,0,147,122,2e-04,9e-04,9e-04,0.0023,0.0033,0.0046,0.0069,0.0029,11.91,0.01,0
2025-12-23 17:01:06,0,0,28.12,0,16,1678,27.9667,5,0.0833333,200,3.33333,26.43,0,0,0,0,0,0,0,0,197,143,3e-04,0.0011,0.0011,0.0027,0.004,0.0056,0.0083,0.0036,14.2,0.01,0
2025-12-23 17:02:06,0,0,28.38,0,16,3771,62.85,101,1.68333,251,4.18333,27.7,0,0,0,0,0,0,0,0,190,138,3e-04,9e-04,0.001,0.0026,0.0041,0.0065,0.0086,0.0045,12.72,0.01,0
2025-12-23 17:03:06,0,0,28.81,0,16,1368,22.8,1,0.0166667,151,2.51667,26.33,0,0,0,0,0,0,0,0,146,110,3e-04,0.0011,0.0011,0.0027,0.0039,0.0056,0.0082,0.0036,14.02,0.01,0
2025-12-23 17:04:06,0,0,28.81,0,16,1907,31.7833,22,0.366667,175,2.91667,23.57,0,0,0,0,0,0,0,0,205,154,3e-04,9e-04,9e-04,0.0023,0.0035,0.0053,0.0074,0.0034,11.78,0.01,0
2025-12-23 17:05:06,0,0,29.31,0,16,2490,41.5,42,0.7,216,3.6,24.28,0,0,0,0,0,0,0,0,207,151,2e-04,8e-04,9e-04,0.0024,0.0036,0.0055,0.0076,0.0037,11.77,0.01,0
2025-12-23 17:06:06,0,0,29.06,0,16,874,14.5667,0,0,102,1.7,26.56,0,0,0,0,0,0,0,0,199,143,3e-04,0.001,0.0011,0.0027,0.004,0.0057,0.0084,0.0037,13.89,0.01,0
2025-12-23 17:07:06,0,0,29.56,0,16,1264,21.0667,18,0.3,116,1.93333,26.74,0,0,0,0,0,0,0,0,159,110,3e-04,0.0011,0.0011,0.0027,0.004,0.0057,0.0083,0.0037,14.29,0.01,0
2025-12-23 17:08:06,0,0,29.44,0,16,1077,17.95,5,0.0833333,133,2.21667,27.33,0,0,0,0,0,0,0,0,161,118,3e-04,0.0011,0.0011,0.0028,0.0041,0.0059,0.0085,0.0038,14.55,0.01,0
2025-12-23 17:09:06,0,0,29.62,0,16,1848,30.8,21,0.35,166,2.76667,26.25,0,0,0,0,0,0,0,0,206,155,3e-04,0.0011,0.0011,0.0027,0.0039,0.0055,0.0082,0.0035,14.25,0.01,0
2025-12-23 17:10:06,0,0,29.69,0,16,1212,20.2,4,0.0666667,137,2.28333,27.66,0,0,0,0,0,0,0,0,165,110,3e-04,0.0011,0.0012,0.0028,0.0041,0.0059,0.0086,0.0038,14.76,0.01,0
2025-12-23 17:11:06,0,0,29.94,0,16,947,15.7833,4,0.0666667,88,1.46667,27.23,0,0,0,0,0,0,0,0,159,103,3e-04,0.0011,0.0011,0.0028,0.0041,0.0058,0.0086,0.0037,14.63,0.01,0
2025-12-23 17:12:06,0,0,30.12,0,16,2696,44.9333,52,0.866667,201,3.35,28.6,0,0,0,0,0,0,0,0,155,109,3e-04,0.001,0.0011,0.0028,0.0042,0.0065,0.0091,0.0043,13.9,0.01,0
2025-12-23 17:13:06,0,0,30.12,0,16,999,16.65,1,0.0166667,112,1.86667,27.45,0,0,0,0,0,0,0,0,192,140,3e-04,0.0011,0.0011,0.0028,0.0041,0.0058,0.0086,0.0037,14.51,0.01,0
2025-12-23 17:14:06,0,0,30.38,0,16,1420,23.6667,10,0.166667,119,1.98333,27.12,0,0,0,0,0,0,0,0,203,147,3e-04,0.0011,0.0011,0.0028,0.0041,0.0057,0.0085,0.0036,14.6,0.01,0
2025-12-23 17:15:06,0,0,30.06,0,1,7439,123.983,196,3.26667,389,6.48333,10.72,0,0,0,0,0,0,0,0,212,132,1e-04,3e-04,3e-04,9e-04,0.0016,0.0026,0.0034,0.0018,4.23,0,0
2025-12-23 17:16:06,0,0,29.88,0,1,6970,116.167,216,3.6,391,6.51667,42.26,0,0,0,0,0,0,0,0,208,156,5e-04,0.0014,0.0016,0.0041,0.0062,0.0098,0.013,0.0066,20.29,0.02,0
2025-12-23 17:17:06,0,0,29.94,0,16,1821,30.35,11,0.183333,189,3.15,24.92,0,0,0,0,0,0,0,0,203,151,3e-04,9e-04,0.001,0.0024,0.0037,0.0057,0.0079,0.0037,12.06,0.01,0
2025-12-23 17:18:06,0,0,29.81,0,16,974,16.2333,1,0.0166667,113,1.88333,23.91,0,0,0,0,0,0,0,0,160,108,2e-04,9e-04,9e-04,0.0024,0.0036,0.0053,0.0075,0.0035,11.73,0.01,0
2025-12-23 17:19:06,0,0,29.81,0,16,1100,18.3333,6,0.1,114,1.9,24.19,0,0,0,0,0,0,0,0,187,132,2e-04,8e-04,9e-04,0.0023,0.0036,0.0055,0.0076,0.0037,11.56,0.01,0
2025-12-23 17:20:06,0,0,29.88,0,16,6738,112.3,198,3.3,394,6.56667,19.17,0,0,0,0,0,0,0,0,204,134,2e-04,7e-04,7e-04,0.0018,0.0029,0.0044,0.0059,0.0029,8.84,0.01,0
2025-12-23 17:21:06,0,0,29.19,0,1,9041,150.683,265,4.41667,462,7.7,8.51,0,0,0,0,0,0,0,0,163,106,1e-04,2e-04,3e-04,7e-04,0.0013,0.0021,0.0027,0.002,3.28,0,0
2025-12-23 17:22:06,0,0,29.12,0,1,5947,99.1167,146,2.43333,302,5.03333,5.95,0,0,0,0,0,0,0,0,217,150,1e-04,1e-04,2e-04,5e-04,9e-04,0.0015,0.0018,0.0013,1.84,0,0
2025-12-23 17:23:06,0,0,28.81,0,1,6469,107.817,167,2.78333,387,6.45,4.04,0,0,0,0,0,0,0,0,222,157,0,1e-04,1e-04,3e-04,6e-04,0.001,0.0013,0.001,1.18,0,0
2025-12-23 17:24:06,0,0,28.81,0,1,7499,124.983,216,3.6,428,7.13333,12.97,0,0,0,0,0,0,0,0,226,160,1e-04,4e-04,4e-04,0.0011,0.0019,0.0032,0.0039,0.0023,5.05,0.01,0
2025-12-23 17:25:06,0,0,28.75,0,1,7082,118.033,189,3.15,421,7.01667,15.3,0,0,0,0,0,0,0,0,203,147,2e-04,4e-04,4e-04,0.0012,0.0024,0.0038,0.0043,0.0028,5.4,0.01,0
2025-12-23 17:26:06,0,0,28.44,0,1,7972,132.867,210,3.5,410,6.83333,22.64,0,0,0,0,0,0,0,0,215,155,3e-04,8e-04,9e-04,0.0021,0.0035,0.0053,0.006,0.0041,10.74,0.01,0
2025-12-23 17:27:06,0,0,28.44,0,1,8506,141.767,224,3.73333,432,7.2,8.18,0,0,0,0,0,0,0,0,229,159,1e-04,1e-04,3e-04,6e-04,0.0013,0.0021,0.0026,0.002,2.56,0,0
2025-12-23 17:28:06,0,0,28.25,0,8,9218,153.633,236,3.93333,462,7.7,8.86,0,0,0,0,0,0,0,0,228,161,1e-04,2e-04,3e-04,7e-04,0.0014,0.0022,0.0026,0.0019,3.29,0,0
2025-12-23 17:29:06,0,0,27.81,0,1,86,1.43333,0,0,7,0.116667,17.66,0,0,0,0,0,0,0,0,193,125,2e-04,5e-04,7e-04,0.0015,0.0027,0.0043,0.0052,0.004,7.26,0.01,0
2025-12-23 17:30:06,0,0,27.94,0,1,18,0.3,0,0,0,0,19.27,0,0,0,0,0,0,0,0,184,115,2e-04,5e-04,7e-04,0.0017,0.003,0.0046,0.0056,0.0043,8.15,0.01,0
2025-12-23 17:31:06,0,0,28.31,0,1,4822,80.3667,151,2.51667,306,5.1,13.43,0,0,0,0,0,0,0,0,205,150,2e-04,4e-04,5e-04,0.0011,0.0021,0.0033,0.0041,0.0032,5.32,0.01,0
2025-12-23 17:32:06,0,0,28.44,0,1,6337,105.617,143,2.38333,405,6.75,16.03,0,0,0,0,0,0,0,0,231,162,2e-04,4e-04,5e-04,0.0013,0.0024,0.0042,0.0052,0.0034,5.63,0.01,0
2025-12-23 17:33:06,0,0,28.62,0,1,6884,114.733,159,2.65,443,7.38333,74.56,0,0,0,0,0,0,0,0,191,128,9e-04,0.0021,0.0024,0.0062,0.0109,0.0189,0.0235,0.0146,30,0.03,0
2025-12-23 17:34:06,0,0,28.62,0,1,5864,97.7333,126,2.1,374,6.23333,75.78,0,0,0,0,0,0,0,0,211,117,0.001,0.0023,0.0026,0.0069,0.0109,0.019,0.024,0.0151,32.98,0.03,0
2025-12-23 17:35:06,0,0,28.94,0,1,5521,92.0167,108,1.8,354,5.9,63.08,0,0,0,0,0,0,0,0,185,107,8e-04,0.0019,0.0022,0.0059,0.009,0.0158,0.0203,0.0129,27.64,0.03,0
2025-12-23 17:36:06,0,0,28.94,0,1,4135,68.9167,73,1.21667,342,5.7,103.13,0,0,0,0,0,0,0,0,221,160,0.0013,0.003,0.0035,0.009,0.015,0.0259,0.0325,0.02,43.34,0.05,0
2025-12-23 17:37:06,0,0,28.88,0,1,4223,70.3833,55,0.916667,349,5.81667,50.57,0,0,0,0,0,0,0,0,225,159,7e-04,0.0014,0.0017,0.0045,0.0072,0.0128,0.0166,0.0106,20.91,0.02,0
2025-12-23 17:38:06,0,0,29.12,0,16,5257,87.6167,93,1.55,392,6.53333,90.04,0,0,0,0,0,0,0,0,210,148,0.0011,0.0025,0.003,0.0077,0.0131,0.0226,0.0288,0.0178,36.67,0.04,0
2025-12-23 17:39:06,0,0,29.12,0,1,2684,44.7333,42,0.7,193,3.21667,97.42,0,0,0,0,0,0,0,0,213,152,0.0012,0.0029,0.0032,0.0086,0.014,0.0245,0.0312,0.0187,40.94,0.04,0
2025-12-23 17:40:06,0,0,29.12,0,1,33,0.55,0,0,2,0.0333333,106.47,0,0,0,0,0,0,0,0,216,155,0.0014,0.0032,0.0036,0.0096,0.0153,0.0265,0.0338,0.0201,45.89,0.05,0
2025-12-23 17:41:06,0,0,29.69,0,1,272,4.53333,1,0.0166667,21,0.35,72.79,0,0,0,0,0,0,0,0,162,103,9e-04,0.0021,0.0025,0.0066,0.0105,0.0181,0.0233,0.0142,31.36,0.03,0
2025-12-23 17:42:06,0,0,29.81,0,4,2838,47.3,50,0.833333,203,3.38333,46.93,0,0,0,0,0,0,0,0,195,110,7e-04,0.0014,0.0018,0.0045,0.0067,0.0116,0.0152,0.0097,21.32,0.02,0
2025-12-23 17:43:06,0,0,29.88,0,1,2659,44.3167,85,1.41667,173,2.88333,93.75,0,0,0,0,0,0,0,0,172,111,0.0012,0.0028,0.0033,0.0085,0.0135,0.0232,0.0299,0.0179,40.89,0.04,0
2025-12-23 17:44:06,0,0,29.81,0,1,546,9.1,6,0.1,41,0.683333,45.08,0,0,0,0,0,0,0,0,198,106,6e-04,0.0012,0.0014,0.0038,0.0064,0.0117,0.0159,0.0099,17.21,0.02,0
2025-12-23 17:45:06,0,0,29.75,0,1,1586,26.4333,34,0.566667,114,1.9,68.98,0,0,0,0,0,0,0,0,224,158,9e-04,0.002,0.0023,0.0061,0.0099,0.0173,0.0228,0.0138,28.84,0.03,0
2025-12-23 17:46:06,0,0,29.81,0,4,1637,27.2833,25,0.416667,134,2.23333,60.92,0,0,0,0,0,0,0,0,190,118,8e-04,0.0017,0.0022,0.0055,0.0088,0.0151,0.0199,0.0122,26.09,0.03,0
2025-12-23 17:47:06,0,0,29.75,0,1,2086,34.7667,22,0.366667,156,2.6,62.7,0,0,0,0,0,0,0,0,195,141,8e-04,0.0018,0.0021,0.0057,0.009,0.0155,0.0203,0.0121,26.94,0.03,0
2025-12-23 17:48:06,0,0,29.81,0,1,9292,154.867,268,4.46667,484,8.06667,34.07,0,0,0,0,0,0,0,0,217,146,4e-04,0.001,0.0013,0.003,0.0051,0.0084,0.0095,0.0059,14.97,0.01,0
2025-12-23 17:49:06,0,0,29.75,0,1,5948,99.1333,139,2.31667,385,6.41667,12.2,0,0,0,0,0,0,0,0,215,153,2e-04,2e-04,5e-04,0.0011,0.0018,0.003,0.004,0.0031,4.82,0.01,0
2025-12-23 17:50:06,0,0,29.75,0,1,6523,108.717,165,2.75,430,7.16667,22.06,0,0,0,0,0,0,0,0,218,144,2e-04,5e-04,9e-04,0.0019,0.0033,0.0054,0.0072,0.0053,9.07,0.01,0
2025-12-23 17:51:06,0,0,29.19,0,1,920,15.3333,12,0.2,54,0.9,16.53,0,0,0,0,0,0,0,0,184,158,2e-04,4e-04,7e-04,0.0014,0.0024,0.0041,0.0054,0.0041,6.87,0.01,0
2025-12-23 17:52:06,0,0,29,0,1,1117,18.6167,12,0.2,70,1.16667,7.66,0,0,0,0,0,0,0,0,211,162,1e-04,2e-04,2e-04,7e-04,0.0011,0.0019,0.0026,0.0022,2.59,0,0
2025-12-23 17:53:06,0,0,29.06,0,1,17,0.283333,0,0,0,0,10.84,0,0,0,0,0,0,0,0,175,129,1e-04,2e-04,4e-04,9e-04,0.0016,0.0027,0.0035,0.0029,3.9,0.01,0
2025-12-23 17:54:06,0,0,29.19,0,1,7,0.116667,0,0,0,0,11.52,0,0,0,0,0,0,0,0,172,128,1e-04,3e-04,4e-04,0.001,0.0017,0.0028,0.0037,0.003,4.59,0.01,0
2025-12-23 17:55:06,0,0,29.5,0,1,2875,47.9167,69,1.15,141,2.35,15.48,0,0,0,0,0,0,0,0,210,122,2e-04,3e-04,6e-04,0.0013,0.0023,0.0038,0.005,0.0039,5.9,0.01,0
2025-12-23 17:56:06,0,0,29.88,0,1,1637,27.2833,34,0.566667,101,1.68333,25.91,0,0,0,0,0,0,0,0,192,116,3e-04,6e-04,0.0011,0.0023,0.0039,0.0063,0.0079,0.006,11.16,0.01,0
2025-12-23 17:57:06,0,0,29.75,0,1,2501,41.6833,39,0.65,200,3.33333,16.84,0,0,0,0,0,0,0,0,211,154,2e-04,5e-04,6e-04,0.0014,0.0026,0.0041,0.0051,0.0039,6.88,0.01,0
2025-12-23 17:58:06,0,0,29.75,0,1,3774,62.9,55,0.916667,317,5.28333,16.07,0,0,0,0,0,0,0,0,217,156,2e-04,5e-04,7e-04,0.0015,0.0024,0.0038,0.0048,0.0037,7.48,0.01,0
2025-12-23 17:59:06,0,0,29.88,0,1,4930,82.1667,86,1.43333,421,7.01667,23.88,0,0,0,0,0,0,0,0,216,145,3e-04,6e-04,9e-04,0.0021,0.0036,0.0058,0.0073,0.0054,10.25,0.01,0
2025-12-23 18:00:06,0,0,30,0,1,3767,62.7833,53,0.883333,300,5,21.72,0,0,0,0,0,0,0,0,213,156,2e-04,5e-04,9e-04,0.0019,0.0032,0.0053,0.0068,0.0052,9.23,0.01,0
2025-12-23 18:01:06,0,0,29.94,0,1,6119,101.983,144,2.4,427,7.11667,28.12,0,0,0,0,0,0,0,0,200,136,3e-04,6e-04,0.0012,0.0025,0.0042,0.0068,0.0089,0.0066,12.21,0.01,0
2025-12-23 18:02:06,0,0,30.06,0,1,4864,81.0667,80,1.33333,361,6.01667,15.54,0,0,0,0,0,0,0,0,205,148,2e-04,3e-04,6e-04,0.0014,0.0023,0.0038,0.005,0.0039,6.4,0.01,0
2025-12-23 18:03:06,0,0,30.12,0,1,5547,92.45,108,1.8,424,7.06667,25.56,0,0,0,0,0,0,0,0,213,154,3e-04,6e-04,0.0011,0.0023,0.0038,0.0062,0.008,0.006,11.45,0.01,0
2025-12-23 18:04:06,0,0,30.19,0,1,5540,92.3333,130,2.16667,366,6.1,12.65,0,0,0,0,0,0,0,0,224,158,1e-04,3e-04,5e-04,0.0011,0.0019,0.0031,0.004,0.0032,5.05,0.01,0
2025-12-23 18:05:06,0,0,30.25,0,1,4652,77.5333,94,1.56667,339,5.65,10.17,0,0,0,0,0,0,0,0,168,114,1e-04,3e-04,4e-04,9e-04,0.0015,0.0024,0.0032,0.0025,4.27,0,0
2025-12-23 18:06:06,0,0,29.88,0,1,6872,114.533,201,3.35,344,5.73333,11.98,0,0,0,0,0,0,0,0,223,160,1e-04,4e-04,3e-04,0.001,0.0018,0.003,0.0035,0.0023,4.52,0.01,0
2025-12-23 18:07:06,0,0,30.12,0,32,6078,101.3,184,3.06667,330,5.5,5.62,0,0,0,0,0,0,0,0,214,156,0,1e-04,2e-04,5e-04,9e-04,0.0014,0.0019,0.0015,1.93,0,0
2025-12-23 18:08:06,0,0,30.06,0,8,1753,29.2167,49,0.816667,117,1.95,13.46,0,0,0,0,0,0,0,0,222,158,1e-04,3e-04,6e-04,0.0012,0.002,0.0033,0.0044,0.0036,5.39,0.01,0
2025-12-23 18:09:06,0,0,29.81,0,16,0,0,0,0,0,0,30.27,0,0,0,0,0,0,0,0,205,131,4e-04,7e-04,0.0013,0.0026,0.0045,0.0074,0.0096,0.0073,12.98,0.01,0
2025-12-23 18:10:06,0,0,29.75,0,16,0,0,0,0,0,0,30.39,0,0,0,0,0,0,0,0,197,119,4e-04,7e-04,0.0013,0.0027,0.0045,0.0074,0.0096,0.0073,13.22,0.01,0
2025-12-23 18:11:06,0,0,29.88,0,16,0,0,0,0,0,0,30.38,0,0,0,0,0,0,0,0,191,113,4e-04,7e-04,0.0013,0.0027,0.0045,0.0074,0.0096,0.0073,13.16,0.01,0
2025-12-23 18:12:06,0,0,30,0,16,828,13.8,21,0.35,50,0.833333,26.3,0,0,0,0,0,0,0,0,194,118,3e-04,6e-04,0.0011,0.0023,0.0039,0.0064,0.0084,0.0064,11.21,0.01,0
2025-12-23 18:13:06,0,0,30.06,0,8,782,13.0333,30,0.5,37,0.616667,5.58,0,0,0,0,0,0,0,0,218,150,0,1e-04,1e-04,5e-04,8e-04,0.0014,0.0019,0.0017,1.71,0,0
2025-12-23 18:14:06,0,0,30.62,0,32,252,4.2,4,0.0666667,13,0.216667,0.89,0,0,0,0,0,0,0,0,183,106,0,0,0,1e-04,1e-04,2e-04,3e-04,3e-04,0.26,0,0
2025-12-23 18:15:06,0,0,30.88,0,1,21,0.35,0,0,0,0,0,0,0,0,0,0,0,0,0,177,104,0,0,0,0,0,0,0,0,0,0,0
2025-12-23 18:16:06,0,0,31.19,0,1,0,0,0,0,0,0,0.07,0,0,0,0,0,0,0,0,177,104,0,0,0,0,0,0,0,0,0,0,0
2025-12-23 18:17:06,0,0,31.5,0,1,0,0,0,0,0,0,0.01,0,0,0,0,0,0,0,0,177,104,0,0,0,0,0,0,0,0,0,0,0
2025-12-23 18:18:06,0,0,31.81,0,1,10,0.166667,0,0,0,0,0,0,0,0,0,0,0,0,0,178,102,0,0,0,0,0,0,0,0,0,0,0
2025-12-23 18:19:06,0,0,32.06,0,1,18,0.3,0,0,2,0.0333333,0.07,0,0,0,0,0,0,0,0,176,103,0,0,0,0,0,0,0,0,0,0,0
2025-12-23 18:20:06,0,0,32.31,0,32,12,0.2,0,0,0,0,0,0,0,0,0,0,0,0,0,180,103,0,0,0,0,0,0,0,0,0,0,0
2025-12-23 18:21:06,0,0,32.38,0,1,702,11.7,13,0.216667,54,0.9,14.71,0,0,0,0,0,0,0,0,233,163,2e-04,4e-04,6e-04,0.0013,0.0022,0.0036,0.0044,0.0032,6.55,0.01,0
2025-12-23 18:22:06,0,0,32.38,0,1,5067,84.45,106,1.76667,279,4.65,18.57,0,0,0,0,0,0,0,0,206,131,2e-04,5e-04,6e-04,0.0014,0.0029,0.0046,0.0053,0.0037,7,0.01,0
2025-12-23 18:23:06,0,0,31.94,0,1,5924,98.7333,153,2.55,237,3.95,42.54,0,0,0,0,0,0,0,0,213,157,5e-04,0.0012,0.0015,0.0034,0.0066,0.0106,0.0118,0.0077,17.46,0.02,0
2025-12-23 18:24:06,0,0,31.56,0,1,3032,50.5333,57,0.95,195,3.25,13.3,0,0,0,0,0,0,0,0,205,121,1e-04,3e-04,5e-04,0.0011,0.002,0.0033,0.0041,0.0032,5.29,0.01,0
2025-12-23 18:25:06,0,0,31.06,0,16,2433,40.55,47,0.783333,165,2.75,23.12,0,0,0,0,0,0,0,0,220,163,3e-04,5e-04,0.001,0.002,0.0035,0.0057,0.0072,0.0053,9.79,0.01,0
2025-12-23 18:26:06,0,0,30.88,0,1,2420,40.3333,32,0.533333,143,2.38333,16.54,0,0,0,0,0,0,0,0,185,128,2e-04,4e-04,6e-04,0.0014,0.0025,0.0041,0.0052,0.0038,6.69,0.01,0
2025-12-23 18:27:06,0,0,30.75,0,1,2107,35.1167,21,0.35,136,2.26667,14.79,0,0,0,0,0,0,0,0,203,148,2e-04,4e-04,6e-04,0.0013,0.0022,0.0036,0.0046,0.0034,6.26,0.01,0
2025-12-23 18:28:06,0,0,30.88,0,1,2585,43.0833,28,0.466667,175,2.91667,17.56,0,0,0,0,0,0,0,0,185,114,2e-04,4e-04,7e-04,0.0015,0.0026,0.0043,0.0055,0.0041,7.37,0.01,0
2025-12-23 18:29:06,0,0,30.75,0,1,3358,55.9667,39,0.65,276,4.6,13.12,0,0,0,0,0,0,0,0,198,145,1e-04,3e-04,5e-04,0.0012,0.002,0.0032,0.004,0.0031,5.41,0.01,0
2025-12-23 18:30:06,0,0,30.31,0,16,1237,20.6167,17,0.283333,88,1.46667,14.82,0,0,0,0,0,0,0,0,220,156,2e-04,4e-04,5e-04,0.0013,0.0022,0.0036,0.0045,0.0033,6.35,0.01,0
2025-12-23 18:31:06,0,0,30.81,0,1,1504,25.0667,22,0.366667,104,1.73333,14.8,0,0,0,0,0,0,0,0,205,144,1e-04,4e-04,6e-04,0.0013,0.0022,0.0037,0.0046,0.0035,5.98,0.01,0
2025-12-23 18:32:06,0,0,30.94,0,16,3924,65.4,75,1.25,254,4.23333,12.5,0,0,0,0,0,0,0,0,224,168,1e-04,3e-04,4e-04,0.001,0.0019,0.0031,0.0038,0.0028,4.72,0.01,0
2025-12-23 18:33:06,0,0,30.62,0,1,5814,96.9,117,1.95,415,6.91667,46.09,0,0,0,0,0,0,0,0,202,147,6e-04,0.0015,0.0021,0.0041,0.0071,0.0113,0.012,0.0074,21.87,0.02,0
2025-12-23 18:34:06,0,0,30.44,0,1,6421,107.017,137,2.28333,400,6.66667,20.61,0,0,0,0,0,0,0,0,227,161,2e-04,5e-04,8e-04,0.0017,0.0031,0.0051,0.006,0.0042,8.5,0.01,0
2025-12-23 18:35:06,0,0,30.12,0,1,10757,179.283,385,6.41667,501,8.35,6.06,0,0,0,0,0,0,0,0,222,160,1e-04,1e-04,2e-04,5e-04,0.001,0.0015,0.0017,0.0011,2.03,0,0
2025-12-23 18:36:06,0,0,29.5,0,1,4580,76.3333,127,2.11667,273,4.55,20.61,0,0,0,0,0,0,0,0,227,163,2e-04,6e-04,7e-04,0.0017,0.0032,0.0051,0.0058,0.0039,8.02,0.01,0
2025-12-23 18:37:06,0,0,29.25,0,1,1466,24.4333,21,0.35,104,1.73333,4.33,0,0,0,0,0,0,0,0,231,165,0,1e-04,1e-04,4e-04,7e-04,0.0011,0.0015,0.0013,1.31,0,0
2025-12-23 18:38:06,0,0,29.5,0,1,1283,21.3833,19,0.316667,89,1.48333,4.82,0,0,0,0,0,0,0,0,220,153,0,1e-04,1e-04,4e-04,7e-04,0.0012,0.0015,0.0013,1.67,0,0
2025-12-23 18:39:06,0,0,29.81,0,1,143,2.38333,0,0,6,0.1,2.52,0,0,0,0,0,0,0,0,222,153,0,0,0,2e-04,4e-04,6e-04,9e-04,8e-04,0.47,0,0
2025-12-23 18:40:06,0,0,30.25,0,1,3,0.05,0,0,0,0,2.54,0,0,0,0,0,0,0,0,222,151,0,0,1e-04,2e-04,4e-04,7e-04,9e-04,9e-04,0.52,0,0
2025-12-23 18:41:06,0,0,30.75,0,1,108,1.8,0,0,7,0.116667,1.76,0,0,0,0,0,0,0,0,222,151,0,0,0,1e-04,3e-04,5e-04,7e-04,7e-04,0.13,0,0
2025-12-23 18:42:06,0,0,31,0,16,3927,65.45,108,1.8,237,3.95,21.16,0,0,0,0,0,0,0,0,206,136,3e-04,5e-04,9e-04,0.0019,0.0032,0.0052,0.0067,0.0051,9.1,0.01,0
2025-12-23 18:43:06,0,0,30.81,0,16,3335,55.5833,71,1.18333,251,4.18333,29.75,0,0,0,0,0,0,0,0,190,113,4e-04,7e-04,0.0013,0.0026,0.0044,0.0072,0.0094,0.0071,12.95,0.01,0
2025-12-23 18:44:06,0,0,30.69,0,16,2452,40.8667,39,0.65,195,3.25,29.98,0,0,0,0,0,0,0,0,203,143,4e-04,7e-04,0.0013,0.0026,0.0045,0.0073,0.0095,0.0073,12.85,0.01,0
2025-12-23 18:45:06,0,0,30.69,0,16,2523,42.05,66,1.1,188,3.13333,29.93,0,0,0,0,0,0,0,0,198,152,4e-04,7e-04,0.0013,0.0026,0.0045,0.0073,0.0095,0.0071,13.04,0.01,0
2025-12-23 18:46:06,0,0,30.44,0,1,3861,64.35,73,1.21667,281,4.68333,14.17,0,0,0,0,0,0,0,0,239,175,2e-04,3e-04,6e-04,0.0012,0.0021,0.0035,0.0045,0.0035,5.84,0.01,0
2025-12-23 18:47:06,0,0,30.56,0,2,4505,75.0833,117,1.95,304,5.06667,17.06,0,0,0,0,0,0,0,0,224,160,2e-04,4e-04,7e-04,0.0015,0.0026,0.0042,0.0055,0.0043,7.07,0.01,0
2025-12-23 18:48:06,0,0,30.44,0,2,2830,47.1667,83,1.38333,103,1.71667,24.41,0,0,0,0,0,0,0,0,211,150,3e-04,5e-04,0.0011,0.0021,0.0037,0.006,0.0078,0.006,10.29,0.01,0
2025-12-23 18:49:06,0,0,30.31,0,16,7318,121.967,217,3.61667,394,6.56667,24.81,0,0,0,0,0,0,0,0,200,144,3e-04,6e-04,0.0011,0.0022,0.0037,0.0061,0.008,0.0061,10.58,0.01,0
2025-12-23 18:50:06,0,0,30.31,0,16,3195,53.25,74,1.23333,201,3.35,26.41,0,0,0,0,0,0,0,0,212,146,3e-04,6e-04,0.0011,0.0023,0.0039,0.0065,0.0084,0.0064,11.28,0.01,0
2025-12-23 18:51:06,0,0,30.06,0,16,3459,57.65,68,1.13333,309,5.15,33.63,0,0,0,0,0,0,0,0,188,124,4e-04,8e-04,0.0015,0.003,0.005,0.0082,0.0106,0.008,14.69,0.02,0
2025-12-23 18:52:06,0,0,30,0,16,3025,50.4167,87,1.45,230,3.83333,29.84,0,0,0,0,0,0,0,0,197,144,4e-04,7e-04,0.0013,0.0026,0.0045,0.0072,0.0095,0.0071,13,0.01,0
2025-12-23 18:53:06,0,0,29.94,0,8,6293,104.883,141,2.35,353,5.88333,9.01,0,0,0,0,0,0,0,0,226,166,1e-04,2e-04,3e-04,7e-04,0.0014,0.0023,0.0028,0.0022,3.31,0,0
2025-12-23 18:54:06,0,0,30.38,0,1,4952,82.5333,188,3.13333,237,3.95,19.9,0,0,0,0,0,0,0,0,192,136,2e-04,5e-04,6e-04,0.0015,0.0031,0.0051,0.0057,0.0035,6.88,0.01,0
2025-12-23 18:55:06,0,0,29.94,0,16,4388,73.1333,119,1.98333,219,3.65,31.31,0,0,0,0,0,0,0,0,206,155,3e-04,7e-04,0.0012,0.0025,0.0048,0.0078,0.0099,0.0071,11.84,0.01,0
2025-12-23 18:56:06,0,0,29.75,0,1,949,15.8167,23,0.383333,61,1.01667,20.28,0,0,0,0,0,0,0,0,222,160,2e-04,5e-04,8e-04,0.0018,0.003,0.005,0.0065,0.0049,8.48,0.01,0
2025-12-23 18:57:06,0,0,29.69,0,1,208,3.46667,0,0,18,0.3,23.55,0,0,0,0,0,0,0,0,193,128,3e-04,5e-04,0.001,0.0021,0.0035,0.0057,0.0074,0.0056,10.16,0.01,0
2025-12-23 18:58:06,0,0,29.75,0,1,269,4.48333,1,0.0166667,21,0.35,25.43,0,0,0,0,0,0,0,0,196,130,3e-04,6e-04,0.0011,0.0022,0.0038,0.0062,0.008,0.006,10.97,0.01,0
2025-12-23 18:59:06,0,0,29.94,0,1,292,4.86667,0,0,27,0.45,19.43,0,0,0,0,0,0,0,0,176,114,2e-04,4e-04,8e-04,0.0017,0.0029,0.0048,0.0062,0.0048,7.85,0.01,0
2025-12-23 19:00:06,0,0,30.12,0,1,380,6.33333,1,0.0166667,38,0.633333,22.38,0,0,0,0,0,0,0,0,180,114,3e-04,5e-04,9e-04,0.002,0.0033,0.0055,0.0071,0.0054,9.47,0.01,0
2025-12-23 19:01:06,0,0,30,0,1,475,7.91667,2,0.0333333,39,0.65,19.08,0,0,0,0,0,0,0,0,187,118,2e-04,4e-04,8e-04,0.0017,0.0029,0.0047,0.0061,0.0047,7.97,0.01,0
2025-12-23 19:02:06,0,0,30.12,0,1,489,8.15,1,0.0166667,43,0.716667,19.81,0,0,0,0,0,0,0,0,192,128,2e-04,4e-04,8e-04,0.0017,0.003,0.0048,0.0062,0.0048,8.41,0.01,0
2025-12-23 19:03:06,0,0,30.38,0,1,115,1.91667,0,0,4,0.0666667,22.41,0,0,0,0,0,0,0,0,165,108,3e-04,5e-04,9e-04,0.002,0.0033,0.0055,0.0071,0.0054,9.45,0.01,0
2025-12-23 19:04:06,0,0,30.44,0,1,197,3.28333,0,0,16,0.266667,22.38,0,0,0,0,0,0,0,0,202,134,3e-04,5e-04,9e-04,0.0019,0.0033,0.0055,0.0071,0.0054,9.38,0.01,0
2025-12-23 19:05:06,0,0,30.44,0,1,1557,25.95,12,0.2,133,2.21667,27.81,0,0,0,0,0,0,0,0,182,120,3e-04,6e-04,0.0012,0.0025,0.0041,0.0067,0.0088,0.0066,12.2,0.01,0
2025-12-23 19:06:06,0,0,30.44,0,1,1358,22.6333,12,0.2,101,1.68333,25.83,0,0,0,0,0,0,0,0,209,170,3e-04,6e-04,0.0011,0.0022,0.0039,0.0063,0.0082,0.0062,11.05,0.01,0
2025-12-23 19:07:06,0,0,30.12,0,1,1433,23.8833,37,0.616667,93,1.55,19.66,0,0,0,0,0,0,0,0,204,152,2e-04,5e-04,8e-04,0.0018,0.0029,0.0048,0.0062,0.0048,8.61,0.01,0
2025-12-23 19:08:06,0,0,30.31,0,16,5963,99.3833,192,3.2,349,5.81667,34.07,0,0,0,0,0,0,0,0,217,148,4e-04,8e-04,0.0015,0.003,0.0051,0.0083,0.0107,0.0081,14.84,0.02,0
2025-12-23 19:09:06,0,0,30.31,0,16,181,3.01667,3,0.05,9,0.15,38.98,0,0,0,0,0,0,0,0,205,138,5e-04,9e-04,0.0017,0.0035,0.0058,0.0094,0.0122,0.0091,17.52,0.02,0
2025-12-23 19:10:06,0,0,30,0,16,1927,32.1167,24,0.4,157,2.61667,40.87,0,0,0,0,0,0,0,0,213,155,5e-04,0.001,0.0018,0.0036,0.0061,0.0099,0.0129,0.0096,18.2,0.02,0
2025-12-23 19:11:06,0,0,30.12,0,16,1358,22.6333,23,0.383333,94,1.56667,21.85,0,0,0,0,0,0,0,0,208,138,2e-04,5e-04,9e-04,0.0019,0.0032,0.0053,0.007,0.0053,9.28,0.01,0
2025-12-23 19:12:06,0,0,30.31,0,16,66,1.1,2,0.0333333,2,0.0333333,21.14,0,0,0,0,0,0,0,0,212,143,2e-04,5e-04,9e-04,0.0019,0.0032,0.0051,0.0067,0.0051,8.85,0.01,0
2025-12-23 19:13:06,0,0,30.31,0,16,3,0.05,0,0,0,0,28.7,0,0,0,0,0,0,0,0,214,140,4e-04,7e-04,0.0012,0.0025,0.0043,0.007,0.0091,0.0068,12.58,0.01,0
2025-12-23 19:14:06,0,0,30.19,0,16,1406,23.4333,33,0.55,71,1.18333,20.26,0,0,0,0,0,0,0,0,223,158,2e-04,5e-04,9e-04,0.0018,0.003,0.0049,0.0064,0.0048,8.81,0.01,0
2025-12-23 19:15:06,0,0,30.31,0,1,2524,42.0667,53,0.883333,147,2.45,4.92,0,0,0,0,0,0,0,0,201,144,1e-04,1e-04,2e-04,4e-04,8e-04,0.0012,0.0014,0.001,1.73,0,0
2025-12-23 19:16:06,0,0,30.19,0,1,4727,78.7833,127,2.11667,240,4,9.12,0,0,0,0,0,0,0,0,210,150,1e-04,2e-04,3e-04,7e-04,0.0014,0.0023,0.0029,0.0024,3.17,0,0
2025-12-23 19:17:06,0,0,30.31,0,8,5105,85.0833,147,2.45,254,4.23333,16.33,0,0,0,0,0,0,0,0,208,145,2e-04,4e-04,6e-04,0.0014,0.0025,0.0041,0.005,0.0037,6.43,0.01,0
2025-12-23 19:18:06,0,0,29.69,0,1,523,8.71667,4,0.0666667,51,0.85,19.05,0,0,0,0,0,0,0,0,235,167,2e-04,4e-04,8e-04,0.0017,0.0029,0.0047,0.006,0.0045,7.9,0.01,0
2025-12-23 19:19:06,0,0,29.5,0,1,2992,49.8667,57,0.95,173,2.88333,8.23,0,0,0,0,0,0,0,0,202,148,1e-04,2e-04,4e-04,7e-04,0.0012,0.002,0.0027,0.0021,3.55,0,0
2025-12-23 19:20:06,0,0,30,0,1,3540,59,45,0.75,258,4.3,22.11,0,0,0,0,0,0,0,0,215,159,3e-04,6e-04,7e-04,0.0018,0.0035,0.0055,0.0063,0.0044,8.45,0.01,0
2025-12-23 19:21:06,0,0,29.75,0,1,109,1.81667,0,0,10,0.166667,3.34,0,0,0,0,0,0,0,0,213,154,0,0,1e-04,3e-04,5e-04,8e-04,0.0012,0.001,0.93,0,0
2025-12-23 19:22:06,0,0,30,0,1,40,0.666667,0,0,1,0.0166667,2.5,0,0,0,0,0,0,0,0,195,142,0,0,0,2e-04,4e-04,6e-04,9e-04,9e-04,0.42,0,0
2025-12-23 19:23:06,0,0,30.25,0,1,49,0.816667,0,0,4,0.0666667,3.76,0,0,0,0,0,0,0,0,190,133,0,1e-04,1e-04,3e-04,6e-04,9e-04,0.0013,0.0012,1,0,0
2025-12-23 19:24:06,0,0,30.38,0,1,16,0.266667,0,0,1,0.0166667,2.86,0,0,0,0,0,0,0,0,211,157,0,0,1e-04,2e-04,4e-04,7e-04,0.001,9e-04,0.64,0,0
2025-12-23 19:25:06,0,0,30.56,0,1,781,13.0167,16,0.266667,49,0.816667,13.45,0,0,0,0,0,0,0,0,223,160,2e-04,3e-04,5e-04,0.0011,0.002,0.0034,0.0045,0.0038,4.95,0.01,0
2025-12-23 19:26:06,0,0,30.56,0,1,68,1.13333,0,0,1,0.0166667,13.51,0,0,0,0,0,0,0,0,192,136,2e-04,3e-04,5e-04,0.0011,0.002,0.0034,0.0045,0.0037,5.03,0.01,0
2025-12-23 19:27:06,0,0,30.56,0,8,729,12.15,27,0.45,51,0.85,19.84,0,0,0,0,0,0,0,0,204,169,2e-04,4e-04,8e-04,0.0017,0.003,0.0049,0.0064,0.005,8.24,0.01,0
2025-12-23 19:28:06,0,0,30.62,0,1,1278,21.3,17,0.283333,83,1.38333,19.97,0,0,0,0,0,0,0,0,192,133,2e-04,4e-04,8e-04,0.0017,0.003,0.0049,0.0064,0.005,8.23,0.01,0
2025-12-23 19:29:06,0,0,30.94,0,1,916,15.2667,24,0.4,51,0.85,5.07,0,0,0,0,0,0,0,0,193,128,1e-04,1e-04,2e-04,4e-04,8e-04,0.0013,0.0017,0.0014,1.81,0,0
2025-12-23 19:30:06,0,0,31.06,0,1,1697,28.2833,50,0.833333,104,1.73333,3.05,0,0,0,0,0,0,0,0,216,151,0,1e-04,1e-04,3e-04,4e-04,8e-04,0.001,9e-04,1.19,0,0
2025-12-23 19:31:06,0,0,30.69,0,2,1473,24.55,20,0.333333,114,1.9,13.95,0,0,0,0,0,0,0,0,209,161,2e-04,3e-04,6e-04,0.0012,0.0021,0.0034,0.0045,0.0035,5.43,0.01,0
2025-12-23 19:32:06,0,0,30.62,0,1,2441,40.6833,52,0.866667,122,2.03333,15.64,0,0,0,0,0,0,0,0,203,163,2e-04,3e-04,7e-04,0.0014,0.0023,0.0038,0.0051,0.0041,6.57,0.01,0
2025-12-23 19:33:06,0,0,30.94,0,4,1057,17.6167,7,0.116667,67,1.11667,24.72,0,0,0,0,0,0,0,0,202,152,3e-04,5e-04,0.0011,0.0022,0.0037,0.006,0.0079,0.006,10.77,0.01,0
2025-12-23 19:34:06,0,0,30.88,0,1,976,16.2667,5,0.0833333,55,0.916667,26.85,0,0,0,0,0,0,0,0,174,128,3e-04,6e-04,0.0011,0.0024,0.004,0.0065,0.0086,0.0065,11.57,0.01,0
2025-12-23 19:35:06,0,0,30.75,0,4,934,15.5667,9,0.15,59,0.983333,16.3,0,0,0,0,0,0,0,0,194,141,2e-04,3e-04,7e-04,0.0014,0.0024,0.004,0.0054,0.0043,6.59,0.01,0
2025-12-23 19:36:06,0,0,31,0,1,611,10.1833,2,0.0333333,39,0.65,31.09,0,0,0,0,0,0,0,0,157,112,4e-04,7e-04,0.0014,0.0028,0.0046,0.0075,0.0099,0.0075,13.79,0.01,0
2025-12-23 19:37:06,0,0,31.12,0,1,740,12.3333,6,0.1,27,0.45,25.14,0,0,0,0,0,0,0,0,169,116,3e-04,6e-04,0.0011,0.0022,0.0037,0.0061,0.0081,0.0062,10.94,0.01,0
2025-12-23 19:38:06,0,0,31.19,0,1,1162,19.3667,24,0.4,53,0.883333,25.68,0,0,0,0,0,0,0,0,196,158,3e-04,6e-04,0.0011,0.0022,0.0038,0.0063,0.0082,0.0063,11.01,0.01,0
2025-12-23 19:39:06,0,0,30.69,0,1,890,14.8333,18,0.3,61,1.01667,18.61,0,0,0,0,0,0,0,0,212,156,2e-04,4e-04,8e-04,0.0016,0.0028,0.0046,0.0061,0.0048,7.49,0.01,0
2025-12-23 19:40:06,0,0,30.44,0,1,285,4.75,10,0.166667,13,0.216667,16.37,0,0,0,0,0,0,0,0,211,154,2e-04,3e-04,7e-04,0.0014,0.0024,0.004,0.0054,0.0044,6.37,0.01,0
2025-12-23 19:41:06,0,0,31.31,0,8,4144,69.0667,143,2.38333,241,4.01667,15.65,0,0,0,0,0,0,0,0,160,109,2e-04,3e-04,6e-04,0.0014,0.0023,0.0038,0.0051,0.0039,6.17,0.01,0
2025-12-23 19:42:06,0,0,30.81,0,1,2799,46.65,74,1.23333,169,2.81667,12.89,0,0,0,0,0,0,0,0,166,102,1e-04,3e-04,5e-04,0.0011,0.0019,0.0032,0.0042,0.0032,5.25,0.01,0
2025-12-23 19:43:06,0,0,30.62,0,1,3282,54.7,61,1.01667,208,3.46667,11.84,0,0,0,0,0,0,0,0,192,116,1e-04,3e-04,5e-04,0.0011,0.0017,0.0029,0.0038,0.003,5.04,0.01,0
2025-12-23 19:44:06,0,0,30.19,0,16,1293,21.55,19,0.316667,109,1.81667,16.56,0,0,0,0,0,0,0,0,219,156,2e-04,4e-04,7e-04,0.0015,0.0025,0.004,0.0052,0.004,7.47,0.01,0
2025-12-23 19:45:06,0,0,29.88,0,16,375,6.25,1,0.0166667,27,0.45,20.89,0,0,0,0,0,0,0,0,216,155,3e-04,8e-04,9e-04,0.002,0.0031,0.0049,0.0063,0.0047,10.49,0.01,0
2025-12-23 19:46:06,0,0,30.38,0,4,5092,84.8667,160,2.66667,259,4.31667,11.87,0,0,0,0,0,0,0,0,225,164,1e-04,4e-04,5e-04,0.0011,0.0018,0.0028,0.0037,0.0029,5.54,0.01,0
2025-12-23 19:47:06,0,0,30.31,0,4,297,4.95,6,0.1,20,0.333333,18.75,0,0,0,0,0,0,0,0,223,160,2e-04,6e-04,8e-04,0.0017,0.0028,0.0044,0.0057,0.0044,8.83,0.01,0
2025-12-23 19:48:06,0,0,30.19,0,16,88,1.46667,0,0,3,0.05,25.66,0,0,0,0,0,0,0,0,219,158,3e-04,7e-04,0.0011,0.0023,0.0038,0.0061,0.008,0.006,11.86,0.01,0
2025-12-23 19:49:06,0,0,30.12,0,16,367,6.11667,4,0.0666667,31,0.516667,23.31,0,0,0,0,0,0,0,0,212,153,3e-04,6e-04,0.001,0.0021,0.0035,0.0056,0.0073,0.0055,10.51,0.01,0
2025-12-23 19:50:06,0,0,30.12,0,16,408,6.8,12,0.2,28,0.466667,21.27,0,0,0,0,0,0,0,0,209,152,3e-04,6e-04,9e-04,0.0019,0.0032,0.0051,0.0066,0.005,9.66,0.01,0
2025-12-23 19:51:06,0,0,29.88,0,1,8597,143.283,276,4.6,350,5.83333,21.83,0,0,0,0,0,0,0,0,162,112,2e-04,5e-04,8e-04,0.0018,0.0033,0.0054,0.0066,0.0048,8.79,0.01,0
2025-12-23 19:52:06,0,0,29.88,0,1,5129,85.4833,100,1.66667,365,6.08333,9.59,0,0,0,0,0,0,0,0,217,156,1e-04,2e-04,4e-04,8e-04,0.0015,0.0024,0.0031,0.0025,3.49,0,0
2025-12-23 19:53:06,0,0,29.75,0,1,5979,99.65,147,2.45,358,5.96667,5.75,0,0,0,0,0,0,0,0,214,156,1e-04,1e-04,2e-04,5e-04,9e-04,0.0015,0.0019,0.0015,1.87,0,0
2025-12-23 19:54:06,0,0,29.5,0,8,5800,96.6667,134,2.23333,344,5.73333,7.03,0,0,0,0,0,0,0,0,208,156,1e-04,1e-04,3e-04,6e-04,0.001,0.0018,0.0024,0.0019,2.76,0,0
2025-12-23 19:55:06,0,0,29.5,0,8,11031,183.85,366,6.1,461,7.68333,7.26,0,0,0,0,0,0,0,0,222,170,1e-04,2e-04,2e-04,6e-04,0.0011,0.0018,0.0023,0.0017,2.53,0,0
2025-12-23 19:56:06,0,0,29.31,0,1,8772,146.2,265,4.41667,527,8.78333,13.43,0,0,0,0,0,0,0,0,190,150,1e-04,3e-04,3e-04,9e-04,0.0021,0.0035,0.0041,0.0026,3.98,0.01,0
2025-12-23 19:57:06,0,0,29.44,0,4,3597,59.95,28,0.466667,219,3.65,10.19,0,0,0,0,0,0,0,0,223,151,1e-04,2e-04,4e-04,8e-04,0.0015,0.0026,0.0034,0.0028,3.61,0.01,0
2025-12-23 19:58:06,0,0,29.31,0,8,3015,50.25,55,0.916667,211,3.51667,15.98,0,0,0,0,0,0,0,0,182,100,2e-04,4e-04,6e-04,0.0014,0.0024,0.0039,0.0049,0.0037,6.66,0.01,0
2025-12-23 19:59:06,0,0,28.75,0,8,13304,221.733,564,9.4,386,6.43333,8.3,0,0,0,0,0,0,0,0,196,129,1e-04,2e-04,3e-04,7e-04,0.0013,0.002,0.0026,0.002,3.13,0,0
2025-12-23 20:00:06,0,0,28.19,0,1,18179,302.983,776,12.9333,487,8.11667,26.54,0,0,0,0,0,0,0,0,194,133,3e-04,6e-04,0.0012,0.0024,0.0039,0.0064,0.0083,0.0062,11.98,0.01,0
2025-12-23 20:01:06,0,0,27.94,0,1,22272,371.2,925,15.4167,484,8.06667,9.3,0,0,0,0,0,0,0,0,224,157,1e-04,1e-04,3e-04,6e-04,0.0014,0.0024,0.0031,0.0025,2.59,0,0
2025-12-23 20:02:06,0,0,27.88,0,8,2979,49.65,30,0.5,94,1.56667,5.87,0,0,0,0,0,0,0,0,223,181,0,1e-04,1e-04,4e-04,9e-04,0.0015,0.002,0.0016,1.52,0,0
2025-12-23 20:03:06,0,0,28.56,0,16,4569,76.15,50,0.833333,222,3.7,15.83,0,0,0,0,0,0,0,0,205,103,2e-04,3e-04,6e-04,0.0014,0.0024,0.0039,0.005,0.0037,6.34,0.01,0
2025-12-23 20:04:06,0,0,28.06,0,8,22319,371.983,859,14.3167,594,9.9,11.75,0,0,0,0,0,0,0,0,213,150,1e-04,3e-04,5e-04,0.0011,0.0017,0.0029,0.0037,0.0029,5.22,0.01,0
2025-12-23 20:05:06,0,0,27.81,0,1,16248,270.8,604,10.0667,504,8.4,15.61,0,0,0,0,0,0,0,0,185,152,2e-04,4e-04,7e-04,0.0014,0.0023,0.0038,0.0048,0.0035,7.07,0.01,0
2025-12-23 20:06:06,0,0,28,0,1,8885,148.083,299,4.98333,388,6.46667,5.24,0,0,0,0,0,0,0,0,178,105,0,1e-04,1e-04,4e-04,8e-04,0.0014,0.0016,0.0012,1.38,0,0
2025-12-23 20:07:06,0,0,27.5,0,1,19860,331,765,12.75,386,6.43333,6.96,0,0,0,0,0,0,0,0,208,155,1e-04,1e-04,2e-04,5e-04,0.0011,0.0018,0.0022,0.0017,2.27,0,0
2025-12-23 20:08:06,0,0,27.75,0,8,16765,279.417,672,11.2,323,5.38333,23.14,0,0,0,0,0.01,0,0,0,225,160,4e-04,8e-04,0.0011,0.0022,0.0036,0.0058,0.0073,0.0062,9.96,0.01,0
2025-12-23 20:09:06,0,0,28.44,0,8,77,1.28333,0,0,3,0.05,26.19,0,0,0,0,0,0,0,0,145,110,3e-04,8e-04,0.0011,0.0024,0.0039,0.0063,0.0082,0.0063,12.1,0.01,0
2025-12-23 20:10:06,0,0,28.38,0,8,4879,81.3167,148,2.46667,282,4.7,17.55,0,0,0,0,0,0,0,0,185,117,2e-04,5e-04,7e-04,0.0016,0.0026,0.0042,0.0054,0.0041,7.66,0.01,0
2025-12-23 20:11:06,0,0,28.62,0,1,7170,119.5,181,3.01667,401,6.68333,28.84,0,0,0,0,0,0,0,0,142,99,4e-04,0.0012,0.0011,0.0025,0.0045,0.0067,0.0074,0.0051,14.16,0.01,0
2025-12-23 20:12:06,0,0,28.31,0,1,1280,21.3333,28,0.466667,83,1.38333,22.77,0,0,0,0,0,0,0,0,154,103,3e-04,6e-04,9e-04,0.002,0.0034,0.0055,0.0071,0.0055,9.74,0.01,0
2025-12-23 20:13:06,0,0,28.88,0,1,412,6.86667,13,0.216667,22,0.366667,36.97,0,0,0,0,0,0,0,0,151,99,5e-04,0.001,0.0016,0.0032,0.0056,0.0089,0.0112,0.0084,16.56,0.02,0
2025-12-23 20:14:06,0,0,29.19,0,1,33,0.55,0,0,0,0,37.72,0,0,0,0,0,0,0,0,152,100,5e-04,0.001,0.0016,0.0033,0.0057,0.0091,0.0115,0.0085,17,0.02,0
2025-12-23 20:15:06,0,0,29.5,0,1,3,0.05,0,0,0,0,38.44,0,0,0,0,0,0,0,0,152,100,5e-04,0.001,0.0017,0.0034,0.0058,0.0093,0.0117,0.0087,17.25,0.02,0
2025-12-23 20:16:06,0,0,29.81,0,1,0,0,0,0,0,0,37.94,0,0,0,0,0,0,0,0,154,99,5e-04,0.001,0.0016,0.0034,0.0057,0.0091,0.0115,0.0086,17.12,0.02,0
2025-12-23 20:17:06,0,0,30.06,0,1,3,0.05,0,0,0,0,38.66,0,0,0,0,0,0,0,0,159,100,5e-04,0.001,0.0017,0.0034,0.0058,0.0093,0.0117,0.0087,17.42,0.02,0
2025-12-23 20:18:06,0,0,30.25,0,1,0,0,0,0,0,0,38.55,0,0,0,0,0,0,0,0,159,100,5e-04,0.0011,0.0017,0.0034,0.0058,0.0093,0.0117,0.0087,17.36,0.02,0
2025-12-23 20:19:06,0,0,30.5,0,1,0,0,0,0,0,0,38.82,0,0,0,0,0,0,0,0,160,100,5e-04,0.001,0.0017,0.0034,0.0058,0.0093,0.0117,0.0087,17.53,0.02,0
2025-12-23 20:20:06,0,0,30.62,0,1,663,11.05,32,0.533333,29,0.483333,29.17,0,0,0,0,0,0,0,0,168,143,3e-04,8e-04,0.0012,0.0026,0.0044,0.007,0.0089,0.0067,12.99,0.01,0
2025-12-23 20:21:06,0,0,30.5,0,1,114,1.9,0,0,8,0.133333,15.81,0,0,0,0,0,0,0,0,166,133,2e-04,4e-04,7e-04,0.0014,0.0024,0.0038,0.0051,0.0041,6.66,0.01,0
2025-12-23 20:22:06,0,0,30.38,0,1,0,0,0,0,0,0,15.62,0,0,0,0,0,0,0,0,167,134,2e-04,3e-04,7e-04,0.0014,0.0023,0.0038,0.005,0.004,6.6,0.01,0
2025-12-23 20:23:06,0,0,30.5,0,1,598,9.96667,10,0.166667,37,0.616667,4.97,0,0,0,0,0,0,0,0,172,101,0,1e-04,1e-04,4e-04,8e-04,0.0013,0.0018,0.0018,1.26,0,0
2025-12-23 20:24:06,0,0,30.75,0,1,9109,151.817,300,5,556,9.26667,16.33,0,0,0,0,0,0,0,0,186,125,2e-04,3e-04,7e-04,0.0014,0.0024,0.004,0.0053,0.0042,6.63,0.01,0
2025-12-23 20:25:06,0,0,30.94,0,1,9230,153.833,281,4.68333,582,9.7,7.96,0,0,0,0,0,0,0,0,178,110,1e-04,1e-04,2e-04,5e-04,0.0012,0.0021,0.0028,0.0023,2.05,0,0
2025-12-23 20:26:06,0,0,30.75,0,1,8615,143.583,295,4.91667,437,7.28333,13.53,0,0,0,0,0,0,0,0,164,101,2e-04,4e-04,5e-04,0.0012,0.002,0.0034,0.0038,0.0025,5.72,0.01,0
2025-12-23 20:27:06,0,0,30.69,0,8,14069,234.483,495,8.25,633,10.55,27.52,0,0,0,0,0,0,0,0,198,158,3e-04,7e-04,9e-04,0.0021,0.0043,0.007,0.0075,0.0044,10.58,0.01,0
2025-12-23 20:28:06,0,0,30.25,0,1,12859,214.317,440,7.33333,588,9.8,6.74,0,0,0,0,0,0,0,0,167,111,1e-04,1e-04,2e-04,5e-04,0.0011,0.0017,0.0018,0.0011,2.29,0,0
2025-12-23 20:29:06,0,0,30.12,0,8,7104,118.4,169,2.81667,407,6.78333,0,0,0,0,0,0,0,0,0,147,98,0,0,0,0,0,0,0,0,0,0,0
2025-12-23 20:30:06,0,0,30.5,0,1,7190,119.833,201,3.35,365,6.08333,0,0,0,0,0,0,0,0,0,138,98,0,0,0,0,0,0,0,0,0,0,0
2025-12-23 20:31:06,0,0,30.06,0,1,8190,136.5,202,3.36667,447,7.45,0,0,0,0,0,0,0,0,0,169,126,0,0,0,0,0,0,0,0,0,0,0
2025-12-23 20:32:06,0,0,28.94,0,1,11601,193.35,404,6.73333,528,8.8,0,0,0,0,0,0,0,0,0,192,112,0,0,0,0,0,0,0,0,0,0,0
2025-12-23 20:33:06,0,0,28.38,0,1,15366,256.1,578,9.63333,499,8.31667,0,0,0,0,0,0,0,0,0,192,135,0,0,0,0,0,0,0,0,0,0,0
2025-12-23 20:34:06,0,0,28.44,0,1,6730,112.167,224,3.73333,265,4.41667,0,0,0,0,0,0,0,0,0,213,152,0,0,0,0,0,0,0,0,0,0,0
2025-12-23 20:35:06,0,0,28.56,0,1,4298,71.6333,89,1.48333,243,4.05,0,0,0,0,0,0,0,0,0,214,154,0,0,0,0,0,0,0,0,0,0,0
2025-12-23 20:36:06,0,0,28.25,0,1,9082,151.367,250,4.16667,420,7,0,0,0,0,0,0,0,0,0,172,115,0,0,0,0,0,0,0,0,0,0,0
2025-12-23 20:37:06,0,0,27.56,0,8,8885,148.083,260,4.33333,438,7.3,0,0,0,0,0,0,0,0,0,216,159,0,0,0,0,0,0,0,0,0,0,0
2025-12-23 20:38:06,0,0,27.62,0,1,6600,110,177,2.95,335,5.58333,0,0,0,0,0,0,0,0,0,212,155,0,0,0,0,0,0,0,0,0,0,0
2025-12-23 20:39:06,0,0,26.81,0,8,6402,106.7,164,2.73333,289,4.81667,0,0,0,0,0,0,0,0,0,206,171,0,0,0,0,0,0,0,0,0,0,0
2025-12-23 20:40:06,0,0,26.88,0,8,6306,105.1,173,2.88333,306,5.1,0,0,0,0,0,0,0,0,0,208,155,0,0,0,0,0,0,0,0,0,0,0
2025-12-23 20:41:06,0,0,27.06,0,1,8349,139.15,270,4.5,407,6.78333,0,0,0,0,0,0,0,0,0,212,157,0,0,0,0,0,0,0,0,0,0,0
2025-12-23 20:42:06,0,0,26.94,0,8,10567,176.117,369,6.15,386,6.43333,0,0,0,0,0,0,0,0,0,213,157,0,0,0,0,0,0,0,0,0,0,0
2025-12-23 20:43:06,0,0,27.25,0,1,6197,103.283,105,1.75,382,6.36667,0,0,0,0,0,0,0,0,0,199,145,0,0,0,0,0,0,0,0,0,0,0
2025-12-23 20:44:06,0,0,27.56,0,1,8223,137.05,219,3.65,441,7.35,0,0,0,0,0,0,0,0,0,154,108,0,0,0,0,0,0,0,0,0,0,0
2025-12-23 20:45:06,0,0,27.5,0,1,9441,157.35,231,3.85,481,8.01667,0.75,0,0,0,0,0,0,0,0,145,103,0,0,0,0,1e-04,3e-04,2e-04,1e-04,0,0,0
2025-12-23 20:46:06,0,0,26.62,0,1,9060,151,191,3.18333,424,7.06667,2.28,0,0,0,0,0,0,0,0,159,103,0,0,0,1e-04,4e-04,7e-04,6e-04,3e-04,0.24,0,0
2025-12-23 20:47:06,0,0,24.62,0,8,11413,190.217,409,6.81667,422,7.03333,0.24,0,0,0,0,0,0,0,0,152,102,0,0,0,0,1e-04,1e-04,0,0,0,0,0
2025-12-23 20:48:06,0,0,24,0,1,10919,181.983,296,4.93333,383,6.38333,0.24,0,0,0,0,0,0,0,0,139,102,0,0,0,0,0,1e-04,0,0,0,0,0
2025-12-23 20:49:06,0,0,24.19,0,1,6506,108.433,110,1.83333,361,6.01667,0,0,0,0,0,0,0,0,0,138,115,0,0,0,0,0,0,0,0,0,0,0
2025-12-23 20:50:06,0,0,23.69,0,1,9246,154.1,250,4.16667,493,8.21667,23.38,0,0,0,0,0,0,0,0,157,100,2e-04,7e-04,7e-04,0.0018,0.0037,0.0058,0.0065,0.0041,9.13,0.01,0
2025-12-23 20:51:06,0,0,23.5,0,1,8493,141.55,241,4.01667,424,7.06667,13.61,0,0,0,0,0,0,0,0,134,96,2e-04,4e-04,5e-04,0.0011,0.0022,0.0033,0.0036,0.0024,5.83,0.01,0
2025-12-23 20:52:06,0,0,23.56,0,1,9686,161.433,348,5.8,340,5.66667,29.18,0,0,0,0,0,0,0,0,147,97,4e-04,0.0011,0.0011,0.0025,0.0046,0.0068,0.0074,0.0051,13.5,0.01,0
2025-12-23 20:53:06,0,0,24,0,1,642,10.7,6,0.1,45,0.75,4.13,0,0,0,0,0,0,0,0,136,97,0,1e-04,1e-04,3e-04,7e-04,0.0011,0.0013,0.0013,1.17,0,0
2025-12-23 20:54:06,0,0,25.12,0,1,3146,52.4333,79,1.31667,217,3.61667,9.63,0,0,0,0,0,0,0,0,132,97,1e-04,2e-04,4e-04,8e-04,0.0015,0.0024,0.0032,0.0026,3.37,0,0
2025-12-23 20:55:06,0,0,25.75,0,1,1930,32.1667,23,0.383333,124,2.06667,10.31,0,0,0,0,0,0,0,0,133,97,1e-04,2e-04,4e-04,9e-04,0.0015,0.0025,0.0034,0.0027,4.13,0.01,0
2025-12-23 20:56:06,0,0,25.81,0,1,671,11.1833,2,0.0333333,55,0.916667,3.55,0,0,0,0,0,0,0,0,133,97,0,1e-04,1e-04,3e-04,5e-04,9e-04,0.0013,0.0013,0.8,0,0
2025-12-23 20:57:06,0,0,26.5,0,1,188,3.13333,0,0,12,0.2,7.24,0,0,0,0,0,0,0,0,133,98,1e-04,2e-04,3e-04,6e-04,0.0011,0.0018,0.0025,0.0021,2.75,0,0
2025-12-23 20:58:06,0,0,26.88,0,1,367,6.11667,9,0.15,20,0.333333,5.24,0,0,0,0,0,0,0,0,134,98,1e-04,1e-04,1e-04,4e-04,8e-04,0.0013,0.0019,0.0017,1.66,0,0
2025-12-23 20:59:06,0,0,27.31,0,16,2092,34.8667,67,1.11667,103,1.71667,15.93,0,0,0,0,0,0,0,0,136,99,2e-04,4e-04,7e-04,0.0014,0.0024,0.0039,0.0052,0.0041,6.67,0.01,0
2025-12-23 21:00:06,0,0,27.94,0,1,3237,53.95,36,0.6,230,3.83333,17.77,0,0,0,0,0,0,0,0,136,98,2e-04,4e-04,5e-04,0.0013,0.0028,0.0045,0.005,0.0032,6.14,0.01,0
2025-12-23 21:01:06,0,0,28,0,1,4438,73.9667,82,1.36667,270,4.5,4.29,0,0,0,0,0,0,0,0,147,99,0,1e-04,1e-04,3e-04,7e-04,0.0011,0.0012,9e-04,1.07,0,0
2025-12-23 21:02:06,0,0,28.44,0,1,5911,98.5167,135,2.25,380,6.33333,18.66,0,0,0,0,0,0,0,0,146,98,2e-04,5e-04,6e-04,0.0015,0.0029,0.0047,0.0053,0.0035,7.17,0.01,0
2025-12-23 21:03:06,0,0,28.38,0,1,9488,158.133,370,6.16667,381,6.35,7.92,0,0,0,0,0,0,0,0,142,98,1e-04,1e-04,2e-04,6e-04,0.0012,0.002,0.0023,0.0016,2.47,0,0
2025-12-23 21:04:06,0,0,28.62,0,1,12684,211.4,519,8.65,507,8.45,6.98,0,0,0,0,0,0,0,0,144,100,1e-04,1e-04,2e-04,5e-04,0.0011,0.0018,0.002,0.0014,2.14,0,0
2025-12-23 21:05:06,0,0,28.81,0,1,9757,162.617,339,5.65,447,7.45,8.79,0,0,0,0,0,0,0,0,141,98,1e-04,2e-04,2e-04,6e-04,0.0014,0.0023,0.0025,0.0016,2.58,0,0
2025-12-23 21:06:06,0,0,29.12,0,1,4278,71.3,85,1.41667,299,4.98333,3.64,0,0,0,0,0,0,0,0,142,99,0,0,1e-04,2e-04,6e-04,0.001,0.0011,8e-04,0.79,0,0
2025-12-23 21:07:06,0,0,29.19,0,1,13945,232.417,467,7.78333,452,7.53333,5.63,0,0,0,0,0,0,0,0,142,99,0,1e-04,1e-04,4e-04,9e-04,0.0015,0.0017,0.0012,1.5,0,0
2025-12-23 21:08:06,0,0,29.31,0,1,13746,229.1,474,7.9,485,8.08333,6.32,0,0,0,0,0,0,0,0,142,98,0,1e-04,2e-04,5e-04,0.001,0.0016,0.0019,0.0014,1.84,0,0
2025-12-23 21:09:06,0,0,29.69,0,1,4091,68.1833,79,1.31667,272,4.53333,3.7,0,0,0,0,0,0,0,0,135,98,0,0,0,3e-04,6e-04,0.001,0.0011,7e-04,0.62,0,0
2025-12-23 21:10:06,0,0,30,0,1,3369,56.15,38,0.633333,280,4.66667,8.2,0,0,0,0,0,0,0,0,138,98,1e-04,2e-04,2e-04,6e-04,0.0013,0.0021,0.0023,0.0016,2.56,0,0
2025-12-23 21:11:06,0,0,30.06,0,1,4684,78.0667,81,1.35,339,5.65,21,0,0,0,0,0,0,0,0,138,98,2e-04,5e-04,7e-04,0.0017,0.0033,0.0053,0.0058,0.0038,7.94,0.01,0
2025-12-23 21:12:06,0,0,30.25,0,1,5368,89.4667,96,1.6,410,6.83333,6.64,0,0,0,0,0,0,0,0,136,98,1e-04,1e-04,1e-04,5e-04,0.001,0.0017,0.0019,0.0013,1.92,0,0
2025-12-23 21:13:06,0,0,30.38,0,1,6470,107.833,178,2.96667,406,6.76667,12.26,0,0,0,0,0,0,0,0,136,99,1e-04,3e-04,3e-04,9e-04,0.0019,0.0031,0.0034,0.0022,4.08,0.01,0
2025-12-23 21:14:06,0,0,30.25,0,1,7351,122.517,192,3.2,394,6.56667,8.86,0,0,0,0,0,0,0,0,134,98,1e-04,2e-04,4e-04,8e-04,0.0013,0.0022,0.0029,0.0024,3.69,0,0
2025-12-23 21:15:06,0,0,30.19,0,1,4411,73.5167,132,2.2,205,3.41667,3.63,0,0,0,0,0,0,0,0,138,98,0,1e-04,1e-04,3e-04,6e-04,9e-04,0.0012,0.0011,1.26,0,0
2025-12-23 21:16:06,0,0,30.19,0,1,25,0.416667,0,0,1,0.0166667,0.1,0,0,0,0,0,0,0,0,138,98,0,0,0,0,0,0,0,0,0.02,0,0
2025-12-23 21:17:06,0,0,30.31,0,1,0,0,0,0,0,0,0,0,0,0,0,0,0,0,0,138,98,0,0,0,0,0,0,0,0,0,0,0
2025-12-23 21:18:06,0,0,30.38,0,1,117,1.95,1,0.0166667,5,0.0833333,0.77,0,0,0,0,0,0,0,0,137,98,0,0,0,0,1e-04,2e-04,3e-04,4e-04,0,0,0
2025-12-23 21:19:06,0,0,30.31,0,1,513,8.55,5,0.0833333,42,0.7,7.51,0,0,0,0,0,0,0,0,138,98,1e-04,1e-04,3e-04,6e-04,0.0011,0.0019,0.0025,0.002,2.68,0,0
2025-12-23 21:20:06,0,0,30.31,0,1,94,1.56667,0,0,8,0.133333,2.44,0,0,0,0,0,0,0,0,139,98,0,0,0,2e-04,4e-04,7e-04,9e-04,9e-04,0.28,0,0
2025-12-23 21:21:06,0,0,30.25,0,16,976,16.2667,33,0.55,51,0.85,28.59,0,0,0,0,0,0,0,0,139,102,3e-04,6e-04,0.0013,0.0026,0.0042,0.0069,0.0091,0.0067,12.57,0.01,0
2025-12-23 21:22:06,0,0,30.5,0,16,665,11.0833,3,0.05,58,0.966667,28.33,0,0,0,0,0,0,0,0,145,98,3e-04,6e-04,0.0013,0.0025,0.0042,0.0069,0.009,0.0066,12.47,0.01,0
2025-12-23 21:23:06,0,0,30,0,16,1085,18.0833,33,0.55,41,0.683333,10.69,0,0,0,0,0,0,0,0,142,98,1e-04,2e-04,4e-04,9e-04,0.0016,0.0026,0.0035,0.0028,4.03,0.01,0
2025-12-23 21:24:06,0,0,29.81,0,1,508,8.46667,15,0.25,32,0.533333,10.83,0,0,0,0,0,0,0,0,144,100,1e-04,2e-04,4e-04,9e-04,0.0016,0.0027,0.0036,0.0029,4.04,0.01,0
2025-12-23 21:25:06,0,0,30.62,0,16,212,3.53333,5,0.0833333,13,0.216667,13.98,0,0,0,0,0,0,0,0,144,98,2e-04,3e-04,6e-04,0.0012,0.0021,0.0034,0.0046,0.0036,5.63,0.01,0
2025-12-23 21:26:06,0,0,30.38,0,1,1174,19.5667,14,0.233333,95,1.58333,13.05,0,0,0,0,0,0,0,0,151,99,1e-04,3e-04,5e-04,0.0011,0.002,0.0032,0.0042,0.0033,5.22,0.01,0
2025-12-23 21:27:06,0,0,30,0,1,1593,26.55,19,0.316667,125,2.08333,9.69,0,0,0,0,0,0,0,0,163,104,1e-04,3e-04,4e-04,9e-04,0.0014,0.0024,0.0031,0.0025,4.15,0,0
2025-12-23 21:28:06,0,0,30,0,1,2290,38.1667,22,0.366667,203,3.38333,15.64,0,0,0,0,0,0,0,0,155,108,2e-04,4e-04,6e-04,0.0014,0.0023,0.0038,0.005,0.0038,6.88,0.01,0
2025-12-23 21:29:06,0,0,29.75,0,16,881,14.6833,6,0.1,79,1.31667,18.9,0,0,0,0,0,0,0,0,149,103,2e-04,5e-04,8e-04,0.0017,0.0028,0.0046,0.006,0.0046,8.24,0.01,0
2025-12-23 21:30:06,0,0,30.38,0,1,277,4.61667,2,0.0333333,20,0.333333,1.15,0,0,0,0,0,0,0,0,150,100,0,0,0,0,2e-04,3e-04,5e-04,5e-04,0,0,0
2025-12-23 21:31:06,0,0,30.44,0,1,63,1.05,0,0,3,0.05,0.5,0,0,0,0,0,0,0,0,157,100,0,0,0,0,1e-04,1e-04,2e-04,3e-04,0,0,0
2025-12-23 21:32:06,0,0,30.56,0,1,1642,27.3667,50,0.833333,93,1.55,2.49,0,0,0,0,0,0,0,0,178,112,0,0,1e-04,2e-04,4e-04,6e-04,8e-04,8e-04,1.05,0,0
2025-12-23 21:33:06,0,0,30.44,0,8,5984,99.7333,145,2.41667,381,6.35,56.46,0,0,0,0,0,0,0,0,184,135,7e-04,0.0017,0.0019,0.0047,0.0087,0.0139,0.0152,0.0089,23.66,0.02,0
2025-12-23 21:34:06,0,0,30.12,0,1,11096,184.933,428,7.13333,535,8.91667,32.52,0,0,0,0,0,0,0,0,166,102,4e-04,9e-04,0.0012,0.0029,0.0049,0.008,0.0091,0.0057,14.12,0.01,0
2025-12-23 21:35:06,0,0,30.19,0,1,17350,289.167,660,11,586,9.76667,61.76,0,0,0,0,0,0,0,0,169,103,7e-04,0.0017,0.0022,0.0051,0.0095,0.0154,0.0167,0.0099,25.79,0.03,0
2025-12-23 21:36:06,0,0,30.12,0,16,245,4.08333,0,0,20,0.333333,25.98,0,0,0,0,0,0,0,0,184,102,3e-04,6e-04,0.0011,0.0023,0.0039,0.0063,0.0082,0.0061,11.4,0.01,0
2025-12-23 21:37:06,0,0,29.81,0,16,134,2.23333,2,0.0333333,10,0.166667,26.58,0,0,0,0,0,0,0,0,193,105,3e-04,6e-04,0.0012,0.0024,0.0039,0.0064,0.0084,0.0063,11.71,0.01,0
2025-12-23 21:38:06,0,0,29.44,0,1,1329,22.15,23,0.383333,76,1.26667,5.45,0,0,0,0,0,0,0,0,189,102,0,1e-04,2e-04,6e-04,8e-04,0.0013,0.0018,0.0017,2.37,0,0
2025-12-23 21:39:06,0,0,30,0,1,990,16.5,23,0.383333,65,1.08333,3.64,0,0,0,0,0,0,0,0,209,101,0,1e-04,1e-04,3e-04,6e-04,9e-04,0.0012,0.0013,1.18,0,0
2025-12-23 21:40:06,0,0,30.06,0,1,0,0,0,0,0,0,3.4,0,0,0,0,0,0,0,0,204,100,0,1e-04,1e-04,3e-04,5e-04,8e-04,0.0011,0.0012,1.04,0,0
2025-12-23 21:41:06,0,0,30.31,0,1,13,0.216667,0,0,0,0,3.41,0,0,0,0,0,0,0,0,197,100,0,1e-04,1e-04,3e-04,5e-04,9e-04,0.0012,0.0012,0.77,0,0
2025-12-23 21:42:06,0,0,30.69,0,1,1454,24.2333,37,0.616667,68,1.13333,14.94,0,0,0,0,0,0,0,0,155,100,2e-04,3e-04,6e-04,0.0013,0.0022,0.0036,0.0048,0.0037,6.26,0.01,0
2025-12-23 21:43:06,0,0,30.81,0,1,506,8.43333,5,0.0833333,30,0.5,1.12,0,0,0,0,0,0,0,0,204,116,0,0,0,1e-04,2e-04,3e-04,4e-04,4e-04,0.11,0,0
2025-12-23 21:44:06,0,0,30.94,0,1,264,4.4,0,0,12,0.2,1.25,0,0,0,0,0,0,0,0,204,126,0,0,0,1e-04,2e-04,3e-04,5e-04,5e-04,0.02,0,0
2025-12-23 21:45:06,0,0,31.44,0,1,200,3.33333,0,0,11,0.183333,0.77,0,0,0,0,0,0,0,0,204,105,0,0,0,0,1e-04,3e-04,3e-04,3e-04,0,0,0
2025-12-23 21:46:06,0,0,31.81,0,1,94,1.56667,0,0,3,0.05,0.27,0,0,0,0,0,0,0,0,204,107,0,0,0,0,1e-04,1e-04,1e-04,1e-04,0,0,0
2025-12-23 21:47:06,0,0,32,0,1,1165,19.4167,17,0.283333,87,1.45,7.13,0,0,0,0,0,0,0,0,192,111,1e-04,1e-04,3e-04,6e-04,0.0011,0.0018,0.0023,0.0019,2.76,0,0
2025-12-23 21:48:06,0,0,31.69,0,1,2226,37.1,59,0.983333,127,2.11667,4.94,0,0,0,0,0,0,0,0,186,108,0,1e-04,1e-04,4e-04,8e-04,0.0012,0.0017,0.0015,1.61,0,0
2025-12-23 21:49:06,0,0,31.56,0,1,198,3.3,0,0,10,0.166667,4.85,0,0,0,0,0,0,0,0,179,107,0,1e-04,2e-04,4e-04,7e-04,0.0013,0.0017,0.0016,1.42,0,0
2025-12-23 21:50:06,0,0,31.56,0,1,367,6.11667,0,0,37,0.616667,5.05,0,0,0,0,0,0,0,0,186,108,0,1e-04,2e-04,4e-04,7e-04,0.0013,0.0018,0.0016,1.59,0,0
2025-12-23 21:51:06,0,0,31.69,0,1,1856,30.9333,59,0.983333,98,1.63333,2.77,0,0,0,0,0,0,0,0,193,117,0,0,1e-04,2e-04,4e-04,7e-04,0.001,9e-04,0.7,0,0
2025-12-23 21:52:06,0,0,31.81,0,1,1082,18.0333,14,0.233333,76,1.26667,3.91,0,0,0,0,0,0,0,0,178,102,0,1e-04,2e-04,3e-04,6e-04,0.001,0.0013,0.001,1.52,0,0
2025-12-23 21:53:06,0,0,31.94,0,16,3203,53.3833,46,0.766667,221,3.68333,23.76,0,0,0,0,0,0,0,0,152,112,3e-04,5e-04,0.001,0.0021,0.0035,0.0058,0.0076,0.0058,10.22,0.01,0
2025-12-23 21:54:06,0,0,31.69,0,16,3072,51.2,64,1.06667,186,3.1,17.29,0,0,0,0,0,0,0,0,175,116,2e-04,5e-04,7e-04,0.0016,0.0026,0.0041,0.0053,0.0041,8.02,0.01,0
2025-12-23 21:55:06,0,0,31.5,0,16,731,12.1833,4,0.0666667,45,0.75,21.29,0,0,0,0,0,0,0,0,173,134,3e-04,5e-04,9e-04,0.0019,0.0032,0.0051,0.0067,0.0051,9.34,0.01,0
2025-12-23 21:56:06,0,0,31.69,0,16,898,14.9667,6,0.1,78,1.3,19.34,0,0,0,0,0,0,0,0,170,113,2e-04,6e-04,8e-04,0.0018,0.0029,0.0046,0.006,0.0045,8.96,0.01,0
2025-12-23 21:57:06,0,0,31.69,0,16,673,11.2167,5,0.0833333,56,0.933333,18.09,0,0,0,0,0,0,0,0,155,115,2e-04,6e-04,8e-04,0.0017,0.0027,0.0043,0.0056,0.0042,8.48,0.01,0
2025-12-23 21:58:06,0,0,31.75,0,16,1271,21.1833,14,0.233333,112,1.86667,20.02,0,0,0,0,0,0,0,0,181,121,2e-04,7e-04,9e-04,0.0019,0.003,0.0047,0.006,0.0045,9.8,0.01,0
2025-12-23 21:59:06,0,0,31.69,0,16,1337,22.2833,13,0.216667,94,1.56667,20.98,0,0,0,0,0,0,0,0,207,157,3e-04,6e-04,9e-04,0.0019,0.0031,0.005,0.0065,0.0049,9.67,0.01,0
2025-12-23 22:00:06,0,0,31.75,0,16,1102,18.3667,25,0.416667,67,1.11667,23.02,0,0,0,0,0,0,0,0,200,145,3e-04,5e-04,0.001,0.0021,0.0034,0.0056,0.0073,0.0056,10.12,0.01,0
2025-12-23 22:01:06,0,0,31.56,0,16,0,0,0,0,0,0,28.26,0,0,0,0,0,0,0,0,197,143,3e-04,7e-04,0.0012,0.0025,0.0042,0.0069,0.009,0.0069,12.23,0.01,0
2025-12-23 22:02:06,0,0,31.62,0,16,825,13.75,23,0.383333,45,0.75,28.47,0,0,0,0,0,0,0,0,217,159,4e-04,7e-04,0.0012,0.0025,0.0042,0.0069,0.0091,0.0069,12.36,0.01,0
2025-12-23 22:03:06,0,0,31.62,0,16,416,6.93333,2,0.0333333,31,0.516667,22.68,0,0,0,0,0,0,0,0,162,104,3e-04,5e-04,0.001,0.002,0.0034,0.0055,0.0073,0.0056,9.64,0.01,0
2025-12-23 22:04:06,0,0,31.69,0,1,1413,23.55,30,0.5,84,1.4,20.1,0,0,0,0,0,0,0,0,178,111,2e-04,4e-04,8e-04,0.0017,0.003,0.0049,0.0065,0.0051,8.18,0.01,0
2025-12-23 22:05:06,0,0,31.69,0,16,137,2.28333,2,0.0333333,4,0.0666667,16.75,0,0,0,0,0,0,0,0,184,117,2e-04,4e-04,7e-04,0.0015,0.0025,0.0041,0.0054,0.0041,6.89,0.01,0
2025-12-23 22:06:06,0,0,32.06,0,1,431,7.18333,6,0.1,34,0.566667,10.08,0,0,0,0,0,0,0,0,154,101,1e-04,2e-04,4e-04,8e-04,0.0015,0.0025,0.0034,0.0027,3.68,0.01,0
2025-12-23 22:07:06,0,0,31.69,0,1,1486,24.7667,55,0.916667,67,1.11667,6.06,0,0,0,0,0,0,0,0,196,129,0,1e-04,2e-04,5e-04,9e-04,0.0015,0.0021,0.0017,2.04,0,0
2025-12-23 22:08:06,0,0,31.94,0,1,33,0.55,0,0,1,0.0166667,1.19,0,0,0,0,0,0,0,0,193,104,0,0,0,1e-04,2e-04,3e-04,4e-04,4e-04,0.13,0,0
2025-12-23 22:09:06,0,0,32.06,0,1,185,3.08333,0,0,10,0.166667,1.07,0,0,0,0,0,0,0,0,197,107,0,0,0,1e-04,2e-04,3e-04,4e-04,4e-04,0.14,0,0
2025-12-23 22:10:06,0,0,31.56,0,1,4409,73.4833,104,1.73333,278,4.63333,11.53,0,0,0,0,0,0,0,0,222,163,1e-04,2e-04,4e-04,0.001,0.0017,0.0029,0.0038,0.0031,4.4,0.01,0
2025-12-23 22:11:06,0,0,31.56,0,1,10018,166.967,315,5.25,520,8.66667,4.71,0,0,0,0,0,0,0,0,203,134,0,1e-04,1e-04,5e-04,7e-04,0.0011,0.0011,7e-04,2.08,0,0
2025-12-23 22:12:06,0,0,30.94,0,8,9496,158.267,264,4.4,455,7.58333,9.34,0,0,0,0,0,0,0,0,181,156,1e-04,3e-04,4e-04,8e-04,0.0015,0.0021,0.0021,0.0013,4.64,0,0
2025-12-23 22:13:06,0,0,30.81,0,16,4513,75.2167,93,1.55,259,4.31667,2.77,0,0,0,0,0,0,0,0,163,111,0,1e-04,0,2e-04,5e-04,7e-04,6e-04,4e-04,0.77,0,0
2025-12-23 22:14:06,0,0,30.44,0,1,5684,94.7333,103,1.71667,360,6,1.39,0,0,0,0,0,0,0,0,179,106,0,0,0,1e-04,2e-04,3e-04,3e-04,2e-04,0.38,0,0
2025-12-23 22:15:06,0,0,30.19,0,8,4981,83.0167,111,1.85,253,4.21667,0.1,0,0,0,0,0,0,0,0,230,164,0,0,0,0,0,0,0,0,0.02,0,0
2025-12-23 22:16:06,0,0,30.31,0,2,50,0.833333,0,0,0,0,0,0,0,0,0,0,0,0,0,142,100,0,0,0,0,0,0,0,0,0,0,0
2025-12-23 22:17:06,0,0,30.44,0,2,4,0.0666667,0,0,0,0,0,0,0,0,0,0,0,0,0,140,100,0,0,0,0,0,0,0,0,0,0,0
2025-12-23 22:18:06,0,0,30.56,0,2,0,0,0,0,0,0,0,0,0,0,0,0,0,0,0,140,100,0,0,0,0,0,0,0,0,0,0,0
2025-12-23 22:19:06,0,0,30.69,0,2,21,0.35,0,0,0,0,0,0,0,0,0,0,0,0,0,140,100,0,0,0,0,0,0,0,0,0,0,0
2025-12-23 22:20:06,0,0,30.81,0,2,13,0.216667,0,0,0,0,0,0,0,0,0,0,0,0,0,139,100,0,0,0,0,0,0,0,0,0,0,0
2025-12-23 22:21:06,0,0,30.88,0,2,483,8.05,5,0.0833333,49,0.816667,0,0,0,0,0,0,0,0,0,140,100,0,0,0,0,0,0,0,0,0,0,0
2025-12-23 22:22:06,0,0,31,0,2,232,3.86667,3,0.05,18,0.3,0,0,0,0,0,0,0,0,0,140,100,0,0,0,0,0,0,0,0,0,0,0
2025-12-23 22:23:06,0,0,31.12,0,2,0,0,0,0,0,0,0,0,0,0,0,0,0,0,0,139,99,0,0,0,0,0,0,0,0,0,0,0
2025-12-23 22:24:06,0,0,31.19,0,2,0,0,0,0,0,0,0,0,0,0,0,0,0,0,0,139,99,0,0,0,0,0,0,0,0,0,0,0
2025-12-23 22:25:06,0,0,31.31,0,2,0,0,0,0,0,0,0,0,0,0,0,0,0,0,0,139,99,0,0,0,0,0,0,0,0,0,0,0
2025-12-23 22:26:06,0,0,31.31,0,2,5,0.0833333,0,0,0,0,0,0,0,0,0,0,0,0,0,139,99,0,0,0,0,0,0,0,0,0,0,0
2025-12-23 22:27:06,0,0,31.38,0,2,0,0,0,0,0,0,0,0,0,0,0,0,0,0,0,139,99,0,0,0,0,0,0,0,0,0,0,0
2025-12-23 22:28:06,0,0,31.31,0,2,3536,58.9333,102,1.7,194,3.23333,0,0,0,0,0,0,0,0,0,196,174,0,0,0,0,0,0,0,0,0,0,0
2025-12-23 22:29:06,0,0,31.31,0,4,3049,50.8167,78,1.3,257,4.28333,0,0,0,0,0,0,0,0,0,176,134,0,0,0,0,0,0,0,0,0,0,0
2025-12-23 22:30:06,0,0,31.38,0,4,15,0.25,0,0,0,0,0,0,0,0,0,0,0,0,0,167,128,0,0,0,0,0,0,0,0,0,0,0
2025-12-23 22:31:06,0,0,31.44,0,4,3,0.05,0,0,0,0,0,0,0,0,0,0,0,0,0,160,120,0,0,0,0,0,0,0,0,0,0,0
2025-12-23 22:32:06,0,0,31.44,0,4,22,0.366667,0,0,0,0,0,0,0,0,0,0,0,0,0,158,118,0,0,0,0,0,0,0,0,0,0,0
2025-12-23 22:33:06,0,0,31.44,0,4,29,0.483333,0,0,0,0,0,0,0,0,0,0,0,0,0,156,117,0,0,0,0,0,0,0,0,0,0,0
2025-12-23 22:34:06,0,0,31.38,0,4,39,0.65,0,0,1,0.0166667,0,0,0,0,0,0,0,0,0,156,115,0,0,0,0,0,0,0,0,0,0,0
2025-12-23 22:35:06,0,0,31.31,0,4,0,0,0,0,0,0,0,0,0,0,0,0,0,0,0,154,115,0,0,0,0,0,0,0,0,0,0,0
2025-12-23 22:36:06,0,0,31.31,0,4,187,3.11667,3,0.05,14,0.233333,0,0,0,0,0,0,0,0,0,152,113,0,0,0,0,0,0,0,0,0,0,0
2025-12-23 22:37:06,0,0,31.38,0,4,0,0,0,0,0,0,0,0,0,0,0,0,0,0,0,151,112,0,0,0,0,0,0,0,0,0,0,0
2025-12-23 22:38:06,0,0,31.38,0,4,0,0,0,0,0,0,0,0,0,0,0,0,0,0,0,150,111,0,0,0,0,0,0,0,0,0,0,0
2025-12-23 22:39:06,0,0,31.25,0,4,145,2.41667,1,0.0166667,13,0.216667,0,0,0,0,0,0,0,0,0,163,128,0,0,0,0,0,0,0,0,0,0,0
2025-12-23 22:40:06,0,0,31.12,0,4,0,0,0,0,0,0,0,0,0,0,0,0,0,0,0,160,128,0,0,0,0,0,0,0,0,0,0,0
2025-12-23 22:41:06,0,0,31.06,0,4,2970,49.5,66,1.1,192,3.2,0,0,0,0,0,0,0,0,0,194,152,0,0,0,0,0,0,0,0,0,0,0
2025-12-23 22:42:06,0,0,31,0,4,807,13.45,18,0.3,43,0.716667,0.18,0,0,0,0,0,0,0,0,148,109,0,0,0,0,0,0,0,0,0.25,0,0
2025-12-23 22:43:06,0,0,31.06,0,32,583,9.71667,1,0.0166667,39,0.65,0,0,0,0,0,0,0,0,0,144,107,0,0,0,0,0,0,0,0,0,0,0
2025-12-23 22:44:06,0,0,30.75,0,4,628,10.4667,0,0,55,0.916667,0,0,0,0,0,0,0,0,0,149,112,0,0,0,0,0,0,0,0,0,0,0
2025-12-23 22:45:06,0,0,30.56,0,2,762,12.7,5,0.0833333,54,0.9,0,0,0,0,0,0,0,0,0,148,111,0,0,0,0,0,0,0,0,0,0,0
2025-12-23 22:46:06,0,0,30.44,0,4,1024,17.0667,6,0.1,74,1.23333,0,0,0,0,0,0,0,0,0,145,108,0,0,0,0,0,0,0,0,0,0,0
2025-12-23 22:47:06,0,0,30.38,0,2,2656,44.2667,53,0.883333,174,2.9,0.18,0,0,0,0,0,0,0,0,160,116,0,0,0,0,0,0,0,0,0.1,0,0
2025-12-23 22:48:06,0,0,29.94,0,2,3751,62.5167,89,1.48333,255,4.25,0,0,0,0,0,0,0,0,0,225,172,0,0,0,0,0,0,0,0,0,0,0
2025-12-23 22:49:06,0,0,29.19,0,4,1791,29.85,37,0.616667,118,1.96667,0,0,0,0,0,0,0,0,0,198,158,0,0,0,0,0,0,0,0,0,0,0
2025-12-23 22:50:06,0,0,29,0,16,347,5.78333,0,0,20,0.333333,0.02,0,0,0,0,0,0,0,0,206,160,0,0,0,0,0,0,0,0,0.02,0,0
2025-12-23 22:51:06,0,0,28.81,0,4,1645,27.4167,40,0.666667,83,1.38333,0,0,0,0,0,0,0,0,0,212,164,0,0,0,0,0,0,0,0,0,0,0
2025-12-23 22:52:06,0,0,28.94,0,4,1635,27.25,57,0.95,81,1.35,0,0,0,0,0,0,0,0,0,209,158,0,0,0,0,0,0,0,0,0,0,0
2025-12-23 22:53:06,0,0,29.12,0,4,564,9.4,10,0.166667,53,0.883333,0,0,0,0,0,0,0,0,0,199,153,0,0,0,0,0,0,0,0,0,0,0
2025-12-23 22:54:06,0,0,29.19,0,4,91,1.51667,0,0,7,0.116667,0,0,0,0,0,0,0,0,0,196,150,0,0,0,0,0,0,0,0,0,0,0
2025-12-23 22:55:06,0,0,29.38,0,4,0,0,0,0,0,0,0,0,0,0,0,0,0,0,0,195,150,0,0,0,0,0,0,0,0,0,0,0
2025-12-23 22:56:06,0,0,29.56,0,4,14,0.233333,0,0,1,0.0166667,0,0,0,0,0,0,0,0,0,196,151,0,0,0,0,0,0,0,0,0,0,0
2025-12-23 22:57:06,0,0,30.06,0,2,443,7.38333,5,0.0833333,38,0.633333,0,0,0,0,0,0,0,0,0,184,138,0,0,0,0,0,0,0,0,0,0,0
2025-12-23 22:58:06,0,0,29.88,0,4,569,9.48333,14,0.233333,51,0.85,0,0,0,0,0,0,0,0,0,200,153,0,0,0,0,0,0,0,0,0,0,0
2025-12-23 22:59:06,0,0,29.88,0,4,1594,26.5667,53,0.883333,81,1.35,0,0,0,0,0,0,0,0,0,188,140,0,0,0,0,0,0,0,0,0,0,0
2025-12-23 23:00:06,0,0,29.94,0,2,7358,122.633,250,4.16667,410,6.83333,0,0,0,0,0,0,0,0,0,225,176,0,0,0,0,0,0,0,0,0,0,0
2025-12-23 23:01:06,0,0,30.56,0,1,7342,122.367,193,3.21667,511,8.51667,0,0,0,0,0,0,0,0,0,200,122,0,0,0,0,0,0,0,0,0,0,0
2025-12-23 23:02:06,0,0,30.12,0,1,1383,23.05,27,0.45,93,1.55,0.01,0,0,0,0,0,0,0,0,221,172,0,0,0,0,0,0,0,0,0,0,0
2025-12-23 23:03:06,0,0,29.75,0,1,89,1.48333,0,0,3,0.05,0,0,0,0,0,0,0,0,0,239,171,0,0,0,0,0,0,0,0,0,0,0
2025-12-23 23:04:06,0,0,30.12,0,1,144,2.4,0,0,8,0.133333,0,0,0,0,0,0,0,0,0,232,159,0,0,0,0,0,0,0,0,0,0,0
2025-12-23 23:05:06,0,0,30.38,0,1,69,1.15,0,0,1,0.0166667,0,0,0,0,0,0,0,0,0,233,162,0,0,0,0,0,0,0,0,0,0,0
2025-12-23 23:06:06,0,0,30.38,0,1,0,0,0,0,0,0,0,0,0,0,0,0,0,0,0,235,167,0,0,0,0,0,0,0,0,0,0,0
2025-12-23 23:07:06,0,0,30.44,0,1,60,1,0,0,3,0.05,0,0,0,0,0,0,0,0,0,219,166,0,0,0,0,0,0,0,0,0,0,0
2025-12-23 23:08:06,0,0,30.19,0,1,0,0,0,0,0,0,0,0,0,0,0,0,0,0,0,218,166,0,0,0,0,0,0,0,0,0,0,0
2025-12-23 23:09:06,0,0,30,0,1,66,1.1,0,0,4,0.0666667,0,0,0,0,0,0,0,0,0,236,166,0,0,0,0,0,0,0,0,0,0,0
2025-12-23 23:10:06,0,0,30,0,1,263,4.38333,1,0.0166667,26,0.433333,0,0,0,0,0,0,0,0,0,230,175,0,0,0,0,0,0,0,0,0,0,0
2025-12-23 23:11:06,0,0,30.44,0,1,431,7.18333,13,0.216667,20,0.333333,0,0,0,0,0,0,0,0,0,223,174,0,0,0,0,0,0,0,0,0,0,0
2025-12-23 23:12:06,0,0,30.44,0,1,169,2.81667,0,0,11,0.183333,0,0,0,0,0,0,0,0,0,237,170,0,0,0,0,0,0,0,0,0,0,0
2025-12-23 23:13:06,0,0,30.62,0,1,1683,28.05,12,0.2,167,2.78333,0,0,0,0,0,0,0,0,0,223,178,0,0,0,0,0,0,0,0,0,0,0
2025-12-23 23:14:06,0,0,30.38,0,1,682,11.3667,0,0,49,0.816667,0.07,0,0,0,0,0,0,0,0,232,182,0,0,0,0,0,0,0,0,0.02,0,0
2025-12-23 23:15:06,0,0,30.19,0,1,1230,20.5,34,0.566667,72,1.2,0.39,0,0,0,0,0,0,0,0,225,177,0,0,0,1e-04,1e-04,1e-04,1e-04,0,0.2,0,0
2025-12-23 23:16:06,0,0,30.81,0,1,95,1.58333,0,0,5,0.0833333,0.34,0,0,0,0,0,0,0,0,201,156,0,0,0,1e-04,1e-04,1e-04,1e-04,0,0.25,0,0
2025-12-23 23:17:06,0,0,30.81,0,1,68,1.13333,0,0,11,0.183333,1.91,0,0,0,0,0,0,0,0,187,158,0,2e-04,0,3e-04,3e-04,3e-04,3e-04,2e-04,1.59,0,0
2025-12-23 23:18:06,0,0,30.81,0,1,26,0.433333,0,0,2,0.0333333,0,0,0,0,0,0,0,0,0,187,155,0,0,0,0,0,0,0,0,0,0,0
2025-12-23 23:19:06,0,0,30.38,0,1,511,8.51667,3,0.05,39,0.65,1.38,0,0,0,0,0,0,0,0,218,172,0,1e-04,0,2e-04,2e-04,2e-04,2e-04,1e-04,1.12,0,0
2025-12-23 23:20:06,0,0,29.81,0,1,0,0,0,0,0,0,1.11,0,0,0,0,0,0,0,0,223,174,0,1e-04,0,1e-04,2e-04,2e-04,2e-04,1e-04,0.6,0,0
2025-12-23 23:21:06,0,0,29.44,0,1,0,0,0,0,1,0.0166667,1.24,0,0,0,0,0,0,0,0,222,174,0,1e-04,0,2e-04,2e-04,2e-04,2e-04,2e-04,0.75,0,0
2025-12-23 23:22:06,0,0,29.5,0,1,59,0.983333,0,0,6,0.1,0.95,0,0,0,0,0,0,0,0,181,128,0,1e-04,0,1e-04,2e-04,2e-04,2e-04,1e-04,0.56,0,0
2025-12-23 23:23:06,0,0,30.25,0,1,41,0.683333,0,0,5,0.0833333,0.57,0,0,0,0,0,0,0,0,233,160,0,0,0,1e-04,1e-04,1e-04,1e-04,0,0.17,0,0
2025-12-23 23:24:06,0,0,30.44,0,32,154,2.56667,0,0,16,0.266667,0,0,0,0,0,0,0,0,0,217,158,0,0,0,0,0,0,0,0,0,0,0
2025-12-23 23:25:06,0,0,30.56,0,16,2918,48.6333,77,1.28333,162,2.7,0.08,0,0,0,0,0,0,0,0,203,141,0,0,0,0,0,0,0,0,0.06,0,0
2025-12-23 23:26:06,0,0,30.31,0,1,5952,99.2,156,2.6,379,6.31667,0.14,0,0,0,0,0,0,0,0,210,168,0,0,0,0,0,0,0,0,0.02,0,0
2025-12-23 23:27:06,0,0,30.38,0,1,3382,56.3667,115,1.91667,176,2.93333,25.51,0,0,0,0,0,0,0,0,170,128,3e-04,6e-04,8e-04,0.002,0.0039,0.0065,0.0073,0.0045,9.28,0.01,0
2025-12-23 23:28:06,0,0,30.25,0,1,3644,60.7333,106,1.76667,197,3.28333,24.86,0,0,0,0,0,0,0,0,190,132,3e-04,6e-04,8e-04,0.0019,0.0038,0.0063,0.007,0.0043,9.11,0.01,0
2025-12-23 23:29:06,0,0,29.81,0,1,2610,43.5,30,0.5,236,3.93333,89.93,0,0,0,0,0,0,0,0,175,158,0.0011,0.0024,0.0032,0.0074,0.0138,0.0224,0.0239,0.0137,37.6,0.04,0
2025-12-23 23:30:06,0,0,29.69,0,1,1861,31.0167,13,0.216667,178,2.96667,171.15,0,0,0,0,0,0,0,0,161,131,0.0021,0.0047,0.006,0.0138,0.0263,0.0427,0.0452,0.0258,71.23,0.07,0
2025-12-23 23:31:06,0,0,29.56,0,1,4612,76.8667,109,1.81667,312,5.2,118,0,0,0,0,0,0,0,0,190,160,0.0014,0.0031,0.004,0.0092,0.0183,0.0296,0.0313,0.018,47.34,0.05,0
2025-12-23 23:32:06,0,0,29.31,0,32,8349,139.15,206,3.43333,493,8.21667,4.28,0,0,0,0,0,0,0,0,216,156,0,1e-04,1e-04,3e-04,7e-04,0.0011,0.0012,7e-04,1.37,0,0
2025-12-23 23:33:06,0,0,29.31,0,1,8860,147.667,264,4.4,540,9,1.76,0,0,0,0,0,0,0,0,150,158,0,1e-04,0,2e-04,3e-04,4e-04,4e-04,3e-04,0.72,0,0
2025-12-23 23:34:06,0,0,29.31,0,1,8151,135.85,225,3.75,494,8.23333,0.25,0,0,0,0,0,0,0,0,136,123,0,0,0,0,0,1e-04,1e-04,0,0,0,0
2025-12-23 23:35:06,0,0,28.44,0,32,6333,105.55,103,1.71667,471,7.85,0.01,0,0,0,0,0,0,0,0,185,148,0,0,0,0,0,0,0,0,0,0,0
2025-12-23 23:36:06,0,0,27.75,0,1,6078,101.3,98,1.63333,376,6.26667,0.02,0,0,0,0,0,0,0,0,148,102,0,0,0,0,0,0,0,0,0,0,0
2025-12-23 23:37:06,0,0,27.56,0,1,3959,65.9833,32,0.533333,241,4.01667,0,0,0,0,0,0,0,0,0,149,102,0,0,0,0,0,0,0,0,0,0,0
2025-12-23 23:38:06,0,0,26.88,0,1,8872,147.867,278,4.63333,484,8.06667,0,0,0,0,0,0,0,0,0,170,107,0,0,0,0,0,0,0,0,0,0,0
2025-12-23 23:39:06,0,0,26.81,0,1,7921,132.017,219,3.65,454,7.56667,0.01,0,0,0,0,0,0,0,0,166,102,0,0,0,0,0,0,0,0,0,0,0
2025-12-23 23:40:06,0,0,27.06,0,16,1915,31.9167,25,0.416667,169,2.81667,1.81,0,0,0,0,0,0,0,0,180,107,0,1e-04,0,2e-04,3e-04,2e-04,7e-04,0,0.76,0,0
2025-12-23 23:41:06,0,0,26.88,0,16,801,13.35,2,0.0333333,87,1.45,1.96,0,0,0,0,0,0,0,0,156,101,0,1e-04,0,3e-04,3e-04,2e-04,7e-04,1e-04,1.02,0,0
2025-12-23 23:42:06,0,0,27.12,0,16,636,10.6,0,0,61,1.01667,2.18,0,0,0,0,0,0,0,0,154,106,0,1e-04,1e-04,3e-04,4e-04,2e-04,7e-04,0,1.23,0,0
2025-12-23 23:43:06,0,0,27.62,0,16,378,6.3,0,0,36,0.6,3.06,0,0,0,0,0,0,0,0,158,103,0,2e-04,1e-04,4e-04,5e-04,3e-04,0.001,1e-04,2.03,0,0
2025-12-23 23:44:06,0,0,27.88,0,16,877,14.6167,9,0.15,67,1.11667,0.79,0,0,0,0,0,0,0,0,196,103,0,0,0,1e-04,2e-04,1e-04,3e-04,0,0.18,0,0
2025-12-23 23:45:06,0,0,27.75,0,1,0,0,0,0,0,0,0.03,0,0,0,0,0,0,0,0,195,102,0,0,0,0,0,0,0,0,0.04,0,0
2025-12-23 23:46:06,0,0,27.81,0,1,0,0,0,0,0,0,0.09,0,0,0,0,0,0,0,0,201,103,0,0,0,0,0,0,0,0,0,0,0
2025-12-23 23:47:06,0,0,27.69,0,1,67,1.11667,0,0,8,0.133333,0.05,0,0,0,0,0,0,0,0,212,118,0,0,0,0,0,0,0,0,0,0,0
2025-12-23 23:48:06,0,0,27.81,0,1,6,0.1,0,0,1,0.0166667,0,0,0,0,0,0,0,0,0,201,106,0,0,0,0,0,0,0,0,0,0,0
2025-12-23 23:49:06,0,0,27.94,0,1,0,0,0,0,0,0,0,0,0,0,0,0,0,0,0,198,106,0,0,0,0,0,0,0,0,0,0,0
2025-12-23 23:50:06,0,0,28.12,0,1,0,0,0,0,0,0,0.01,0,0,0,0,0,0,0,0,198,107,0,0,0,0,0,0,0,0,0.01,0,0
2025-12-23 23:51:06,0,0,28.31,0,1,561,9.35,12,0.2,54,0.9,0,0,0,0,0,0,0,0,0,196,106,0,0,0,0,0,0,0,0,0,0,0
2025-12-23 23:52:06,0,0,28,0,1,0,0,0,0,0,0,0.01,0,0,0,0,0,0,0,0,224,158,0,0,0,0,0,0,0,0,0,0,0
2025-12-23 23:53:06,0,0,29,0,1,6371,106.183,173,2.88333,342,5.7,0.34,0,0,0,0,0,0,0,0,213,160,0,0,0,0,1e-04,1e-04,1e-04,0,0.06,0,0
2025-12-23 23:54:06,0,0,29.06,0,16,330,5.5,1,0.0166667,33,0.55,0.31,0,0,0,0,0,0,0,0,163,112,0,0,0,1e-04,1e-04,0,1e-04,0,0.13,0,0
2025-12-23 23:55:06,0,0,28.88,0,16,888,14.8,11,0.183333,62,1.03333,1.44,0,0,0,0,0,0,0,0,161,123,0,1e-04,0,2e-04,3e-04,2e-04,5e-04,0,0.6,0,0
2025-12-23 23:56:06,0,0,28.94,0,16,2763,46.05,59,0.983333,135,2.25,1.26,0,0,0,0,0,0,0,0,179,139,0,0,0,2e-04,2e-04,1e-04,5e-04,1e-04,0.51,0,0
2025-12-23 23:57:06,0,0,28.81,0,16,11,0.183333,0,0,2,0.0333333,1.13,0,0,0,0,0,0,0,0,158,118,0,0,0,1e-04,2e-04,1e-04,4e-04,0,0.25,0,0
2025-12-23 23:58:06,0,0,29,0,16,8,0.133333,0,0,0,0,1.33,0,0,0,0,0,0,0,0,157,116,0,1e-04,0,2e-04,2e-04,1e-04,5e-04,1e-04,0.54,0,0
2025-12-23 23:59:06,0,0,29.12,0,16,26,0.433333,0,0,4,0.0666667,1.33,0,0,0,0,0,0,0,0,159,116,0,1e-04,0,2e-04,2e-04,1e-04,5e-04,0,0.52,0,0
